track_id,name,artist,songwriters,duration,genres,album,created_at,updated_at
70018,door,Megan Miller,Jennifer White,2580,claim,set,2024-01-13T12:31:07.311054,2024-02-17T07:20:19.338520
52855,I,Jacqueline Lozano,Kimberly Cohen,1963,quality,trade,2024-04-23T04:57:20.895005,2024-03-02T03:06:58.857512
26180,else,Steven Blankenship,Chase Estrada,2917,state,control,2023-12-11T01:12:09.972441,2024-06-18T12:09:06.240929
11926,above,Brian Allen,Natalie Tyler,3020,skin,rate,2023-08-25T21:34:53.344283,2024-02-27T20:23:39.679376
57750,general,Rhonda Collins,Amber Olson,2078,realize,house,2024-08-22T21:58:24.225333,2024-09-04T12:41:38.493264
99650,green,Natalie Smith,Bryan Peters,2362,real,understand,2023-09-02T08:34:33.815578,2024-04-29T11:40:15.465573
6344,you,Corey Bush,Marvin Pittman,3276,do,raise,2023-04-18T06:53:09.062658,2024-06-14T19:40:19.030616
99663,board,Ryan Newman,Craig Estrada,1442,analysis,news,2024-01-14T12:23:24.324911,2024-12-29T21:54:41.947147
99515,speech,James Bartlett,Maria Caldwell,1721,accept,forget,2023-11-30T08:40:12.012354,2024-12-11T14:19:59.693244
94765,put,Margaret Johnson,Crystal Vargas,2969,TV,child,2024-05-15T04:08:06.904935,2024-02-22T09:27:07.303837
93450,road,Linda Allen,Daniel Mullins,2437,role,me,2023-10-16T06:54:13.809352,2024-08-12T00:23:25.159733
45874,radio,Shannon Harper,Leah Hoffman,2375,surface,star,2023-12-01T22:37:39.417670,2024-11-07T08:31:02.610530
29088,radio,Isabel Caldwell,Lori Li,1384,lay,learn,2024-12-07T05:59:27.492230,2024-03-14T22:25:16.825112
77828,between,Erika Barajas,Michael Martinez,2575,word,during,2024-06-28T19:07:12.276716,2024-12-08T10:15:51.011497
70450,unit,Samuel Morris,Craig Vaughn,3215,street,allow,2023-02-16T11:36:49.544011,2024-04-22T07:33:13.210306
61292,customer,Benjamin Dean,Gerald Nelson,162,those,interest,2023-05-10T23:27:04.721303,2024-07-15T06:08:00.636948
86475,successful,Carrie Hayes,John Cruz,1100,reality,marriage,2023-05-28T21:08:38.864930,2024-08-17T02:55:52.558519
6313,visit,Christian Jimenez,John Peterson,3515,try,space,2023-08-24T11:39:54.253205,2024-11-07T05:11:49.816225
25531,capital,George Hoover,Rose Elliott,2434,under,force,2024-12-24T22:52:25.154116,2024-09-10T23:31:33.791460
14458,no,Stephanie Alvarado,Darrell Perez,24,against,camera,2024-03-13T05:55:15.297384,2024-03-27T09:10:28.011045
44824,least,Taylor Lloyd,Angela Blanchard,2817,east,public,2023-04-09T01:39:23.839738,2025-01-09T19:00:44.499625
68096,year,Anna Stark,Marc Long,1775,thought,since,2024-03-08T00:49:30.397934,2024-03-19T09:51:33.182386
15692,rock,Jacob Miller,Gary Carey,277,plan,ball,2023-11-06T04:46:26.356008,2024-08-11T11:18:32.362283
98583,pick,Dan Pierce,Tina Young,3214,down,improve,2023-07-02T15:59:00.685643,2024-07-23T10:27:08.081726
55494,may,Nichole Barton,Angela Rubio,991,again,maintain,2024-06-14T07:37:08.802002,2024-06-09T09:30:47.013391
38929,physical,Jessica Buck,Elizabeth Allen,2112,base,activity,2024-08-08T19:29:19.362663,2024-12-18T20:25:35.339093
74894,attorney,Kathryn Holmes,Randall Larson,217,agree,market,2024-04-02T03:10:20.518231,2024-06-27T14:02:07.619821
56562,manage,Julian Pope,Linda Fischer,2071,whole,through,2023-05-18T19:06:52.662422,2024-07-15T00:38:10.024168
24717,down,Christian Sanford,Amber Sanchez,277,fight,where,2024-03-11T05:32:59.125543,2024-12-17T05:06:08.271635
29389,Congress,Gabrielle Washington,Mr. Donald Hawkins,2760,west,specific,2023-06-17T17:31:58.779407,2025-01-01T08:48:19.936571
99858,how,Jenna Anderson,Kevin Carr,2349,paper,service,2023-10-13T06:02:26.857945,2024-11-07T07:18:32.697341
8971,crime,John Herman,Andrea Smith MD,3303,thousand,pattern,2024-06-30T08:28:31.175419,2024-12-11T10:34:27.573489
22621,president,Larry Mills,Kenneth Howard,1020,area,factor,2023-07-10T11:07:59.103770,2024-05-05T22:37:11.801576
72142,thousand,Amanda Hale,Samantha Johnson MD,2118,model,possible,2024-10-20T13:35:42.730969,2024-07-11T18:30:18.853891
25726,today,Jeffrey Smith,Charles Donaldson,412,on,better,2023-08-22T09:30:02.598947,2024-12-22T13:09:41.586830
64433,during,Clinton Rose,Anthony Ruiz,2821,win,what,2024-08-10T06:58:41.037517,2024-10-15T06:30:50.318609
64218,beautiful,Yvonne Long,Lori Villa,3005,behavior,score,2023-05-29T20:21:01.030987,2024-07-23T07:55:33.873833
91118,when,Robert Flores,Courtney Conway,1726,himself,group,2024-06-06T00:41:22.559471,2024-07-21T05:23:46.162917
19853,around,Samantha Taylor,Dave Griffith,2813,up,action,2023-05-29T23:58:42.685297,2024-12-12T12:49:47.857087
34272,describe,Joshua Baker,Brian Hendrix,379,answer,way,2023-03-10T23:47:10.453198,2024-05-09T14:13:28.373811
58037,interesting,Eric Walker,Robert Martinez,931,moment,way,2025-01-13T09:24:14.416322,2025-01-02T03:34:48.052005
30679,plant,Daniel Jones,Bryan Santana DDS,33,often,operation,2024-10-16T06:48:40.030122,2025-01-22T06:24:31.449650
33970,ask,Christopher Adams,Ronald Smith,1027,mean,avoid,2023-03-04T08:44:41.325501,2024-06-01T22:55:42.176752
50821,claim,Garrett Wilcox,Nicole Jensen,2898,should,laugh,2024-05-25T04:18:07.974147,2024-03-02T17:08:57.417266
27370,any,Anthony Davis,Deborah Clark,3367,figure,consumer,2023-10-04T15:16:34.598328,2024-04-23T19:15:37.097015
27897,family,Brian Garcia,Daniel Dixon,3075,top,recognize,2024-11-02T09:03:58.375928,2024-07-31T12:26:11.995888
83323,series,Gavin Kent,Justin Barnett,2272,health,tell,2024-04-18T09:33:44.816293,2024-02-12T04:10:04.203822
40181,evidence,Alfred White,Kristen Coleman,3214,push,man,2024-07-28T02:08:31.528559,2024-06-05T01:03:12.772395
84260,tax,Kathleen Meadows,Gail Pearson,1487,personal,everybody,2023-08-28T04:08:28.654022,2024-03-17T01:18:14.064572
47507,whose,Thomas Anderson,Stephanie Barrett,2831,challenge,support,2024-09-20T20:24:30.091602,2024-12-22T21:46:45.014547
15795,actually,Ronald Stewart,April Cooley,1280,hospital,raise,2023-05-19T21:50:35.346904,2024-05-09T16:29:18.620489
38887,opportunity,Rachel Young,James Shepherd,2297,TV,health,2024-11-03T07:56:54.623901,2024-11-13T14:03:50.199841
41597,race,Michelle Davis,Joseph Melendez,2856,save,seek,2024-05-13T05:48:25.463233,2024-06-01T01:23:46.067955
71422,remember,Richard Reid,Joe Harrison,1438,create,because,2024-01-19T16:15:08.452669,2025-01-07T07:23:32.971391
59070,method,Elizabeth Hogan,Terry Hunt,2039,whole,affect,2024-05-09T06:46:00.128013,2024-06-11T03:12:17.119747
95803,top,Ashley Daniel,Anthony Moore,1111,never,hit,2024-08-22T13:33:02.649321,2024-02-06T22:17:18.339255
9327,minute,Zachary King,Lauren Ramirez,731,friend,art,2024-10-13T06:19:27.394517,2024-03-27T01:17:36.198591
30824,clear,Douglas Andrews,Spencer Bartlett,3368,firm,identify,2024-05-17T23:02:42.491975,2024-09-21T12:28:48.804153
917,win,Ms. Wendy Roberson MD,Tamara Price,3286,impact,expect,2023-08-04T11:04:46.938080,2024-08-11T11:44:38.005235
27114,anyone,David Sims,Lauren Burgess,876,resource,forward,2023-09-08T14:19:20.606306,2024-12-24T10:17:25.868586
17242,parent,Daniel Freeman,Randall Wilson,484,different,explain,2023-07-27T10:21:56.899817,2024-08-18T06:18:20.654293
55122,music,John Farmer,Matthew Horton,2048,note,fear,2023-11-30T05:25:30.983784,2024-03-30T21:06:59.326193
8221,city,John Welch,Brian Burns,2881,star,which,2024-09-23T08:33:57.354597,2024-12-01T04:27:51.928740
93692,minute,Matthew Vaughn,Jennifer Warner,2460,charge,Mr,2023-04-08T04:44:01.474297,2024-04-20T21:00:06.102860
21721,we,Jessica Bradley,Rebecca Fisher,1355,trade,grow,2024-03-25T15:43:26.032945,2024-12-01T19:58:59.861621
24198,establish,Douglas Cowan,Mr. Craig Norris II,803,throw,charge,2023-02-04T18:09:57.355600,2024-11-19T07:46:37.842640
25829,day,Pamela Ross,James Martin,3079,down,music,2023-07-11T18:09:16.562562,2025-01-02T23:33:41.733801
55166,traditional,Curtis Miller,Katie Anderson,3395,speech,main,2023-09-20T21:46:29.961844,2024-11-05T04:37:11.828385
36288,hair,Crystal Smith,Frank Wilkerson,570,mean,book,2023-08-30T19:46:17.387248,2024-10-21T19:35:26.088266
98069,vote,Jessica Crawford,Jason Gutierrez,2369,security,newspaper,2024-08-05T12:16:42.165067,2024-07-27T03:04:57.223475
62123,carry,Carrie Shelton,Tiffany Hutchinson,1472,protect,bank,2025-01-07T23:39:54.472021,2024-12-21T03:33:15.757200
56091,nature,Derek Barnes,Hannah Hayes,542,human,free,2023-11-08T03:28:23.483889,2024-02-29T21:16:24.808420
88954,three,Shannon Potts,Kyle Sanchez,2447,character,ten,2023-05-15T10:56:38.463633,2025-01-13T20:02:35.031123
42977,and,John Hayes,Robin Mccall,931,because,Republican,2023-08-21T18:58:49.427537,2024-09-26T00:17:27.156589
23363,through,Brian Rogers,Shane Mckinney,692,guess,rise,2024-06-08T06:19:18.379227,2024-08-21T05:08:12.066272
85880,fly,Susan Sanford,Curtis Hendrix,526,personal,central,2023-08-25T05:33:48.032770,2024-02-14T12:14:09.835857
92426,never,Timothy Harris,Tara Mcdowell,1825,could,majority,2024-12-17T00:58:14.124158,2024-08-12T14:14:12.072297
98460,certainly,Renee Reyes,Victor Marshall,1277,voice,type,2024-06-12T07:19:17.766684,2024-09-25T02:51:19.248351
62287,fly,Patricia Todd,Jason Wang,1571,election,seek,2023-12-02T17:48:04.822747,2024-07-14T04:25:56.459121
7950,yes,Daniel Orozco,Dr. Jacqueline Hernandez MD,104,so,save,2024-07-08T08:36:37.734335,2024-02-09T04:54:24.457728
29110,simply,David Hernandez,Kathleen Brown,1148,operation,professor,2023-07-20T20:10:53.252827,2024-07-24T12:56:39.341472
11531,edge,Kelsey Bean,Frederick Conner,2346,contain,national,2023-02-11T16:45:06.085248,2024-03-18T20:30:34.416817
1588,receive,Victoria Lyons,Catherine Bradley,1998,we,act,2024-12-12T20:12:18.000050,2024-08-06T03:41:34.965121
1841,ever,Thomas Hanson,James Zimmerman,3052,will,only,2024-12-15T10:58:04.706061,2024-03-02T06:30:21.758006
31033,admit,Amber Brown,Mary Shields,2826,long,friend,2025-01-07T08:24:27.386842,2024-05-19T15:53:14.914294
94333,dark,Kimberly Davis,Timothy Berry,458,for,building,2023-07-16T20:24:07.242644,2024-12-21T12:21:02.708382
14642,worker,Stacey Moore,Tony Smith,781,whom,why,2024-11-21T19:47:24.564505,2024-12-29T23:59:16.307219
61385,station,Faith Jenkins,Jill Yang,1984,place,school,2023-11-02T08:21:27.471094,2024-02-16T13:35:33.625359
3806,health,Sherri Rodriguez,Benjamin Lambert,1853,chance,fine,2023-05-15T20:12:15.002754,2024-11-14T23:11:06.050409
85459,out,Susan Gray,Debra Everett,2682,power,shake,2024-07-02T08:06:42.563396,2025-01-07T21:24:36.196790
71660,young,Jessica Armstrong,Joanne Potter,3520,significant,leave,2024-12-14T12:34:43.699557,2024-09-20T06:31:07.929404
48489,tell,Matthew Arias,Elizabeth Jones,3361,outside,turn,2023-07-28T17:01:17.482277,2024-06-25T00:34:11.662731
78096,book,David Moore,Zachary Harris,2587,major,we,2023-05-14T01:37:44.694208,2024-09-20T04:39:23.403843
54060,letter,Barbara Barnett,Herbert Steele,1459,visit,together,2024-11-15T05:51:41.669082,2024-08-12T12:56:36.660976
94634,movement,Stephanie Ortiz,Kristopher Sellers,605,understand,four,2023-02-05T09:54:46.718380,2024-08-26T21:36:36.350806
42316,you,Mr. Chase Glass,Bradley Thomas,3059,line,window,2024-11-17T13:59:31.366530,2024-09-30T12:57:17.668895
57288,reality,Brian Gonzalez,Rebecca Smith,219,class,do,2024-07-24T10:44:20.624661,2024-09-13T04:17:46.289789
1471,market,Desiree Carrillo,Kathryn Lopez,242,during,police,2023-05-05T19:58:47.810622,2024-11-19T16:38:28.926530
42058,myself,Vincent James,Andrew Dixon,3527,you,money,2023-03-26T19:15:36.270728,2024-05-22T16:14:27.377763
76535,yard,Tammy Espinoza,Kelly Le,2247,design,shoulder,2024-05-25T21:42:24.574879,2024-06-21T20:10:12.353090
51339,heart,Teresa Valentine,Micheal Williams,3168,who,show,2024-04-11T14:42:39.018802,2025-01-02T18:37:26.468116
56293,good,Linda Robles,Michelle Harrison,3029,forward,eye,2024-11-05T01:11:22.299049,2024-10-17T14:10:25.152667
6651,those,Alyssa Owens,Keith Black,846,give,many,2023-09-12T21:33:55.849748,2024-06-01T05:35:38.005049
50939,likely,Thomas Mooney,Adam Haynes,2003,action,air,2024-11-16T04:55:54.199727,2024-04-14T19:56:03.455088
56916,court,Rebecca Ochoa,Stuart Steele,1447,hand,these,2023-04-01T15:30:19.123421,2024-04-05T21:11:46.353395
20569,lawyer,Heather Green,Nicholas Johnson,2524,young,senior,2024-04-08T11:23:28.306388,2024-07-23T16:26:52.544240
62095,once,Samantha Kennedy,Nicole Evans,3220,through,different,2023-06-04T07:02:15.217949,2024-04-24T23:42:12.812835
39774,trip,Michael Jones,Brittany Lamb,3234,that,article,2023-05-17T07:51:49.814544,2024-03-29T22:20:06.506742
58741,marriage,William Mendoza,Danielle Garcia,1938,rate,task,2024-11-29T00:18:55.647428,2024-09-19T14:42:45.785544
68731,four,Anthony Howard,Jonathan Williams,311,sister,brother,2024-05-07T17:45:04.662297,2025-01-15T16:53:31.380124
12450,movie,Robin Thomas,Derek Smith,1130,soldier,spring,2024-12-27T23:40:03.519038,2024-07-07T22:25:09.379667
4005,consider,Christopher Ball,Charles Cox,106,type,family,2024-09-27T08:21:33.283379,2024-07-24T12:38:06.006402
76157,rule,Lisa Rivera,Connor Nguyen,3242,young,heavy,2024-11-18T05:52:56.206814,2025-01-01T12:21:45.752781
50104,check,Randall Walker,Morgan Valencia,1236,likely,mention,2023-12-08T03:31:02.879343,2024-09-22T14:11:48.240776
64614,rest,Aaron Robinson,Nathan Howard,3200,environment,defense,2023-05-23T13:58:45.058240,2024-08-10T23:42:27.628466
92119,ever,Amanda Wright,Bobby Soto,3206,country,network,2024-07-17T20:25:21.936336,2024-05-31T20:34:53.228839
7392,doctor,Melanie Dawson,Samantha Wise,3443,time,occur,2024-08-20T03:32:46.985496,2024-07-31T21:44:14.023337
56832,four,Austin Mills,Elizabeth Stevens,447,create,exactly,2024-06-26T08:48:00.457824,2024-05-13T20:24:06.382691
44125,rest,Christopher Reyes,Abigail Lopez,1261,look,fire,2023-09-16T00:25:00.863428,2024-02-04T11:57:45.454665
50374,start,Travis Thomas,Jennifer Taylor,1566,enter,in,2025-01-22T20:09:36.266163,2024-02-25T16:25:13.832273
20315,beat,Lisa Gillespie,Abigail Price,3327,out,none,2023-03-05T05:55:57.156905,2024-10-08T22:06:06.331129
36129,coach,Tara Clark,Jennifer Bowen,2466,woman,along,2025-01-14T06:10:20.166848,2024-12-28T05:31:29.553073
72225,American,Jennifer Flowers,Joan Carter,996,myself,down,2024-01-23T17:53:31.516331,2024-09-05T10:57:26.838697
82836,night,Micheal Mcbride,Cheryl Alvarez,2963,practice,argue,2023-05-18T02:48:11.805484,2025-01-21T13:10:50.646811
54837,claim,Ian Preston,Joshua Guzman,845,can,enough,2023-11-12T13:06:26.951694,2024-09-17T16:51:15.710342
56618,family,Sandra Peters,Richard Clarke MD,2110,president,event,2024-02-11T14:25:46.663780,2025-01-12T11:51:40.665375
50446,action,Tina Barry,James Freeman,2181,foreign,step,2023-08-27T20:45:46.629786,2024-02-02T07:39:41.318613
19506,build,Andrew Valentine,Jennifer Garcia,1692,leave,Mr,2023-12-07T07:54:08.243331,2024-04-26T15:12:05.885252
48798,third,Jennifer Sanders,Thomas Williams,1467,this,claim,2024-01-21T16:57:13.469422,2024-10-24T14:22:20.857515
61812,likely,Diana Kelley,Hailey Rogers,1958,that,call,2024-11-17T21:48:57.111157,2024-06-26T05:21:34.056889
73047,watch,Andrew Marshall,Kelly Cook,2057,determine,within,2023-08-08T14:03:36.058671,2025-01-17T21:22:17.149217
29381,drive,John Brown Jr.,Shannon Johnson,3122,have,mother,2024-05-28T13:38:55.077104,2024-05-13T05:43:59.417118
89465,writer,Steven Hanna,Amy Willis,1224,the,give,2024-10-01T08:49:09.337172,2024-04-12T01:01:28.457921
38660,recognize,Ms. Aimee Stevens DVM,Angela Walton,3018,imagine,will,2023-03-31T09:28:27.226740,2024-02-18T15:55:50.830093
47141,worker,Nathan Roth DVM,Traci Wagner,723,term,line,2024-12-30T19:25:20.508658,2024-07-16T20:34:04.003727
23358,yes,Eric Lee,Maria Brown,909,fall,one,2024-09-10T15:26:25.761192,2024-03-08T09:40:00.643287
3286,effect,Katherine Wade,Jacob Coleman,1425,first,bed,2024-02-01T12:24:22.298561,2024-08-06T12:21:02.907233
34193,attack,Stacy Robinson,Rebecca Torres,405,white,dark,2025-01-08T22:29:09.544452,2024-10-24T03:38:20.949628
84068,early,Christopher Mclean,Jay Davis,101,miss,during,2023-12-23T04:19:06.572719,2024-06-18T05:12:26.403527
5115,summer,Jason Vincent,Michael Greer,1955,resource,sometimes,2023-09-09T04:55:32.077887,2024-06-08T08:32:23.714688
18036,fact,Cody Lopez,Anthony Mann,2049,me,glass,2023-11-01T06:29:55.969145,2024-06-14T12:00:14.942523
52699,theory,Benjamin Burgess,Nicholas Logan,260,realize,player,2024-01-27T19:39:40.540634,2024-03-12T22:24:36.629586
39714,trial,Cheryl Marks,Ashley Macdonald,1584,policy,remember,2025-01-04T01:54:32.419888,2024-02-12T08:06:47.939435
72796,nation,Raymond Lamb,Steven Velez,1074,make,have,2023-03-23T19:14:09.464675,2024-02-19T11:51:30.490616
166,life,Derrick Malone,Kimberly Sharp,1626,last,important,2023-04-11T05:41:53.871277,2024-11-23T14:27:40.877993
94762,teacher,William Johnson,Joshua Richard,1879,few,next,2023-04-03T23:48:24.944843,2024-04-22T03:08:09.718637
28009,war,Christopher Shea,Robert Mann,2733,hospital,around,2023-09-23T08:28:35.332099,2024-11-24T00:36:41.304138
1520,performance,Jason Walls,Sophia Turner,647,later,read,2023-12-02T21:00:12.088915,2024-11-11T03:28:04.118751
54056,nearly,Blake Estrada,Zachary Thompson,2874,develop,center,2023-07-28T03:04:34.728029,2024-05-16T13:24:15.482569
48004,total,Timothy Smith,Sandra Freeman,3090,apply,than,2024-11-12T08:20:30.408536,2024-06-20T00:45:17.841770
81722,design,Sarah Morales,Anthony Clark,905,line,you,2023-06-05T22:31:36.999020,2024-02-11T11:27:13.429555
90572,public,Brandy Hill,Amber Johnson,665,sure,actually,2023-05-06T12:24:57.567469,2024-02-26T04:48:50.702907
33260,trip,Jillian Warren,Brenda Henry,3069,vote,just,2024-06-30T21:59:32.452471,2024-09-23T02:47:02.223977
18926,prepare,Angela Singh,Travis Barron,3585,during,doctor,2024-10-03T01:02:16.793895,2025-01-19T06:56:32.604370
62970,work,Stephen Warner,Jason Cooper,115,record,eye,2024-11-28T02:54:35.857024,2024-06-12T20:50:15.894418
46652,nor,Jody Bernard,Lisa Marshall,3270,safe,would,2023-12-14T16:56:38.858913,2024-04-23T00:21:57.986166
85334,else,Jesse Graves,Alicia Arnold,848,them,father,2024-10-15T13:07:39.949133,2024-05-17T03:18:37.850890
49207,his,Valerie Mendoza,Keith Fisher,1829,decide,development,2024-08-04T18:05:52.653678,2024-12-26T18:03:34.004234
67471,best,Peter Esparza,Cameron Ritter,2315,affect,into,2024-01-05T03:38:02.194951,2024-06-14T17:42:52.140067
74701,west,Jose Moody,Tyler Fields,1358,necessary,government,2023-06-21T09:34:49.394634,2024-05-04T07:45:57.036761
27986,serious,Geoffrey Luna,Christina Morales,61,five,action,2024-08-09T04:13:08.850677,2024-04-21T07:00:20.716280
67903,stay,Melanie Hardy,Brian Lewis,414,member,his,2024-02-22T03:36:39.604069,2025-01-23T23:31:47.961400
42485,but,Haley Oneill,Tricia Morales,1483,discussion,edge,2023-11-16T20:11:42.270710,2024-02-06T23:12:11.694538
75235,face,David Williams,Mr. Andrew Rice,3152,him,keep,2023-07-04T12:25:53.399093,2024-03-28T09:29:01.640034
64165,laugh,Michael Crane,Beth Blake,1622,security,thus,2024-09-03T00:17:25.618819,2024-10-26T16:29:39.667164
16016,military,Benjamin Anderson,Mark Sanchez,1741,Congress,grow,2024-11-23T02:26:53.849174,2024-07-15T23:25:06.982657
93218,item,Amber Leonard,David Parrish,1828,allow,building,2024-10-12T08:55:01.071764,2024-09-12T00:10:23.859013
12067,must,Aaron Escobar,Bonnie Lucero,1760,able,account,2024-08-13T20:00:35.407537,2024-10-15T01:45:35.874592
95086,myself,David Richard,Kenneth Martin,451,describe,another,2023-03-11T16:48:54.041510,2024-04-24T21:12:39.920080
93892,try,John Lindsey,Brianna Thompson,1798,difficult,become,2024-03-06T23:18:51.597888,2024-02-19T11:41:21.748367
70388,institution,Kenneth Hernandez,Kayla Bell,3348,plan,past,2023-05-25T10:02:26.463870,2024-01-28T14:34:34.599745
97588,bag,Jenny Weber,Kenneth Roth,2917,account,special,2024-09-29T17:43:56.429096,2024-08-02T20:21:52.905058
56593,get,Bradley Thompson,Jennifer Bates,364,side,although,2024-09-01T09:36:22.619585,2024-04-06T22:22:53.599604
39113,director,Andrea Abbott,Alexandria Hale,592,financial,hotel,2024-08-04T00:14:53.537635,2025-01-16T19:46:48.951217
21265,seek,Brendan Brown,Robert Lewis,2996,listen,garden,2023-07-10T20:48:54.243034,2024-07-28T20:26:26.020744
22341,doctor,Kaitlin Mueller,Brett Wilson,1933,focus,husband,2023-09-26T11:59:36.209210,2024-04-26T03:01:57.075865
93337,training,Dr. Rachel Gray,Tracy Harris,1957,break,perform,2024-07-14T04:37:51.415643,2024-11-07T05:00:59.107486
35588,unit,Alan Nolan,Anthony Silva,1855,number,staff,2023-02-06T10:37:24.297987,2024-08-23T07:54:38.047501
92450,ready,Jessica Valdez,Sandy Jackson,389,player,shake,2023-04-07T12:05:18.900949,2024-03-18T10:43:28.356202
5209,clear,Evan Miller,Caitlyn Bruce,964,program,lot,2023-07-27T20:19:36.270670,2024-12-21T22:09:09.405262
7304,only,Joy Reyes,Amber Newton,3542,listen,age,2024-09-08T10:50:10.609857,2024-07-26T02:06:20.354419
77221,east,James Ortiz,Kathryn Duffy,2613,front,decide,2024-04-26T06:32:30.857296,2024-10-18T06:04:21.786459
44326,bed,Jesus Oneill,Sean Palmer,1214,military,trade,2023-03-08T02:41:53.323156,2024-04-16T11:49:12.436549
97503,support,Laura Mathis,Carrie Rogers,1332,another,truth,2023-12-23T17:42:09.374834,2024-10-13T11:44:29.904676
69897,other,Maria Navarro,Martha Parker,701,body,yes,2023-05-21T23:18:46.792706,2024-12-21T08:43:49.556856
51027,for,Stephen Wheeler,Christy Lopez,3397,skin,they,2024-01-14T02:09:54.625623,2024-06-27T12:54:25.882499
67689,everybody,Joseph Hobbs,Bryan Harrison,2586,music,those,2023-11-24T02:49:34.355193,2024-05-22T01:24:28.776109
81124,include,Megan Thomas,Kathryn Mccullough,1544,simple,weight,2023-02-25T17:07:58.678864,2024-05-26T13:42:46.682381
77814,head,Brian Young,Jerry Nolan,2803,just,describe,2024-05-31T09:58:59.600754,2024-07-16T17:11:22.127432
15258,light,Courtney Williams,Zachary Sandoval,2221,though,identify,2023-02-05T22:54:24.556688,2024-09-25T07:00:26.564433
23424,organization,Lori Goodman,Robert Welch,550,same,again,2024-10-25T06:08:35.907572,2024-09-26T01:00:25.852128
40404,your,Michael Valencia,John Haney,681,ten,often,2024-08-19T15:55:18.025491,2024-03-19T23:49:04.937673
26334,data,Corey Caldwell,Allen Banks,2680,main,management,2023-03-19T11:45:28.079606,2024-05-12T11:03:03.275587
89542,public,Christopher Rogers,Jason Solis,3488,effect,hard,2023-11-03T09:44:15.748681,2024-10-25T23:16:45.816667
37397,buy,Emily Acosta,Bryan Hunter,1207,resource,protect,2023-02-12T12:48:23.481101,2024-12-16T10:39:54.382462
75222,old,Regina Gamble,Kristin Green,2885,rather,poor,2025-01-13T15:27:21.921731,2024-04-13T08:07:08.203629
51474,her,Mark Rasmussen,Elizabeth Roberts,1161,writer,financial,2024-04-23T04:07:40.554558,2024-06-13T02:38:26.042992
73197,upon,Patrick Davis MD,Emily Cook,1777,win,admit,2023-08-17T13:31:22.413758,2024-03-20T13:48:42.398599
35808,story,Jose Wells,Yvonne Robles,345,reality,that,2023-07-17T04:39:57.633865,2024-12-12T18:58:33.323263
44835,agree,Joseph Turner,Robert Ramos,887,always,hear,2024-08-23T01:19:11.388420,2024-05-03T02:44:27.296303
3167,method,Zachary Ward,Donald Lewis,3536,suffer,wear,2024-12-10T02:30:21.430662,2024-07-10T02:40:56.501991
31281,future,Sean Garcia,Kenneth Lyons,131,claim,high,2025-01-10T19:57:55.359546,2024-02-15T22:01:53.386512
6219,certainly,Robert Beck,Dale Mccann,381,choose,his,2023-08-12T02:40:18.257214,2024-05-03T18:38:52.612174
50047,fish,John Graves,Daniel Williamson,1190,both,else,2024-09-14T21:53:12.489621,2024-05-19T20:24:58.159594
63704,ago,Scott Brown,Ariel Horton,2117,film,study,2024-10-21T22:32:37.988705,2024-11-14T20:01:54.967250
63482,station,Antonio Kramer,Randy King,2688,movie,bar,2024-09-11T10:41:01.721772,2024-11-01T21:10:16.280904
16437,because,Samantha Carr,Amy Bradford,1069,admit,south,2024-03-25T06:13:28.176318,2024-10-30T15:39:23.091819
73640,statement,Michael Campbell,Christina Gay,400,to,audience,2024-07-23T04:13:10.026156,2024-07-09T00:17:08.463023
93420,trip,Andrew Gonzalez,Manuel Waters,827,Republican,need,2023-05-17T04:13:25.953125,2024-07-28T16:02:23.336564
67985,admit,Michael Stevens,Shannon Lewis,2906,full,imagine,2023-04-12T01:11:08.393462,2024-04-01T17:00:03.575993
37758,arm,Melissa Huff,Sandra Smith,889,theory,bill,2023-12-22T06:55:49.182267,2024-03-02T15:33:05.596766
9314,idea,Maria Ray,Mary Adkins,2330,team,instead,2023-07-16T00:02:09.130188,2024-11-07T08:48:21.784488
16745,level,Sergio Perry,William Campbell,1949,day,activity,2023-06-16T07:20:33.869478,2024-03-04T04:31:37.265796
59357,network,Douglas James,Renee Joyce,2282,nothing,particularly,2023-12-20T22:47:01.371198,2024-10-04T20:11:28.500890
62894,discover,Gina Strickland,Adrian Cohen,1953,factor,environmental,2023-03-21T09:44:42.302809,2024-03-30T06:10:22.800248
92803,worry,Jeffrey Lewis,Daniel Castillo,3017,third,office,2025-01-12T20:10:17.628313,2024-02-20T19:05:56.196634
81113,science,Robert Blake,Ashley Robinson,1370,would,story,2024-10-05T04:31:19.827029,2024-05-31T17:11:10.119153
58383,by,James Lee,Thomas Padilla,3322,message,five,2025-01-14T09:53:43.685252,2024-10-26T22:48:32.481221
85012,only,Kelsey Davis,Jacob Riley,2307,approach,activity,2024-12-27T11:18:35.540384,2024-09-09T02:02:33.555359
60384,expert,Angela Branch,Krystal Conley,1499,detail,live,2023-06-20T01:51:42.610243,2024-12-15T05:47:22.939146
91599,work,Melanie Castro,Emily Phillips,2561,single,be,2023-06-21T01:18:20.932439,2025-01-02T10:07:16.805733
79885,traditional,Todd Edwards PhD,Melissa Green,2807,owner,these,2025-01-16T13:00:19.407191,2024-02-07T04:37:14.265125
72619,push,Danielle Henderson,Ryan Anderson,1857,piece,often,2023-07-01T08:15:34.074569,2024-01-28T07:10:45.486722
42844,result,Rachel Nelson,Frances Howard,2081,together,situation,2023-10-23T14:29:45.132956,2024-11-03T17:50:22.796811
18076,beyond,Tamara Chandler,Bryan Castillo,3278,knowledge,create,2023-03-30T22:38:11.242096,2024-06-06T18:29:35.862650
94289,sound,Alexis Rodriguez,Lindsey Leon,1179,black,current,2024-12-19T23:12:04.875839,2024-01-30T13:50:25.313459
72176,attorney,Todd Valencia MD,Linda Church,1783,mean,brother,2023-03-26T05:17:14.097380,2024-10-20T05:00:15.436311
97201,reality,James Moore,Nathan Mathis,3205,loss,table,2024-03-25T22:23:09.168967,2024-11-28T21:53:42.242163
97140,trade,Jill Campos,Colton Garcia,2899,recent,successful,2024-06-30T05:16:26.906105,2024-12-08T13:29:26.037290
70495,technology,Steven Herrera,Eric Bender,1007,right,civil,2024-05-06T19:23:37.524393,2024-02-10T15:06:13.672495
90696,final,Todd Powell MD,Raymond Oneal,2066,game,sit,2023-10-17T14:30:17.238837,2024-10-08T07:52:39.362229
79196,explain,Jacob Richardson,Chase Day,3434,plant,eight,2023-07-15T19:47:54.289722,2024-06-29T22:00:44.177492
13982,cold,Troy Macias,Shelby Rodriguez,819,staff,every,2023-10-21T17:43:00.146031,2025-01-09T19:44:39.912075
51684,or,Christopher Davis,Stephanie Henderson,1555,however,various,2023-02-13T11:05:11.460893,2024-07-16T14:33:19.501357
13398,building,Dr. Jordan Glenn Jr.,Carmen Ross,3525,term,white,2023-06-03T03:34:49.195333,2024-07-17T06:39:11.620595
28160,she,Daniel Martin,Rachel Baxter,1108,shoulder,degree,2023-06-02T17:08:27.700460,2025-01-08T00:06:06.824549
67956,last,Kim Shepard,Julie Reed,1797,road,top,2023-03-06T23:42:28.479051,2024-08-26T00:34:15.254926
11143,very,Melissa Stewart,Ashley Wright,2587,call,total,2024-09-09T17:01:20.325974,2024-04-01T10:40:27.567092
81784,option,Patrick Roth,Timothy Christian,2216,ok,available,2024-06-20T11:22:52.661193,2024-06-11T09:49:16.813071
6164,ready,Haley Faulkner,Rhonda Perry,2071,page,lay,2023-08-30T03:29:05.092071,2025-01-01T04:08:35.987330
44763,ahead,Danielle Hall,Janet Moore,1707,pick,skin,2024-06-17T21:29:19.676923,2024-09-22T12:26:06.801615
77009,past,Mckenzie Mills,Derek Bennett,3500,get,should,2023-09-23T05:46:50.772585,2024-03-14T22:58:45.573088
19001,back,Evan Wu,Teresa Mejia,74,cut,real,2023-04-25T01:05:42.001878,2024-04-01T15:08:39.328684
15200,help,Lisa Wheeler,Laurie Woodward,667,great,Mrs,2024-11-17T13:04:44.032171,2024-02-20T18:58:08.957038
8981,right,Cathy Barr,Bradley Kennedy,205,term,avoid,2024-01-28T08:25:11.910807,2024-03-03T03:23:10.566604
60187,that,Kristine Pham,Richard Wright,468,item,country,2024-03-08T21:58:44.979686,2024-06-28T15:38:49.571573
54072,growth,Gary Oconnor,Deanna Holmes,875,anything,less,2024-04-26T08:24:42.698036,2024-03-08T19:05:26.028098
10332,military,Joseph Bowman,Robin Lewis MD,1163,pressure,change,2023-10-14T15:55:28.162553,2024-11-30T13:45:49.301117
64159,experience,Mr. Gerald Wilkinson,Anthony Carson,693,out,human,2023-07-26T03:05:35.506170,2024-02-24T08:12:26.321568
53859,outside,Mark Gonzalez,Jerome Farley,2481,century,there,2023-04-22T23:42:09.469500,2024-10-18T10:11:37.176829
36817,agree,Barry Gutierrez,Michael Hays,1929,particularly,themselves,2024-02-11T11:54:04.595735,2024-03-24T08:32:04.908863
14740,build,Jamie Contreras,Caitlin Greer,2419,tree,hold,2025-01-08T03:18:58.524979,2024-03-31T21:03:30.775289
28258,public,Kaitlyn Nguyen,Jacqueline Gamble,1868,less,in,2023-07-26T05:17:58.572236,2024-12-24T08:43:13.835649
75185,require,Amber Middleton,Melissa Kirby,2795,lawyer,other,2024-04-27T18:01:28.196669,2024-08-17T07:10:02.780222
9144,how,Deborah Russo,Tiffany Aguilar,2997,only,guess,2023-05-09T09:11:55.495279,2024-08-17T02:06:07.255734
79783,base,Kenneth Pugh,Matthew Chavez,615,toward,work,2023-03-05T16:19:43.710395,2024-10-07T18:47:40.739742
20270,north,Robert Anderson,Lauren Washington,1430,summer,between,2023-08-30T09:35:59.760985,2024-05-11T03:39:42.333114
68583,great,James Hill,Kevin Aguilar,180,them,series,2023-05-20T16:56:32.249258,2024-09-02T11:03:18.734092
74707,then,Zachary Coleman,Jennifer Reyes,2824,month,try,2024-09-12T16:51:18.679206,2024-07-30T06:59:08.754006
13404,senior,Diana Chang,Kevin Welch,431,list,yard,2023-12-20T10:05:59.933969,2024-04-22T09:35:16.154219
17070,fire,Melissa Powell,Sydney Shaw,2253,yourself,season,2024-01-13T07:45:41.673568,2024-07-10T06:37:38.141770
64988,study,Hannah Shepherd,Lindsey Hampton,403,Mrs,war,2023-01-30T21:21:16.140683,2024-07-06T12:22:47.830218
29676,feeling,Victoria Watson,Adam Jackson,2645,low,only,2024-06-01T03:37:06.864267,2024-10-27T14:01:17.402562
3689,seat,Logan Mckenzie,Heather Wallace,1417,wrong,discover,2023-08-07T19:10:03.946306,2024-02-01T12:31:46.191208
66977,strategy,Richard Campbell,Jacob Vargas,458,forget,agent,2024-07-04T17:22:29.306503,2024-09-09T10:03:04.651708
96975,low,Howard Ayers,Sherri Montgomery,3471,central,region,2024-02-04T14:55:06.138104,2024-02-09T16:27:00.704678
14123,professional,Juan Taylor,Angela Hanson,2590,notice,current,2023-08-06T19:53:11.831081,2024-08-22T23:17:10.007078
101,base,Jody Alvarado,Garrett Oconnor,2860,tonight,about,2024-04-15T21:32:07.529934,2024-09-20T18:51:47.082528
27002,last,Julie Clark,Jackson Cline,3300,force,cover,2023-09-30T15:33:01.363607,2024-04-08T16:12:29.258338
47451,statement,Richard Wheeler,Michael Griffin,2039,miss,return,2024-03-03T05:52:01.616654,2024-07-02T04:05:37.717397
94942,statement,Tom Lopez,Angel Bennett,2275,agent,close,2023-12-18T11:53:24.561642,2024-06-27T06:00:46.753576
33563,those,Stephen Scott,Daniel Norris,2436,pattern,population,2023-07-17T06:11:37.761819,2024-06-02T14:58:05.655017
79819,surface,Dr. David Short,Kathleen Erickson,3049,or,fight,2024-05-03T02:14:07.627151,2024-10-12T13:20:49.433950
66423,myself,Brianna Butler,Gregory Snyder,1159,eight,computer,2023-11-05T14:48:17.964005,2024-12-01T12:30:45.200385
24019,represent,Jeffrey Ferguson,Taylor Gonzalez,2649,consider,support,2024-12-28T23:00:23.185352,2024-07-05T10:14:26.515506
39704,election,Anthony Powell,Jennifer Washington,685,weight,senior,2024-05-16T00:41:47.742579,2024-01-27T12:09:31.695002
18473,enough,Carlos Moore,Timothy Clark,1323,beyond,share,2023-03-26T17:35:14.825687,2024-04-01T02:48:43.262324
37776,condition,Paula Bishop,Joanne Murphy,2157,find,if,2024-06-16T23:45:10.798481,2024-03-30T04:29:40.649731
39920,already,Franklin Page,Thomas Garcia,2385,draw,blood,2024-04-27T07:43:45.514398,2024-11-05T10:47:26.125168
20745,pull,Meghan Davis,Isabel Braun,661,discover,change,2024-11-09T19:55:46.906753,2024-10-31T12:22:30.531822
32744,information,Kelly Wise,Stephen Turner,2920,street,white,2024-05-28T19:09:12.566067,2024-02-25T02:31:43.956261
22913,stop,Maria Ruiz,Andrew Clark,1296,either,major,2024-11-28T04:13:39.449337,2024-02-25T14:17:38.933093
973,strong,Eric Wilson,Melissa Duran,1286,herself,each,2024-09-30T09:51:07.147521,2024-02-17T19:39:24.601367
86265,teacher,James Jenkins,Molly Morse,1455,natural,available,2023-09-09T03:34:13.006326,2024-06-02T19:10:57.467592
15349,yard,Timothy Clarke,Luis Coleman,2335,avoid,something,2023-11-07T18:12:23.711098,2025-01-17T19:56:24.681409
30070,possible,Julie Williamson,Jennifer Branch,3520,single,move,2023-02-19T10:10:33.757115,2024-07-22T23:51:42.725499
92603,life,Joseph Marshall,Janet Thomas,1454,him,rather,2024-04-14T07:24:55.753055,2024-09-07T06:25:52.386715
55176,million,Kristen Williams,Jerry Williams,919,fund,son,2023-11-13T07:17:34.249078,2025-01-13T20:04:16.991234
89156,within,Cindy Harrison,Amy Rodriguez,722,add,still,2024-07-08T12:10:27.464307,2024-02-20T17:13:25.196723
53038,particular,Robert Buchanan,Morgan Garcia,1270,one,number,2023-08-03T12:16:09.831581,2024-06-30T02:10:06.211070
44128,manage,Sylvia Henderson,Tony Daugherty,3519,buy,like,2024-11-28T04:28:55.483070,2025-01-01T13:24:51.129009
90643,term,Kayla Davis,Tracey Hill,78,cover,report,2023-11-18T17:26:10.399629,2024-12-29T15:39:31.870429
34647,hand,Joseph Hayes,Kevin Bradley,1176,carry,source,2023-11-04T04:53:32.673800,2024-05-09T10:30:52.730589
21368,billion,Jeffrey Miller,Whitney Whitehead,601,work,put,2023-10-28T12:02:34.787068,2025-01-18T08:09:00.705968
14811,read,Chris Lowery,David Conley,488,especially,situation,2024-12-18T13:24:01.992079,2024-08-30T09:57:57.696080
38209,bank,Robin Pugh,Anna Holland,762,social,try,2024-08-11T18:56:58.951819,2024-02-07T05:13:42.030967
52713,direction,Henry Brown,Ryan Villarreal,2318,effect,human,2024-04-15T20:55:01.480667,2024-10-04T07:54:24.624275
88264,nearly,Billy House,Anthony Gillespie,3167,coach,dog,2024-05-31T12:44:44.947924,2024-11-07T20:28:31.719686
15818,door,Destiny Guerra,April Martin,487,security,effect,2023-03-15T06:36:39.106442,2024-08-20T05:33:13.007892
90752,this,Jason Wallace,Sheri Patel,3316,whole,like,2024-06-17T23:36:28.756216,2024-04-10T01:44:14.719451
88116,show,Justin Gray,April Warren,585,wrong,road,2024-11-05T19:12:52.186021,2024-09-09T16:08:53.972106
56178,none,Michael Anderson,Megan Turner,1931,between,win,2024-04-14T02:24:13.208587,2024-10-16T00:58:16.131267
58887,imagine,Rebecca Ramirez,Sarah Nixon,327,reason,safe,2023-12-13T12:33:11.861240,2024-10-31T09:26:15.776383
80259,Democrat,Leslie Orr,Hannah Evans,3487,capital,much,2023-02-09T05:20:47.458028,2024-02-07T18:12:40.562633
72271,commercial,David Gordon,Crystal Jones,466,section,field,2023-08-09T13:15:59.324262,2024-06-03T02:19:05.554502
49712,more,Marie Rosales,Robin Cox,345,you,police,2024-12-27T22:46:36.438809,2024-02-22T06:16:32.767191
10423,environment,David Nguyen,Jeanne Orozco,2001,accept,say,2025-01-20T10:50:18.261468,2025-01-07T09:41:42.310707
59240,teach,Michael Pierce,Gregory Evans,2302,be,trip,2024-10-30T07:33:53.532327,2024-06-25T22:30:11.653461
46849,involve,Julie Carlson,Melissa Watson,992,increase,arrive,2023-06-12T12:55:46.943473,2024-02-04T19:23:24.872952
1832,business,Cassandra Miller,Carly Wright,2417,sell,cause,2025-01-14T01:06:52.774377,2024-05-01T14:27:05.721676
97082,mind,Sarah Johnson,Peter Mullins,2947,relationship,break,2023-06-24T06:31:51.891187,2024-12-24T16:52:28.337794
38502,government,Ronald Rogers,Savannah Garrett DDS,132,woman,sign,2024-09-08T20:52:42.352957,2024-02-19T16:40:14.266117
68494,good,Megan Thompson,Blake Cook,963,sure,crime,2024-07-06T02:11:03.614264,2024-04-29T15:19:53.897447
58412,decision,Russell Aguirre,Jesse Fischer,1432,Mrs,past,2024-10-29T00:11:17.519608,2024-02-02T18:58:13.080790
67216,time,George Nelson,Veronica Estrada,331,yard,after,2023-01-26T17:19:37.044402,2025-01-17T21:49:57.547075
60676,that,Jared Thompson,Regina Vaughn,612,world,alone,2023-12-04T23:40:21.310635,2024-09-15T15:30:17.622000
92436,return,Dr. Jennifer Blair,Patrick Martinez,416,officer,thing,2024-12-10T06:13:26.119345,2024-06-27T09:55:53.242472
1722,region,Austin Phillips,Daniel Olson,2955,opportunity,attorney,2024-07-08T03:39:33.251580,2024-05-18T00:12:34.123548
45453,price,Joseph Russell,Colleen Lozano,727,economic,cut,2024-06-28T17:05:45.124804,2024-08-02T01:28:55.645995
8925,rate,Gary Ferguson,Theresa Schwartz,1571,space,run,2024-03-15T02:01:53.504594,2024-11-18T03:56:09.523632
42483,yeah,Richard Smith,Mary Cisneros,14,cultural,laugh,2023-11-08T02:49:53.583753,2024-02-17T09:21:46.037599
52446,during,Samantha Roberts,Kelly Wilson,1631,among,least,2024-01-03T03:56:05.121723,2024-05-23T04:37:49.101199
77148,condition,Jose Lowe,Eric Parker,2412,certainly,event,2024-08-28T07:09:33.212456,2024-12-09T15:15:54.992108
41994,leave,Jessica Villa,Adam Nichols,2162,perform,write,2024-06-09T12:53:39.233509,2024-06-11T21:23:46.650883
99719,teacher,Jessica Anderson,Katelyn Haney,1091,main,hair,2024-12-06T23:51:27.821234,2024-10-26T04:06:46.818679
31490,never,Daniel Cooper,Krystal Jones,2979,both,ready,2024-11-24T18:07:05.762726,2024-01-25T23:29:34.598144
85,movie,Tanya Jenkins,Xavier Diaz,1935,size,open,2023-02-26T12:20:14.178110,2024-04-10T17:08:11.614362
95175,return,George Silva,Amanda Kennedy,1366,risk,state,2023-12-08T21:26:08.789453,2024-08-09T14:48:41.376746
76703,learn,Thomas Ayers,Karen Johnson,3280,positive,project,2024-03-08T02:30:23.704015,2024-04-12T01:24:10.573206
13966,doctor,Michael House,Cameron Garcia,3428,like,admit,2023-01-27T19:57:38.782759,2024-10-25T23:14:00.575179
89599,economy,Keith Knight,Terri Collins,3310,model,enough,2024-02-23T02:44:12.114783,2024-01-29T17:21:52.676857
13856,popular,Zoe Hernandez,Mark Schmidt,3567,morning,responsibility,2023-08-28T11:06:36.952971,2024-09-13T03:36:16.230126
31716,customer,Lisa Ruiz,Jeffrey Sullivan,3544,art,hand,2023-06-27T15:49:18.606962,2025-01-20T11:19:52.288565
25911,eat,Michael Zimmerman,Juan Gill,548,something,general,2024-11-28T00:22:10.618393,2024-11-22T04:30:40.016124
38753,may,Peter Chapman,Morgan Knox,388,woman,practice,2024-01-15T14:31:47.797718,2024-06-08T09:37:18.457300
85172,high,Lindsey Harrison,Ian Lester,500,have,whom,2023-06-09T04:41:53.788451,2024-01-26T02:35:06.374486
73108,father,David Smith,Vincent Williams,2939,culture,thought,2024-01-30T00:18:13.134570,2024-10-17T09:23:47.612985
48978,focus,Ashley Petersen,Mary Stout,3387,keep,economy,2024-07-12T03:42:26.395118,2024-10-31T21:35:47.314689
99657,style,Brian Ramirez,Chris Berry,704,probably,fish,2023-03-19T08:05:20.088961,2024-12-06T18:14:21.236193
8560,general,John Riley,Mikayla Gomez,2387,small,whole,2024-06-15T13:43:08.343460,2024-02-09T05:49:55.245025
50944,color,Lauren King,Ricardo Salazar,1982,action,energy,2024-07-25T19:55:14.032008,2024-12-08T15:34:23.918588
43836,debate,Wendy Duncan,Janet Valenzuela,626,true,particular,2024-05-11T13:19:28.740188,2024-10-03T16:42:53.009107
76531,building,Eric Cruz,Kevin Sandoval,1177,partner,federal,2023-07-07T11:40:15.279198,2024-02-25T04:07:51.487646
70235,inside,Tyler Henry,Brett Eaton,1910,situation,interview,2024-01-31T08:46:15.374930,2024-04-12T11:06:14.060312
62990,painting,Katherine Castillo,Brandon Ryan,1212,law,detail,2024-01-29T21:57:33.105609,2024-11-26T11:17:12.549677
80880,system,Megan Bennett,Amy Moore,2502,perform,together,2024-12-11T19:16:23.293864,2024-10-14T04:00:26.118681
92400,say,Gregory Moran,Kimberly Flores,3174,future,almost,2023-08-06T13:29:10.627887,2024-09-26T06:48:13.266712
67990,tend,Jimmy Randolph,Stephen Anderson,2431,represent,Mrs,2024-04-10T02:53:12.080283,2024-07-28T11:23:13.999398
76388,usually,Andrew Martinez,Megan Lawrence,2348,enter,executive,2025-01-03T18:59:44.119474,2024-11-27T23:24:51.271364
47542,keep,Thomas Estes,John Watson,1626,in,yet,2023-05-04T09:37:15.452984,2024-07-20T20:08:27.897495
99059,small,Kelly Garcia DVM,Katherine Lamb,2096,card,talk,2023-04-20T05:50:06.261308,2024-07-01T09:34:47.411258
74242,certain,Denise Martin,Christopher Lopez,1021,task,all,2023-10-30T18:19:56.312207,2024-11-03T08:39:08.646987
65964,allow,April Harrison,Evan Alvarado MD,186,defense,source,2023-08-22T07:09:04.896078,2024-04-05T12:21:52.251206
17824,whom,Anna Martin,Lauren Bartlett,2559,base,feel,2024-11-23T03:44:16.766064,2025-01-24T14:29:11.693378
54472,they,Mr. Brent Hicks,Mark Gilbert,3065,game,happen,2023-08-03T19:35:01.662810,2024-07-03T14:30:59.585642
89730,heart,Tammy Gardner,Renee Camacho,3096,best,attack,2023-08-16T13:52:04.672023,2024-04-05T08:31:00.901358
68801,nation,Miguel Nelson,Erica White,1496,all,staff,2023-10-07T01:20:15.384521,2024-11-04T04:46:35.009012
10964,before,Christina Miller,James Stevenson,383,bad,relationship,2023-06-09T06:02:30.596630,2024-03-26T00:53:54.902625
10794,left,Ryan Baker,Kevin Owens,2167,bank,eye,2023-09-26T10:32:35.991534,2024-07-14T18:33:53.297319
55994,relationship,Maria Williams,Jason Miller,1629,plan,despite,2023-03-11T10:01:29.048237,2024-06-15T18:33:16.747869
93012,trial,Lisa Flores,Nicholas Garcia,3239,pressure,thing,2023-09-16T14:46:09.683717,2024-09-21T17:04:31.065783
93605,low,Isaac Campbell,Maxwell Chambers,493,director,price,2023-10-06T12:17:51.025933,2024-03-07T10:58:16.864836
16124,actually,Stephen Vincent,Trevor Weaver,1721,soon,oil,2024-08-10T01:40:21.106277,2024-10-22T10:00:12.274753
44284,send,Joshua Fischer,Whitney Cole,2814,clear,form,2023-10-13T01:39:44.051102,2024-04-25T19:10:52.427474
89034,dream,Melissa Williams,Anita Wilson,2889,sense,ground,2023-05-17T02:21:54.203691,2024-06-22T18:08:38.923232
29182,mouth,Connor Buckley,Dylan Heath,2653,product,while,2023-08-08T13:30:04.741461,2024-12-07T05:48:05.283788
36664,leave,Patricia Nelson,Nicholas Obrien,2727,kid,soon,2024-02-12T12:38:20.254760,2024-04-16T16:12:59.211349
29262,month,Glenn Randolph,Colton Burns,1371,leave,speak,2024-09-08T04:13:38.584248,2024-04-21T01:55:57.770487
82270,beautiful,Christopher Andrews,Mrs. Faith Rogers,2274,modern,another,2025-01-01T00:07:21.000331,2024-04-19T16:50:56.042383
74482,edge,Gina Murphy,David Jennings,1846,example,someone,2024-12-06T16:46:41.393331,2024-12-18T15:29:25.534142
76825,look,Derek Webster,Cameron Harris,640,husband,discover,2025-01-23T05:55:26.096334,2024-09-02T13:06:59.711868
41840,rock,Nicole Ortega,Ryan Riley,2756,actually,serve,2024-08-28T01:46:25.171468,2024-05-24T10:30:05.841413
33556,take,Paige Wells,Steven Williams,1979,name,ever,2023-08-21T06:15:29.430255,2024-08-05T06:32:03.258054
53707,newspaper,Julie Tate,Michael Huang,2409,me,natural,2023-09-28T23:38:20.644580,2025-01-21T19:00:09.443178
71343,call,Rebecca Hopkins,David Meyer,3173,worker,lose,2023-12-20T21:04:39.057367,2024-07-20T06:57:18.479939
56222,speech,Jordan Allen,Randall Hall,1786,benefit,sound,2023-07-11T21:12:52.902722,2024-05-08T01:46:38.105586
15856,grow,Jordan Miller,Lisa Hayden,2503,impact,fall,2023-11-21T21:01:05.802709,2024-04-21T07:33:52.142564
10753,night,Michael Nguyen,Brian Jacobs,1705,policy,seat,2024-08-31T13:12:23.356354,2024-04-08T11:21:15.454239
26103,study,Michael Suarez,Tiffany Osborne,25,minute,number,2024-10-16T07:54:39.712818,2024-08-14T12:44:21.585036
17828,very,Jennifer Richardson,Elizabeth Greene,1335,suddenly,soldier,2023-04-23T20:15:04.759031,2024-06-18T07:20:55.960612
38127,only,Douglas Ryan,Angel James,2673,character,me,2024-01-07T15:58:26.148037,2024-02-29T17:52:22.389030
91733,society,Jordan Smith,Mitchell Hart,440,admit,structure,2024-01-25T20:52:29.267246,2024-11-02T06:04:04.536437
277,stay,Stephen Ramirez,Donna Walker,1065,inside,determine,2023-07-10T12:44:47.899660,2024-03-13T06:14:13.650866
66663,exist,Ian Fernandez,Rebecca Knight,375,system,a,2023-06-22T11:12:41.719818,2024-08-03T04:17:14.796901
41741,offer,Vanessa Harris,Elizabeth Foley,453,attorney,miss,2024-01-22T05:04:08.895162,2024-04-23T19:02:12.946720
57968,plan,Ryan Porter,Wayne Collier,1031,several,go,2023-10-18T05:04:06.103471,2024-09-13T22:47:55.289031
83676,director,Carl Miller,James Nielsen,2854,difficult,past,2023-07-16T19:02:26.329127,2024-04-02T11:54:49.378449
14386,account,Jeffrey Jones,Rachel Martin,1733,tend,available,2024-12-24T23:02:40.466096,2024-06-11T21:03:21.853436
88410,coach,Chloe Mccoy,Ernest Jackson,622,much,cut,2023-12-25T03:20:31.369109,2024-04-06T15:04:17.606574
15473,require,Daniel Jones,Matthew Washington,171,for,see,2023-09-02T16:13:02.535229,2024-05-25T16:33:44.947642
52079,like,Julie Simpson,Chad Diaz,251,another,despite,2024-08-04T08:50:59.427356,2024-03-10T07:05:48.570557
78137,point,Amanda Beck,Laura Johnson,3525,skill,mind,2024-05-08T23:13:51.009095,2024-01-26T22:10:25.617604
3347,town,Michael Harper,Charles Wilson,1086,growth,measure,2024-07-24T10:52:11.135822,2024-10-27T21:53:53.188488
45457,decide,Mark Howe,Joel Holt,3221,interest,toward,2024-12-27T13:01:58.745034,2024-12-28T21:52:49.222075
22315,similar,Amanda Williams,Kim Hawkins,107,guess,special,2025-01-23T07:36:52.424183,2024-08-19T10:27:18.732783
76064,term,Casey Oliver,David Anderson,2949,leader,nation,2024-04-27T21:55:22.744763,2024-06-09T02:26:01.403006
36723,drive,Mary Diaz,Michael Davidson,1685,until,ever,2023-12-03T03:04:49.191118,2024-01-26T05:35:16.799544
17471,goal,Billy Burnett,Rodney Brown,3272,price,be,2024-04-02T16:54:43.283139,2024-09-01T10:10:29.255049
6805,reflect,Christian Reid,Mary Marquez,3184,score,me,2024-01-25T21:14:58.638456,2024-07-15T18:07:05.328740
75566,wide,Timothy Hansen,Kayla Reed,1070,similar,figure,2023-02-21T15:40:51.385897,2024-11-01T03:07:44.818342
83112,trip,Jo Floyd,Gregory Jackson,1469,little,foreign,2024-03-03T20:10:36.373394,2024-11-27T09:58:51.124725
97549,role,Kimberly Fisher,Alan Little,73,who,boy,2023-08-19T12:16:57.373063,2024-06-29T08:09:52.075612
46784,point,Adam Young,Linda Cook,1637,exactly,brother,2024-11-05T15:58:08.910688,2024-03-21T10:27:55.362459
6032,fine,Jill Macdonald,Miguel Brewer,1978,success,again,2023-11-20T10:50:04.651727,2024-08-08T03:24:58.703155
18065,out,Thomas Salazar,Earl Brown,2390,value,away,2023-06-12T22:16:27.494545,2025-01-01T21:22:14.232701
57156,continue,Justin Downs,Thomas Campos,2255,watch,rise,2024-09-09T05:31:48.667827,2024-02-10T01:28:54.016801
36544,particularly,Alexander Dickerson,Jennifer Rivera,3406,recently,cost,2024-08-30T17:54:28.546050,2024-03-09T08:59:14.058606
90651,site,David Garcia,Tommy Tucker,815,enough,find,2024-04-17T05:45:48.817220,2024-04-11T11:48:15.480503
85083,sign,Matthew Johnson,Renee Kelly,2006,present,hear,2023-06-05T05:12:13.529103,2024-06-16T01:49:16.237884
4412,brother,Mr. Troy Bishop,Jacob Hartman,2664,size,society,2023-04-28T16:36:24.159819,2024-10-07T18:34:03.513580
6231,almost,Charles Shaffer,Matthew Hoffman,1903,author,himself,2023-06-24T00:19:04.735018,2024-05-29T06:57:07.601507
65443,behavior,Anna Griffin,Steven Hayes,3304,news,current,2023-05-16T23:49:24.121914,2024-09-30T00:07:16.773194
24363,manager,Patrick Sandoval,Teresa Mccullough,1919,let,shake,2024-02-17T08:52:52.208014,2024-08-13T21:21:07.647897
91590,officer,Lisa Bond,Emily Hardy,2035,degree,society,2024-12-01T14:41:08.570532,2024-04-08T23:44:42.382223
46021,lawyer,Lisa Gray,Courtney Morales,923,performance,perform,2024-06-19T14:33:31.251477,2024-12-28T22:44:53.039227
87532,development,Barbara Hines,Kelsey Shepard,833,others,others,2024-11-28T05:19:16.117039,2024-03-17T06:24:03.827199
31362,play,Jordan Fowler,Anthony Castillo,1762,wrong,his,2023-04-27T01:28:50.263780,2024-05-17T04:52:32.011418
46061,picture,Lisa French,Cody Frazier,3518,nice,movement,2024-04-18T10:59:48.678184,2024-02-18T06:17:36.326838
63071,memory,John Barry,Taylor Robinson,663,cultural,rise,2024-03-17T21:01:57.880673,2024-12-25T20:59:17.594034
27326,top,Michael Hernandez,Kimberly Schultz,544,cup,evening,2023-06-23T02:47:12.521918,2024-06-19T17:32:29.014983
87641,want,Robert Mccarthy,Daryl James,2514,cost,minute,2023-06-27T02:17:12.080120,2024-09-08T12:27:22.350082
34117,method,Deborah Davis,Seth Brown,171,Mr,force,2024-09-16T06:28:02.348302,2024-11-25T20:51:04.421311
33632,our,Ryan Smith,Stacy Munoz,1021,year,tax,2023-05-16T07:48:57.509625,2024-03-08T22:28:38.876001
10862,together,Stacey Sharp,Christopher Johnson,2380,thus,service,2023-11-19T22:56:01.849894,2024-06-09T14:48:52.999856
93774,walk,Deborah Hernandez,Laura Gray,1261,trip,already,2024-09-21T11:17:01.478268,2024-12-18T00:15:45.513350
78416,air,Margaret Cabrera,Lisa Poole,3042,commercial,figure,2024-11-20T04:27:54.575778,2024-02-14T20:06:49.265494
18910,chance,Daniel Estrada,Juan Davis,3585,phone,size,2023-11-17T12:46:08.960510,2024-03-25T09:08:02.428096
32398,argue,Joseph Logan,Lauren Woods,3527,training,establish,2024-01-10T00:24:00.577597,2024-06-24T21:02:41.310033
27381,size,Tina Perry,Melissa Brown,653,father,tell,2024-04-08T19:36:55.780422,2024-08-23T05:07:43.722845
36182,song,Jeffrey Buchanan,Bryan Foley,3471,art,single,2024-07-21T05:18:23.961462,2024-01-29T04:23:17.801452
80267,statement,Wanda Moore,Elizabeth Reed,1301,start,test,2023-11-07T23:53:13.981422,2024-06-19T05:02:07.390469
24217,surface,Heather Lynch,Todd Sanford,3069,people,car,2023-10-03T23:23:50.144027,2024-04-11T14:10:12.112898
74034,put,Matthew Brown,Theresa Ward,913,once,strategy,2024-04-21T05:46:51.295635,2024-12-20T09:07:54.014515
80111,argue,Troy Tanner,Terry Best,609,talk,front,2024-09-19T20:13:06.814989,2024-02-23T14:55:26.247928
87058,maintain,Patricia Riggs,Laura Smith,1443,claim,live,2024-03-30T00:03:15.115796,2024-03-07T13:56:16.242044
96119,white,Daniel Chan,Jeffrey Smith,1696,bit,try,2024-08-06T18:56:08.915137,2024-03-01T16:50:08.111362
55474,site,Bryan Bush,Matthew Hobbs,2603,place,art,2025-01-02T09:38:32.200475,2024-08-08T07:27:51.321126
39324,rise,Kathryn Lopez,Jessica Murphy,3208,involve,daughter,2023-05-21T03:45:05.393150,2024-08-11T13:45:25.298823
20440,now,Angela Salinas,Joseph Brown,3067,piece,create,2023-07-30T01:41:14.104994,2024-11-14T07:46:45.448683
69801,wide,Samantha West,Joseph Barrett,2374,reason,sister,2023-02-01T09:28:12.907302,2024-06-27T20:05:40.615831
12692,husband,Brian Parker,Andrea Green,1471,beautiful,assume,2024-09-23T03:44:01.068319,2024-09-30T15:30:52.836856
77741,modern,Joseph Mays,Alicia Francis,3013,long,necessary,2024-10-31T04:13:45.133415,2024-12-03T01:31:01.705174
91630,four,Frank Jones,Matthew Jackson,1318,relationship,job,2024-12-21T12:32:49.426525,2024-02-08T16:55:57.166123
25992,dog,James Lewis,Katrina Gilbert,2532,mention,me,2024-07-17T03:32:22.162849,2024-04-15T23:08:42.525804
4386,whole,Kelly Fowler,Tina Cole,3589,wonder,usually,2024-03-06T22:39:56.276247,2024-03-05T23:55:05.975512
43040,economy,Suzanne Wyatt,Stephanie Parker,574,goal,teacher,2023-02-28T07:10:20.129342,2024-08-26T20:38:35.548696
52293,argue,James Bell,James Pratt,153,meeting,heart,2023-07-08T12:02:04.615380,2024-12-22T20:52:39.215409
60975,every,Bryan Lawson,Andrew Nguyen,2903,attack,class,2023-03-18T11:51:16.462862,2024-11-21T06:26:11.975785
37093,her,Jeffrey Mathis,Patrick Fuller,1557,everything,way,2023-06-17T13:49:27.911331,2024-11-15T07:01:15.054262
82209,believe,Karina Brewer,Erica Franco,1871,successful,rock,2023-11-02T04:35:03.261932,2024-02-05T07:34:51.648447
73161,interesting,Adam George,Samantha Butler,916,music,ability,2023-09-01T06:10:26.461388,2024-06-20T11:24:28.200107
78025,exactly,Robert Walker,Heather Bruce,2961,cultural,without,2024-01-12T04:40:03.222189,2024-01-30T13:20:53.799269
32691,practice,Tamara Johnson,Matthew Richardson,2215,perform,treat,2023-07-30T10:37:42.544453,2024-03-14T14:56:49.038346
75200,her,Robert Jackson,Bobby Beard,2139,board,nothing,2023-06-12T10:27:08.170566,2024-08-01T23:43:31.273951
25705,end,Christina Mills,Timothy Smith,2356,doctor,cold,2023-10-31T15:05:59.298517,2024-05-06T22:07:00.330459
40846,west,Carla Weaver,Shane Jones,2578,today,writer,2024-03-25T22:06:05.619816,2024-11-01T05:14:22.034747
90507,better,Heather Clark,Haley Tyler,2222,total,agreement,2023-08-31T23:15:36.050984,2024-07-17T16:04:34.600338
58487,woman,Julia Turner,Megan Dillon,3128,so,newspaper,2023-02-26T07:12:20.689891,2024-03-29T10:28:56.986493
17014,season,Sharon Ellis,Devin Torres DDS,1696,message,yet,2024-04-30T14:03:52.847859,2024-06-12T04:31:50.101457
22609,player,Ryan King,Julie Jones,2224,knowledge,executive,2024-09-25T20:51:31.124912,2024-08-07T01:42:53.956308
91874,out,Brian Thomas,Alexander Carter,2057,edge,once,2023-10-24T14:08:04.018194,2025-01-21T01:27:48.074226
77307,network,Jillian Campbell,Robert Rodriguez,1999,market,machine,2023-04-19T04:13:05.266481,2024-05-20T07:24:28.889004
4361,respond,Shawn Moore,Debra Gonzalez,722,address,doctor,2024-07-13T09:27:34.732649,2025-01-03T15:17:01.237175
37031,data,Joseph Martinez,Emily Maldonado,419,order,choice,2023-09-12T02:42:36.474386,2024-05-26T04:49:46.952966
19565,some,Peter Blake,Stephen Lynch,1513,successful,federal,2023-04-02T07:42:45.773797,2024-10-24T19:29:40.744203
47508,debate,John Clark,Isabel Henry,2319,we,again,2024-07-16T11:45:32.218847,2024-09-20T02:52:20.170325
22480,everybody,Sarah Smith,Melissa Hart,2938,week,future,2024-01-16T18:40:51.938696,2024-10-15T03:16:18.361284
39491,car,Casey Warren,Stephanie Munoz,3204,despite,character,2024-05-30T05:08:29.069705,2024-05-06T14:07:38.044326
79108,any,Kelsey Wallace,Charles Martinez,2664,out,if,2024-11-27T14:52:42.219296,2024-04-03T11:02:21.042342
22845,performance,John Bentley,Michael Adams,2784,practice,fire,2023-06-18T01:01:37.520274,2024-08-20T00:11:22.121886
83716,family,Andrew Williamson,John Osborn,3291,star,amount,2023-03-22T19:35:09.797848,2024-10-26T02:33:38.243560
22594,show,Melissa Lewis,Deborah Morgan,411,mouth,near,2024-12-29T02:23:22.688467,2024-09-18T12:37:15.404249
16609,receive,Jennifer Smith,Jennifer Browning,1202,member,federal,2023-04-21T21:37:18.888078,2024-03-30T02:19:20.200445
9011,hear,Robert Morton,Breanna Perez,1200,far,various,2024-12-03T20:42:25.560674,2024-11-22T19:54:18.835304
18301,society,Eric Villarreal,Erica Joyce,1108,more,return,2024-10-09T20:23:36.261905,2024-06-09T17:47:22.703315
42220,education,Stephen Mitchell,Anne Sutton,2588,trade,bank,2024-09-10T02:37:44.141366,2024-02-26T10:24:11.064435
80699,so,Marcus Hall,Mrs. Angela Bennett,3061,growth,many,2023-10-31T20:47:30.959412,2024-10-03T01:13:40.201301
88483,role,Patrick Miles,Jacqueline Bailey,288,type,near,2023-12-12T14:27:36.696786,2024-11-23T00:47:23.771237
1054,thing,Victoria Wood DVM,Jacqueline Espinoza,2452,effort,question,2023-12-07T15:02:31.836158,2024-10-24T22:11:42.393462
91632,buy,Leah James,Mandy Bailey,1257,soldier,dream,2025-01-22T15:08:28.058080,2024-03-16T06:23:30.331590
2772,reflect,Tanya Green,Eric Ponce,2235,get,American,2024-10-09T14:25:31.982175,2024-12-20T07:26:32.118702
66778,money,Thomas Lara,David Cross,1768,west,military,2023-05-20T04:57:46.559317,2024-04-02T05:40:03.245059
11033,feel,Charles Grimes,Amy Green,707,happy,herself,2024-03-30T17:45:18.357303,2024-06-25T00:23:43.761170
10310,participant,Pamela Mendoza,Kevin Thompson,1932,fact,catch,2023-05-03T21:21:59.154108,2024-06-19T15:01:31.702785
83723,then,Katie Roberts,Raymond Bailey,1429,phone,go,2023-03-12T20:02:25.434504,2024-10-13T00:47:10.712132
72317,baby,Sonia Reese,Adriana Rodriguez,83,community,degree,2024-04-10T22:43:36.879713,2024-07-20T10:40:34.004406
1393,over,Daniel Willis,Stephen Knight,3374,move,everybody,2024-04-23T19:20:20.165814,2024-03-10T11:52:05.110870
60745,participant,Amanda Reeves,Wendy Herrera,208,family,nor,2024-03-17T09:03:31.746664,2024-10-14T23:57:55.197400
43111,similar,Scott Fischer,Tony Hoffman,2901,serious,poor,2024-10-27T02:36:47.939006,2024-09-10T06:50:12.387050
36557,catch,Leslie Adams,Nathan Stewart,2391,discover,young,2023-03-29T00:50:02.893721,2024-04-10T22:55:05.372873
97884,something,Steven Andrews,Brian Banks,1871,approach,hundred,2023-12-17T16:48:02.666056,2024-06-20T01:54:52.547261
10331,fly,Dawn Brown,Shannon Hamilton,2151,management,speech,2023-04-28T17:49:05.558674,2024-04-30T21:57:19.400163
38969,way,Brian Castro,Jim Watkins,1652,level,off,2023-03-29T14:32:44.241606,2024-04-14T07:39:52.327599
30984,push,Mary Morris,Tim Hale,1709,course,issue,2024-11-11T11:29:06.198263,2024-10-02T12:37:58.966866
79893,everything,Kyle Hill,Paul Riley,7,or,win,2024-03-12T04:06:01.182409,2024-02-26T06:50:15.645964
21386,style,James Brown,Daniel Stevens,2850,leader,because,2024-12-19T13:07:30.688120,2024-04-11T22:20:43.687789
67695,small,Steven Hunt,Bryan Vincent,1586,interesting,but,2024-11-27T23:02:24.831280,2024-09-08T21:06:15.865384
63094,ever,Jennifer Jones,Kim Nguyen,2298,and,society,2024-10-02T12:50:58.919378,2024-12-24T11:00:29.524077
83519,boy,Kyle Coleman,Anthony Allen,704,loss,away,2024-07-20T00:07:45.469972,2024-11-24T12:06:49.995188
56105,develop,Rhonda Owens,Scott Macdonald,1497,building,per,2024-04-01T16:09:56.833014,2024-04-04T15:38:19.031874
65158,least,Andrew Carr,Betty Taylor,2992,in,determine,2024-07-25T20:48:55.668397,2024-11-28T03:16:48.578848
46530,road,Sarah Wright,Isaiah Orr,2335,box,more,2023-04-16T11:16:46.367028,2024-03-19T07:48:54.712239
79722,he,Sarah Parker,Cody Sharp,1671,pay,last,2024-11-25T21:53:58.503970,2024-11-17T00:54:11.228136
2355,only,Angela Montgomery,James Perez,1411,save,history,2023-01-31T23:21:42.695387,2024-02-01T22:11:58.755195
4407,evidence,Rachel Bender,Thomas Wood,221,participant,quickly,2023-07-18T06:28:15.630260,2024-05-18T08:32:36.915236
50837,glass,Cheryl Moore,Lisa Morrison,2145,among,leave,2023-12-27T13:40:13.212069,2024-04-04T17:45:08.036015
36465,strategy,Wendy Park,Lauren Davis,3340,field,certainly,2023-06-08T09:43:28.615348,2024-11-06T12:13:33.239568
42024,dog,Shawna Walter,Heather Brown,2129,discussion,art,2024-11-14T07:13:39.163819,2024-10-26T01:28:45.178864
7813,street,Gabriel Day,Rodney Taylor,2152,body,remain,2024-07-07T23:31:54.534459,2024-06-13T04:23:23.828680
35965,thank,Sarah Colon,Timothy Taylor,1986,plan,discussion,2025-01-20T22:50:01.323561,2024-11-08T00:50:43.029444
90801,tough,Derrick Richardson,Elizabeth Blair,3150,eat,standard,2024-01-26T04:26:23.961053,2025-01-20T21:37:13.220801
74004,close,Alexis Ray,Amber Escobar,821,education,focus,2023-10-30T23:47:21.468118,2024-11-17T22:39:30.726280
92696,police,Angel Schmidt,Brandy Swanson,2570,feeling,hand,2024-02-23T21:52:48.289965,2024-05-01T17:26:02.922026
48347,own,Ashley Hogan,Jordan Blake,2473,add,speech,2024-12-22T00:29:29.840997,2024-03-17T10:41:37.006704
67256,son,Kevin Ferguson,Danielle Parker,2467,door,despite,2023-12-27T03:44:41.235528,2024-12-09T14:10:16.456585
8974,recognize,Joshua Lara,Ashley Bishop,3334,amount,particularly,2023-08-18T16:50:29.320784,2024-11-23T12:37:29.058768
64637,sea,James Rowland,Gregory Miller,1683,become,quality,2024-07-15T15:41:17.856835,2024-12-24T22:06:16.585932
5940,business,Brian Heath,Angela Lloyd,91,important,someone,2025-01-01T23:24:46.663690,2024-06-06T11:19:15.727295
29299,cold,Jeremiah Mcintyre,Heather Gill,1558,sister,enter,2024-02-14T00:30:14.254675,2024-04-19T19:23:00.166217
65683,property,Leslie Nelson,Fred Marsh,2702,newspaper,partner,2023-06-14T08:04:50.596024,2024-08-21T00:45:20.624254
82987,artist,Rickey Perez,Todd Clark,1737,any,camera,2023-11-24T17:09:29.230777,2024-12-29T15:40:35.025664
58661,project,Kelly Briggs,Alan Lloyd,226,enter,person,2024-11-13T04:12:17.878996,2024-07-18T02:44:17.967679
42491,enter,Jessica Suarez,Michael Vega,810,seven,write,2024-09-05T16:59:21.876676,2024-09-27T12:45:55.073084
77901,character,Austin Hanna,Tiffany Owens,3576,because,west,2023-11-01T15:20:18.932521,2024-11-23T04:28:42.328416
59610,issue,Natalie Kennedy,Rita Berg,514,every,check,2023-08-09T16:24:03.378504,2024-09-29T06:09:42.815111
42269,traditional,Kevin Fisher,Cody Faulkner,1747,man,walk,2024-05-02T16:19:08.323479,2024-04-14T21:10:51.906616
76136,camera,Brent Evans,Scott Horton,1233,cause,should,2024-07-12T18:52:00.112286,2024-05-26T01:30:15.499840
13037,understand,Marc Miller,Alexis Smith,2972,computer,look,2023-11-28T04:57:54.744112,2024-05-03T17:13:44.370832
7310,hit,Patrick Walls,Kyle Meza,2886,mother,figure,2023-02-18T16:47:04.316409,2024-06-16T03:03:14.305552
12788,finish,Frederick Bell,Cynthia Underwood,3550,artist,military,2023-07-26T09:59:05.391973,2024-12-13T15:08:58.055806
34535,wide,Brittany Logan,Kenneth Clark,2274,first,note,2024-10-01T12:59:05.479093,2024-08-26T06:54:21.100888
58881,member,Cheryl Mitchell,Anthony Watson,1616,there,first,2024-10-25T20:13:12.196244,2025-01-11T00:34:20.860366
26265,will,Brett Wright,Donna Mitchell,47,prove,crime,2023-09-20T08:30:35.384586,2024-07-12T12:46:47.431322
14644,medical,Robert Bird,Dr. Sarah Williams MD,205,area,certain,2023-02-05T04:11:34.981366,2024-08-21T10:07:20.790616
24137,maybe,Joanna Williams,Douglas Woods,183,art,for,2023-05-22T00:41:31.760035,2024-12-08T07:37:50.558498
30136,although,Karen Campbell,Ashley Delgado,1672,authority,two,2024-11-16T00:52:39.826467,2024-02-08T12:34:13.008315
87136,some,Shawn Mckenzie,Anthony Cook,1956,work,bill,2025-01-23T12:14:48.379704,2024-11-19T01:47:33.264490
79696,point,John Henry,Brianna Cobb,81,this,early,2023-11-24T02:05:16.782864,2024-08-13T00:56:33.298794
98869,data,Steven Padilla,Daniel Stephens,1949,data,certainly,2023-01-29T08:36:11.607862,2025-01-08T16:09:11.269914
93112,war,Tracy Osborne,Ronald Molina,467,reality,about,2023-07-20T03:46:51.598718,2024-08-11T16:28:36.710663
2857,subject,Sean Davis,Lisa Martinez,438,financial,year,2024-11-18T15:17:25.861112,2024-11-11T03:44:08.115792
54514,firm,Jacqueline Smith,Jeffrey Turner,2830,soon,trip,2024-07-11T11:57:17.776308,2024-07-11T15:33:27.912051
84638,occur,Tammy Fleming,Kayla Francis,478,century,memory,2024-02-18T22:50:35.562720,2024-10-22T04:19:42.671715
11529,receive,Manuel Porter,Robert Curtis,891,economy,few,2023-08-02T22:06:39.740788,2024-05-22T08:12:26.654993
71277,south,Lindsay Crawford,Jennifer Meyer,1476,of,low,2023-11-18T23:14:28.343187,2024-02-23T15:17:43.205369
99801,follow,Makayla Sanchez,Elizabeth Harrison,1030,watch,able,2024-03-06T05:17:11.913122,2024-09-19T18:47:33.187623
9880,could,Hunter Jackson,Dennis Page,397,something,team,2023-08-15T09:04:58.710898,2024-08-11T16:16:05.408769
7771,letter,Scott Mcdonald,Jason Anderson,3342,before,wall,2023-07-02T18:10:19.280527,2024-10-30T16:58:21.038965
68656,our,Erin Anderson,Kim Shelton,3230,newspaper,out,2024-11-20T08:03:31.885753,2024-10-29T10:03:57.060440
26402,nothing,Amy Hunter,Natalie Hughes,3173,something,art,2023-07-03T11:31:56.467583,2024-11-08T18:52:21.143276
4513,from,Stephen Powell,Brian Stephenson,2958,use,challenge,2023-05-23T03:38:52.384228,2024-03-12T11:53:23.351747
91679,thought,Wanda Rose,Emily Rogers,1273,miss,everyone,2023-02-22T07:21:07.453528,2024-09-11T09:39:55.065479
69353,beat,Joseph Harris,Kristina Tran,1944,bank,sign,2024-09-12T21:53:06.544941,2024-03-11T01:09:14.646918
31341,work,Tracy Freeman,John Gordon,28,onto,right,2024-03-14T06:50:05.417396,2024-10-22T08:37:26.348050
53154,half,Luis Miller,Nicole Pope,1847,whatever,movie,2024-05-07T09:53:57.815847,2024-03-04T01:33:35.885019
39587,local,Shawn Ramsey,Andrea Graves,415,despite,international,2024-11-09T15:54:27.199697,2024-06-01T00:19:54.726721
58528,feeling,Joshua Hamilton,Antonio Wood,1036,term,foot,2024-12-04T02:57:00.327582,2024-06-01T11:14:38.731354
86046,citizen,Anthony Dixon,Scott Singh,3039,strong,dog,2023-03-08T08:19:14.378863,2024-06-13T13:52:12.104216
60629,enough,Jordan Turner,Scott Espinoza,1344,heart,feeling,2023-06-08T20:53:16.474842,2024-07-12T22:57:52.536619
11213,place,Megan Martin,Ashley Delgado,3319,adult,program,2024-03-15T16:07:09.293646,2024-02-13T16:20:00.852335
41280,but,Spencer Young,Amanda Morris,3100,speak,tonight,2023-09-24T04:09:34.133952,2024-07-09T21:33:00.162552
36642,research,Michaela Wong,Natasha Smith DDS,2743,loss,buy,2024-10-28T19:02:54.574846,2024-10-12T20:23:52.977082
50557,seven,Timothy Mckinney,Monica Ellis,2572,six,energy,2024-05-01T04:41:57.319280,2024-06-05T08:50:46.583297
38535,one,David Murphy,Rachael Shaw,3326,address,itself,2023-06-18T14:16:20.355186,2024-11-21T03:42:10.150873
29121,water,Misty Perez,Joseph Carlson,330,size,itself,2023-03-07T22:37:22.123137,2024-09-01T14:53:42.754597
39249,technology,Lisa Morales,Jennifer Torres,3315,tell,worker,2023-07-31T19:18:53.333201,2024-12-01T00:40:45.471676
78675,full,Lisa Montgomery,Kelly Stewart,2376,development,impact,2023-08-24T00:54:20.062751,2024-08-18T15:33:32.919246
97099,much,Erica Ward,Paul Lozano,1084,hospital,pressure,2024-12-09T03:54:55.019057,2024-09-08T06:48:55.805923
43803,worker,Daniel Burns,Alicia Baker,1983,throw,us,2023-05-09T04:04:12.967137,2024-04-08T23:31:14.614906
52488,during,Daniel Merritt,Dominic Cochran,825,tonight,upon,2023-02-14T05:32:57.673740,2024-12-06T19:13:18.654144
76387,organization,Harold Oconnor,Brooke Beck,1966,contain,smile,2025-01-13T11:27:39.261632,2024-03-02T20:41:01.492807
97616,claim,John Allen,Shannon Dixon,253,seat,home,2023-12-23T06:49:59.186834,2024-04-25T02:13:19.300773
48455,answer,Cory Barnett,Kenneth Miller,1557,order,trial,2024-01-26T07:45:06.018854,2024-09-21T20:48:53.009490
56563,system,Lisa David,Brandy Patel,220,once,born,2024-04-28T06:05:23.850589,2024-04-13T01:03:29.180458
79947,rather,Christopher Wagner,Maurice Obrien,964,sport,despite,2024-09-04T18:40:12.887820,2024-04-26T09:09:11.679186
82151,including,Samantha Jones,Kathy Wang,1401,place,rich,2025-01-11T15:38:17.716516,2024-02-27T19:40:43.566724
44439,next,Diane Kirk,Manuel Wells,133,her,crime,2023-10-13T19:07:11.433384,2024-12-06T04:25:19.489666
2244,skin,Victor Edwards,Jacob Peterson,2534,save,task,2023-03-18T22:34:14.777062,2024-12-27T23:04:17.144174
29677,keep,Roberta Adams,Mario Lee,1291,military,five,2024-07-07T03:13:48.478266,2024-03-27T10:08:56.291052
46671,practice,Andre Huynh,Craig Johnson,3536,general,loss,2024-01-09T15:50:41.000191,2024-04-15T21:03:50.114875
93399,plant,David Turner,Jose Carey,914,forget,civil,2023-12-31T10:51:26.848824,2024-09-21T22:09:58.025902
46247,young,Duane Shields,Julie Chen,585,officer,guy,2024-09-10T17:42:51.611922,2024-09-09T18:02:35.316818
17666,everyone,Brenda Wood,Wayne Harris,1426,answer,great,2023-10-25T06:06:34.962911,2024-04-02T19:26:45.838607
27310,yourself,Monica Kennedy,Casey Hernandez,954,cold,product,2023-06-13T04:36:52.312451,2024-07-24T00:59:33.159534
32066,floor,Jose Jones,Patricia Jimenez,972,loss,share,2024-03-15T04:46:59.327703,2024-10-06T18:35:39.566597
77490,oil,Xavier Davis,Kristen Johnson,3107,bed,art,2024-01-11T05:18:58.913112,2024-03-07T14:41:11.783772
85873,husband,Christopher Snyder,Darlene Ferguson,683,you,difficult,2023-03-14T16:43:59.359111,2024-10-12T13:50:18.258652
96123,garden,Courtney Davis,Lynn Lee,3209,performance,sometimes,2024-10-31T06:00:54.500137,2024-03-20T05:39:09.213994
52707,behind,Maria Mckenzie,John Rios,1172,he,significant,2023-06-08T06:22:39.151419,2024-08-31T09:13:05.603072
33434,push,Steven Jones,Jason Montgomery,2251,ok,analysis,2024-06-13T05:29:39.977820,2024-08-24T08:11:34.260953
2124,personal,Kaitlyn Harrison,Alison Sherman,2604,strategy,structure,2023-08-18T13:55:42.242923,2024-06-10T19:34:25.535977
16763,walk,Kimberly Mann,Jon Barajas,2618,dog,herself,2023-06-19T05:37:27.107578,2024-12-22T10:05:35.814086
1392,great,Sydney Hooper,Brian Russell,3499,possible,control,2024-07-04T15:34:32.538588,2024-11-02T08:46:06.652323
43107,candidate,Sean Gallegos,Marilyn Villa,1560,our,such,2024-05-12T09:00:09.982664,2024-09-17T01:54:46.959970
64199,science,Ricardo Bradford,Karen Mitchell,2059,west,two,2023-05-18T20:20:18.234457,2024-08-24T02:15:37.009088
28963,who,Elizabeth Weber,Daniel Nelson,1462,mother,wear,2023-06-07T05:00:55.221741,2024-04-22T02:27:03.859130
63042,difficult,Zachary Hoffman,Edwin Hall,3060,everything,lose,2023-08-11T23:21:10.215534,2024-09-27T22:17:40.087808
18598,card,Randy Blevins,Michael Benjamin,518,trouble,international,2023-06-21T05:39:56.830045,2024-02-07T08:27:16.254015
12860,agreement,Sarah Frost,Tammy Anderson,302,actually,according,2024-01-30T01:58:41.737718,2024-08-31T12:09:51.601330
29767,allow,Mark White,Shaun Mcintosh,1132,his,agree,2024-04-27T04:17:40.997140,2024-02-18T22:34:23.317447
53071,goal,Lynn Howard,Tony Chambers,1332,by,go,2023-02-21T04:51:54.132290,2024-08-18T03:40:21.971923
8955,technology,Brandon Church,Monica Bartlett,2220,rest,state,2023-09-01T04:41:01.585260,2024-02-18T19:05:31.471328
34457,rather,Jason Hall,Heather Juarez,371,establish,anyone,2023-03-31T09:58:22.317368,2024-08-15T00:53:36.708983
5027,expert,Sarah Flowers,Theodore Ortiz,2100,bad,hot,2024-02-09T04:52:42.772614,2024-03-07T14:00:46.889768
97302,sure,Nicholas Jones,Erin Petersen,3189,arrive,chance,2024-10-01T02:27:28.342131,2024-12-23T11:28:30.872827
39473,news,Samuel Ramirez,Jamie Torres,1171,that,today,2023-07-25T21:29:03.632613,2024-02-20T15:54:59.119022
64791,we,Jean Long,William Brown,2110,what,important,2024-12-03T10:55:14.973896,2024-12-04T21:02:41.784418
27209,country,Patricia Webster,Kimberly Todd,479,technology,tend,2023-12-16T18:43:16.925527,2024-09-22T13:49:29.908278
5249,environmental,Norman Patterson,Kyle Brown,1222,despite,public,2024-10-24T22:04:36.583570,2024-11-13T01:12:43.798840
24858,candidate,Frank Griffin,Juan Hendrix,3085,traditional,win,2023-04-13T06:17:25.630763,2024-12-09T15:49:16.018322
37076,risk,Susan Alvarado,Dawn White,476,identify,blue,2024-05-04T21:07:43.158379,2024-06-23T08:38:03.083096
64067,drive,Megan Ramsey,Steven Bishop,921,simply,base,2023-08-27T06:05:53.467804,2024-07-21T18:20:51.132608
34634,chair,Brandon Vaughn,Brett Lewis,184,edge,responsibility,2023-12-25T13:46:59.555540,2024-09-12T12:56:43.461591
40800,eat,Joy Lewis,Mary Potts,2176,body,however,2024-02-27T14:10:32.784578,2024-11-18T22:04:48.692443
85261,yard,Erica Wilson,Kelly Chase,1735,customer,truth,2023-08-30T00:41:41.334216,2025-01-25T00:32:06.611116
55419,operation,Mrs. Shelley Hubbard,Nancy Tucker,2283,tell,across,2024-10-24T13:37:25.383893,2024-07-21T16:08:52.945033
17915,form,Joshua Thomas,Eileen Marshall,1714,break,clear,2024-04-13T23:54:54.228506,2024-08-17T22:49:06.188720
63678,author,Christopher White,Mary Jones,884,box,professor,2023-09-09T14:16:23.560913,2024-09-16T16:21:20.861846
96685,two,Pamela Davidson,Dr. Kevin Scott,2696,start,save,2024-12-25T13:11:50.150334,2024-01-26T11:37:08.445212
13406,pay,Pamela Carlson DVM,Elizabeth Dougherty,1693,truth,send,2023-11-23T09:12:06.278249,2024-12-19T16:22:30.900440
17527,glass,Allison Frazier,Timothy Walker,2756,prove,consumer,2023-12-04T09:02:08.408454,2024-08-17T11:51:30.105777
48769,success,Lisa Mosley,Amy Harrell,439,without,form,2023-08-30T01:37:54.574140,2024-07-04T23:25:46.808168
94502,support,Michael Kim,Kevin Padilla,3556,beyond,decide,2023-11-11T20:36:20.060254,2024-10-17T02:51:43.874958
83471,often,Jessica Harrison,Carlos Scott,2206,fast,their,2024-12-11T22:07:18.948738,2024-04-04T00:06:18.485218
79563,turn,Natasha Walker,Rachel Jones,948,current,about,2024-05-29T17:22:29.795452,2024-07-31T04:30:01.664581
78595,born,Candace Fowler,Charles Duran,253,memory,real,2024-10-12T20:00:53.475188,2025-01-01T11:08:59.405710
77539,senior,Mark Fox,Sherri Valdez,2525,short,music,2024-09-14T08:34:00.912264,2024-03-22T07:37:32.462919
88862,social,James Johnson,Raymond Parker,1646,list,community,2024-11-27T08:49:12.690941,2024-10-18T06:41:02.626935
43988,fear,Devin Soto,Gina Rios,2335,industry,offer,2023-12-03T20:14:51.622020,2024-09-29T17:35:31.592533
8268,under,Joseph Monroe,Shannon Wells,1725,class,read,2024-06-28T14:47:47.065395,2024-04-20T08:57:30.368145
5756,great,Jacob Taylor,David Patel,2316,past,moment,2024-05-04T01:22:44.865131,2024-07-31T15:12:51.811523
7631,military,Michael Bates,John Jackson,86,they,answer,2023-07-10T00:09:31.215968,2024-04-15T03:28:38.783214
25097,analysis,Andrew Rodriguez,Jodi Jackson,3158,center,production,2023-04-19T09:38:11.775228,2024-09-16T06:55:38.993472
8520,participant,Dr. Michelle Murphy,Olivia Ferguson,2900,young,result,2024-09-17T23:01:00.279337,2024-09-14T20:52:38.268481
30295,person,Nicholas Rose,Bryan Smith,3415,letter,center,2024-09-25T11:49:34.202773,2024-03-09T16:57:17.297025
1188,section,Nicholas Bennett,Olivia Romero,21,list,month,2023-02-01T15:53:49.190369,2024-08-14T01:13:10.869324
19339,our,Lisa Church,Kathy Ortega,2480,from,physical,2024-12-11T13:11:54.353940,2024-03-13T17:57:12.841005
62739,wife,Jason Young,Michael Hart,116,budget,summer,2023-12-07T12:23:18.080412,2024-12-21T14:53:57.223074
53896,last,Stephanie Miller,Richard Howard,2565,later,make,2023-10-03T21:00:19.058808,2024-04-16T23:31:24.269818
77435,move,Mr. William Rice,Michael Baker,2433,shoulder,travel,2023-08-14T20:04:56.109410,2024-08-25T12:44:49.438400
16692,build,Brittany Clark,Heather Thomas,382,practice,trade,2023-03-13T12:26:44.325225,2024-12-08T20:47:47.052257
66569,four,Crystal Martin,Clayton Jones,2553,nature,power,2024-09-22T20:15:29.708501,2024-11-16T02:29:40.240413
91042,customer,Kevin Dodson,Candice Adams,3209,cause,site,2023-02-27T07:18:17.114819,2024-03-05T02:01:59.885406
31741,yes,Ann Ward,Emily Robles,2452,significant,weight,2024-02-09T03:29:11.516350,2024-07-22T06:37:39.503523
52917,news,Melanie Mullins,Sean Williams,1381,remain,sit,2023-05-28T15:37:02.792217,2024-08-24T14:10:14.673214
53947,exactly,Kevin Adams,Jake May,286,consider,tough,2023-11-13T21:02:43.087223,2024-04-30T00:10:10.979596
98007,start,Stephanie Davis,Sara Anderson,62,play,another,2024-11-08T01:52:21.257180,2024-04-17T00:04:16.454595
30343,as,Elizabeth Williams,Karen Taylor,3411,order,sister,2024-05-27T00:16:37.770786,2024-10-19T04:54:31.602922
79874,forget,James Douglas,Valerie Butler,1000,suddenly,happy,2024-01-05T17:00:46.165538,2024-03-04T11:39:25.680279
51668,nor,Faith Thompson,Steven Adams,1240,argue,behind,2024-08-19T07:28:20.120618,2024-06-30T09:48:57.614842
50009,of,Vincent Lewis,Krista Aguilar,1924,religious,each,2024-01-11T06:37:34.445785,2024-06-08T16:10:22.332339
62978,second,John Wright,Dana Davis,1630,after,raise,2024-02-25T06:52:57.363439,2024-05-03T22:40:28.026715
7350,collection,Alisha Flores,Nicole Stafford,1249,listen,out,2023-08-24T00:10:28.001067,2024-03-30T22:14:53.816296
61155,town,Robert Gilmore III,Lisa Stephens,2728,recognize,visit,2023-11-03T15:58:21.091937,2024-05-18T15:07:33.036043
79681,recent,Joanne Villegas,Ryan Miller,3491,plan,generation,2024-04-25T07:38:18.584864,2024-05-22T19:41:57.807093
45366,better,Michael Watts,Scott Mcmillan,686,sea,beyond,2024-04-12T03:52:15.169509,2024-05-01T00:06:41.031758
61669,modern,Amanda Gibson,David Hall,3126,economy,service,2024-08-21T14:42:18.958161,2025-01-07T10:35:00.053771
46942,lead,David Smith,Penny Gregory,2854,hear,professor,2023-10-09T18:10:11.943758,2024-07-12T13:55:02.955649
69935,science,Hannah Parker,John Alvarado,1612,system,worker,2023-06-25T05:28:55.938339,2025-01-04T18:52:59.769980
3984,focus,Allison Ramsey,Katelyn White,709,hit,seat,2024-06-06T22:41:54.433172,2024-08-31T22:00:27.174057
63956,do,Scott Gibson,Rachel Cole,3319,worker,image,2024-02-26T00:35:57.645767,2024-05-10T21:39:46.780803
19713,risk,Steven Park,Jonathon Fields,833,prepare,life,2024-02-08T17:34:39.557915,2025-01-14T06:43:53.958360
32798,safe,Kimberly Tran,Jessica Richardson,3551,professor,white,2024-07-25T17:15:32.366287,2024-02-01T07:20:47.409093
61008,right,Natasha Carrillo,Raymond Green,3085,card,relationship,2023-02-14T12:47:51.136822,2024-06-09T08:05:20.646226
78682,prevent,James Middleton,Margaret Simmons,1486,together,receive,2023-09-09T00:52:23.726421,2024-05-20T05:24:27.808989
30091,apply,Michael Gibson,Christopher Lynch,2684,morning,how,2024-12-10T11:05:06.535671,2025-01-24T21:51:52.809144
89578,risk,Caitlin Payne,Christopher Moore,2270,for,born,2025-01-05T06:30:15.153958,2024-10-31T05:56:00.990616
71993,every,Michaela Davis,Michael Garcia,124,staff,add,2024-10-16T07:08:45.516480,2024-08-09T05:20:21.450649
96173,may,Kathy Shelton,Janet Martinez,2096,run,everything,2024-03-24T06:26:24.314513,2024-10-31T18:03:30.533943
42290,mention,Julie Johnson,Nicholas Mitchell,3467,as,four,2024-08-08T12:38:37.582631,2024-03-21T09:13:07.149805
13567,black,Matthew Mcfarland MD,Melissa Perez,720,commercial,professional,2023-12-13T04:40:31.855485,2024-04-10T11:16:58.143188
74135,reduce,Amy Lamb,Dawn Simpson,3116,job,wall,2023-12-31T02:31:01.842438,2024-05-07T10:57:14.035679
19634,stand,Pamela Franco DDS,Michael Ortega,335,participant,rich,2023-08-29T17:51:32.906774,2025-01-06T09:16:18.203507
97725,huge,Mary Sullivan,Katherine Mcbride,597,coach,it,2024-08-28T12:03:29.100256,2024-12-28T17:13:33.433553
82776,pressure,George Jenkins,Eric Hernandez,814,these,someone,2023-05-28T17:55:11.382965,2024-10-05T09:56:57.483583
39617,thing,James Rich,Joseph Taylor,2274,central,new,2025-01-08T22:01:54.298749,2024-04-22T08:59:03.621614
78012,any,Devin Cruz,Jessica Wall,3005,science,nor,2023-04-22T12:32:42.798732,2024-11-23T04:06:23.499837
98830,leader,Marco Church,Gerald Smith,972,between,protect,2024-01-04T01:54:33.581210,2024-04-06T14:37:48.724580
66918,American,Manuel Jones,Shelby Soto,2612,chair,scientist,2024-01-22T07:41:00.892851,2024-12-15T11:33:36.573475
66558,garden,Donna Hill,Nicholas Ruiz,172,shoulder,sense,2023-12-17T21:27:31.621109,2024-02-17T03:24:09.505672
56921,resource,Alexandra Snyder,Amy Estrada,1758,claim,season,2023-04-24T00:09:09.235303,2024-01-28T09:17:51.257221
62280,treatment,Lauren Choi,Miranda Coleman,2525,I,pay,2024-06-07T18:53:19.361596,2024-08-27T04:13:37.776371
55409,least,Joan Benson,Timothy Hall,832,now,wall,2024-02-04T17:11:38.408108,2024-11-16T05:24:52.165914
23695,be,Jessica Brown,Mary Osborn,1216,here,move,2024-02-13T08:19:16.533433,2024-06-06T02:39:48.166183
67312,modern,Lauren Garcia,Courtney Hardy,924,plant,police,2024-05-24T11:45:03.446434,2025-01-01T07:14:48.545175
3914,piece,Sonya Fowler,Jeffery Hill,108,interview,main,2023-03-02T10:03:34.197606,2024-05-07T21:21:14.483409
28649,market,Makayla Macdonald,John Mccoy,1772,fall,our,2023-07-04T05:12:35.087232,2024-12-29T10:49:07.156376
5157,laugh,Dominic Gonzales,Sarah Howard,1580,where,debate,2024-01-23T21:25:58.110240,2024-04-29T03:34:53.803569
72964,one,Donna Gillespie,Brian Matthews,2165,star,help,2024-12-13T14:46:09.958600,2024-04-21T02:46:18.673746
7985,skin,Tracy Johnson,Melanie Herrera,309,explain,mention,2023-10-22T05:15:53.924835,2024-02-01T01:23:26.387299
14952,grow,Brett Myers,Marc Sanchez,585,order,spring,2023-12-25T11:38:31.359411,2024-05-27T14:06:16.682083
89846,choice,Christopher Thompson MD,Karen Jackson,1597,pretty,garden,2024-06-14T03:02:23.847732,2024-08-14T23:52:09.292293
20820,with,Craig Sweeney,John Medina,2421,book,property,2023-08-29T09:46:22.501358,2024-10-16T07:09:30.610852
72660,week,Monica Hill,Lorraine Cooper,3126,should,surface,2024-10-18T07:35:14.335968,2025-01-23T09:02:28.341389
87012,bill,David Clark,David Anderson,2381,tend,crime,2023-08-03T13:08:10.585463,2024-09-22T05:52:19.751080
14860,season,Edward Dennis MD,Derek Cantu,3024,eye,item,2025-01-07T21:09:07.711455,2024-09-22T16:15:20.638337
38424,sign,Jonathan Jones,Jerry Humphrey,3036,benefit,price,2024-02-06T17:53:31.259849,2024-02-03T08:08:55.303718
27699,region,Tracy Burnett,Anthony Rangel,805,few,worker,2023-03-07T11:45:01.636602,2024-02-25T18:26:14.143779
57306,new,Dustin Woods,Kenneth Navarro,2123,claim,wear,2024-04-03T12:47:02.835479,2024-04-08T04:23:59.570955
79094,fight,Jose Allen,Jennifer Juarez,2920,keep,civil,2023-08-08T00:42:42.200924,2024-05-15T13:37:13.557046
27585,white,Crystal Wang,James Kennedy,1677,same,field,2024-05-30T13:18:41.774350,2024-06-22T13:01:00.275938
14554,early,Joe Martin,Lindsey Molina,731,must,gun,2023-07-27T17:41:13.309740,2024-02-01T15:26:40.453780
26898,black,Angela Perez,Stacy Myers,181,economy,new,2024-12-10T14:44:20.321278,2024-03-31T21:18:44.500207
61982,establish,Deborah Carpenter,Vanessa Rodriguez,464,ball,lot,2024-02-18T04:02:58.628408,2024-08-04T13:38:15.141395
99606,she,Natasha Livingston,Sheila Mahoney,408,name,treat,2023-04-27T09:34:15.147053,2024-10-23T19:03:31.897568
10697,race,Mark Harper,Ryan Lawson,3311,land,necessary,2024-12-25T14:19:59.728217,2024-09-09T18:26:55.248459
62213,service,Carmen Baker,Mariah Jenkins,778,hospital,include,2023-08-22T15:55:38.351891,2024-08-21T12:23:58.560621
58594,through,Michael Jordan,Cassandra Brown,2130,American,product,2024-09-20T05:36:45.767176,2024-11-29T21:02:17.457753
69690,sign,Brian Carter,Mark Scott,1702,during,article,2023-04-01T16:55:21.285766,2024-06-14T22:48:06.312407
55365,power,Erin Booth,Jessica Young,204,will,total,2023-07-06T16:20:46.946104,2024-09-04T03:12:46.500323
21878,property,Tanner Jordan,Kelly Mckenzie,3463,station,hard,2024-08-12T03:36:02.546693,2024-11-02T07:20:41.904612
44760,put,Kelli Smith,Laurie Davis,1644,cup,method,2024-12-10T21:52:30.661811,2024-05-25T10:44:33.697255
17939,top,Laura Adams,William Dominguez,2884,where,social,2023-06-07T04:04:54.936314,2024-01-30T08:49:53.693796
44479,story,Charlene Salazar,Cassandra Duncan,1393,wait,protect,2024-06-16T12:50:20.646853,2024-08-26T08:57:42.146212
68907,management,Jennifer Hicks,Beverly Myers,986,drop,responsibility,2023-06-30T14:56:52.860816,2024-08-05T23:54:43.226003
85775,stay,Dr. Paul Sanders DDS,Tina Rivera,3282,new,program,2024-08-01T22:07:08.933947,2024-03-19T23:03:05.518669
35567,apply,Sherri Turner,Rita Ward,767,popular,age,2024-10-12T02:59:20.560039,2025-01-10T05:04:41.484911
97364,pick,Dylan Carlson,Jennifer Gill,410,Republican,just,2023-03-23T20:53:08.498119,2024-09-17T14:18:19.269341
24432,social,Justin Martin,Madison Rasmussen,2791,light,spring,2024-07-08T13:15:40.780439,2024-06-07T12:04:47.990216
15723,capital,Sheila Williams,Joseph Price,747,door,course,2024-11-06T13:29:42.378101,2024-09-02T23:24:27.145236
5606,pull,Stacey Allen,John Ward,3127,should,cold,2023-02-19T12:57:12.626780,2024-04-21T02:32:45.912068
61060,simple,Jason Lara,Travis Torres,1731,human,cover,2024-02-06T09:08:14.913502,2024-03-30T11:40:33.529910
97334,forward,Meagan Manning,John Le,524,woman,note,2024-03-20T14:28:35.254415,2024-11-08T09:41:02.502059
95375,sit,Kathleen Williams,Linda Daniels,991,easy,start,2023-05-05T07:34:50.222505,2024-05-16T05:09:24.230997
26919,include,Anthony Nelson,Christopher Robinson,143,bit,man,2024-12-31T19:14:29.823286,2024-12-15T09:59:55.728487
3425,less,Charles Christian,Kelli Simpson,1659,probably,second,2023-08-21T00:06:21.356881,2024-06-15T01:27:44.913578
55549,let,Michael White,Sandra Cline,920,Mr,prevent,2024-06-18T01:44:11.159592,2024-09-22T21:50:40.731104
7980,try,Nancy Howard,Cynthia Underwood,1925,commercial,serious,2024-11-22T16:34:51.180728,2024-03-18T05:44:36.435502
18934,increase,Joseph Schneider,Elizabeth Solis,1445,day,life,2024-10-20T04:05:26.484291,2024-02-16T18:35:17.107719
51336,though,Kelly Williams,Amanda Nelson,1324,Congress,possible,2024-08-12T20:55:33.869635,2024-03-03T09:04:09.369909
50172,same,Alison Mills,Eric House,1770,media,kid,2023-12-30T09:28:50.504476,2024-10-15T02:38:27.521113
92173,consumer,Gina Taylor,Ashley Olson,530,blue,pattern,2024-09-04T03:43:55.562441,2024-04-16T14:50:44.732043
29225,and,Joy Newman DDS,Jessica Jackson,3415,attention,senior,2024-08-17T00:53:49.438484,2024-12-23T22:17:56.392423
60547,ago,Brianna Wright,Nichole Dougherty,2949,man,food,2024-04-20T03:20:51.251700,2024-09-27T20:20:24.200186
85063,population,Richard Rodriguez,Lisa Henry,2403,who,guess,2024-07-15T14:29:21.343553,2024-12-13T05:04:40.106058
64121,help,Anthony Juarez,Erica Goodwin,1638,need,specific,2023-12-29T15:35:03.162998,2024-12-30T17:02:25.499121
76101,really,James Hamilton,Suzanne Brock,2377,last,indeed,2023-10-29T03:40:56.679895,2024-11-23T18:08:57.703413
47383,early,Olivia Smith,Mary Dean,1274,none,move,2023-09-18T12:22:29.806043,2024-06-01T09:41:15.944098
90607,drug,James Perry,Larry Johnson,282,else,opportunity,2024-04-05T23:53:24.653657,2024-02-22T18:33:09.670902
2333,why,Rebecca Buckley,Tracy Welch,2575,friend,generation,2024-12-12T16:43:00.653006,2024-11-27T22:48:45.316617
9800,try,Alicia Williams,Michele Gregory,2356,me,eight,2023-06-05T04:43:16.690706,2024-04-17T02:05:10.807174
54859,million,Frank Powers,Melissa Stanley,1082,discover,including,2023-02-17T04:43:34.488556,2024-02-01T11:44:08.738094
14748,relate,Jasmine Lewis,Denise Williams,1543,week,citizen,2023-05-23T13:21:51.645800,2024-04-10T03:22:26.407393
68374,kind,Suzanne Zimmerman,Xavier Ware,1738,win,material,2023-04-08T19:10:53.470450,2024-09-28T19:57:11.171358
26077,mother,David Cox,Andrew Jenkins,809,song,model,2023-08-15T09:36:05.316070,2024-04-02T05:55:57.270359
74389,thank,Tonya Porter,Laura Bell,81,military,later,2024-07-30T10:29:57.304261,2024-12-20T05:26:50.775901
24983,news,Christopher Williams,Adam Tucker,674,rule,challenge,2024-03-04T12:59:42.580851,2024-11-22T14:59:30.017530
3663,every,Kimberly Velez,Jennifer Myers MD,1839,consider,outside,2023-04-03T04:04:45.490918,2024-10-11T04:06:57.667198
34091,space,Donald White,Anthony Day,759,foreign,in,2024-03-01T07:13:33.000291,2024-12-07T11:25:05.839052
94955,money,Justin Ingram,Peter Brown,997,home,improve,2023-03-28T22:28:08.522995,2024-03-06T20:35:46.137008
18321,that,Nicholas Scott Jr.,Elaine Hunt,3440,sing,down,2023-12-21T19:06:26.091370,2024-07-01T10:27:06.379020
56849,say,Matthew Young,Eric Wells,3498,fish,create,2023-03-04T15:47:42.010085,2024-05-04T13:40:36.202825
44446,step,Haley Fisher,Sarah Chaney,1162,mind,key,2024-10-30T13:28:00.866824,2024-03-02T18:57:52.059880
68591,serious,Luke Watts,Kathleen Cooper,2641,our,college,2024-09-08T08:53:06.241818,2024-10-31T22:49:19.920736
39483,force,Regina Pierce,Keith Pacheco,2953,meet,serious,2023-04-07T12:12:44.948326,2024-11-03T23:03:41.445205
51800,particularly,Kaitlyn Underwood,Tammy Velazquez,259,according,begin,2023-11-25T05:05:55.405578,2024-05-28T00:28:59.282911
14411,ready,Donald Farmer,Brad Flores,3554,indicate,create,2024-06-06T22:03:46.556164,2024-05-27T21:15:58.675676
94799,every,Jamie Marquez,Wesley Wolf,2707,leave,structure,2023-12-02T10:40:22.704741,2024-01-31T23:41:36.313994
4432,left,Nicholas Hines,Bethany Collins,1058,ball,clear,2023-04-17T10:31:03.122259,2024-09-08T01:48:35.851851
41431,throughout,Gavin Williams,Ashlee Gomez,437,away,policy,2023-09-09T12:41:18.959779,2024-12-08T17:55:01.456495
55042,Democrat,Emma Hays,Ryan Miller,360,risk,participant,2023-04-16T19:50:41.527910,2024-04-19T02:04:05.867756
73170,these,Mark Martinez,Mckenzie Stevens,1324,thing,purpose,2024-04-07T01:01:21.262933,2024-11-17T06:52:45.632083
76893,college,John Webb,Kayla Wolfe,3540,billion,speech,2024-04-24T10:43:32.734436,2024-07-29T00:18:53.753947
18774,shoulder,Anita Sanders,Monica Hampton,1839,forward,like,2024-08-21T12:46:54.216800,2024-03-25T00:41:38.044201
63073,music,Ashley Casey,Ryan Hardin,581,price,catch,2023-04-09T09:04:59.896394,2024-11-20T07:51:13.556254
14440,arm,Evan Rodriguez,Anthony Johnson,3113,air,movie,2024-03-10T09:08:05.110500,2024-08-21T04:34:52.280455
82508,deal,Sarah Johnson,John Mckee,242,amount,reduce,2023-04-27T19:46:08.062869,2024-06-11T13:58:18.773751
2390,more,Felicia Williams,Dean Hughes,1161,affect,serious,2024-04-14T10:06:30.711318,2024-11-22T14:49:12.441684
66659,his,Susan Sandoval,Taylor Turner,2537,organization,resource,2024-04-14T17:28:04.943231,2024-12-04T10:55:45.311174
66844,customer,Anna Green,Robert Morris,3113,air,cause,2024-03-23T07:31:51.017884,2024-07-31T15:55:23.536129
84163,phone,John Paul,Chad Morrison,3401,democratic,impact,2024-10-04T01:16:31.826469,2024-12-02T23:32:24.886240
57034,growth,Kimberly Hooper,Adriana Rose,2669,artist,usually,2024-03-31T09:53:35.729392,2025-01-10T07:54:06.841260
93115,discover,Kevin Ward,David Camacho,372,provide,sit,2023-03-01T18:00:31.138669,2025-01-14T05:12:40.609715
76518,claim,John Stewart,Joshua Parker,3507,account,girl,2024-05-23T14:37:56.905752,2024-08-11T08:38:58.152081
35589,chair,Justin Rodriguez,Valerie Hicks,2587,per,capital,2024-03-16T04:24:46.323951,2024-09-23T14:07:47.161357
95583,usually,Stacey George,Rita Gallagher,3532,citizen,six,2023-11-14T17:54:41.460903,2024-02-28T00:27:55.297419
97744,establish,Lisa Sanchez,Marissa Snow,2025,different,crime,2024-12-13T23:00:46.995780,2024-02-11T02:29:44.633006
62049,including,Luis Wood,Allison Powell,3275,important,respond,2024-11-23T14:00:49.823828,2024-10-12T20:20:28.809924
4984,end,Thomas Gibson,Alexis Williams,1822,financial,series,2023-06-19T14:38:53.569454,2024-03-26T22:42:27.840639
55239,seek,Joel Brown,Daniel Andrews,1493,challenge,court,2023-02-07T04:02:17.488046,2024-06-01T17:27:55.920983
65585,arm,Diana Howard,Elizabeth Olson,2100,partner,modern,2024-06-17T06:43:26.392491,2024-08-18T18:15:08.685052
28554,yeah,Joseph Gray,Paula Abbott,2190,six,effect,2024-07-09T01:06:43.390831,2024-09-27T05:02:40.266298
27268,provide,Robert Kim,Steven Harris,3381,research,not,2023-11-14T05:10:54.579604,2024-11-13T19:11:39.560258
77130,us,Mark Tucker,Tammy Smith,1546,particularly,including,2023-10-18T07:46:21.365482,2024-11-12T00:19:36.504052
81191,price,Angela Golden,Adrian Fischer,2339,partner,model,2023-06-03T06:50:02.909258,2024-08-05T01:46:11.721045
21986,cup,Pamela Vega,Jonathon Ramirez,2714,where,draw,2023-03-07T00:59:23.948286,2024-11-24T12:52:31.005254
6971,people,Mr. David Anderson,Paula Calderon,2578,draw,doctor,2024-01-25T22:30:17.448476,2024-06-28T13:17:55.437539
28314,tree,Ashley King,Brian Flores,2323,including,investment,2024-04-19T21:09:12.666289,2024-07-21T02:33:15.828476
20786,structure,Laura White,Stephanie Fernandez,3212,let,summer,2023-04-02T05:41:34.055627,2024-08-09T06:11:12.018815
78381,close,Scott Olson PhD,Brandon Wilson,3096,feeling,wear,2024-12-26T00:26:39.856073,2024-03-30T22:17:56.937718
55871,true,Mitchell Flowers,Troy Booker,1028,military,take,2024-09-03T15:02:30.369911,2024-07-30T09:32:34.509903
95361,should,David Johnson,James Smith,130,politics,Republican,2024-12-23T13:38:37.435629,2024-11-11T16:49:31.936792
29493,whom,Blake Kim,Linda Miller,718,account,growth,2024-08-06T17:09:03.772506,2024-04-28T19:54:45.690459
54551,camera,Christine Gutierrez,Emily Gordon,891,development,firm,2024-12-19T09:35:22.018223,2024-08-27T04:58:17.321382
9406,under,Brianna Davis,Regina Steele,2996,western,worker,2023-11-19T01:19:04.507804,2024-10-07T14:14:45.262426
45934,either,Margaret Pena,Diane Wheeler,1378,instead,market,2024-03-09T09:55:32.536435,2024-05-29T09:34:44.601688
42752,option,Eric Gordon,Alexis Haynes MD,250,investment,better,2024-11-03T16:39:10.544986,2024-02-21T17:01:04.610913
87533,song,Adam Fitzpatrick,Jessica Cruz,1859,yard,join,2023-11-27T23:27:17.209997,2024-12-03T14:15:48.830690
16026,garden,Gina Rose,Marie Nolan PhD,3250,minute,daughter,2024-08-01T05:13:31.649708,2024-05-14T00:30:51.263906
16624,campaign,Shawna Hart,Alicia Jordan,1693,mouth,just,2023-06-11T23:13:28.371181,2024-08-12T15:26:34.162364
70343,condition,Mary Moss,Hannah Cobb,1305,seek,building,2024-11-29T11:26:44.213272,2024-05-12T14:24:46.077420
6515,information,Mark Gates,Michael Wells,25,almost,kitchen,2024-07-31T02:55:11.896224,2024-12-13T14:27:48.823351
3909,return,Kimberly Schwartz,Lynn Rogers,2262,fine,these,2023-05-23T11:34:34.073638,2024-10-08T05:43:05.558454
85928,country,Courtney Ramirez,Blake Adams,133,feel,appear,2023-03-15T12:12:37.200493,2024-10-27T12:07:07.143806
38998,very,Kevin Rodriguez,Patricia Hamilton,1102,son,return,2023-02-23T15:15:24.147376,2024-02-22T21:05:04.919208
95477,project,Ariel Fleming,Ashley Horn DVM,2623,Mrs,fly,2024-11-10T05:20:22.016892,2024-06-17T17:18:21.544552
46092,different,Joseph Juarez,Kathryn Francis,1413,seem,professional,2023-11-23T06:34:45.880255,2024-09-22T13:43:57.436980
63919,offer,Gerald Taylor,Lee Porter,191,eight,us,2024-11-09T12:03:02.583231,2024-10-28T21:56:34.281113
84129,hard,Daniel Todd,Brian Robinson,3306,especially,knowledge,2024-08-11T15:49:07.495520,2024-05-20T07:35:39.865390
51729,Congress,Kathleen Daniels,Wendy Clarke,201,cover,box,2023-11-27T02:44:35.803572,2024-11-02T09:08:42.630523
9414,indicate,Luis Rice,Kelsey Thomas,1681,game,guess,2024-11-20T03:21:38.264390,2024-03-21T22:31:16.140486
38275,movie,Ashley Farley,Wendy Burgess,2984,direction,stop,2023-04-03T07:33:24.003599,2024-09-22T06:27:25.640170
63987,up,Marc Anderson,Kenneth Maxwell,1518,north,scientist,2024-04-24T04:31:21.296597,2024-02-02T01:09:37.951244
27000,run,Thomas Johnson,Amanda Carter,577,military,rate,2024-06-22T06:15:21.413999,2024-12-25T01:47:40.450616
98231,item,Rhonda Nelson,Sherri Joyce,2288,Republican,tonight,2024-12-02T19:28:20.493839,2024-12-01T14:42:50.919136
48003,nation,Kyle Herrera,Dennis Williams,1737,create,suggest,2023-06-25T00:32:47.577117,2024-07-24T16:22:13.592423
68179,education,Mario Adams,Wayne Gomez,3100,several,worry,2023-11-13T06:17:28.929471,2024-07-06T21:50:47.736474
12955,again,Mathew Anderson,Kevin Rodgers,524,hot,pressure,2023-09-15T21:38:23.995814,2024-04-24T23:01:10.817456
89655,director,Corey Henderson,Jeffrey Hubbard,1122,seven,building,2023-12-26T05:26:32.232483,2024-06-11T04:09:24.486299
93179,effect,Shane Gutierrez,Susan Valenzuela,1838,cultural,I,2023-10-07T03:14:36.862423,2024-07-05T23:14:03.660371
29353,magazine,James Henderson,William Christensen,24,expert,drop,2024-06-28T19:38:11.358223,2024-02-10T08:06:37.715484
57863,house,Richard Davis,Elizabeth Stevens PhD,2495,many,last,2024-01-31T10:50:26.543951,2024-02-19T09:57:12.620257
24723,leg,Dalton Guerrero,Robert Michael,439,huge,good,2023-11-14T12:55:32.191565,2024-09-01T22:14:20.851998
40287,technology,Rachel Mcclure,Laura Hawkins,1091,sometimes,executive,2024-02-16T06:01:46.866107,2024-03-16T05:44:05.489321
35032,call,Nicholas Hall,Derrick Martin,721,conference,agreement,2023-07-23T12:50:24.625082,2024-03-29T11:44:45.151026
80314,common,Michelle Mosley,Mr. Austin Brown DVM,2190,federal,of,2023-03-09T03:16:12.118855,2024-07-24T12:38:56.992485
69196,color,Rodney Long,Lori Mcdonald,370,current,Congress,2023-01-26T03:31:48.531844,2024-12-25T14:53:34.696126
36673,concern,Natalie Martin,Edwin Lutz,3332,activity,blue,2023-10-09T10:08:33.071064,2024-07-07T13:55:37.966963
3962,family,Michael Phillips,Angel Anderson,11,suffer,hope,2024-12-28T22:02:30.221570,2024-05-14T13:41:10.979239
34668,stay,Joseph Neal,Kimberly Weber,1630,agree,commercial,2023-04-04T10:22:15.512836,2024-10-16T23:32:19.002431
49801,design,Beverly Sims,Brenda Porter,2121,billion,under,2024-06-05T18:03:03.364598,2024-11-23T04:49:58.021730
61912,when,April Bennett,David Martinez,1657,magazine,environment,2024-04-07T03:43:14.535618,2024-12-24T20:22:09.292617
63103,American,Alan Hughes,Anthony Phillips,1050,tax,stand,2023-12-31T21:46:05.983529,2024-04-03T12:00:17.178623
69008,population,Gary Wilson,Kimberly Phillips,3503,thing,PM,2024-02-05T21:12:24.270155,2024-12-20T12:03:21.270562
75992,answer,Sarah Thompson,Adam Baker,2778,war,mind,2024-11-29T06:00:26.122159,2024-11-22T13:34:42.614376
59715,ok,Clayton Scott,Jacob Sawyer,1274,son,send,2024-09-09T14:27:06.192986,2024-09-29T10:29:30.192088
62948,question,Haley Williams,Brittany Morales,1074,arrive,collection,2025-01-20T07:42:38.261989,2024-10-07T18:19:28.077869
46776,sing,Nancy Kerr,Denise Peterson,3513,our,civil,2023-02-08T00:57:14.850519,2024-10-21T13:59:57.217858
22975,actually,Joshua Rogers,Olivia Payne,1029,because,late,2024-08-29T23:12:39.866227,2024-11-15T01:50:34.709954
54148,recently,Timothy Bradley,Carl Roberts,825,left,party,2023-04-07T05:17:07.316677,2024-04-18T23:40:58.233840
66226,your,Shannon Hansen,Maria Yang,3038,maintain,world,2023-05-06T03:24:28.279369,2024-02-21T13:54:38.302877
25848,choose,Dr. Robert Brown,Maria Davidson,3561,administration,star,2024-09-04T02:11:18.567877,2024-03-06T11:25:44.830172
43269,painting,Jason Smith,Maria Bright,3066,science,she,2024-08-14T09:45:29.572238,2024-07-03T11:47:26.235767
89088,protect,Debra Herrera,Alison Marshall,212,age,around,2024-06-30T09:13:42.441364,2024-07-19T19:10:55.256926
47016,interest,Angel Brown,Angela Moyer,2844,traditional,land,2023-02-10T18:25:55.591516,2024-02-27T11:47:46.842859
865,thing,Valerie Stokes,Steven Wang,700,there,across,2023-04-30T05:20:09.511571,2024-08-13T21:20:45.344655
8625,view,Robert Charles,Christian Warner,2721,reveal,avoid,2024-11-08T01:47:45.388849,2024-06-04T06:13:27.208656
49221,away,Brian Pollard,Holly Chang,2273,sit,research,2023-03-30T09:53:02.706645,2024-09-23T13:29:39.704312
25310,tonight,Patricia Harris,Steven Mooney,1014,wish,enough,2023-11-30T16:19:06.011875,2024-08-20T12:28:10.122197
2919,language,Richard Dawson,Morgan Sanders,466,budget,bank,2023-10-18T11:49:46.677476,2024-09-06T22:13:25.444249
89821,middle,Regina Nguyen,Marcus Reese,426,fight,become,2024-07-05T18:59:17.493861,2024-08-12T11:56:02.612671
12300,suffer,Renee Clark,Gregory Giles,1503,exactly,similar,2025-01-08T07:59:40.931598,2024-04-14T11:53:34.812173
37335,who,Erin Berry,Lindsay Wiggins,2200,good,need,2024-12-30T23:20:03.025371,2024-06-28T14:33:55.338312
93509,clear,Melissa Carter,Timothy Robinson,2660,fly,executive,2024-12-07T00:40:46.788836,2024-12-26T18:28:37.799873
24177,law,Allen Tran,Gina Brady,2692,forward,various,2024-08-19T16:33:49.903354,2024-05-03T00:09:46.789751
91234,material,Melissa Phillips,Tracy Jones,2003,manage,choose,2023-07-27T21:14:28.795315,2024-06-29T04:12:40.743747
20862,lose,Christine King,Kristin Barker,592,coach,task,2023-08-02T00:47:58.293443,2024-03-15T07:30:07.467916
60135,next,Richard Owens,Kristina Robertson,587,civil,turn,2024-12-12T17:23:09.692825,2024-07-10T23:03:54.793677
88754,ball,Nicole Cross,Emily Long,90,agent,space,2023-04-17T02:51:04.879261,2024-03-25T17:47:24.068004
59810,account,Jeremiah Rice,Anthony Vasquez,3462,grow,daughter,2024-01-22T21:54:52.677376,2025-01-06T16:22:55.944532
8686,tough,Timothy Beard MD,Adam Campos,712,build,important,2023-10-01T01:06:56.433048,2025-01-02T13:22:22.078520
19980,evening,Lisa Williams,David Khan,60,short,defense,2023-08-04T16:36:06.947348,2024-08-09T06:39:08.474625
18755,career,James Duncan,Jenna Dalton,1817,director,spend,2023-06-27T22:04:03.175097,2024-04-10T19:43:33.078016
19164,never,Jeffrey Cooper,Susan Miller,3285,left,north,2024-03-05T12:32:20.945155,2024-05-17T17:32:22.427602
58107,whole,Nancy Ayala,Christina Kennedy,418,more,buy,2023-05-10T05:58:56.354090,2024-12-25T08:59:16.005779
30609,include,Mark Huynh,Rachel Haynes,1809,far,ball,2024-06-19T22:25:17.423931,2024-10-05T20:59:11.704233
30937,soon,Todd Atkins,Bill Martin,1255,campaign,space,2024-03-23T09:58:08.559355,2024-04-29T00:17:45.817519
73478,who,Nathaniel Hartman,Samantha Estes,3176,economic,might,2023-08-21T05:51:32.366158,2024-06-24T23:56:32.199363
55283,use,Ronnie Wilkerson,Brandy Olson,1940,agency,event,2024-11-20T18:24:35.293839,2024-07-12T22:24:15.991310
85131,voice,George Smith,Terri Bell,384,change,fine,2024-05-12T15:36:05.601613,2024-11-15T23:18:29.854403
69170,top,Christine Hoffman,Shannon Wolfe,2760,anything,surface,2023-03-01T19:40:56.812664,2024-05-23T21:32:10.030021
40502,century,Michael Briggs,Sabrina Barrett,3395,realize,top,2023-11-03T04:58:37.510028,2024-09-16T22:07:42.505788
6655,under,Alicia Baker,Christina Parrish PhD,2673,return,painting,2024-10-27T20:30:43.980541,2024-05-06T06:26:17.033888
56869,behavior,Joshua Scott,Steven Kim,1109,town,need,2024-08-11T21:16:08.436690,2024-12-21T15:11:26.242979
57132,place,Christopher Morales,Jennifer Olsen,1970,lead,kid,2024-12-25T02:49:12.442177,2024-07-28T22:18:56.666553
46914,hear,Jeremy Green,Carolyn Cooper,1846,yet,weight,2024-11-01T06:54:45.741744,2024-04-10T03:09:53.620181
99920,tough,Taylor Lewis,Melissa Solis,3382,off,tough,2023-07-21T07:59:46.229388,2024-07-24T01:00:39.065194
37498,member,Kenneth Mathis,Deborah Robinson,923,behavior,spring,2023-10-19T00:20:38.777518,2024-07-15T13:19:49.617157
77335,should,Arthur Wall,Christina Spencer,3384,through,political,2024-02-25T21:36:27.454811,2024-09-19T23:06:28.094101
44611,language,Tyler Ruiz DVM,Margaret Morgan,1678,better,third,2024-08-05T15:06:47.764343,2024-06-14T09:26:27.633097
64854,soon,Kevin Bush,Jamie Chapman,765,response,mother,2024-12-27T14:57:21.673792,2024-06-18T07:18:52.788926
40562,ball,Tiffany Smith,Michelle Simon,1712,boy,war,2023-01-30T01:26:24.251778,2024-07-26T13:48:14.350220
17605,research,Stephanie Clay,Karen Mahoney,2490,catch,physical,2023-05-10T14:10:14.045320,2024-10-13T12:31:07.088003
95856,when,Robert Shepherd,Dylan Owens,2942,tax,issue,2025-01-20T00:32:38.699593,2024-08-30T13:55:02.523269
15580,improve,Jacob Skinner,Jeanne Smith,2886,very,policy,2024-10-21T22:49:14.651740,2024-12-16T03:58:16.525080
52890,sort,Tyler Bartlett,Ryan Roach,37,sing,outside,2024-10-27T14:03:48.703870,2024-08-14T09:00:26.901039
74546,great,Jessica Brown,Christopher Simmons,2480,carry,doctor,2025-01-12T03:44:16.694940,2024-02-25T14:00:26.535245
66415,good,Brandi Lee,Rebecca Jackson,2234,offer,three,2023-03-04T23:37:36.836984,2024-11-06T07:18:20.080386
39102,thousand,William Garcia,Stuart Clark,1432,record,happy,2025-01-06T11:38:24.880895,2024-11-03T03:11:03.215600
86725,home,Mason Hill,Jennifer Williams,996,seek,idea,2024-04-29T10:52:37.060094,2024-09-28T19:49:06.553572
52002,research,Nicole Reid,Michael Russell,1505,truth,everybody,2024-02-27T06:56:30.607188,2024-07-29T19:51:20.625832
3710,notice,Tanner Jones,Patricia Silva,1306,cell,build,2024-01-15T00:28:36.963123,2024-08-14T21:11:10.014723
91186,left,Nancy Mason,Amber Holland,872,big,indeed,2024-10-10T16:29:58.573951,2024-04-05T14:26:56.470505
41525,benefit,Michael Becker,Kelly Lam,450,Congress,land,2024-04-22T13:01:02.862000,2024-02-26T00:20:07.833963
15778,job,Jack Bray MD,Sean Rodriguez,1463,out,plan,2023-03-04T23:29:17.099019,2024-09-21T23:00:56.299957
77595,cut,Jesus Wolfe,Tracy Farrell,2047,decide,stage,2023-03-24T11:49:47.515837,2024-10-31T01:03:53.225987
40105,once,Brittany Clark,Jack Vincent,2519,term,again,2024-11-19T08:55:43.935738,2024-10-11T22:31:08.815892
63854,any,Raymond Jones,Matthew Tyler,1028,huge,arrive,2023-12-19T08:58:11.122083,2024-09-27T21:11:15.332281
96635,month,Ethan Ryan,William Smith,136,break,crime,2023-12-23T12:48:58.811282,2024-09-23T17:05:48.891279
95661,push,Kenneth Barry,Gail Castro,1833,much,break,2024-08-25T05:44:01.155226,2024-04-27T11:55:06.907681
50101,dream,Ann Winters,Sabrina Conley,542,kind,ever,2024-06-22T13:05:45.071152,2024-06-08T18:24:08.616242
49209,sell,Daniel Hughes,Timothy Johnson,1285,actually,raise,2024-07-21T16:08:06.188984,2024-08-04T09:16:19.544802
90211,art,Beverly Walsh,Theresa Hancock,3384,off,take,2024-10-14T23:04:55.551771,2024-04-30T04:09:29.750108
67072,student,Bridget Johnson,Jeffrey Simmons,235,chair,speech,2023-12-25T17:51:17.298681,2024-05-04T22:32:35.113621
65061,job,Stacy White,Jamie Rubio,3408,wonder,look,2023-10-05T16:21:11.235759,2024-12-27T01:43:42.670684
69412,set,Rodney Richardson,Denise Hill,3453,throw,maintain,2024-11-21T09:59:56.606980,2024-05-22T18:19:18.174588
25725,and,Paul Diaz,William Salazar,2222,though,teach,2024-05-20T17:56:47.232102,2024-04-05T09:44:40.660638
97305,general,Jessica Black,Leah Scott,2468,should,that,2024-09-30T10:30:56.856710,2024-07-29T09:14:01.009675
8835,although,Charles Evans,Danielle Curry,1450,treatment,anything,2024-03-24T07:11:13.910306,2024-08-15T08:03:06.759410
44477,worry,Jesse Campos,Nicole Duncan,2162,eat,professor,2023-03-04T16:32:28.867659,2024-06-01T00:21:43.554632
91893,space,Joshua Chung,Jennifer Pearson,1104,institution,author,2024-01-21T05:46:22.289669,2025-01-03T05:07:05.717958
88095,employee,Ashley Johnson,Brianna Howard,2292,continue,surface,2023-02-12T21:43:19.649289,2024-05-07T22:49:11.476023
44730,play,Sue Mccall,Katherine Schultz,423,organization,deal,2023-04-23T00:32:03.785750,2024-02-08T18:58:19.045409
6200,account,Jason Mcbride,Darius Trevino,3505,nor,check,2023-08-02T19:55:25.901337,2024-11-01T01:34:03.834970
75669,wonder,Kevin Hudson,Aaron Davis,1370,himself,thought,2023-05-15T22:07:42.058621,2024-04-05T07:05:17.602748
17466,cause,Andrew Stewart,Eric Nolan,2698,outside,wear,2024-04-27T12:50:11.596307,2024-05-30T18:40:00.337895
60661,today,Tamara Cole,Joseph Wood,3305,single,management,2024-04-05T03:09:30.432750,2024-10-11T23:46:09.378878
90795,sport,Steven Smith,Francisco Gallagher,269,so,study,2023-10-08T03:49:51.939085,2024-12-15T10:33:50.619171
32355,pattern,Jesus Hill,Lynn Green,1421,common,debate,2023-06-12T21:38:01.686785,2024-09-21T17:11:39.523061
19582,billion,Philip Peters,Robert Collins,1183,expect,include,2024-11-16T01:48:49.769747,2024-10-25T23:08:06.518223
11937,wrong,Michelle Foster,Mrs. Jody Mills,2103,also,really,2023-06-09T01:19:51.966411,2024-09-17T09:28:22.656551
52358,tax,Lee Hill,Cristina Gutierrez,2463,service,better,2023-03-15T14:21:25.725039,2024-02-03T15:51:40.995721
65989,figure,Ellen Davis,Elizabeth Bennett,1636,husband,meet,2023-06-11T13:53:59.925284,2024-01-25T21:57:16.760068
42960,then,Ralph Coleman,Ann Wilson,1833,task,whatever,2024-03-08T22:21:12.098724,2024-02-22T01:47:41.061909
37439,prevent,Joshua Richardson,Rachel Peterson,3506,home,fill,2023-12-19T18:40:29.577186,2025-01-17T12:21:01.806833
98697,level,Todd Jacobson,Angela Dodson,923,about,teacher,2024-01-31T20:15:46.109206,2024-11-07T04:08:30.791523
7351,trade,Julie Stewart,Jennifer Trujillo,370,later,college,2024-07-31T18:33:33.172874,2024-12-28T04:01:12.997832
94710,of,Brian Russell,Stefanie Sharp,2109,party,attention,2024-09-01T22:41:00.522085,2024-02-01T13:41:12.970780
68808,occur,Amanda Marsh,Zachary Holmes,504,better,fall,2023-05-15T11:03:26.595438,2024-07-07T22:05:59.232509
6666,management,Crystal Massey,Stacey Harrison,608,dog,while,2024-10-26T00:48:13.441923,2024-03-28T10:29:56.649267
39454,part,James Peterson,Amber Bautista,1574,catch,property,2024-05-28T14:22:51.492981,2024-08-17T00:31:24.343424
87930,yeah,Alexander Davies,Brian Calhoun,2382,admit,according,2023-02-21T07:03:23.145922,2024-03-26T11:41:17.488734
60200,produce,Nathan Freeman,Alejandra Harrison,2242,more,value,2024-05-26T14:38:57.511436,2024-09-27T03:57:41.649652
72111,whether,Michael Harmon,Linda Hernandez,687,deep,point,2023-02-14T06:21:07.366779,2024-11-10T20:28:32.699210
11505,important,Ricky Clark,Jennifer Gordon,2866,structure,kind,2023-10-21T04:16:38.946722,2025-01-09T10:50:27.407005
26737,space,Alexandra Delgado,Jeremiah Wilson,162,final,performance,2024-02-12T16:48:26.174265,2024-06-08T01:33:05.371642
78549,near,Robert Campbell,Noah Gutierrez,3192,history,information,2023-10-01T21:36:07.165701,2024-12-23T03:28:05.994036
51624,wear,Tiffany Lam,Joseph Ayala,3559,treat,win,2024-12-12T13:24:29.923712,2024-08-01T11:54:58.392143
1365,question,Christina Sanders,James Ramirez,82,billion,point,2023-03-09T04:12:36.821984,2024-05-03T00:52:10.729827
66136,into,Donald Juarez,Sandra Haynes,2609,few,writer,2024-05-08T23:00:07.130850,2024-02-16T08:39:51.749583
23827,end,Lauren Ingram,Elizabeth Newton,990,mention,senior,2024-10-07T05:47:32.547085,2025-01-14T07:36:25.889821
97779,animal,Alisha Bridges,Christopher Brown,2898,keep,administration,2024-11-29T16:38:24.996355,2024-11-06T08:17:42.217289
54254,win,Tracy Garcia,Scott Parker,2606,camera,case,2023-03-12T09:29:28.130180,2024-03-20T18:52:40.285792
89818,not,Aaron Schmidt,Pamela Robinson,438,reduce,pull,2024-02-14T19:51:10.427067,2024-09-22T03:53:32.124376
40170,job,James Castaneda,Anne Simmons,1914,serious,light,2024-08-18T10:39:21.465717,2024-11-28T10:20:44.859678
27215,how,James Guerrero,Brandon Rhodes,1301,bank,understand,2024-07-23T22:43:08.141686,2024-08-22T10:05:42.678833
76113,spring,Mr. Jeffrey Lopez DDS,Donna Zuniga,2909,own,result,2024-08-22T02:32:38.813673,2024-05-24T00:19:08.682163
38616,business,Mr. William Hamilton,Julie Oneill,130,common,perform,2024-02-16T05:46:21.509624,2024-03-14T17:00:17.569427
25854,top,Mary Oneal,Jennifer Meyer,581,skin,beat,2024-05-03T14:08:53.675302,2025-01-01T08:17:19.041056
30927,total,Jamie Wright,Tiffany Harrison,626,us,scene,2024-06-03T12:03:12.471513,2024-02-16T13:41:09.764281
78453,gun,Elizabeth Roth,Joshua Stevenson,3495,trouble,imagine,2024-10-21T21:37:46.345390,2025-01-19T03:55:52.831130
61929,sing,Lisa Wright,Jason Jackson,2638,writer,product,2024-02-26T07:01:30.095608,2024-09-19T17:57:29.245187
33976,past,Belinda Bell,Sydney Flores,846,suddenly,general,2025-01-12T06:21:26.072357,2024-08-11T09:50:56.696097
23753,authority,Dr. Joseph Shaw,Katherine Ward,1104,responsibility,before,2023-09-01T14:51:47.882035,2024-02-08T01:20:21.617659
88695,outside,Nancy Deleon,Rachel Hernandez,3166,free,do,2024-04-17T03:45:47.251260,2024-06-29T23:28:17.568475
51699,wrong,Stephanie Acevedo,Tiffany Liu,1825,some,drive,2024-01-30T01:22:27.844828,2024-09-13T07:32:54.724990
55288,indicate,Laura Hall,Kelly Hill,420,begin,leave,2024-10-30T04:47:37.593504,2025-01-24T07:27:13.092787
19724,staff,Patricia Silva,Aaron Edwards,2783,effect,he,2023-11-10T06:45:10.984055,2024-03-25T18:33:10.032269
57656,seven,Matthew Rogers,Kevin Smith,2830,board,great,2023-11-18T10:23:03.224787,2024-09-08T14:40:55.373744
67407,move,Megan Clark,Misty Garcia,63,choose,method,2024-05-21T20:11:17.602468,2024-08-27T08:54:34.636112
40343,until,Patricia Bradley,Christopher Lopez,1134,position,production,2024-04-06T03:02:10.135951,2024-10-12T15:22:58.007071
70220,culture,Janice Perez,Clayton Miller,2736,kind,customer,2024-03-23T03:28:20.682883,2024-12-22T06:52:32.416055
36686,home,Amber Chase,Vicki Jimenez,673,side,although,2024-12-15T08:56:38.403289,2024-02-12T23:35:19.454401
30878,without,Tyler Cook,Vicki Wang,1688,do,describe,2024-06-08T08:07:10.234952,2024-03-11T00:14:53.132547
9816,project,Joshua Estrada,Kim Mccullough,343,hospital,structure,2023-10-16T21:28:30.103649,2024-12-30T04:01:02.153691
8343,whether,Molly Jordan,Kevin Baker,3298,heart,upon,2023-07-10T23:38:36.765932,2024-12-21T14:10:20.510785
55838,change,Mario Hill,Mr. Timothy Jackson Jr.,1591,or,leave,2024-02-02T11:31:55.099780,2025-01-16T18:23:05.279713
47628,yard,Kelly Mejia,Tristan Erickson,452,carry,seat,2024-10-14T00:09:03.083536,2024-06-05T20:10:24.069753
18398,agreement,Andrew Bryant,Brandi Harris,1813,get,pretty,2024-06-06T20:45:53.314967,2024-07-03T08:27:06.838515
26960,leg,Mary Campbell,Ashley Douglas DVM,624,main,claim,2023-05-21T15:36:23.831923,2024-01-31T14:47:19.551877
3323,lot,William Dalton,Jessica Bass,2931,enjoy,central,2024-12-15T22:06:59.840012,2024-06-26T12:17:48.647847
46880,increase,Daniel Harris,Justin Ford,991,heart,former,2023-02-17T08:02:23.978162,2024-07-28T18:29:16.211992
2722,lawyer,Juan Fisher,Lauren Ross,2940,push,their,2023-09-11T22:51:14.418130,2025-01-10T23:24:07.926237
99228,factor,Oscar Roy,Hannah Adams,796,off,during,2023-04-06T21:21:16.268307,2024-06-13T01:49:48.911320
20768,life,Kelly Valdez,Julie Jones,2368,stand,current,2024-09-08T16:03:03.435555,2024-05-24T19:20:19.253302
36280,size,Steven Mckay,Logan Lane,1627,affect,decade,2024-05-02T16:59:20.193413,2024-08-03T08:21:16.949985
41733,military,Jennifer Dennis,Jason Bell,3333,start,perform,2024-03-10T00:44:53.600679,2024-04-08T14:51:27.870297
66025,how,Janet Flowers,Kara Jones,2065,bit,indeed,2024-12-04T01:57:49.296196,2024-06-25T02:45:06.335821
68082,science,Dan Fuller,Eric Sanchez,135,government,maybe,2023-09-19T10:40:05.735298,2024-06-21T17:37:18.961164
30331,final,Steven Harmon,Matthew Cervantes,1860,why,even,2024-05-25T01:41:28.142639,2024-05-27T08:37:42.821320
40538,color,Bobby Wilson,Nicholas Valdez,16,develop,drug,2024-05-30T12:28:10.536010,2024-09-10T03:41:16.597442
33512,speech,Robert Yu,Nicole Cervantes,1793,wrong,against,2023-06-17T12:01:06.723816,2024-08-21T18:48:16.145569
6031,eight,Cathy Sexton,Donald Lopez,1554,attention,grow,2024-12-05T05:49:36.157097,2024-11-13T13:34:01.207168
20048,carry,Arthur Ferrell,Cody Duncan,3580,until,from,2023-05-29T15:31:26.795992,2024-02-05T01:42:23.499158
44454,natural,Brenda Allen,Ashley Garcia,3357,expect,hundred,2023-11-14T10:49:16.754993,2024-04-23T00:41:48.423312
22518,machine,Victoria Young,Stephanie Williams,3391,fish,student,2023-03-05T00:48:34.503830,2024-11-28T17:48:57.216678
12943,from,Carlos Elliott,Robin Barajas,2626,identify,rule,2024-10-26T01:20:54.203445,2024-11-19T12:38:38.161102
40272,product,Paul Williams,David Hood,537,recent,must,2023-09-16T12:23:45.396471,2024-10-01T06:09:23.196947
98190,ready,Donna Sellers,Marcus Jones,1112,recent,operation,2024-11-17T05:15:28.713438,2024-07-16T22:49:55.070541
95494,this,Alexander Hunt,Sandra Diaz,2500,decision,their,2023-06-07T08:56:59.192579,2024-03-30T20:39:05.558791
3811,up,Michelle Harris,Kim Patel,2402,success,mother,2023-02-17T07:14:11.136828,2024-06-04T02:05:30.802217
45203,agree,Ryan Mcmillan,Jason Berg,294,meet,wall,2024-07-08T06:09:05.910486,2024-04-07T17:13:08.928705
48040,group,Mark Delacruz,Cathy Hernandez,2782,wear,response,2024-05-06T10:23:38.906087,2024-09-26T10:13:31.365985
9876,same,David Richardson,Tammy Taylor,462,thought,difference,2023-05-05T19:32:00.114612,2024-07-12T15:30:55.681548
19013,single,Noah Lee,Sherri Barber,3580,boy,tax,2023-03-16T21:40:24.971684,2025-01-07T16:54:25.364177
28830,it,Mr. Chad Warren Jr.,Justin Watkins,3258,provide,foreign,2023-04-02T02:23:26.189291,2024-07-04T22:53:14.663485
66031,feel,Seth Dillon,Vickie James,850,growth,true,2024-12-12T00:45:07.925082,2024-11-13T22:56:20.222349
72417,operation,Anthony Patel,Roger Lee,701,current,quality,2024-11-01T12:05:51.039610,2024-09-20T12:14:43.503709
86194,cause,George Mcclure,Bryan Jones,2019,room,it,2023-04-22T06:21:24.830385,2024-03-21T11:53:21.157347
67107,life,Jack Moore,Melissa Velasquez,1274,magazine,important,2023-05-11T16:09:16.106196,2024-07-21T09:55:40.559966
