track_id,name,artist,songwriters,duration,genres,album,created_at,updated_at
17828,work,Amanda Mcdonald,William Brown,1196,business,official,2023-02-13T04:13:59.882713,2024-08-18T09:51:15.978010
69523,and,Tina Wong,Michael Casey,793,agency,blood,2023-04-27T01:22:47.563277,2024-03-09T22:18:54.310783
72283,since,Justin Kennedy,Jasmine Blackburn,2676,rather,follow,2024-12-03T20:52:28.664337,2024-02-21T03:52:21.547911
64974,require,Jennifer Duncan,Paula Smith,2853,until,value,2023-08-11T21:49:26.218912,2024-06-22T23:54:41.892169
49613,what,Oscar Lewis,Faith Hoffman,2140,magazine,thought,2023-10-08T13:37:26.234140,2024-04-09T06:46:14.951178
4999,black,Mr. Joseph Gray,Brooke Andrade DDS,3065,war,of,2023-04-23T15:53:35.154488,2024-07-07T11:44:09.084195
75179,everything,Antonio Richards,Jacob Cruz,2850,home,later,2023-04-15T07:38:22.887837,2024-08-19T13:06:27.803899
96205,she,Lynn James,Mary Martin,1818,something,road,2023-03-13T12:48:27.078928,2024-03-25T02:22:06.069904
22776,hour,Gavin White,Angel Ford,2491,together,much,2023-04-10T18:17:32.096027,2024-07-24T21:24:56.726703
74724,many,Tammy Moore,Michael Edwards,2236,there,performance,2024-03-01T22:23:50.600721,2024-12-08T01:40:20.859122
16107,media,Joshua Washington,Isabella Martinez,1617,later,foot,2024-06-02T10:54:27.692065,2024-07-22T09:07:32.803907
37386,be,Gina Fletcher,Jamie Johnson,693,investment,magazine,2024-08-26T23:40:39.890824,2024-05-05T17:41:28.958720
7189,fall,Julie Wright,Logan Alexander,1613,teach,mention,2025-01-17T07:28:06.184862,2024-08-03T17:23:56.182424
87154,national,Melissa Santos,Lisa Lloyd,3038,beat,talk,2024-08-11T06:57:45.042902,2024-07-02T08:00:01.462462
31117,foot,Jason Ramos,James Walker,2646,should,since,2024-06-27T03:47:46.335511,2024-04-17T21:37:00.939647
24650,indeed,Patrick Kelly,Eric Bryant,1723,theory,space,2024-03-31T05:55:03.026018,2024-08-25T15:26:50.234658
94118,experience,David Branch,Katherine Stephenson,2746,movement,write,2024-11-29T09:07:02.445819,2024-06-25T21:25:03.319258
29962,expect,Jessica Miles,Karl Norman,2134,quality,account,2024-05-09T13:24:35.571507,2024-03-05T19:16:25.480184
24961,skin,Kathryn Jones,John Crawford,958,trial,group,2023-04-28T01:51:38.901687,2024-02-14T19:57:34.847416
40479,market,Sandy Warren,Brandi Melendez,2209,along,memory,2025-01-18T21:33:32.473490,2025-01-16T23:17:26.620257
521,when,Marc Harvey,Julie Cook,1916,design,statement,2023-11-25T19:00:00.013493,2024-09-12T12:36:00.392505
46377,be,Melody Hall,Amy Davis DVM,897,somebody,Congress,2023-04-26T21:24:54.235024,2024-07-12T06:00:42.627805
9535,focus,Teresa Jackson,David Carlson,3586,yet,need,2024-05-01T00:33:47.023956,2024-02-11T15:12:50.714854
24927,we,Joseph Johnson,Thomas Harding,2526,old,indicate,2023-07-14T14:30:00.657426,2024-12-02T08:55:03.815134
24521,picture,Richard Gonzalez,Michael Griffin,2328,approach,at,2023-09-15T16:22:28.015898,2024-06-28T00:09:54.646697
17825,set,Brian Holt,Tammy Terry,1744,develop,role,2024-03-04T08:02:59.607017,2024-02-25T11:25:45.035678
69844,and,Mark Campbell,David Butler,3386,well,despite,2024-10-05T00:22:22.540545,2024-04-18T23:41:46.549666
66171,training,Cheyenne Schultz,Laura Walsh,2961,role,loss,2023-03-24T05:06:35.383472,2024-05-05T13:32:48.642871
56310,pull,Steven Lozano,James Robinson,911,number,season,2023-08-29T03:19:30.629502,2024-03-17T13:01:30.022837
94475,sense,James Peterson,Nathaniel Lopez MD,1717,those,benefit,2023-11-24T04:20:42.327637,2024-12-03T21:34:06.616137
21772,read,Rebecca Roach,Betty Glenn,1130,public,Mrs,2023-06-06T11:19:20.418579,2024-12-17T14:02:57.928632
6226,Congress,Carolyn Smith,Kimberly Jenkins,2088,right,modern,2024-03-19T00:48:30.215946,2024-09-05T13:12:13.732487
23898,hold,David Goodwin,Mrs. Judy Richards,3282,chance,worry,2023-12-16T16:08:39.802121,2024-10-01T17:40:17.587778
50189,onto,Eric Brooks,Thomas Martinez,884,subject,dinner,2023-02-20T03:08:16.283500,2024-05-24T00:12:49.014830
10444,act,Jennifer Turner,Robert Smith,351,a,human,2023-05-26T22:58:56.387963,2024-10-11T14:21:45.356671
60951,nothing,Laura Burke,Michael Snyder,2334,list,pull,2023-03-22T01:04:05.723336,2024-05-27T00:32:35.803492
75437,field,Morgan Robertson,Cindy Hoover,1600,answer,perhaps,2023-09-16T05:32:56.130143,2024-02-08T20:07:10.192263
6074,probably,Steven Thomas,Wesley Lewis,1773,work,hair,2023-02-26T11:39:08.938450,2024-03-13T01:27:59.008050
60342,under,Debbie Roberts,Jennifer Whitaker,342,camera,miss,2024-03-13T12:19:12.640619,2024-11-01T07:09:19.957877
63489,prove,Barbara Bauer,Michael Martin,1735,recent,wish,2025-01-02T12:30:10.574117,2024-07-17T02:40:53.360105
31678,nation,Jessica Buchanan,Deborah Shea,513,forget,hold,2024-01-10T05:54:37.579053,2024-10-06T06:22:44.997622
82074,coach,Stephanie Grant,Hannah Romero,3467,thought,account,2024-04-06T16:04:04.998827,2024-12-05T14:43:53.878242
66569,Democrat,Kevin Adams,Joshua Roberts,2216,right,he,2023-09-14T11:41:07.186512,2024-09-13T06:25:04.815199
89690,evidence,Kayla Murphy,Bruce Jarvis,3088,foot,parent,2024-09-14T19:13:29.055158,2025-01-11T07:12:43.585994
28313,wonder,Christina Cervantes,Brent Murphy,2491,bed,teacher,2024-12-20T21:56:34.656048,2024-04-28T16:38:29.343539
49334,organization,Gabriela Brown,Nancy Marsh,1023,candidate,economy,2023-10-23T20:48:56.167730,2024-09-14T22:12:42.311289
31787,score,Jonathan Raymond,Phillip Barnes,2361,lawyer,energy,2024-11-15T08:37:12.685332,2024-04-01T05:45:09.449008
27434,beyond,Whitney Cohen,Samuel Watkins,1702,space,community,2023-03-26T23:00:17.547517,2025-01-20T04:17:49.373944
40110,couple,Melissa Wright,James Hartman,2281,worker,still,2024-11-16T18:30:38.578187,2024-07-15T08:57:40.609777
84631,system,Richard Stevens,Katherine Bush,1988,man,alone,2023-11-18T13:23:28.192451,2025-01-18T05:37:45.098104
48388,keep,Alexander Shah,Austin Tucker DDS,1972,success,nice,2023-02-16T04:15:39.281360,2024-12-27T03:44:44.823534
93756,present,Paul Gray,Amanda Smith,2555,science,outside,2024-08-01T20:23:14.506042,2024-03-19T15:09:09.584453
91067,new,Edward Clark,Katie Torres,2035,high,describe,2023-06-23T10:05:11.366444,2024-02-26T18:09:02.516850
57670,war,Carrie Smith,Steven King,192,indicate,attention,2023-08-09T08:31:49.517088,2024-10-19T21:01:26.159609
73528,on,John Meyer,Zachary Reynolds,2968,ability,I,2023-07-30T18:20:41.267578,2024-08-16T05:59:24.160515
74424,officer,Thomas Lawrence,Matthew Salas,2372,while,series,2024-04-29T14:27:36.517881,2024-05-14T02:11:34.266531
49152,hair,Jessica Duncan,Christopher Brown,2730,type,organization,2023-04-25T16:52:52.914426,2024-12-29T17:48:31.408771
57586,itself,Kevin Graves,Cory Mueller,577,air,model,2024-09-20T22:50:04.355540,2024-10-01T06:47:27.750276
54585,former,Felicia Jordan,Jamie Freeman,1962,concern,sound,2024-05-02T09:57:22.328199,2024-11-08T05:04:42.390183
85343,fact,Amy Glover,Debbie Smith,1779,campaign,lawyer,2023-08-23T09:46:46.279031,2024-07-31T23:32:07.667864
20292,glass,Linda Perkins,Christopher Johnson,151,section,happen,2024-05-08T05:12:30.562638,2024-07-05T23:59:24.316581
47557,least,Beverly Thompson,Adrian Chase,1291,fund,city,2024-06-13T19:13:50.668702,2024-04-13T08:31:01.959110
17054,that,Brittany Potter,Stephen Browning,3500,house,modern,2024-06-04T17:41:23.502156,2024-07-05T11:18:18.213008
13204,southern,Casey Stewart,Zachary Bennett,1367,star,skin,2024-03-27T13:21:38.513094,2024-10-31T13:41:56.570434
26110,employee,Megan Harris,James Moore,339,never,what,2023-08-14T11:26:59.966333,2024-05-29T17:42:45.624684
90034,peace,Eric Williams,Tammy May,1607,have,again,2023-12-03T16:38:01.651084,2025-01-09T09:24:02.784519
18182,lawyer,Michael Johnson,Chris Smith,2107,different,value,2023-06-30T20:20:03.402328,2024-04-28T13:49:08.744854
40065,throw,Miguel Anderson,Neil Jimenez,152,police,hundred,2024-01-11T18:43:49.533996,2024-11-23T07:48:47.499597
8068,month,Richard Richard,Edward Howard DDS,2725,human,investment,2024-10-31T17:36:57.548853,2024-12-15T03:49:33.462348
24912,past,Monique Brown,Nicholas Jacobs,2967,concern,other,2023-11-17T17:03:46.780331,2024-10-31T08:01:43.776434
38261,lawyer,Debra Martinez,Judy Davis,1048,new,play,2023-09-02T08:47:57.816036,2024-03-07T17:14:15.169652
28294,necessary,Nicole Howe,Valerie Zavala,2554,significant,side,2024-06-01T18:28:22.605590,2025-01-10T06:20:24.123736
930,interesting,Michael Hill,John Bailey,800,to,military,2023-07-03T14:36:14.187574,2024-10-28T14:20:19.954591
17331,near,Brittany Sanchez,Lori Odonnell,1439,member,indicate,2024-12-10T12:52:08.488283,2024-05-15T14:06:44.405552
52108,always,Tracey Perez,Summer Mason,3030,while,south,2023-11-13T01:43:03.385067,2024-07-31T18:54:01.487206
78016,hospital,Carol Miles,Mikayla Snyder,2877,within,hope,2024-05-10T17:32:12.460693,2024-03-29T16:45:50.718518
93914,term,Jason Browning,Jeffrey Wells,3304,above,government,2024-09-10T11:53:56.728130,2024-02-19T15:01:01.095370
85591,pick,Kenneth Frazier,David Gill,528,debate,better,2023-12-20T15:20:57.359385,2024-11-19T18:21:28.391265
12246,beautiful,Laura Bennett,Monica Williams,168,finish,poor,2024-02-27T09:12:35.683610,2024-04-13T13:27:20.041073
79290,reality,Patrick Green,George Craig,1842,PM,none,2024-03-14T16:20:43.887194,2025-01-01T18:02:32.245082
61003,rate,Misty Porter,Jose Brewer,1700,south,fight,2023-06-13T20:02:49.395209,2024-02-14T05:57:20.083866
63509,financial,Amanda Brown,Cassandra Decker,1254,quality,parent,2024-02-02T06:54:42.126830,2024-09-25T02:50:08.259685
45062,choose,William Duffy,Christina Adams,156,model,morning,2024-11-11T06:47:55.650510,2024-04-30T02:43:54.303756
39421,agency,Spencer Fuller,Nicholas Patrick,2651,purpose,read,2024-06-19T12:35:36.060030,2024-03-13T22:22:49.331009
98407,value,Daniel Reyes,Melissa Rodriguez,2148,cover,boy,2023-10-31T06:04:04.876043,2024-02-09T03:50:55.752486
54138,difference,Mariah Lawson,Susan White,2172,similar,development,2024-09-11T16:09:55.877810,2024-05-23T16:10:17.278360
65349,group,Tiffany Lambert,Ronald Johnson,1293,with,wish,2023-05-27T00:34:31.238652,2024-03-20T20:05:31.397175
62975,senior,Brandi Farley,Zachary Howell,1262,assume,several,2024-01-26T15:17:50.627228,2024-03-21T09:36:13.330817
67195,national,Jonathan Welch,James Sparks,1399,contain,section,2023-07-10T00:36:43.796518,2024-07-11T11:42:43.552176
82489,two,Deborah Patrick,Bryan Thompson,953,newspaper,protect,2023-08-09T10:04:44.841247,2024-10-24T08:18:50.753380
42106,popular,Brianna Davis,Michael Mccoy,2737,know,citizen,2025-01-03T19:53:43.486786,2024-07-14T06:05:42.219705
28401,partner,Dr. Michael Green,Carolyn Villa,1840,firm,care,2023-06-09T21:20:49.814759,2024-08-02T07:04:56.773308
87940,off,Mark Walter,Kerry Poole,260,I,model,2023-01-29T05:19:33.377617,2024-07-20T22:40:59.678419
71876,rich,Jason Little,Paul Johnson,3238,rather,easy,2023-08-04T03:12:26.316367,2024-12-11T02:03:52.448145
90027,left,Christopher Mcdonald,Jamie Peters,15,yard,enter,2024-09-12T11:25:39.542440,2024-04-25T17:57:14.119319
48427,structure,Steven Butler,Dustin Levine,1444,huge,season,2023-10-28T10:38:18.691234,2024-03-06T14:45:42.456977
19933,force,Mackenzie Wilson,Marc Smith,708,enjoy,southern,2024-07-10T02:22:17.974330,2024-08-04T05:16:53.524756
53829,right,Rachel Brown,Bethany Spencer,3104,well,value,2024-11-19T08:27:27.538159,2025-01-06T02:52:41.264357
19614,pattern,Nicole Reyes,Michelle White,1983,hair,establish,2024-11-21T12:57:39.125989,2024-09-07T13:06:11.472706
25108,sport,Christopher Berry,Rachel Waller,31,week,thing,2024-08-30T00:39:05.944626,2024-02-14T15:22:20.702837
75410,girl,Jeffrey Hawkins,Raymond Mcguire,2309,go,system,2024-12-01T02:23:54.815344,2024-12-25T23:56:50.404428
61940,among,Kelli Morris DVM,Daniel Bailey,949,ago,stand,2024-10-29T03:33:32.039521,2024-10-05T15:05:47.148377
54966,thought,Amanda Thomas,Daniel Tran,3384,kid,risk,2023-03-21T07:49:35.855316,2024-04-21T12:46:03.335912
64568,and,Brian Mcintyre,Jill Green,948,follow,growth,2024-09-25T07:27:10.267936,2024-06-11T01:18:17.059460
72581,though,Richard Brewer,Bryan Stanley,2018,discuss,of,2024-11-09T04:46:37.795687,2024-09-12T04:53:13.181966
85503,its,Mary Acosta,Jennifer Miller,2664,run,note,2023-11-02T04:30:15.444277,2024-07-22T16:57:45.117894
46524,west,Samantha Thompson,Ashley Jackson,2944,town,very,2023-10-30T11:41:06.588950,2024-06-01T19:52:46.579298
63697,they,Melissa Clarke,Jade Peterson,1169,gas,trade,2025-01-04T21:08:37.385394,2024-04-09T07:27:08.797444
24606,position,Vincent Harris,Connie Rice,511,job,people,2024-04-12T06:00:28.108577,2025-01-10T08:31:06.801173
44075,smile,James Johnson,Tyler Miller,3086,upon,figure,2023-08-03T23:57:22.055703,2024-12-05T06:20:30.125171
88022,explain,Erika White,Diane Castillo,3476,fall,firm,2024-10-23T20:32:27.582203,2024-04-25T15:40:54.520541
37563,class,Kenneth Roth DDS,Heather Smith MD,1042,many,authority,2024-06-10T01:53:08.135556,2024-06-28T06:06:57.183260
25065,only,Kathleen Diaz,Melissa Daniels,100,nor,benefit,2024-03-16T23:36:50.575116,2024-12-27T22:58:58.207665
45497,type,Sharon Jackson,Bridget Davis,651,cost,Congress,2024-07-27T08:24:52.633494,2024-02-20T10:16:29.302492
10457,thought,Nancy Hill,Samuel Nichols,2617,care,contain,2023-09-03T00:44:49.591065,2024-12-24T19:57:22.912025
12916,time,Denise Ayers,Sara Olson,2986,admit,measure,2025-01-15T00:45:33.942253,2024-09-20T19:09:31.017329
92765,heavy,Brittney Brown,Mr. Samuel Cox,3528,house,cultural,2023-05-25T23:09:46.762523,2024-02-18T06:22:30.082111
95158,race,Jessica Thomas,Joseph Chen,1887,when,soon,2024-07-04T15:14:48.614330,2025-01-02T16:44:00.419315
50763,painting,Kimberly Smith,Edward Clark,1836,a,leader,2024-10-03T17:43:12.608718,2024-11-18T05:18:34.031628
98185,total,Eric Bell,Michele Watts,1020,lead,about,2023-12-01T19:02:00.931076,2025-01-23T10:37:28.131416
18004,something,Shannon Brown,Heather Williams,2867,family,positive,2023-10-13T04:50:34.294954,2024-07-25T03:45:28.780718
3085,show,Elizabeth Collins,Donald Perez,2678,learn,back,2023-09-09T02:33:08.823329,2024-11-15T01:29:00.433077
99669,under,Dr. Krystal Bell,Mrs. Catherine Massey,1672,century,tax,2024-04-29T17:36:42.477271,2024-07-13T22:49:21.625010
44131,citizen,Kyle Rogers,Veronica Le,1665,such,local,2024-01-01T12:30:37.890392,2024-09-30T22:36:07.440679
23667,month,Latasha Hammond,Dr. Michael Adams,580,nor,can,2023-09-28T20:18:16.180646,2025-01-02T04:35:08.124408
35979,live,Cynthia Garcia,Danielle French,232,entire,range,2023-05-27T05:14:41.718894,2024-05-20T16:55:44.135255
44916,fast,Heather Flores,Julie Shea,1119,measure,raise,2024-02-22T07:44:06.994041,2024-03-23T20:09:02.062472
87527,although,Andrea Odonnell,James Bentley,2101,call,change,2024-12-14T12:36:00.146164,2025-01-03T03:35:42.641938
71318,become,Terri Williams,Kara Simmons DDS,2545,government,discover,2024-11-02T09:46:15.319202,2024-06-30T15:04:38.018111
44825,eight,Jerome Cole,Kristina Rhodes,524,course,town,2024-11-27T23:48:34.617990,2024-09-25T07:22:28.750951
20818,usually,Rebecca Baker,Rebekah Pittman,930,dark,difference,2024-04-20T11:08:10.595310,2024-10-18T20:53:32.276411
38267,improve,John Gonzalez,Kathryn Roberts,2048,personal,because,2023-09-08T19:44:25.667621,2024-06-24T10:06:15.532730
58070,happy,Vanessa West,Robert Spencer,1869,television,late,2024-10-31T11:57:39.375817,2024-12-20T19:19:11.585204
72979,candidate,Charles Ryan,Jennifer English,756,management,loss,2024-11-26T20:15:47.378320,2025-01-10T17:43:57.308753
99359,successful,Whitney Juarez DVM,Heidi Glass,1417,yard,spend,2024-11-05T14:04:45.534552,2024-05-02T17:51:28.197912
64813,simple,Derek Thompson,Gregory Kelley,1533,day,performance,2024-10-09T15:10:40.943380,2024-09-20T06:17:44.863021
32513,actually,Kaitlin Gonzalez,Peter Moreno,278,report,in,2024-05-13T15:32:14.909419,2024-09-07T21:26:13.443063
1131,yes,Mary Brady,Michael Johnson,604,difference,sister,2023-08-16T02:16:34.548761,2024-05-11T14:14:10.476631
58215,change,Amy Atkins,Jessica Foster,138,include,part,2023-06-18T07:17:42.678077,2024-11-04T21:54:07.083843
39525,exactly,Elizabeth Proctor,Dominique Gibbs,535,human,Republican,2024-03-19T02:14:59.352205,2024-08-08T12:54:17.474844
20070,food,Kayla Ford,Mr. Joseph Ramirez,2,recent,yes,2024-04-19T05:10:10.184422,2024-05-20T04:36:32.819738
66643,speech,Lori White,Brandy Bailey,238,argue,head,2023-09-09T18:41:52.909706,2024-03-11T10:10:46.109897
41721,me,John Perkins,Anna Jefferson DDS,2549,light,environment,2023-04-24T22:53:41.096513,2024-07-04T10:11:26.679098
40326,back,Morgan Palmer,Beth Silva,527,similar,any,2023-02-07T12:49:18.985392,2024-11-20T09:00:07.796789
51935,deep,Richard Elliott,Mason Ortiz,2678,treatment,tell,2024-03-09T08:07:23.621777,2024-07-23T11:58:03.259934
69946,prepare,Jill Fisher,Allen Mendoza,2153,purpose,teach,2024-06-01T22:30:18.790203,2024-05-21T06:57:02.451635
78221,product,Ashley Moreno,Barbara Glover,2566,agency,ever,2024-12-01T05:27:55.819496,2024-12-05T17:48:26.995575
65375,involve,Jason Melton,Alexandra Rocha,2753,manager,discussion,2023-08-31T13:09:03.712162,2024-10-17T17:38:03.509814
60164,open,Walter Sanchez,Elizabeth Young,2662,be,PM,2024-11-13T08:12:56.082824,2024-06-06T06:20:09.031086
35317,husband,Susan Love,Robert Scott,1304,course,Mrs,2024-11-16T18:19:33.769364,2024-05-22T15:41:46.094351
97639,within,Anthony Jacobson,Ryan Skinner,1970,moment,surface,2023-08-19T00:31:47.388112,2024-10-06T21:19:45.147670
13789,where,Daniel Gregory,Gabriela Friedman DDS,2584,cause,author,2024-03-15T06:04:02.250839,2024-11-14T13:14:15.004409
85616,American,Patricia Hancock,Melissa Smith,2814,question,capital,2024-06-08T02:09:56.720275,2024-12-26T17:54:00.543359
70261,voice,Jeremy Bishop,Tiffany Hines,3446,yard,when,2024-08-29T05:58:58.941159,2024-10-03T10:51:16.305287
34026,eight,Anthony Bradley,Gregg Brooks,1208,heavy,short,2024-12-08T11:57:33.696482,2024-09-17T15:32:05.306204
36863,interesting,Seth Washington,Thomas Carpenter,731,section,item,2023-06-11T11:35:43.325585,2025-01-13T05:47:17.035003
21486,owner,Dawn Carter,Shawn Harrison,1376,well,improve,2024-08-03T19:13:14.125300,2024-08-11T17:49:02.418703
44021,practice,Bryan Patterson,Erin Brown,925,picture,stop,2023-03-17T16:00:39.194557,2024-04-30T23:26:24.081375
23194,perhaps,Katherine Cruz,Alan Flores,1033,relationship,time,2023-09-28T19:54:12.426515,2024-07-26T17:27:20.812390
24881,second,Alexander Smith,Gregory Hull,2703,need,figure,2023-03-29T03:25:41.770385,2024-05-19T20:38:07.193236
3339,up,Troy Gutierrez,Matthew Carroll,1341,responsibility,ground,2023-04-09T22:14:10.201045,2024-09-09T03:53:57.549371
13250,pretty,Christopher Coleman,Anna Anderson,2005,light,face,2023-08-19T18:04:32.674634,2024-08-16T00:18:17.360269
23102,whether,Lisa Warner,Jessica Davenport,3067,voice,team,2024-03-26T16:17:48.581013,2024-04-15T06:44:25.854853
90899,live,Laura Flores,Andrea Gould,3268,two,result,2024-08-10T14:26:35.601772,2024-07-30T00:48:45.882186
15190,agree,Brenda Park,Lucas Cook,1052,family,campaign,2024-03-28T08:42:06.120300,2024-09-16T23:48:47.015512
65041,evidence,Nicole Hayes,Gina Clarke,1635,bring,thought,2024-06-12T17:11:01.480339,2024-12-06T17:41:36.655089
14554,rock,Daniel Hart,Danielle Combs,2677,physical,recently,2024-11-01T01:53:43.792403,2024-12-25T18:53:53.177649
53488,drug,Thomas Hanson,Jordan Ramsey,940,event,writer,2023-11-07T09:44:15.065790,2024-02-21T13:37:25.662833
81573,already,Sarah Riley,Faith Burch,1248,opportunity,painting,2024-06-04T03:51:07.401428,2024-12-14T05:06:21.234128
34729,relationship,Jennifer Meadows,Tony Walters,41,pick,whole,2024-05-17T10:38:51.943845,2024-02-15T05:17:48.587692
8477,huge,Scott Roberts,Vickie Hughes,1368,pressure,seek,2024-10-10T03:06:56.794677,2024-07-04T09:36:49.109813
4523,top,Crystal Miller,Megan Jones,1798,suggest,purpose,2023-10-01T12:22:30.840477,2024-09-08T13:41:39.818562
90813,its,Kurt Morales,Thomas Harrison,593,road,wide,2024-02-02T07:41:30.455503,2024-05-28T06:11:43.098108
66677,yard,Thomas Allen,Ryan Adams,1485,without,really,2024-06-18T23:54:46.192555,2024-05-30T09:12:50.230756
6464,man,Kayla Payne,Heidi Morris,3396,sure,plan,2024-07-04T06:48:08.868831,2024-07-13T21:21:30.504318
96877,particular,Peter Duncan,James Fuller,986,whom,piece,2023-12-24T00:35:11.203034,2024-03-08T11:51:41.943461
94213,product,Elizabeth Hoffman,Kelsey Williams,1658,follow,on,2023-02-12T14:34:12.012210,2024-10-30T17:25:40.845819
16521,test,Eric Espinoza,Shannon Allen,1807,respond,event,2023-11-06T23:51:31.392650,2025-01-18T06:27:58.550795
68188,knowledge,Greg Ross,Laura Todd,1667,edge,friend,2023-09-20T10:43:26.684697,2024-10-07T03:40:23.005879
86142,station,Brian Brown,James Sullivan,635,ground,just,2023-08-20T04:02:42.539053,2024-07-14T09:16:34.875934
64140,paper,Frederick Owen,Jennifer Cohen,2206,evening,personal,2024-08-10T15:30:30.251645,2024-09-09T00:31:23.629773
68120,clear,Mr. Ronald Payne,Monica Newman,1364,response,cause,2025-01-06T07:30:55.417917,2024-06-01T14:36:37.071654
78068,well,Steven Adams,James Davidson,636,show,must,2024-05-11T19:40:04.809282,2024-03-26T04:35:29.001437
10055,sport,Brandon Williams,Shane Fernandez,2985,discover,wide,2023-02-02T05:48:52.861505,2024-04-22T10:30:36.074268
47879,various,Erin Stephenson,Michelle Taylor,1652,region,whose,2024-05-02T12:02:26.546785,2024-02-25T17:18:52.256415
88773,nothing,Chad Miller,Jason Martin,2043,itself,between,2024-04-13T07:40:39.216871,2024-07-02T21:08:34.758412
66698,eye,Jenna Dunn,Anthony Owens,238,behavior,decide,2023-10-26T15:04:39.398797,2024-07-15T13:42:31.646465
81758,decide,William Wagner,Mario Garcia,3408,at,environmental,2024-08-20T08:28:28.062294,2024-09-28T09:20:26.071597
86143,plant,Gregory Huber,Anna Watson,820,stage,message,2024-03-16T06:22:32.447690,2024-09-13T02:48:50.118278
14323,above,Wendy Johnson,Hannah Wilkinson,3022,through,phone,2023-06-17T16:04:58.879812,2024-11-14T21:39:09.628447
69869,detail,Jasmin Thomas,Eddie Kelly,2947,after,though,2025-01-22T01:31:27.791370,2025-01-18T19:57:30.419147
86108,several,Carl Warren,Jaime Davidson,2124,live,send,2023-11-23T16:48:47.067923,2024-12-13T05:54:19.411174
2216,news,Timothy Adams,Danielle Hart,1205,popular,take,2024-03-06T12:18:46.395053,2024-09-24T14:11:14.105217
83162,major,Robert Stanley,Jennifer Love,1076,society,exist,2023-11-20T06:31:29.978436,2024-11-09T15:37:49.972455
72573,prevent,Parker Adams,Emily Swanson,1399,number,financial,2025-01-21T19:49:11.930656,2024-03-22T15:37:10.995930
89778,peace,Kristin Brown,Melissa Gross,381,eye,mean,2024-01-12T15:00:41.055857,2024-06-30T15:12:38.219774
49218,above,Angela Miller,Frederick Burgess,3193,single,good,2024-02-29T09:47:11.995256,2024-02-16T22:56:19.216567
25029,today,Michael Harrison,Kathleen Weber,2951,public,wish,2024-10-06T11:52:48.883544,2024-08-26T15:48:23.988697
95324,do,Bradley Kennedy,Stephanie Williams,1000,industry,us,2023-04-05T04:38:44.454792,2024-05-08T01:45:39.068008
3678,Democrat,Jasmine Mccoy,Chase Davis,2549,current,defense,2023-02-03T09:35:45.223165,2024-07-11T06:34:54.667108
74205,traditional,Randy Gamble,Cody Cunningham,877,should,up,2023-08-16T00:20:07.160308,2025-01-15T06:33:54.958538
96683,debate,Daniel Figueroa,Hector Haas,600,by,reality,2023-08-09T09:21:42.911110,2024-11-28T21:24:34.986878
53655,well,Jennifer Cruz,Melissa Miller,1266,education,sell,2023-05-29T21:24:59.580419,2024-06-07T05:51:20.574333
40023,happy,Greg Cohen,Susan Tapia,2214,boy,issue,2023-02-24T02:12:39.496846,2024-06-13T02:18:52.016263
61698,interview,Laurie White,Sarah Rodriguez,3112,exist,new,2023-03-28T19:32:28.358629,2024-04-19T16:04:38.328885
11419,about,Latoya Williams,Dana Mitchell,3201,after,cut,2024-02-04T23:08:56.059237,2024-11-29T05:48:57.964812
21212,for,Kent Wilson,Sharon Meyer,574,send,rest,2023-04-06T07:31:11.691273,2024-03-05T19:44:59.139455
71561,enough,Robert Day,Dr. Brenda Johnson MD,947,thought,me,2024-05-18T17:19:00.537642,2024-12-11T12:31:19.462925
10299,reason,Anthony Maldonado,Christopher Horne,2634,capital,already,2024-04-26T04:36:59.585471,2024-05-10T23:46:23.804299
66373,toward,Mariah Gross,Courtney Johnson,1833,southern,pull,2023-06-03T23:07:20.652885,2024-12-25T17:51:00.365205
62936,back,Gregory Oliver,Brenda Mclaughlin,738,grow,bring,2024-10-31T21:57:51.835943,2025-01-08T09:28:22.424537
11338,over,Jennifer Ho,Briana Barnes,67,must,modern,2023-03-11T07:24:00.781216,2024-08-19T01:51:03.597886
10789,local,Michael Holland,Lori Hamilton,242,reality,office,2023-02-01T07:47:10.729669,2024-07-29T17:11:35.729503
7973,store,Gerald Stanley,Natalie Nelson,901,woman,guy,2023-10-09T03:04:41.539749,2025-01-16T18:42:48.657057
88934,environmental,Ashley Williams,Jessica Jefferson,930,only,become,2024-01-19T18:41:34.351317,2024-11-06T09:23:55.210644
69921,bag,Scott Mcdonald,Elizabeth Bryant,3310,good,throughout,2023-11-20T11:12:06.767939,2024-06-03T18:31:56.096805
18189,ten,Suzanne Williams,Thomas Edwards,2041,perhaps,meeting,2024-08-20T02:07:15.840830,2024-04-26T16:30:16.357656
59817,country,Dawn Peters,Taylor Summers,2137,customer,idea,2023-10-10T00:24:13.114035,2024-08-16T06:21:27.802124
73336,wife,Candice Lee,Jennifer Hicks,1878,side,feel,2023-04-25T00:16:49.960996,2024-10-08T11:46:28.509344
40072,this,Jeffrey Moody,Deanna Palmer,2055,much,discussion,2023-06-19T19:25:38.465117,2024-12-20T13:50:26.044069
60254,space,Jeremy Gallegos Jr.,Rachel Rodriguez DVM,615,enter,decide,2023-12-03T11:01:10.015520,2024-11-05T10:48:53.565391
2284,friend,Bradley Ortega,Gabriel Johnson,925,enter,theory,2023-10-23T05:41:54.699276,2024-03-20T14:16:38.510504
67266,about,Nicholas Blake,Monica West,3289,language,manage,2024-07-30T10:00:54.772342,2024-08-31T06:14:45.565177
97023,answer,Antonio Leonard,Gregory Armstrong,1244,short,especially,2023-12-22T19:12:50.870553,2024-05-03T10:24:35.584521
86774,personal,Samantha Mann,Katie Roberts,3387,although,production,2023-09-30T21:53:58.761480,2024-03-14T08:32:09.421406
60219,cell,Micheal Schroeder,John Myers,2680,bit,stop,2023-08-18T09:08:21.817034,2024-07-20T04:22:27.788127
15300,night,Samantha Sosa,Christopher Cannon,2192,instead,sing,2024-10-29T09:00:13.202137,2024-03-28T19:52:15.628536
11454,coach,Kathryn Robinson,Kimberly Harris,938,week,investment,2023-12-30T22:46:32.954875,2024-10-16T16:15:38.984880
80160,throw,Brent Mitchell,Anthony Alexander,2606,number,possible,2023-11-15T08:01:03.172072,2024-12-30T11:17:52.164694
12306,modern,Sean Smith,Brenda Nichols,3077,player,check,2023-09-26T22:48:38.552148,2024-05-06T10:32:46.606299
82170,society,Justin Patrick,Kyle Leonard III,3459,role,positive,2023-09-15T14:22:38.964464,2024-03-20T03:13:32.537995
14403,trial,Dana Murphy,John Jackson,274,financial,foreign,2023-07-21T21:08:56.580621,2024-10-16T14:08:04.340429
96115,door,Daniel Delgado,Jeffrey Lee,2300,benefit,simply,2024-03-02T01:36:54.326173,2024-11-14T04:36:44.251227
63533,particular,Robin Martin,Lisa Boyd,23,PM,position,2023-10-15T14:54:20.875075,2024-02-13T06:05:36.292690
8325,modern,Lisa Thomas,Tammy Fisher,1499,clear,short,2024-05-05T00:15:26.718315,2024-11-27T05:19:37.583379
95631,kitchen,Cynthia Nguyen,Brian Bonilla,2734,science,prepare,2024-01-06T06:21:55.734436,2024-03-25T20:29:09.636907
42296,hear,Sabrina Parrish,Dr. Micheal Riley,101,bill,have,2023-12-09T08:54:43.981874,2024-08-14T19:20:55.414572
47064,government,Stephen Bennett,Kristen Fields,2608,whether,ready,2024-04-29T11:42:02.626161,2024-08-18T14:14:12.973088
33611,out,Douglas Stevenson,Robert Harding MD,65,dark,professor,2024-05-20T12:22:47.927800,2024-12-02T13:48:14.302240
48085,rise,Elizabeth Wade,Albert Chapman,2828,decade,edge,2023-02-05T05:40:21.985678,2024-12-21T12:55:07.572353
77158,rock,Brian Fisher,Donna Anderson,2766,official,live,2024-06-22T04:30:26.957986,2024-10-04T19:52:27.267850
78101,from,Aaron Joseph,Joseph Sims,1703,big,song,2024-07-16T04:42:44.357779,2025-01-20T16:11:55.676929
77555,may,Alfred Thompson,Ann Smith,2678,who,staff,2024-10-07T10:18:09.479899,2024-07-31T21:15:09.238771
12,game,Hayden Johnson,Jessica Howell,60,visit,because,2024-10-31T13:09:59.240270,2024-08-04T20:37:26.454204
90762,nearly,Heather Daniel,Kevin Drake,2118,data,door,2023-08-14T13:45:40.336204,2024-08-08T21:00:44.865931
32808,arm,Lisa Thomas,Anthony Green,3381,hospital,film,2024-12-10T21:47:30.830250,2024-08-17T15:47:00.735399
60379,notice,Jonathan Ortiz,Andres Heath,2931,seek,staff,2024-09-12T06:57:06.353620,2024-07-23T03:24:53.873377
84642,second,Keith Johnson,Alexander Anderson,642,actually,their,2023-06-15T01:49:17.661193,2024-07-31T03:29:21.523566
67510,feeling,Jennifer Lynch,Luke Hansen,3344,choose,difficult,2023-09-14T12:57:32.449090,2024-02-16T14:33:46.644373
85607,course,Melissa Joseph,Rachel Smith,570,enough,including,2023-02-11T14:17:42.857373,2024-12-01T13:34:52.628737
58913,office,Patrick Forbes,Dawn Harrington,3116,case,conference,2023-07-30T06:15:09.765686,2024-08-28T04:47:41.924314
979,man,Rachel Fox,Sean Lopez,3021,matter,water,2023-02-07T07:45:21.564395,2024-09-15T10:48:52.628520
16543,employee,Rachel Barnett,Andrew Hopkins,3034,heavy,leg,2023-05-04T18:26:54.471538,2024-12-09T10:34:33.143925
24750,seek,Alexandra Baldwin,Jennifer Mays,3350,different,third,2023-09-07T11:56:29.625571,2024-03-16T15:08:36.447117
90719,because,Dakota Barker,Jeffrey Leonard,2753,lay,early,2023-10-31T10:37:56.319721,2024-04-02T09:17:47.733943
52025,senior,Richard Hayden,Nicole Hawkins,2978,spend,part,2023-02-14T21:24:38.169761,2024-07-19T13:40:31.960569
22238,area,Robert Becker,Thomas Mayer,1231,be,standard,2024-09-03T06:52:40.995923,2024-12-20T19:42:27.893032
44310,change,Daryl Allison,Carrie Smith,2585,road,reduce,2023-12-11T08:33:21.371305,2024-05-03T13:40:31.171312
28914,level,Elizabeth Butler,Peter Williams,3117,kitchen,themselves,2024-09-12T20:50:06.429061,2024-12-06T15:08:08.429123
74321,choose,Elizabeth Hood,Norman Martinez,316,everyone,forward,2024-01-09T21:27:00.797303,2024-06-23T06:09:00.913877
6467,without,Amy Becker,James Hopkins,694,represent,fund,2023-07-02T12:54:30.358796,2024-11-22T14:05:34.816021
23575,since,John West,Jessica Ellis DVM,1432,way,property,2024-01-14T02:17:25.841898,2025-01-19T19:38:02.171082
93111,unit,Debra Gardner,Andrew Hart,1129,middle,soon,2023-06-30T11:12:28.216004,2024-08-25T07:31:33.505870
23215,bed,Jennifer Wilson,Emily Villa,2911,control,federal,2023-08-05T05:27:38.953766,2024-07-13T02:56:22.677037
25564,eight,Caitlin Howard,Tracy Conley,2536,coach,television,2025-01-10T13:13:56.768128,2024-03-26T11:29:16.153884
35464,experience,Dennis Gallagher,Jennifer Maynard,2506,explain,finally,2023-09-27T20:21:30.325702,2025-01-07T09:30:43.713213
78800,technology,Donald Oneill,Juan Woodward,711,staff,call,2023-10-19T23:22:29.415151,2024-10-24T15:52:41.971629
85347,audience,Gloria Berry,Christine Everett,2682,would,writer,2024-04-10T11:06:59.456843,2024-11-29T10:30:02.634479
21901,join,Bill Peterson,Alex Ellis,3355,point,describe,2023-12-03T14:26:57.906328,2024-09-02T21:58:03.903619
85278,sing,John Curry,Rebecca Hunt,908,phone,rule,2024-09-04T14:43:02.514703,2024-12-04T08:24:25.701458
59263,either,Martin Foley,Travis Townsend,1080,evidence,visit,2023-05-20T08:22:24.228020,2024-05-15T12:36:34.786233
62805,cause,Leonard Doyle,Matthew Pratt,764,program,your,2023-06-16T22:32:44.621735,2024-04-07T17:27:36.472323
47941,window,Cynthia Richardson,Jacqueline Sandoval,1834,third,authority,2024-01-24T22:04:45.607781,2024-10-11T13:33:59.878699
81853,process,Eduardo Holland,Wendy Arnold,3195,write,likely,2024-09-10T22:11:31.084177,2024-06-07T02:35:15.607522
99139,head,Dr. Joseph Buck,Michael Nichols,2519,material,though,2023-09-23T12:02:19.706702,2024-02-18T07:18:47.041301
29112,region,Nicole Morales MD,Holly Brown,554,person,evening,2023-07-03T12:06:13.854745,2024-09-07T01:23:47.419097
42726,for,Chelsea Miller,Tammy Mcgrath,2668,such,himself,2024-06-22T19:49:23.353335,2024-04-02T11:14:03.176266
81879,free,Kelly Shah,Steven Harris,1528,anything,father,2023-03-06T16:39:33.867453,2024-10-04T07:38:12.980222
61043,visit,Stacy Walls,Steven Hall,163,receive,effort,2023-05-11T18:51:04.106049,2024-08-05T06:09:21.280115
86652,front,Erica Ortega,Sara Brown,1992,wide,in,2023-03-11T22:41:44.021705,2025-01-01T05:24:48.086796
48801,so,Janet Clay,Carol Gallagher,2770,evening,name,2024-07-11T16:49:21.765441,2024-10-21T23:58:33.369435
43830,summer,Brooke Chang,Matthew Chambers,2821,expect,build,2023-08-12T15:29:53.091429,2025-01-13T20:14:15.108896
20944,none,Christine Barnes,Thomas Sheppard,3007,stop,and,2023-11-13T07:53:09.638937,2024-05-03T19:09:52.967296
94125,alone,Alexis Melendez,Samuel Huffman,749,follow,less,2024-12-02T01:36:53.650986,2024-05-14T10:19:56.385154
20393,statement,Julie Duncan,Mrs. Rachel Evans,2746,agency,between,2024-10-25T10:19:42.590415,2025-01-02T19:49:50.889252
73437,theory,Dalton Jordan,Dr. Amanda Phillips,1759,debate,something,2023-11-30T10:14:14.411794,2024-04-06T17:37:38.854600
26076,office,Curtis Smith,Chad Haney,2438,lay,bit,2024-10-27T07:51:43.820192,2024-08-31T09:24:18.753250
67012,call,Kevin Hernandez,Alexander Fitzgerald,141,science,strong,2024-10-31T12:23:10.416347,2024-03-07T06:05:28.682435
82009,plant,David Morris,Joseph Mendez,1509,build,particularly,2024-11-03T02:32:33.876241,2024-06-07T09:04:42.185269
39754,board,Jeffrey Rogers,Jennifer Harris,1396,before,gun,2024-09-09T05:34:53.442733,2024-01-28T22:27:58.964949
48534,maybe,Maria Smith,Melissa Powers,67,different,nice,2023-03-27T18:37:08.403692,2024-03-02T03:50:12.737792
5171,official,Diana Martinez,Anthony Hardin,3483,into,inside,2024-08-07T16:10:41.714299,2025-01-08T22:57:17.977397
78641,learn,Debra Joyce,Jerry Poole,2742,than,door,2023-05-28T02:14:53.949732,2024-06-23T15:01:35.065055
69330,market,Tyler Chen,Russell Hawkins,3231,list,people,2024-02-15T20:46:26.256748,2024-10-16T06:31:29.348853
87065,worry,Russell Wagner,Matthew Hunt,1812,start,car,2025-01-14T06:18:25.458388,2024-06-22T12:46:45.527694
87683,structure,James Brown,Selena Jackson,3510,customer,can,2024-01-17T11:03:07.151054,2024-11-03T16:46:47.667554
3382,painting,Victoria Calhoun,Jamie Wiggins,3205,every,thank,2024-11-28T14:51:35.291080,2024-12-27T17:26:36.879996
73300,identify,Amy Copeland,Angel Elliott,1562,feeling,understand,2023-04-30T22:02:58.690257,2024-08-09T05:36:46.432624
15053,prepare,Krystal Miller,Eric Barnes,2380,then,learn,2023-09-07T06:20:19.156600,2024-12-13T06:06:58.965796
44881,pass,Jeff Shelton,Andrea Castro,150,statement,win,2024-03-22T02:44:35.518423,2024-10-25T00:58:35.519114
92918,project,Frank Obrien,Dr. Barbara Kline,2486,start,red,2023-11-14T05:11:34.798783,2024-06-26T21:48:34.864678
61788,age,Alexander Ellis,Leslie Robinson,343,usually,newspaper,2023-10-26T01:51:01.970724,2024-10-27T01:33:16.780494
16739,official,Morgan Price,Brent Perez,2074,Congress,raise,2024-01-12T01:51:11.631329,2024-04-06T21:44:42.657417
15785,leave,Cody Sanders,Austin Raymond,938,grow,believe,2024-06-19T16:11:26.104276,2024-02-03T11:18:29.524005
90290,offer,Stephanie Rodriguez,Sarah Flores,59,lot,line,2024-01-27T01:54:43.629450,2025-01-16T19:20:28.033364
4362,commercial,Robert Stuart,Nicholas Murphy,2174,value,section,2023-04-01T09:11:09.965777,2024-08-14T06:50:51.932350
71681,road,Paul Hatfield,Julie Clayton,1191,field,place,2024-01-28T00:23:03.258303,2024-02-07T08:54:53.996180
45825,because,Cindy Wilkins,Patrick Ellis,1325,citizen,require,2023-04-08T10:06:09.180551,2024-02-26T12:42:17.093463
70313,none,Christopher Williams,Joyce Hunter,2218,early,foreign,2024-05-14T07:52:12.258381,2024-06-20T12:29:25.549494
81035,maybe,Joseph Bell,Carmen Torres,1698,direction,thought,2024-01-22T00:57:43.353841,2024-06-05T12:39:34.507990
369,good,Megan Randolph,Krystal Morris,2967,animal,view,2024-05-22T10:03:02.528841,2024-07-12T06:03:07.437675
68415,drop,Jonathan Knight,David Gross,1778,education,within,2023-05-19T16:29:01.537363,2024-12-11T01:13:24.634094
12769,throughout,Amy White,Cindy Orozco,2304,management,stage,2024-03-26T17:45:38.948038,2024-02-06T02:01:20.420944
18898,agreement,Joshua Phelps,Angel Kennedy,268,support,subject,2023-03-05T04:06:56.815833,2024-05-16T09:12:26.186224
70695,modern,Ashley Johnson,Cathy Greene,2692,those,section,2023-08-12T15:41:35.395298,2024-11-04T00:47:53.346687
8636,leg,Richard Rodriguez,William Berg,2409,could,difficult,2023-02-01T10:45:18.319709,2024-07-26T06:42:34.675844
13775,know,Patty Lewis,Barbara Roberts,156,these,audience,2025-01-10T06:03:35.985158,2024-04-12T16:23:41.446620
20692,who,Megan Brown,Carol Ball,395,teach,song,2024-12-16T01:28:51.872582,2024-06-14T15:16:00.710228
42620,foreign,Angela Rodgers,Andrea Fleming,1421,structure,campaign,2024-05-10T06:36:01.087384,2024-10-12T03:22:07.267348
70721,thought,Mary Armstrong,Kenneth Hogan,904,fish,those,2024-09-12T20:11:23.659257,2024-02-16T09:15:21.962483
70778,tend,James Tran,George Crawford,2126,contain,skill,2023-07-17T01:11:30.529319,2024-06-04T00:16:08.686894
91123,yeah,Dillon Higgins MD,Jennifer Johnson,1548,plant,professional,2023-05-18T08:49:14.630622,2024-07-10T20:26:16.275824
80123,official,Anthony Smith,Jeremy Willis,867,pull,east,2024-09-05T07:54:20.934905,2024-07-29T04:29:53.349561
3603,my,Ruben West,Kelli Flores,1533,ready,which,2024-02-02T03:27:17.818905,2024-04-28T16:59:59.062108
79160,wait,Cody Dunn,Randy Nunez,2257,than,only,2024-02-07T07:55:08.109909,2024-10-03T17:21:05.188285
1889,view,Robert Curtis,Renee Fowler,257,heart,current,2024-04-17T17:18:49.992327,2024-08-26T00:19:28.981119
11073,size,Alicia Higgins,Shelby Smith,2208,I,that,2023-12-30T08:31:03.453445,2024-12-13T00:09:22.035172
37380,seven,Brenda Roach,Jacqueline Byrd,1749,character,short,2025-01-25T10:54:28.564341,2024-12-06T00:16:35.224602
98525,difference,Joseph Weiss,Steven Taylor,2626,leave,find,2023-04-17T12:30:20.569231,2024-05-11T05:05:55.249564
79011,late,Lori Underwood,Brian Elliott,3522,industry,subject,2023-06-28T23:30:23.104568,2024-05-21T13:32:19.393282
8852,story,Brian Cole,Diamond Petersen,1803,help,daughter,2023-11-24T13:17:08.213385,2024-08-15T06:24:54.877172
68089,fear,Jennifer Martinez,Jennifer Lynch,724,policy,attack,2024-06-21T20:08:49.680264,2024-06-18T12:36:23.889859
36815,strategy,James Cisneros,Ray Miller,690,head,run,2024-03-03T22:51:32.447176,2024-05-11T04:17:51.089206
42397,ok,Anthony Wilson,Chelsey Cook,1584,create,organization,2023-05-28T17:12:39.656885,2024-08-08T05:54:07.121981
51780,save,Joseph Holland,James Washington,1604,project,against,2023-04-23T12:15:56.671159,2024-11-29T09:51:39.596744
96373,law,Autumn Jennings,Brian Smith,2519,son,realize,2024-06-16T00:48:02.154418,2024-06-16T12:04:10.171873
28229,especially,Patrick Ross,Dylan Graham,259,blue,us,2023-11-28T16:13:27.022520,2024-03-18T08:51:22.087634
9050,force,Joseph Maldonado,Brian Cowan,3290,issue,student,2024-07-04T18:29:33.299596,2024-09-07T02:41:48.164233
69575,expert,Monique Evans,Michael Brown,612,company,trip,2024-03-26T03:31:54.943256,2024-10-28T16:05:17.974393
85474,gun,Justin Wood,Christopher Murphy MD,3563,different,country,2023-06-15T15:39:13.400542,2024-03-04T07:16:36.109979
13385,letter,Michael Ortega,Rebecca Cole,2531,off,send,2024-03-04T11:46:22.574543,2024-11-30T05:06:18.186350
33545,I,Angela Smith,Michelle Brown,1180,development,site,2023-02-07T13:13:22.762999,2024-07-30T22:29:47.479454
42344,whom,John Watkins,Diane Johnson,2660,trip,single,2024-10-25T03:05:57.367741,2024-05-07T13:01:26.191609
66752,leg,Joseph Harris,Christina Richards,3310,window,expect,2024-03-09T07:51:18.737568,2025-01-19T14:27:04.193945
11881,remain,Jamie Thompson,Thomas Harper,3007,theory,sit,2024-07-28T01:45:25.757963,2024-05-18T14:19:42.087071
61341,agree,Seth Brown,Theresa Torres,1483,red,current,2024-05-13T22:47:16.628254,2024-12-21T08:14:00.235626
2300,leg,Stacey George,Alexandra Brown,3288,do,hotel,2024-04-12T13:45:20.940814,2025-01-24T02:25:34.220420
8230,very,Kimberly Miller,Angela Pearson,1097,indeed,box,2023-07-27T06:38:46.868551,2025-01-20T16:22:46.020088
74110,me,Sharon Davis,Veronica Lopez,1480,page,report,2023-10-12T08:42:27.198663,2024-02-18T10:11:03.961862
84578,live,Dylan Lawson,Christopher Diaz,3560,employee,tell,2025-01-23T01:12:49.902572,2024-08-20T09:31:29.978299
68507,store,Cynthia Johnson,Cynthia Lopez,3396,all,window,2023-07-05T01:31:54.464640,2024-03-07T10:04:05.557567
13074,area,Kenneth Hunt,David Wallace,124,worry,method,2023-10-04T00:05:44.602558,2024-04-09T20:58:57.689009
32826,recently,Tiffany James,Joseph Stevens,1974,surface,crime,2024-06-17T00:34:08.254986,2024-08-27T02:36:17.703468
48277,treatment,Tanya Tyler,Alejandro Obrien,2433,fine,late,2024-12-11T00:01:26.048484,2024-07-22T07:36:37.971625
92017,discussion,Alexander Pierce,Brandon Duncan,1673,yet,ask,2025-01-20T20:58:56.271623,2024-10-10T14:39:11.297586
9122,probably,Alicia Waller,Christopher Hardin,3201,popular,hot,2024-07-08T15:30:27.201570,2024-07-27T18:31:15.189950
64529,down,Kari Stewart,Victoria Gordon,33,other,relate,2023-10-02T21:50:26.735125,2024-12-23T22:16:46.187887
51630,teacher,Susan Burgess,Perry Johnson,1035,special,water,2023-01-28T08:56:48.070941,2024-02-09T22:17:35.350374
53131,actually,Joseph Walker,Melinda Jimenez,2298,small,throughout,2023-12-06T01:33:44.941673,2024-08-18T05:36:50.765241
63907,customer,Dale Velasquez,Robert Vaughn,468,thing,job,2024-07-04T07:34:31.028581,2024-06-24T06:05:36.416448
86696,attack,Kathryn Burns,Robert Scott,2905,international,answer,2023-07-22T19:47:32.400132,2024-12-13T11:12:44.960326
86891,executive,Mr. Nicholas Crawford,Mark Olson,2536,effect,interview,2024-07-25T14:14:03.989482,2024-06-22T08:13:59.841739
97266,leave,Rebecca Rodriguez,Gloria Arroyo,2112,suddenly,Republican,2024-10-03T18:55:21.255281,2024-12-23T15:28:37.616723
69985,still,Darin Henry,Michael Robinson,3362,who,agreement,2023-12-16T11:17:42.067406,2024-10-27T19:19:24.555497
42352,sport,Melanie Byrd,Susan Deleon,517,lead,pretty,2023-10-31T16:38:36.294383,2024-12-11T15:09:54.904863
73182,hotel,Frederick Friedman,Dr. Christina Delgado DDS,2855,toward,question,2024-11-01T07:07:04.517046,2024-08-19T18:33:13.195922
3200,note,Katie Ward,Bonnie Bennett,3561,ask,maybe,2024-08-07T13:39:57.355060,2024-09-19T04:10:00.667827
30104,beyond,Sally Martinez,Dr. Angela Dudley,668,picture,cause,2024-12-20T04:48:23.608093,2024-12-04T05:07:33.042227
80742,though,Amanda Steele,Tara Smith,1076,school,raise,2023-11-07T07:12:44.568625,2024-10-09T22:21:42.550424
34100,their,Jonathan Williams,Heather Cole,625,sing,thought,2024-12-21T10:59:20.231476,2024-12-07T11:23:13.110368
90848,least,Nicole Vincent,Amy Burns,258,need,career,2024-09-28T14:29:43.967899,2025-01-11T10:37:37.241404
89812,already,Gina Matthews,Shannon Hernandez,737,drop,short,2023-08-30T18:30:00.125646,2024-08-24T02:04:36.708304
60977,property,Ryan Cordova,Kyle Woodward,1209,hope,real,2024-10-26T22:15:42.153005,2024-02-27T08:17:35.298791
81060,parent,James Hernandez,Nicholas Howell,2813,whether,culture,2023-08-18T21:45:17.211795,2024-07-13T07:19:51.111196
47877,cold,Steven Pierce,James Ellis,2894,probably,few,2024-11-07T21:01:29.089004,2024-10-29T00:21:13.014840
38450,condition,Hannah Wilson,Brent Armstrong,45,talk,together,2023-01-30T19:13:23.401736,2024-04-24T17:27:54.363433
70000,person,Allison Price,Lacey Snow,1826,cover,owner,2024-09-09T02:57:23.521451,2024-03-19T16:42:55.616756
96752,special,Ronald Daniel,Joseph Petersen,2052,live,section,2023-02-05T07:56:32.427608,2024-07-08T12:01:49.712159
99289,natural,Nancy Parker,Christopher Erickson,2920,up,girl,2023-05-09T22:32:10.100328,2024-02-27T01:57:10.540383
78560,fact,Steven Reed,Ruben Pena,599,stop,ask,2023-10-02T04:43:28.018221,2024-07-06T04:02:03.232506
71249,administration,Mrs. Megan West,Patrick Serrano,1547,fine,worker,2023-06-09T17:31:02.021504,2024-04-24T15:22:22.044708
53455,how,Matthew Hayes,Christopher Smith,1650,tax,direction,2024-09-06T08:27:27.987793,2024-11-11T15:55:24.634769
76644,son,David Johnson,Mary Woods,1582,new,article,2024-03-12T09:36:00.701183,2024-03-01T00:35:27.809395
7843,myself,Maria Green,Allison Johnson,1417,voice,large,2024-08-25T14:37:40.486785,2024-11-15T21:48:09.741453
42065,start,Jonathan Hernandez,Amy Haas,305,take,enjoy,2024-12-10T16:47:18.543837,2024-01-31T12:39:30.720147
61674,Democrat,Erica Johnson,Rebecca Wallace,2928,design,eight,2023-05-18T07:36:11.020694,2024-12-30T16:45:29.722543
90632,station,Kim Aguilar,Rachel Guzman,1234,than,player,2024-09-20T10:48:29.809361,2024-05-08T04:12:11.372006
40948,phone,Jason Diaz,Michael Leon,1634,music,central,2023-06-18T23:32:54.796247,2024-04-16T09:56:33.117614
18368,mouth,Alexandra Higgins,Lisa Waller,979,hit,collection,2023-07-19T18:30:19.803084,2024-08-08T02:02:48.209358
79824,cut,Yvette Valencia,Kelly Higgins,2443,physical,easy,2024-02-14T10:30:04.862289,2024-04-26T02:09:40.157929
14740,full,Joseph Davis,Eileen Reynolds,1342,bit,trip,2023-10-06T23:48:13.256279,2024-12-04T04:45:18.690601
21575,drive,Andre Vega,Julie Douglas DDS,3025,significant,tree,2024-05-22T10:03:38.161734,2024-05-17T17:42:16.888229
76303,city,Michelle Hall,Elizabeth Rodriguez,1045,show,smile,2023-12-30T10:05:45.572609,2024-07-11T23:28:32.142166
11482,pass,Yolanda Combs,Michael Cook,2454,research,enjoy,2024-07-05T04:34:36.263946,2024-09-24T03:44:27.802559
49245,such,Mary Mcknight,Barbara Francis,2739,enjoy,on,2024-10-26T19:31:33.549080,2024-02-25T09:56:23.102700
32285,woman,Robin Franklin,Stephanie Barber,2080,movie,difficult,2024-11-07T00:40:52.142667,2024-10-25T22:50:37.666978
16775,no,Timothy Gonzales,Sandra Rodriguez,177,ever,attorney,2023-12-28T10:39:42.063272,2024-12-10T04:39:32.843814
93228,generation,Morgan Martin,Anthony Williams,4,become,security,2024-08-06T06:39:48.272839,2024-12-19T03:54:13.449907
36909,it,Elizabeth Miller,Zachary Briggs,925,wall,bit,2023-07-27T11:05:14.270967,2025-01-02T13:52:35.030981
48765,eye,Paul Bailey,David Watson,1803,mind,know,2025-01-12T03:41:23.939516,2024-05-03T20:05:22.106139
59712,throughout,Robin Knight,Jennifer Manning,710,difficult,strong,2023-11-19T00:32:49.532943,2024-02-08T02:26:26.443535
90452,by,Olivia Shah,David Jones,460,rise,method,2024-07-31T15:05:49.753935,2024-04-14T23:04:50.206425
72533,other,Holly Garza,John Riddle,2431,child,budget,2024-01-14T05:12:16.179627,2024-08-03T20:26:30.486407
28810,upon,Morgan Franco,Jenny Ramirez,2972,seven,participant,2023-07-27T09:36:45.745488,2024-05-18T09:45:26.654344
32308,finally,Matthew Clay,Andrew Lyons,1034,voice,through,2024-01-16T23:32:43.231228,2024-04-20T11:07:58.536919
45986,scientist,Kayla Jones,Brian Ramirez,217,interest,expert,2024-02-14T21:25:53.011516,2024-11-15T12:35:26.032064
23548,focus,Stephen Garcia,Deborah Jones,2869,through,around,2024-04-01T10:08:56.505799,2024-02-03T05:06:54.716660
17971,fear,Patrick Palmer,Jon Jones,2043,foreign,serve,2024-01-31T16:43:05.849282,2024-09-21T02:56:55.419623
50895,little,Catherine Coleman,Brian Jones,1311,subject,radio,2024-08-11T23:35:09.018217,2024-08-03T22:01:38.240998
15391,under,Miss Megan Williams,Scott Carey,850,event,everybody,2024-01-05T06:25:11.302712,2024-04-27T11:45:18.681391
9750,just,Robert Huff,Julie Jones,1352,former,ok,2023-03-27T02:33:24.781632,2024-07-02T07:33:47.344449
1394,morning,Shawn Hughes,Christopher Hill,1813,under,choose,2024-05-15T12:27:44.347584,2024-08-20T08:03:56.281001
5652,market,Robin Morgan,David Serrano,1491,around,top,2023-09-25T17:42:20.412991,2025-01-18T00:29:19.454152
6153,ahead,Brian Phillips,Casey Flores,1126,issue,probably,2024-02-03T22:25:35.027191,2024-12-26T23:28:19.658314
79748,available,Stacy Anderson,Joshua Bennett,3467,wish,oil,2024-10-09T15:29:46.148015,2024-03-23T16:44:19.974970
4724,new,Eric Walton,Scott Cantrell,685,top,control,2024-12-05T17:12:19.522315,2024-12-21T06:26:11.864143
81535,lead,Kathryn Harris,Robert Robinson,2230,job,choose,2023-10-05T19:45:22.008068,2024-03-01T15:53:41.146632
76067,week,Kevin Scott,Melissa Smith,858,less,like,2023-09-24T18:06:14.106704,2024-11-09T02:14:36.146963
27632,good,Brenda Ramos,Autumn Armstrong,1224,final,old,2024-03-21T03:54:57.162663,2024-04-20T14:46:13.481163
95068,issue,Hannah Adams,Zachary Byrd,1535,girl,down,2023-11-11T18:28:08.795290,2024-06-23T15:30:03.908102
4631,decision,Cassandra Schultz,Margaret Freeman,1802,item,science,2023-11-22T21:12:43.102269,2024-03-21T03:29:40.688360
22090,at,Nicole Wright,Brittney Newman,1983,deep,wide,2023-05-13T01:21:01.142019,2024-03-18T02:05:22.046020
95776,yeah,Teresa Ray,John Mayo,3391,hospital,market,2023-12-01T14:43:41.205125,2024-04-23T01:16:26.828999
68968,direction,Jennifer Phillips,Karen Stone,1479,activity,fall,2024-10-17T04:23:58.980101,2024-03-20T07:14:32.975901
43100,college,Jessica Mccoy,Sara Johnson,2782,American,size,2024-02-23T03:07:54.704471,2025-01-20T16:33:33.180585
86683,hold,Angelica Shaw,Renee Edwards,120,mother,discussion,2023-02-04T19:22:17.719453,2024-05-19T19:23:48.463001
70464,choice,Troy Hart,Jesus Johnson,309,raise,director,2023-03-05T00:37:08.324338,2024-06-17T01:47:45.302695
87334,task,James Cooper,Anna Simon,3262,indeed,daughter,2023-02-19T16:11:50.810268,2024-12-21T03:03:37.245909
60368,region,Joshua Hayes,Mrs. Elizabeth Lynn,989,arrive,idea,2023-03-02T23:15:58.870355,2024-03-19T18:06:11.528521
74649,receive,Jill Miller DDS,Anthony David,3419,like,fact,2024-07-25T17:00:27.388408,2024-04-18T05:43:16.741608
7908,another,Krystal Fernandez,Christopher Macias,22,language,much,2023-05-21T05:28:47.589381,2024-07-28T05:24:03.985885
43284,clearly,Allison Thompson,Lee Hunt,3256,in,address,2024-05-25T18:57:17.789594,2024-09-26T04:52:56.190711
56553,parent,Eric Fowler,Michael Cox,1422,detail,admit,2024-05-26T00:26:26.467858,2024-08-18T04:13:04.421808
24541,drop,Crystal Jackson,Chelsey Andersen,1593,surface,position,2023-12-31T07:29:11.316975,2024-08-28T05:22:30.229815
29305,study,Sarah Powell,Craig Miller,3107,now,international,2024-11-15T06:09:12.834945,2025-01-01T10:21:50.762676
44216,great,Thomas Bartlett,Leslie Garrison,285,trip,rock,2023-10-06T06:52:19.015417,2024-10-12T16:43:55.681658
57471,economy,Robert Robinson,Madeline Cantrell,2852,hard,really,2023-10-02T14:15:05.665201,2024-05-29T23:10:47.233419
69445,individual,Edwin Perry,Kelly Rogers,2655,understand,participant,2024-02-17T22:26:07.688967,2024-04-29T12:34:27.895566
21940,black,April May,Angela Jackson,3074,half,item,2023-03-24T22:42:50.926545,2024-06-18T10:11:39.391273
1173,wait,Linda Bailey,Dana Anderson,840,here,physical,2024-05-26T02:57:06.752214,2024-03-02T22:54:48.561956
24194,manager,Isabel Jones,Richard Moore,2171,admit,reach,2024-02-28T05:06:52.005190,2024-05-13T22:27:30.401926
56490,guess,Steven Lane,Charles Woodard,1755,huge,live,2023-07-31T12:23:42.748168,2024-10-20T22:36:26.342719
29815,name,Lisa Garcia,Robert Berry,848,TV,again,2023-11-12T17:18:32.308132,2024-11-03T04:36:28.415224
9449,down,Brianna Davis,Chelsea Pierce,1420,cold,half,2023-02-15T04:34:22.720826,2024-02-02T15:59:18.185686
68998,six,Brittany Herrera,Kimberly Rodriguez,2614,house,worker,2024-08-26T00:49:04.221956,2024-05-11T21:00:40.695336
61426,until,Helen Gaines,Angela Petty,731,west,back,2023-11-28T12:18:44.718008,2024-05-30T13:20:14.047655
55780,politics,Lisa Ramirez,Laura Rodgers,475,far,then,2024-12-16T10:20:03.898537,2024-06-03T17:50:49.710518
93929,race,Kristopher Mosley,Samantha Conner,450,most,who,2024-12-02T21:14:15.267521,2024-06-27T02:08:19.915685
78361,item,Bianca Murray,Nicholas Rodriguez,3429,need,join,2023-08-01T09:00:42.079505,2024-07-12T03:02:18.966731
93311,today,Kimberly Price,Erin Craig,2557,time,huge,2024-08-24T22:57:47.311581,2024-07-17T19:44:48.542924
57271,plan,Dr. Kimberly Williams,Emily Macias,243,risk,so,2024-06-12T15:48:41.665418,2024-08-07T11:17:20.776577
48204,recognize,Catherine Smith,Rodney Greene Jr.,2706,entire,myself,2023-12-22T00:39:07.866295,2024-07-26T12:13:39.740526
39701,visit,Sarah Daniels,Daniel Sanchez,2751,truth,indeed,2024-08-19T12:48:32.602762,2024-12-07T04:28:10.674377
56772,stand,Maria Rodriguez,Erika Mccann,468,drug,certain,2024-02-13T05:26:10.844718,2024-10-31T18:32:33.259012
88808,crime,Chad Oneill,Kaitlyn Taylor,1973,send,act,2024-10-12T10:12:46.639165,2024-04-21T15:27:07.136286
48949,them,Kenneth Shaw,Casey Adams,2490,think,draw,2024-03-01T00:24:51.054827,2024-05-03T04:00:58.243099
99109,would,Chris Cordova,Daniel Yates,3334,government,more,2024-04-21T01:03:03.415628,2024-05-14T05:26:48.816076
11370,pull,Jacob Lamb,Jennifer Holmes,1199,we,state,2024-01-26T04:59:20.955358,2025-01-15T13:12:11.549993
67585,reduce,Adrian Williams,Rose Barry,772,light,what,2023-07-23T00:22:53.578715,2024-04-27T12:11:37.653844
31541,decision,Amy King,Ann Oliver,3204,office,commercial,2024-04-26T06:10:13.609181,2024-05-03T17:07:32.502898
37182,read,Robert Hoffman,Terrence Frey,2040,stand,since,2023-03-05T12:44:32.498407,2024-09-10T15:30:25.663861
96290,economic,Jasmine Jones,Erica Klein,1347,sell,may,2023-03-03T04:20:40.126126,2024-11-08T09:48:03.803566
46617,floor,Brittany Pacheco,Clayton Young,1617,drug,relate,2023-11-17T19:10:42.759303,2024-04-12T14:04:09.431794
7931,against,Rose Novak,Cassie Hayes,289,stop,operation,2023-12-16T06:10:06.142280,2024-05-28T11:51:46.009859
98510,camera,Amanda Rivera,Lori Gibbs,3487,put,agency,2024-07-12T17:38:57.461008,2025-01-21T22:45:07.105924
41345,Mr,Rachel Burton,Travis Jones,1537,unit,way,2024-05-23T21:52:28.340171,2024-02-04T08:49:45.464506
44573,six,Tyler Garner,Emily Holland,2908,serve,enter,2023-09-15T03:18:39.546242,2024-10-13T18:22:34.312574
40195,draw,Michele Li,Jeremy Hanson,2563,set,spend,2024-04-09T03:23:45.735782,2024-05-19T17:06:44.119669
51694,nearly,Kevin Salinas,Melissa Smith,1496,allow,can,2023-07-15T04:45:54.939557,2024-08-04T19:14:15.602403
74071,church,Brett Stone,Jeffrey Rose,2810,rather,look,2023-06-19T20:59:27.579206,2024-08-01T00:37:16.023258
95038,measure,Kristie White,Laura Walter,1351,modern,beat,2023-05-17T15:30:39.615955,2024-11-15T02:53:01.297636
33441,fly,Mallory White,Madison Spencer,2215,job,training,2023-10-17T00:51:00.651225,2024-08-11T18:07:53.084698
85300,series,Alicia Davenport,Eric Wright,404,guess,air,2023-10-09T12:12:05.766787,2024-08-18T20:19:03.703094
45675,decision,Shelby Coleman,Tara Harris,398,sometimes,what,2023-08-18T07:24:48.118293,2024-08-30T18:20:37.955644
61529,she,Beth Larsen,Lisa Nelson,3537,case,trip,2024-06-13T21:10:07.098063,2024-06-09T03:53:15.647882
38747,show,Donald Scott,Jesse Morris,959,true,my,2024-02-19T04:39:24.837095,2024-12-26T20:00:58.215278
97471,forget,Tamara Harrington,John Knox,3095,fact,trouble,2023-09-23T21:12:52.995550,2024-11-06T14:31:27.477953
61897,keep,Molly Rice,Maria Price,2401,yes,even,2024-11-17T21:38:02.803524,2024-06-17T11:52:02.543736
89377,west,Mrs. Natasha Vasquez,Tim Galloway,285,analysis,result,2023-08-28T02:01:33.258524,2024-06-18T23:09:58.226506
96656,common,Erin Price,Rachel Taylor,2445,or,successful,2024-02-10T09:34:23.516651,2024-08-07T11:13:46.144485
65873,likely,Samantha Johnson,Robin Morris,926,training,who,2023-05-21T15:51:24.358131,2024-02-13T12:03:48.272255
79404,front,Andrew Roberts,Brady Bishop,3409,health,above,2024-07-22T04:13:13.840100,2024-02-28T17:45:30.219298
23521,theory,Suzanne Dean,James Wilcox,2729,book,outside,2024-04-03T09:38:21.829138,2024-05-06T16:50:54.849740
9297,attention,Brad Evans,Kelly Allen,1164,kitchen,just,2024-11-29T14:49:16.204056,2024-04-17T03:59:13.434866
78219,book,Katrina Martin DDS,Lisa Williams,1335,success,here,2024-08-31T04:43:47.185162,2024-12-03T17:12:16.230235
8966,poor,Matthew Green,Monique Jones,2907,available,appear,2023-02-12T01:43:08.196011,2024-05-06T02:22:22.378537
8932,be,Michelle Butler,Vickie Thompson,2294,live,edge,2023-12-19T17:00:10.368179,2024-02-17T04:06:55.212234
56317,billion,Monica Boyle,Bruce Hayes,2525,fill,season,2023-04-04T00:33:34.343188,2024-05-17T16:21:06.239952
41074,attention,Jennifer Rojas,Amanda Lang,1180,ask,have,2024-02-28T04:49:00.118925,2024-05-07T02:48:10.846434
41868,form,Michael Lowe,Christina Gomez,3433,above,another,2023-12-21T21:39:15.248715,2024-04-03T09:59:12.314055
82574,plan,David Farmer,Jill Thompson,3474,stage,machine,2024-09-09T05:19:48.258104,2024-03-01T09:56:44.523478
9124,talk,Susan Simpson DVM,Andrew Thornton,60,event,young,2023-05-19T10:26:33.616293,2024-02-08T09:24:51.476805
88176,near,William Washington,Brittany Duke,1157,firm,travel,2023-10-28T11:40:07.629566,2024-06-27T08:59:40.023132
61207,per,Allen Jones,Matthew Perry,3184,kind,scene,2024-02-21T14:11:14.678617,2024-05-25T16:27:16.302803
65843,decision,Bradley Davis,Stephanie Suarez,851,budget,culture,2023-11-19T10:25:40.461031,2024-11-16T22:39:54.195244
73378,appear,Lori Williams,Taylor Smith,1183,identify,miss,2024-10-06T22:51:14.046601,2024-09-10T20:06:57.971905
33238,back,Jackson Hudson,Amanda Moore MD,1575,news,which,2023-09-19T21:36:43.636125,2024-09-22T08:48:43.582713
74033,long,Kerry Calderon,Corey Haynes,2673,treat,Congress,2024-06-09T16:57:38.167608,2024-03-09T19:33:34.567576
54254,star,Jill Tanner,Steven Smith,1159,machine,through,2024-08-11T02:23:10.578011,2024-05-29T06:44:00.109383
61421,rise,Peter Rodriguez,Stephanie Bruce,1291,when,almost,2024-11-09T21:16:45.925216,2024-10-26T09:17:46.363115
88370,example,Dr. Mark Garcia,Janice Rice,1544,bag,organization,2023-05-15T16:29:45.263389,2024-05-04T02:05:45.285325
2812,employee,Marisa Adams,Daniel Waller,2117,arrive,catch,2023-03-22T23:15:06.316266,2025-01-01T05:21:56.148952
36404,time,Karen Becker,Tiffany Harrison,3018,performance,two,2024-11-15T02:07:20.201106,2024-06-15T06:27:59.655871
11140,author,Dean Smith,Danielle Mitchell,723,create,trip,2024-06-12T12:44:56.446596,2025-01-22T14:55:27.042396
23256,particular,Katherine Tran,Deborah Lester,3279,year,glass,2023-12-03T10:35:02.924779,2024-08-30T23:20:47.615546
78770,decision,Martin Matthews,Pam Cannon,766,prove,yes,2024-05-05T16:12:46.854947,2025-01-18T19:48:47.357328
84849,local,Chloe Williams,Krista Jenkins,2029,nice,hour,2024-05-08T21:32:59.566799,2024-09-18T02:04:14.094628
61911,for,Tyler Young,Tracy Joseph,1324,herself,fall,2023-12-26T10:14:00.376465,2024-06-09T16:40:50.538322
13445,door,Sandra Diaz,Travis Bennett,2822,task,young,2024-04-20T04:12:46.570093,2024-12-30T09:27:10.930160
74372,article,Emily Avila,Angela Bautista,241,room,poor,2023-02-10T06:16:51.454763,2024-11-11T17:34:39.149551
36304,lot,David Johnson,Daniel Hughes,1551,specific,receive,2023-12-15T13:20:51.666391,2024-10-29T14:28:48.093441
65729,arrive,Lori Ray,Andrew Cooper,1594,write,police,2023-10-03T10:11:44.142500,2024-11-26T02:30:03.982802
27334,describe,Tina King,Richard Valdez,1176,step,exist,2023-11-15T05:55:38.041470,2024-03-14T14:47:23.156801
33104,hair,Ashley Lee,Shannon Brown,2991,involve,end,2024-10-11T13:09:39.128667,2024-08-07T03:56:41.821981
22646,although,Gabriel Green,Danny Tucker,1616,traditional,require,2024-11-23T11:46:48.882820,2024-02-17T07:39:02.924511
16640,yard,Crystal Jones,Debra Schneider,2292,nature,campaign,2024-09-28T15:59:28.978668,2024-12-19T06:45:48.894478
45116,mission,Amanda Wilkins,Thomas Burton,3399,break,address,2023-07-14T23:11:17.309157,2024-11-01T13:18:21.513676
19050,three,Linda Thompson,Dr. Rebekah Walker,2622,third,beat,2023-05-03T07:28:42.263139,2024-08-26T23:07:00.338527
94657,step,Melissa Dominguez,Ashley Wilson,1598,health,management,2025-01-16T11:56:58.334582,2024-12-27T10:27:13.714128
35535,police,Kyle Gross,Tracy Simmons,3330,quickly,central,2024-03-30T06:47:51.402538,2024-03-07T04:30:29.899660
18321,campaign,Megan Thomas,James Pace,1242,former,apply,2023-12-14T06:23:06.910992,2024-02-01T15:46:28.859409
4029,article,Alec Grant,Stephanie Anderson,2613,left,state,2023-02-19T04:00:04.974571,2024-03-21T05:53:27.955621
29545,surface,John Ramirez,Mark Williams,2105,Mrs,guy,2024-02-06T13:47:39.270714,2025-01-12T17:51:12.462753
31779,police,Larry Larson,Linda Martinez,639,data,me,2024-11-22T00:16:08.376386,2024-09-12T08:13:50.454399
30585,treatment,Tammy Lee,Thomas Tran,511,try,class,2024-06-23T23:42:48.803599,2024-12-04T08:52:05.336134
29911,time,Wesley Taylor,Kathryn Spencer,1519,common,plant,2024-02-06T01:36:58.551441,2024-02-27T08:39:13.475429
7957,phone,Brian Wilson,Bill Hensley,2142,describe,production,2023-08-10T06:07:49.722472,2024-12-19T06:27:59.033468
22357,mind,Misty Peck,Michael Peterson,1822,between,structure,2024-02-01T11:30:16.665798,2024-07-11T16:19:08.439693
93951,field,Bonnie Morse,David Jenkins,892,message,these,2023-10-03T09:21:35.272292,2024-11-03T13:40:51.422992
47346,production,Jamie Perez,Julie Robinson,490,physical,knowledge,2024-08-26T03:23:28.863727,2025-01-12T03:16:14.047910
72973,direction,Angela Edwards,Jeffrey Brown,1246,participant,eight,2024-01-15T05:34:19.066002,2024-11-17T15:57:27.321873
93551,north,David Stanton,Douglas Herring,2148,rate,end,2023-06-11T22:47:21.432726,2024-10-19T12:29:34.477274
63914,develop,Mr. Matthew Cuevas,Sandra Gutierrez,2907,pull,south,2023-05-18T09:50:39.843095,2024-08-31T15:20:54.079062
3649,nation,John Harper,Jaime Shannon,769,it,whom,2023-02-17T09:39:40.619714,2024-12-08T16:12:33.472144
71747,somebody,Michael Frazier,Darrell Hayes,373,person,allow,2023-05-10T00:28:34.368731,2024-09-13T20:32:40.480467
20353,state,Brian Beltran,Patrick Hale,167,dream,view,2023-02-20T20:14:02.959712,2024-09-07T18:23:55.209733
22574,number,Donna Hess,David Spencer,3173,field,ask,2023-11-05T17:54:31.376043,2024-02-02T23:25:03.548286
17719,easy,Christopher Lucas,Willie Hernandez,3117,suggest,sure,2024-04-26T13:02:04.200624,2024-06-01T03:04:57.366786
5603,heavy,Jamie Patterson,Stephen Beard,3135,note,boy,2023-02-05T07:10:13.675339,2024-08-04T15:51:48.035762
32646,field,Janice Arnold,Ryan Reed,778,final,investment,2023-12-20T23:37:42.081663,2024-06-22T07:15:49.266608
98284,citizen,Tamara Black,Christian Blevins,3117,firm,politics,2023-07-20T05:50:09.914107,2024-04-23T08:59:25.930262
79280,environmental,Jeremy Shaw,Ryan Thomas,2654,where,Congress,2024-02-03T18:56:45.883197,2024-11-06T22:08:02.808617
97503,toward,Wendy Boyer,Jason Short,1720,effort,step,2023-11-10T19:50:42.655675,2024-08-08T10:25:18.223958
6489,former,William Wu,Richard Hernandez,341,computer,kitchen,2024-09-15T08:42:59.689033,2024-07-13T00:39:55.549315
70720,hold,Melissa Cochran,Robert Miller,181,piece,executive,2024-02-06T07:25:00.574061,2024-08-22T09:55:02.681267
83588,best,Lori Jackson,David Pacheco,3076,win,study,2024-10-19T13:41:55.303766,2024-08-17T11:21:09.633694
8454,the,Kayla Carter,Karen Craig,655,not,possible,2024-03-05T18:50:32.519767,2024-07-13T04:33:04.765620
33082,bad,Michael Robinson,Aaron Lowe,2726,apply,a,2024-01-08T15:22:05.343071,2024-05-18T03:39:40.976286
75629,none,Michael Hodges,Dustin Harrington,645,so,direction,2023-04-15T21:22:44.662524,2024-04-05T18:52:03.514895
34938,south,Mitchell Pena,Raymond Klein,1809,lot,operation,2024-09-23T08:04:55.138372,2024-11-30T00:09:39.341263
80981,opportunity,Dr. Cody Garcia,Antonio Baker,71,television,wait,2023-01-29T11:48:01.811906,2024-11-09T22:20:54.102215
12144,help,Alisha Wells,Teresa Perkins,1874,result,minute,2023-08-29T12:53:58.806381,2024-04-13T04:10:19.396273
64422,hope,Zachary Brown DDS,Matthew Taylor,2414,family,compare,2024-10-02T02:22:59.008121,2024-11-05T19:27:34.418456
99803,camera,Dawn Compton,Michelle Fields,3410,million,similar,2024-08-08T11:19:02.479064,2024-05-11T06:14:04.324745
7677,these,Andrew Wilson,Anthony Joyce,1567,always,order,2024-11-22T05:34:33.125523,2024-06-26T05:59:49.932566
68399,hundred,Jesus Bender,Scott Payne,2225,lot,idea,2023-12-06T23:51:25.015610,2024-02-25T02:28:21.626357
63165,health,Peter Ward,Anthony Brown,3354,be,dark,2024-06-30T07:32:19.978838,2024-10-17T12:08:00.003099
36922,bar,Catherine Davis,Matthew Johnson,32,specific,car,2024-03-15T02:58:41.822672,2024-07-09T09:09:25.340806
6787,help,Miss Hannah Chase,Victoria Baird,789,about,front,2024-09-27T15:34:36.600197,2024-05-04T03:05:22.264961
4172,Democrat,Brandon Owen,Melissa Adams,1805,us,would,2024-07-20T04:26:18.184597,2024-09-10T05:55:02.329052
64103,if,Lisa Long,Deborah Cruz MD,1564,admit,maybe,2023-09-02T14:45:57.637497,2024-05-07T10:43:31.333651
65547,prepare,Christopher Guzman,Sandra Smith,1371,nice,body,2024-01-24T16:12:35.149090,2024-12-24T06:26:26.074777
6512,back,Brandy West,Richard Wagner,1123,senior,how,2024-02-05T04:06:15.141104,2024-12-19T15:17:08.839927
75273,practice,Terry Ortiz,Anthony Rice,2142,music,system,2024-04-07T21:38:07.368681,2024-07-06T19:35:01.892622
21969,responsibility,Mrs. Ashley Kelly,Krista Carter,2831,themselves,police,2023-02-18T23:28:57.927678,2024-04-08T18:16:44.621082
93175,pattern,Miss Gabrielle Lopez,Robert Taylor,1823,population,thing,2024-03-12T22:15:44.867017,2024-12-10T19:45:45.799221
8798,budget,Sheila Curry,Dominique Park,2624,identify,team,2024-03-19T20:41:08.312404,2024-10-19T03:40:29.663034
36301,stock,Amber Ward,Lisa Medina,712,capital,beyond,2023-05-26T17:52:28.380130,2024-09-16T15:19:34.982463
99004,bed,Nicole Jones,Shane Hays,461,citizen,top,2023-10-23T20:41:53.517111,2024-11-13T07:21:19.566764
64546,inside,Jennifer Hill,Barbara Duncan,246,billion,road,2024-03-21T16:22:00.763355,2024-12-17T20:51:09.646435
27948,strong,Alison Schultz,Lisa Jones,1163,page,picture,2023-08-13T06:15:02.998099,2025-01-06T10:12:06.128382
41170,true,Gary Bruce,Alexis Johnston,1198,book,condition,2024-05-13T09:46:47.689941,2024-04-24T04:50:08.136466
92182,seven,Patricia Kline,Lori Smith,532,different,news,2023-08-04T22:59:33.898165,2024-09-20T07:25:36.272683
24569,argue,Catherine Gutierrez,Bryan Chang,1899,family,practice,2023-03-14T21:21:02.911344,2024-02-16T04:07:10.621591
37220,hundred,Jennifer Allison,Bonnie Dickson,3465,ball,generation,2024-06-30T15:17:03.240155,2024-07-04T08:42:46.234702
57581,institution,John Roberts,Lisa Medina,1928,laugh,forget,2023-09-05T08:32:23.447698,2024-03-28T07:49:38.141304
77444,issue,Dwayne Harris,Patricia Dixon,1054,impact,fall,2023-10-18T05:55:45.656135,2024-04-04T05:59:37.826440
45926,individual,Leslie Ochoa,Karen Martinez,2376,increase,relationship,2024-11-15T10:49:41.963758,2025-01-19T02:33:22.458373
15684,court,Anthony Moss,Christopher Kaufman,3078,country,rate,2024-05-15T12:04:58.576988,2024-03-30T04:38:47.158406
68621,seat,Janet Johnson,George Rodriguez,947,dog,protect,2024-04-01T22:25:16.346101,2024-10-13T04:23:18.333488
46938,trouble,Dylan Cox,Leslie Young,2314,family,activity,2024-12-16T16:29:28.424923,2024-10-24T16:33:02.129518
70692,catch,David Griffin MD,Amanda Romero,2586,also,middle,2023-02-24T19:20:36.321653,2024-12-04T14:14:44.968742
45754,you,Gregory Frazier,Sarah Weaver,481,movie,political,2024-08-15T05:05:11.109940,2024-07-08T01:27:21.805348
97979,recently,Tyler Klein,Melanie Baker,1865,positive,number,2024-07-31T15:50:25.162456,2024-03-31T20:02:53.238375
80351,far,William Olson,Dana Smith,2033,us,our,2023-05-14T03:04:33.248431,2024-08-29T00:58:33.746110
11959,degree,Teresa Winters,Michael Garza,2644,population,into,2023-08-04T05:14:34.938208,2024-10-23T02:20:10.506147
74305,baby,Philip Jensen,Jeff Schultz,3377,guess,can,2024-11-20T14:51:40.235138,2024-04-03T04:26:05.822732
21480,voice,Corey Kelly,Juan Curry,2206,particular,herself,2024-05-06T10:57:08.188566,2024-06-16T21:01:31.604670
6877,least,Jacqueline Gonzales,Sara Hendrix,2940,prepare,daughter,2023-10-01T20:36:42.829079,2024-11-11T03:36:44.959350
48635,bad,Joseph Hall,Beth Taylor,1591,night,doctor,2024-01-21T16:37:43.204976,2024-12-15T19:23:07.975542
62649,finally,Jessica Snyder,Eric Anderson,1164,which,city,2024-10-28T10:48:32.860261,2024-07-05T05:51:41.181916
5197,reduce,Steven Johnson,Andrew Bonilla,2473,support,spring,2023-03-29T10:03:12.110103,2024-07-18T20:14:28.193421
33021,behavior,Ann Goodwin,Victoria Vega,1210,quite,visit,2024-04-01T00:53:40.109453,2024-08-24T16:28:38.605089
40884,sure,Jonathan Knox,Ronald Hill,205,while,response,2024-03-07T00:09:50.989283,2024-05-10T05:33:38.194949
10863,administration,Melissa Matthews,Jessica Wilson,2387,develop,guy,2023-11-24T14:10:06.658039,2025-01-12T14:30:30.789291
61675,party,Colleen Page,Debbie Roberts,1684,medical,house,2024-01-15T12:28:26.836008,2024-09-29T15:56:54.350195
37162,already,Margaret Willis,Larry Ritter,2297,ready,see,2023-12-31T13:19:12.363383,2024-05-11T23:36:39.761740
39632,song,Edgar Price,Daniel Wilson,1166,woman,each,2023-06-07T03:27:48.927388,2024-03-14T01:34:23.560120
59048,standard,Christopher Hopkins,Jennifer Hernandez,2660,nature,identify,2023-06-18T18:28:40.951276,2024-07-17T18:40:06.662785
66122,anything,Shelby Randall,Thomas Guzman,2267,chair,seat,2023-06-25T12:14:14.867701,2024-09-30T10:10:47.233222
23515,top,Christina Henderson,Sabrina Price,1858,leg,whatever,2024-02-29T15:48:48.891197,2024-09-18T01:39:30.378655
61149,spend,Brian Gutierrez,Antonio Woods,1788,professor,type,2024-06-29T08:05:39.218360,2024-08-02T03:19:48.417379
85796,similar,Alexander Cox,Joshua Sims,70,none,space,2024-11-25T09:10:29.028698,2024-04-07T16:03:51.509324
19120,movie,Jeremy Taylor,Joseph Smith,1339,action,training,2024-11-20T16:29:02.110265,2024-06-06T03:49:51.849083
90254,order,Scott Cobb,Justin Bailey,173,strategy,give,2024-01-08T13:15:54.719068,2024-08-07T15:02:46.712857
18617,low,Colleen Shah,Dana Davis,3074,writer,edge,2024-01-20T00:12:18.526993,2024-05-12T23:56:19.607015
90221,street,Phillip Michael,Mary Wagner,959,culture,way,2024-11-16T00:28:53.541258,2024-09-09T08:48:53.771689
80194,stand,Frank Berger,Sophia Stanley,3534,enough,important,2024-06-16T19:46:15.156273,2025-01-11T23:21:01.332356
4251,service,Jeremy Dalton,Timothy Gordon,851,recently,thought,2023-07-17T10:53:20.135940,2024-02-29T15:22:18.108694
33863,establish,Anna Ortega,Timothy Lopez,3383,movie,firm,2023-07-29T13:34:20.980405,2024-12-17T12:06:47.801073
51997,hold,Crystal Mitchell,Corey Steele,1805,prepare,budget,2023-06-17T08:20:02.278685,2024-07-04T15:41:34.217856
71005,way,Sara Snyder,Lisa Herrera,597,prepare,open,2024-10-31T03:18:20.085565,2024-02-15T09:29:49.818825
20394,thus,Robert Thomas,Carol Hernandez,2514,research,both,2023-04-20T15:02:22.298264,2024-07-07T14:42:04.163069
11875,affect,Karen Obrien,Leslie Scott,173,pretty,perhaps,2023-07-17T18:09:56.437017,2024-08-11T11:07:02.703731
60536,executive,Kevin Lloyd,Elizabeth Crawford,1218,move,care,2024-09-28T19:45:56.940136,2024-11-02T17:28:31.717547
10159,various,Debra Ramirez,Laurie Wood,980,just,tend,2024-05-03T06:48:38.394773,2024-03-27T17:33:05.460581
15792,among,Crystal Lewis,Melinda Rivera,2890,future,skill,2023-02-15T08:24:12.231305,2024-09-26T07:57:41.890213
15915,action,Cynthia Parrish,April Ramirez,2128,street,hotel,2024-06-14T16:53:35.020136,2024-09-21T03:28:32.744670
18730,would,Michael Warner,Kristopher Moore,1820,require,between,2023-07-31T06:28:20.734074,2024-12-30T04:07:44.214103
86230,decision,Danielle Jones,Jennifer Leon,2821,whole,strategy,2024-10-23T17:10:41.197902,2024-03-29T13:27:44.573455
57694,time,Joan Stanley,Jessica Evans,1954,until,candidate,2024-11-12T03:15:01.047254,2024-11-19T01:08:50.078007
3871,experience,Michelle Johnson,Shirley Gibson,2942,pick,my,2023-05-16T17:26:21.351411,2024-05-13T15:59:46.522602
83641,message,Mrs. Stacey Hoffman DDS,Michael Farmer,2599,name,environmental,2024-12-12T06:16:14.855880,2025-01-24T18:15:48.147466
69997,none,Michael Harris,Keith Frazier,320,daughter,world,2023-11-23T23:26:34.511111,2024-02-14T08:53:38.162622
6893,such,Joshua Howard,Richard Shelton,435,wish,keep,2024-06-19T00:22:47.780688,2024-06-30T12:23:26.495500
24021,practice,David Brooks,Leslie Cook,708,have,to,2024-12-27T11:10:47.810242,2024-04-16T09:16:25.986254
91681,wear,Jo Patterson,Dr. Traci Savage MD,515,line,school,2023-10-05T16:11:31.926478,2024-05-24T07:46:47.196531
34748,within,Gregg Scott,Anne Campbell,282,off,a,2023-11-17T09:25:58.480315,2025-01-26T03:28:27.541321
3875,international,Jennifer Young,Gabriel Flores,3433,only,hotel,2024-07-11T07:22:52.769715,2024-11-07T13:51:39.528604
56064,personal,Jessica Perez,William Clayton,1088,produce,image,2023-08-24T07:27:32.308723,2024-10-01T20:38:15.431879
54791,bed,Jennifer Adams,Alexis Perez,742,difference,evening,2024-10-21T11:03:49.826923,2024-06-28T02:36:59.792249
92060,clearly,Matthew Lozano,Michelle Roberts,618,total,care,2023-10-10T22:55:21.208224,2024-04-18T20:09:14.253262
4233,theory,Stephanie Cobb,Ryan Morgan,899,national,design,2023-11-25T10:30:40.418065,2024-12-16T07:20:15.153237
69805,surface,Joseph Jones,Melissa Gamble,389,talk,nor,2024-09-17T05:20:06.527425,2024-06-28T23:08:49.838384
37766,receive,Cassandra Hansen,Samuel Sanders,218,approach,which,2024-05-03T06:56:21.872619,2024-06-15T04:59:47.824564
62303,window,Jessica Wood,Maria Hansen,3002,forward,upon,2023-06-13T09:38:58.725129,2024-10-15T08:32:18.781652
87826,drug,James Stewart,William Stewart,1279,performance,customer,2024-10-20T14:52:56.362854,2024-11-08T14:18:35.091393
60006,summer,Lisa Fuller,Joshua West,840,while,friend,2024-12-26T04:49:28.083894,2024-07-15T22:41:00.621068
94652,program,Bradley Welch,Heather Deleon,625,rather,list,2023-12-03T14:27:32.037847,2025-01-25T09:20:05.280965
5917,himself,Jeffrey Johnson,Jennifer Charles,2455,game,bring,2023-11-08T10:24:15.735845,2024-07-25T10:51:00.562957
66247,for,David Dudley,April Houston,3172,far,result,2024-05-13T03:29:29.253040,2024-09-04T10:53:23.142812
20160,the,Sandra Alexander,Michael Fox,2197,series,you,2024-01-15T20:12:32.424494,2024-06-01T01:22:53.852516
84651,its,Kevin Waters,Courtney Douglas,917,sure,no,2023-06-17T12:00:15.242970,2024-12-13T06:10:25.407882
32004,address,Crystal Parsons,Jeffrey Delgado,603,consumer,garden,2023-02-05T16:15:20.441427,2024-07-30T00:18:37.560527
81944,listen,Erika Larsen,Edwin Curtis,1168,government,significant,2024-09-20T22:04:21.864188,2024-12-25T08:13:04.995970
3533,break,Drew Jensen,Gregory Schneider,1525,girl,laugh,2024-12-01T12:17:09.896991,2024-02-25T10:51:08.443770
36117,especially,Carrie Martin,Joshua Porter,1397,bad,safe,2023-11-16T12:36:14.608851,2024-09-03T14:48:10.993169
55472,white,Christopher Riley,Amanda Martinez,3032,kind,budget,2024-12-19T09:30:33.466148,2024-12-17T18:19:18.386995
50303,hundred,Patricia Lewis,Daniel Bernard,3260,radio,ready,2023-04-29T20:33:56.664845,2024-08-29T17:43:55.266960
56996,ok,Darlene Jackson,Teresa Jones,1637,ball,traditional,2024-12-24T23:29:54.551994,2024-07-22T14:34:18.292663
65031,charge,Melissa Pratt,Steven Taylor,1524,place,ball,2023-03-12T14:14:27.652415,2024-08-11T23:23:22.384413
1554,face,Katie Jimenez,Margaret Wilson,2678,character,success,2023-11-23T01:04:56.489391,2024-04-19T16:47:45.836039
15914,our,Jennifer Smith,John Hendricks,2463,fish,begin,2024-04-14T16:19:03.053475,2024-07-10T00:35:54.463251
58351,in,Gina Lawrence DDS,Laura Kelley,1816,news,source,2023-02-18T14:48:08.379221,2024-08-12T08:26:13.169430
69082,result,Ms. Gina Johnson DDS,Elizabeth Klein,3198,theory,draw,2024-10-13T10:18:12.698617,2024-02-07T08:55:09.414599
52988,charge,Aaron Edwards,Regina Garcia,1,difference,any,2023-11-20T21:04:55.670594,2024-04-06T12:11:18.808514
24229,democratic,Robert Jackson,Kayla Lee,2035,project,he,2023-06-09T09:31:27.400336,2024-11-21T20:39:36.039591
3930,fish,Mr. Tyler Johnson,Tyler Edwards,2186,compare,degree,2023-06-23T06:38:34.207004,2024-02-22T18:45:17.852264
65558,wife,Megan Arellano,Tara Kelley,2776,same,now,2023-10-21T09:42:52.033755,2024-11-01T21:53:06.123941
87345,system,Tiffany Gilbert,Matthew Taylor,2356,risk,send,2024-10-13T19:46:02.605206,2024-04-25T06:10:26.270885
9341,resource,Michael Mason,Christine Doyle,1216,later,today,2024-09-14T19:38:41.746295,2024-12-04T14:59:53.468548
6881,author,Andrea Davis,Martha Bailey,528,stay,deal,2023-11-20T20:59:11.380481,2024-04-17T16:38:18.237637
36569,base,Diana Parsons,Breanna Graham,1497,get,institution,2024-08-16T07:38:26.934553,2024-02-11T10:48:07.820165
41541,community,Laura Waller,Audrey Hunt,804,sense,just,2023-09-08T12:39:26.235865,2024-09-14T17:12:12.817558
97164,take,Joseph Wilson,Gregory Hooper,972,glass,issue,2024-06-12T22:40:48.795145,2024-07-06T07:47:20.757347
19624,card,Anna Potter,Joseph Norton,642,whole,deal,2024-11-20T19:44:08.444771,2024-02-06T18:32:42.200305
12136,onto,Tyler Sellers,Emily Rivera,1505,suggest,man,2024-04-13T05:07:54.459795,2024-04-04T15:15:24.531178
3897,might,Kathleen Hamilton,Emily Moore DVM,1800,rich,fear,2024-04-05T10:19:14.698639,2024-07-23T12:55:05.077039
48891,fight,Heidi Gordon,Patrick Stewart,1490,put,face,2023-04-06T23:41:02.910822,2024-09-25T13:57:36.446660
39497,read,Heidi White,Alan Bailey,2622,far,focus,2024-12-03T17:12:53.029506,2024-01-30T18:47:00.602054
59198,standard,Samuel Randall,Andrew Lozano,3068,both,stay,2025-01-12T14:10:33.734185,2024-03-13T09:00:42.355198
18315,cost,Clinton Murphy,Amanda Brown,1712,professional,increase,2024-06-28T12:21:09.960861,2024-08-08T03:57:02.048627
37062,face,Rhonda Williams,Sarah Brown,532,rich,economic,2024-11-09T06:22:31.092547,2024-04-12T18:22:31.195999
46135,call,Kelly Roberts,Tony Jackson III,569,serious,common,2023-11-16T09:45:53.089228,2024-03-15T11:28:45.053648
71865,your,James Rocha,Bryan Jackson,1935,baby,major,2024-07-13T14:52:49.300709,2024-03-04T06:25:57.648783
39391,can,Katie Mcdonald,Patrick Gonzales,258,blue,table,2024-06-25T01:13:47.836457,2024-07-07T06:25:34.035317
96645,back,Jennifer Cox,Mr. Ryan Carpenter,3416,lay,character,2024-12-29T12:52:43.630989,2024-12-08T19:53:32.148537
80419,artist,Laura Wood,Angela Campbell,2585,look,level,2023-12-29T07:51:34.038516,2024-09-29T00:49:23.035908
50122,son,Carrie Wolfe,Thomas Jimenez,1338,anyone,between,2023-02-13T13:10:15.476963,2024-07-05T00:55:19.410155
29465,large,Andrew Mccall,Aaron Christensen,2687,official,why,2024-06-13T02:46:44.979327,2024-06-22T20:52:15.859106
90,human,Samantha Wilson,Jenna Kelly,318,under,set,2024-01-23T06:05:27.076549,2024-05-16T05:45:22.188338
98768,whatever,Michael Bishop,Timothy Herman,1760,admit,field,2023-03-30T01:31:43.882893,2024-06-15T21:45:02.743261
76698,available,Sandra Shepard,Brenda Walker,3140,catch,firm,2023-11-16T09:47:15.922372,2024-11-22T02:29:50.257004
89740,former,Ryan Santiago,Ellen Smith,1702,couple,hit,2024-02-17T19:10:44.421222,2024-03-04T20:54:56.448098
16174,same,David Boone,Dylan Diaz,2162,down,life,2024-09-30T06:41:50.461586,2025-01-22T01:15:58.991762
54758,building,Matthew Garcia,Wendy Reilly,2620,data,white,2024-01-16T20:39:33.562909,2024-03-25T11:02:12.241298
40910,individual,Casey Miller,Michael Kent,584,finish,red,2024-02-18T09:02:43.411413,2024-06-01T04:35:13.684759
28211,likely,Sandra Russell,Sharon Romero MD,1796,chance,point,2024-04-12T11:10:09.663521,2024-07-10T07:35:22.316103
79121,cup,Patricia Wong,Caroline Hooper,423,artist,respond,2023-05-05T22:51:24.536522,2024-06-08T14:24:17.988278
72947,in,Danielle Johnson,Tara Gilmore,1205,forward,point,2024-10-17T21:41:15.533940,2024-10-11T08:21:43.924395
32446,throughout,Holly Hicks DDS,Sheila Garcia,686,put,subject,2024-01-06T19:06:24.907482,2024-04-19T02:28:43.872118
98008,benefit,Rachael Torres,Erin Hill,924,your,out,2023-06-12T17:01:04.989507,2024-07-10T14:11:02.455852
89589,local,Lindsay Carr,Suzanne Harris,2975,attention,better,2024-01-21T12:46:23.585975,2025-01-17T17:27:08.619887
36774,of,Valerie Snow,Mary Harris,86,direction,carry,2023-11-25T16:28:30.944335,2024-10-21T06:46:27.636647
65423,several,Tiffany Morgan,Brian Miller,487,human,these,2023-11-09T03:21:37.501967,2024-04-30T05:42:27.245378
61503,material,Joseph Mann,Alicia Schaefer,1699,wrong,tell,2024-11-10T14:24:57.174866,2024-08-22T19:32:56.412347
56887,many,Kenneth Lynch,Bradley Williams,2440,still,expect,2023-02-27T22:30:22.489743,2024-06-15T14:10:10.520355
92020,kid,Eric Williams,Ebony Snyder,1440,girl,yes,2024-09-29T13:12:24.619218,2024-05-09T15:21:25.548454
53504,little,Lindsey Howard,Pamela Wilkins,2608,everything,yet,2024-11-08T08:10:09.994022,2024-03-07T08:40:19.813330
41926,baby,Tina Mcdaniel,Elizabeth Kelly,2727,term,lead,2023-03-16T12:06:43.867296,2024-04-24T14:58:07.876308
4358,as,Katie Lewis,Charles Taylor,1988,civil,east,2023-10-02T23:27:59.483769,2024-03-30T01:21:45.654868
4740,soldier,Matthew Collins,Anna Chavez,1173,option,country,2023-11-19T16:49:50.760379,2024-07-30T02:59:24.741559
55009,enjoy,Mr. Michael Ruiz,Gregory Robinson,2382,participant,practice,2024-05-11T23:47:12.173534,2024-03-26T07:13:04.422706
98352,eight,Eric Wall,Diane Richards,981,from,have,2024-04-14T06:52:34.235518,2024-04-10T13:20:52.808161
37449,hair,Melanie Martinez,George Tyler,3453,than,continue,2023-10-08T10:31:23.174779,2024-12-31T00:26:58.345864
39309,sit,Bryan Gallagher,Kimberly Johnson,480,reality,treat,2023-12-01T19:15:58.903343,2024-06-28T15:25:25.653738
68767,phone,Kimberly Frey,Zachary Singh,1786,officer,shake,2024-04-25T16:28:14.331425,2024-02-20T01:28:05.478480
23416,occur,Jason Smith,Kevin Butler,1646,soldier,late,2024-01-12T13:13:18.405076,2024-02-20T13:30:30.957441
63293,buy,Jennifer Jackson,Michael Willis,2410,world,visit,2023-12-12T20:57:16.914565,2024-06-04T01:15:10.519159
18372,listen,Alicia Allen,Alvin Robinson,712,parent,health,2024-07-04T02:21:48.381112,2024-07-10T09:07:43.869637
52594,charge,Dr. Holly Arnold,Derek Martin,2100,either,deal,2025-01-15T18:32:29.967966,2025-01-24T11:41:43.327339
6522,why,Susan Hunt,Randy Harris,388,firm,image,2023-02-15T00:07:06.635561,2024-08-07T20:01:15.962426
49832,camera,Catherine Carlson,Lawrence Hill II,995,level,third,2023-05-04T01:41:28.406116,2024-08-03T23:50:15.081888
18516,whatever,Lauren Nash,Lisa Morales,3408,game,budget,2023-06-19T16:42:42.141238,2024-11-02T09:38:08.720919
19600,eight,Stanley Harris,Mrs. Barbara Jones,2706,here,street,2024-01-10T01:23:20.071257,2024-05-17T12:04:36.878405
60812,at,Jessica Sanchez,Paul Goodman,2616,machine,remember,2024-03-21T16:53:08.798027,2024-04-06T21:50:04.727416
19570,buy,Tammy Gilbert,Ricky Johnston,5,executive,series,2023-07-19T14:49:12.115302,2024-11-14T13:42:09.107325
93489,many,Troy Walls,Bobby Martin,437,prevent,road,2024-02-19T04:50:18.217286,2024-02-13T21:19:03.974760
67883,leave,Charles Willis,Belinda Johnson,2935,security,bit,2023-08-12T21:40:56.568690,2024-12-23T16:20:37.536257
34751,weight,Shannon Greer,Barbara Williams,2875,save,process,2023-05-18T04:23:14.343571,2024-05-08T06:17:43.270747
52589,protect,Robert Zimmerman,Dale Costa,3480,relationship,appear,2024-12-01T07:04:28.658274,2024-09-20T01:53:06.497688
51810,although,Steven Roman,Rebekah Salinas,2551,six,sign,2023-02-18T08:49:28.638819,2024-09-07T14:14:38.516125
29472,left,Lisa Cook,Andrew Hall,3339,close,behind,2024-06-01T22:26:10.908199,2024-09-01T03:29:09.220081
65534,design,Angela Whitaker,Dr. Christopher Waters,598,four,care,2024-10-15T09:20:49.826291,2024-08-15T10:38:30.486487
87357,democratic,Thomas Garcia,Stephanie Pace,461,second,leave,2023-06-17T22:46:15.615013,2024-02-02T16:23:39.941848
31502,too,Rebecca Reyes,Timothy Morgan,3211,really,detail,2024-01-21T07:27:15.525121,2024-03-29T14:38:01.225106
22501,above,Sarah Buckley,Joseph Mendez,1870,put,street,2024-11-07T05:10:34.678796,2024-05-08T01:12:35.656744
37900,our,Vickie Watson DVM,Kurt Salazar,3599,entire,keep,2023-09-23T14:48:00.235987,2024-10-08T10:41:38.680013
37895,available,Stephen Walsh,Justin Miller,2301,community,all,2024-03-26T03:07:14.207512,2024-02-01T19:22:03.517757
23428,the,Tina Walker,Amy Kennedy,3598,management,law,2023-05-06T20:51:08.847498,2024-09-18T11:58:48.694411
26102,especially,John Castillo,Jay Reilly,735,finally,remember,2024-11-11T15:53:58.359838,2024-04-14T04:07:50.036135
94108,common,Michael Steele,Tracy Sheppard,2823,economy,might,2025-01-01T12:29:06.622427,2025-01-07T14:21:50.922753
91816,new,Melanie Black,Heather Banks,2699,there,soldier,2024-04-08T06:18:17.039345,2024-08-02T12:40:58.361803
27728,serve,Christina Williams,Sarah Thomas,2480,five,everything,2023-08-09T07:10:41.396482,2025-01-10T09:47:06.767427
3475,build,David Holland,Alexander Chen,3246,form,explain,2024-07-05T05:59:50.294815,2025-01-23T12:49:05.280980
86330,develop,Karl Harrison,Nicholas Pierce,1339,thousand,themselves,2024-04-18T04:10:18.512177,2024-12-15T16:32:05.456595
23475,figure,Joy Howard,Aaron Miller,635,couple,share,2023-05-26T08:32:53.363207,2024-03-16T15:00:51.220458
19162,reason,Ryan Chen,Jay Goodwin,1063,point,machine,2024-02-20T09:50:58.283547,2024-10-27T14:29:31.982265
30614,high,Suzanne Brown,Adam Young,3429,brother,detail,2024-06-07T22:48:31.221765,2024-10-10T18:57:54.213998
23545,even,Jennifer Brown,Gary Bruce,1486,entire,product,2024-04-03T05:22:10.149888,2024-12-24T18:11:26.708197
55231,myself,Beth Randolph,Jaime Keller,351,body,Congress,2024-11-17T20:38:33.110936,2024-05-19T06:40:10.255098
81156,director,Christian Brown,Tom Pruitt,288,your,these,2023-07-28T16:31:25.445508,2024-12-03T09:01:23.701756
62967,oil,Jim Diaz,Shelly Gonzalez,419,more,stop,2023-07-04T20:35:59.293859,2025-01-12T10:06:36.470690
17704,heavy,Joshua Robinson,Daniel Chambers,3371,maybe,although,2023-07-30T03:32:15.039776,2024-06-02T04:57:10.906665
66413,recognize,Elizabeth Roberts,Donald Jackson,3070,allow,establish,2023-06-27T19:26:18.524569,2024-11-01T02:43:35.634112
29894,practice,Marcus Hancock,Edward Williams,1595,although,assume,2024-11-30T19:51:16.568824,2024-12-10T05:59:58.545490
63545,anything,Karen Medina,Ashley Smith,3424,soldier,participant,2024-06-02T05:10:13.726272,2024-07-02T14:26:05.283774
35193,challenge,Michael Cole,Manuel Olson,3066,box,operation,2023-06-06T02:37:33.408460,2024-07-20T02:39:43.553332
38100,time,Holly Young,Mary Chapman,544,rule,art,2023-11-14T10:57:16.913268,2024-04-08T09:23:48.987554
33853,candidate,Eric Wilcox,Rachael Foster,3060,senior,class,2023-07-06T08:21:12.517856,2024-10-15T05:18:43.076460
9887,training,Lawrence Jones,Kimberly Matthews,21,husband,religious,2024-09-27T02:27:13.782481,2024-07-01T00:41:27.418638
9914,against,Michael Blake,Samuel Price,366,along,in,2023-07-11T09:03:38.352925,2024-05-18T16:34:32.517733
77274,film,Dustin Tucker,Andrea Walker,1226,front,win,2024-12-02T18:18:15.593855,2024-04-16T01:41:22.483492
29343,word,Charles Ramirez,Nicole Phillips,1649,during,throughout,2023-10-04T21:34:48.624364,2024-11-26T16:44:22.917207
94763,should,Joseph Snyder,James Green,1305,including,dream,2023-02-02T19:44:14.277508,2024-04-10T22:52:01.799588
93439,store,Jennifer Morales,Amy Gonzalez,2948,two,dinner,2024-05-15T01:52:27.892274,2024-07-16T17:45:13.682906
30275,for,Patrick Case,Benjamin Mckee,1161,nothing,treatment,2024-01-12T08:36:55.017082,2025-01-19T08:42:56.031657
59667,method,Nicole Smith,Nicole Mcgee,3165,there,night,2023-08-02T14:55:35.993795,2024-04-23T19:20:35.589477
29196,race,Kenneth Romero,Thomas Diaz,3441,always,capital,2025-01-25T20:49:20.373018,2024-03-25T04:55:11.804757
79133,I,Leslie Rowland,Phillip Ortiz,2626,skin,future,2024-02-07T19:15:31.105747,2024-04-03T23:32:46.114154
74013,themselves,Joseph Ramos,Dr. Joshua Hill,3529,agency,wish,2023-07-10T19:12:18.777778,2024-06-08T18:43:48.402258
77206,check,Lauren Roberts,Brandon Jackson,1933,ball,describe,2023-12-07T01:20:25.147037,2025-01-15T02:00:59.775370
92098,avoid,Nicholas Rich,Christopher Jones,2359,than,enjoy,2024-03-21T07:17:45.515022,2024-10-19T14:42:42.817523
68790,issue,Rachel Lopez,Luis Roach,2115,determine,collection,2023-02-06T21:02:43.712411,2024-10-27T00:11:54.615127
9732,accept,Chelsea Medina,Elizabeth Krause,2986,fly,raise,2024-04-17T20:05:07.213246,2024-09-25T00:54:53.686230
36777,clearly,David Bright,Wendy Cunningham,992,style,address,2024-03-10T13:22:58.466872,2024-08-13T22:22:14.242260
84831,learn,Victoria Wilson,Patricia Harrison,2633,happen,pull,2024-08-29T23:31:59.854518,2024-08-05T15:52:28.723847
36623,produce,Juan Martin,Theresa Hoffman,1666,PM,game,2023-10-20T14:31:05.123377,2024-12-21T14:40:05.233539
44144,process,Timothy Rodriguez,Jessica Bradley,2704,position,major,2024-10-12T13:11:19.328020,2024-11-03T21:34:00.294321
21215,weight,Stephanie Anderson,Gina White,781,go,seem,2023-11-29T01:01:28.963033,2024-12-12T14:40:01.587131
53458,upon,Jamie Good,Amy Jones,72,bring,education,2024-05-08T16:51:52.518408,2025-01-15T18:28:48.179287
76838,enough,John Henson,Daniel Pratt,992,thing,physical,2024-03-30T20:34:11.686222,2024-02-18T04:18:39.611631
61101,bed,Jacob Johnson,Debra Lawson,2783,about,bring,2023-10-30T03:15:26.640776,2024-05-31T03:43:50.519419
3164,tonight,Brian Adams,Brian Adams,2323,onto,attorney,2023-10-12T10:42:33.713092,2024-02-11T01:46:43.793816
5678,your,Samantha Fox,Megan Obrien,2413,share,language,2024-01-07T16:47:15.964815,2024-11-20T12:23:24.149315
12016,event,Ashley Schneider,Daniel Steele,334,themselves,less,2025-01-19T08:32:53.265679,2025-01-26T06:44:02.295915
33416,then,Stephanie Wright,Michelle Becker,558,through,large,2023-07-08T11:25:27.464093,2024-04-24T12:40:05.132305
66296,newspaper,Justin Baker,Thomas Martinez,3191,million,provide,2023-11-18T18:46:48.896108,2024-11-01T12:55:51.365719
26019,space,Patricia Hawkins,Stacy Brewer,2277,girl,run,2024-11-24T03:18:33.979015,2024-09-28T01:45:25.334128
33275,north,Zachary Williams,Matthew Chang,3011,mind,human,2023-08-09T11:31:32.328131,2024-08-20T05:51:15.593825
39870,method,Ashley Thompson,Janice Trujillo,182,wish,really,2024-04-23T06:28:33.828446,2024-04-08T23:35:41.119394
53336,performance,Logan Davis,Michelle Krueger,779,would,tree,2024-05-17T08:55:16.475213,2024-09-12T19:27:39.040284
40196,public,Anthony Woods,Bryan Mendoza,2690,wrong,experience,2024-02-17T05:24:13.755588,2024-04-03T10:47:51.651746
32907,team,Andrew Collier,John Nguyen,1000,three,add,2023-07-14T16:41:55.464716,2024-03-10T06:52:21.760925
19258,address,Mary Rubio,Ryan Bailey,270,because,not,2024-03-09T16:20:15.846162,2024-03-20T04:28:55.051780
49891,close,Todd Fuentes,Christopher Jackson,1555,whatever,its,2024-10-08T09:48:55.638052,2024-12-01T09:18:06.012692
97752,move,Carol Meyer,Robin Moore,2970,budget,during,2024-08-26T11:42:37.907251,2025-01-15T13:08:14.760265
28896,consider,Thomas Novak,Stacey Garcia,2649,change,same,2024-01-08T11:02:47.637330,2025-01-16T19:44:11.082009
60088,call,Michelle Neal,Eric Mcfarland,2657,expert,plan,2023-06-26T22:44:59.818870,2024-04-01T10:04:45.765365
14953,the,Stephanie Johnson,Joshua Villarreal,3147,may,fill,2024-04-22T01:49:42.135601,2024-09-13T04:00:53.905713
66064,hope,Tina Hooper,Timothy Collins,3365,enough,provide,2023-02-15T16:44:47.102076,2025-01-16T07:23:32.745575
38674,great,Stephanie Smith,Amy Robinson,946,it,put,2024-09-05T21:10:28.465349,2025-01-26T12:18:32.811965
88612,cold,David Evans,Erin Mccarthy,1325,past,machine,2024-02-26T16:06:26.855271,2024-09-02T12:08:35.083649
58212,when,William Velasquez,Kenneth Martinez,3323,truth,themselves,2024-03-11T00:48:05.269060,2024-07-22T14:28:29.290128
51270,away,Donna Ortiz,Paul Harvey,3589,way,try,2023-03-29T08:15:37.467811,2024-03-07T07:53:27.683401
37956,compare,Mr. Joseph Kennedy DDS,Christopher Cole,1250,remember,man,2024-06-12T05:55:56.891493,2024-08-11T03:43:58.453619
8964,court,Rebecca Rivera,Timothy Williamson,3164,action,animal,2024-06-20T23:32:32.910081,2024-04-30T20:18:12.426698
13065,such,Marcus Lee,Charles Merritt,305,certainly,throw,2025-01-01T00:03:41.327630,2024-06-08T16:41:40.096764
27636,sound,Jeffrey Washington,John Petersen,2559,professor,ask,2024-02-26T07:54:25.501432,2024-02-21T02:42:50.243582
92080,hundred,William Smith,Lindsey Baker MD,2224,instead,performance,2025-01-16T21:37:15.676369,2024-12-17T20:06:59.607228
73534,beyond,Rachel Swanson,Carlos Mueller,3401,international,discuss,2024-07-14T03:46:34.704371,2024-05-14T05:04:17.645823
16208,collection,Michael Anderson,Gary Poole,1449,everything,I,2023-12-02T12:04:10.711131,2024-08-25T15:39:50.708147
13306,catch,Sara Green,Samantha Hutchinson,459,section,reason,2023-01-29T15:23:20.347634,2024-10-30T08:40:50.810236
87098,true,Aaron Anderson,Angela Hensley,1603,simply,laugh,2023-03-09T20:25:02.277675,2024-09-18T21:48:50.010681
63330,much,Courtney Hunter,Robert Martin,75,building,enough,2024-10-07T16:11:56.537033,2024-06-20T18:26:10.920789
21482,control,Kevin Clayton,Erin Kelly,994,subject,nation,2023-01-27T22:55:25.179795,2024-10-03T11:28:02.438899
97297,single,Ernest Rios,Katherine Stewart,2525,open,campaign,2024-11-08T09:56:28.216020,2025-01-16T09:34:05.863112
18286,every,Carol Davis,Charles Maxwell,368,door,bad,2023-03-03T04:27:02.565974,2024-11-02T01:13:48.385065
46705,material,Jennifer Lozano,Michael Martin,720,chance,become,2023-11-26T05:40:51.864812,2024-10-04T10:33:12.127593
9421,network,Lisa Jones,Jennifer Parker,221,although,knowledge,2023-12-28T16:07:09.916478,2024-12-01T21:06:50.745257
81499,subject,Ronald Willis,Grace Cruz,3540,rock,society,2024-01-22T09:23:29.809054,2024-02-19T20:12:34.146239
97026,television,Chad Hurst,Jonathan Bennett,2664,recent,may,2024-09-20T01:54:57.946478,2024-07-26T04:23:56.746510
98175,hear,Joshua Miller,Robert Meza,1696,professional,work,2024-12-11T11:39:47.649896,2024-11-02T07:04:19.127669
38995,add,Pam Diaz,Austin Cooper,2806,summer,chair,2024-01-20T20:22:56.046723,2024-09-06T17:06:19.925364
18329,dream,Cindy Lewis,Michelle Dawson,996,issue,former,2024-12-25T02:43:12.691374,2024-11-15T17:27:51.059142
49894,professor,Jeremy Ramirez,Lisa Duncan,3510,best,born,2023-10-06T06:44:57.514886,2024-04-17T17:16:25.221155
91586,year,Aimee Robinson,Tina Key,1,discover,as,2024-12-05T18:45:06.149651,2024-03-31T10:16:14.521864
66902,before,John Flores,Shannon Martinez,1059,occur,candidate,2023-08-22T07:38:35.656232,2024-09-16T12:37:55.310905
76017,small,Lance Watson,Dennis Flynn,1438,shake,reach,2023-06-13T09:06:51.180885,2024-07-16T07:52:24.718626
42727,friend,Jessica Norris,Lisa Flores,712,admit,near,2024-03-03T22:56:38.612291,2024-07-02T01:05:50.281596
58749,personal,Shawn Nunez,Cheryl Hall PhD,2980,down,task,2024-06-19T08:59:04.862065,2024-03-22T10:53:50.307009
25946,TV,Katherine Li,Cheryl Coleman,1541,high,hold,2023-11-02T07:38:59.943032,2025-01-06T05:00:34.269540
12895,list,Micheal Campbell,John Chapman,2302,affect,while,2024-02-09T23:07:24.086554,2024-10-24T06:43:05.334157
1961,rich,Christy Morrow,Ian Carlson,2725,also,live,2023-06-28T23:07:32.487776,2024-04-02T05:00:55.426944
70422,month,Christopher Schneider,Tina Garrison,1452,police,thank,2024-11-16T03:36:57.223110,2024-04-27T23:54:43.031349
15213,part,Shelby Wheeler,Mark Burnett,3396,build,reveal,2023-04-25T02:04:38.955664,2024-10-30T19:58:42.754329
43552,put,Melanie Holt,Samantha Snyder,2611,discussion,significant,2024-10-20T05:48:56.214935,2025-01-06T20:31:40.645019
87912,deal,Kristin Callahan,Logan Chen,2376,west,figure,2023-03-04T05:45:04.200664,2024-06-20T08:20:29.929752
87616,quickly,Samuel Jensen,Natalie Taylor,755,line,cell,2024-01-04T09:27:13.002845,2024-10-31T18:33:31.559199
70645,involve,Christopher Hicks,Tamara Cox,3124,policy,serve,2023-10-02T05:30:43.984066,2024-02-25T11:50:31.603179
38156,drive,Emily Lewis,David Chambers,1523,relationship,may,2024-12-08T20:21:44.379884,2024-12-20T03:14:58.552297
82180,radio,Katrina Short,Erin Shelton,1369,level,structure,2024-06-02T23:29:25.028651,2024-09-11T10:03:13.347464
68478,when,Terri Parsons,Melissa Joseph,1662,scene,financial,2024-04-11T14:26:17.372015,2024-04-15T07:12:12.753798
83108,line,John Scott,Joshua Phelps,3070,American,director,2023-09-15T23:25:14.730685,2025-01-02T02:57:23.708785
94263,place,Ariel Valdez,Yvette Murphy,235,clear,program,2023-10-16T08:05:38.841429,2024-03-23T00:32:58.048232
82381,enter,Christina Wheeler,Matthew Graham,814,today,evidence,2024-09-17T12:24:13.809821,2024-07-27T09:42:06.355400
57300,Mrs,Karen Peterson,Melanie Hernandez,2717,hospital,remain,2023-03-28T10:19:56.326382,2024-02-11T06:29:40.743755
47995,any,Bradley Riley,Sean Sullivan,3596,art,occur,2024-01-30T02:37:43.054754,2024-08-20T20:28:03.808098
50372,work,Jose Walker,Michael Boyle,2710,teacher,available,2023-04-10T00:21:26.016826,2024-05-22T04:04:29.986080
92036,its,Kyle Lopez,Sheila Howe,1126,push,skill,2023-05-28T23:15:03.083951,2024-04-07T06:32:50.670585
70165,since,Mary Armstrong,Christopher Drake,2160,treat,either,2023-05-26T09:03:07.820832,2024-06-30T01:49:25.490663
37712,property,Kyle Webster,Stephanie Sanchez,1418,majority,child,2023-04-16T23:48:19.706562,2024-04-08T18:29:49.886383
4336,scientist,Kimberly Bishop,Robert Cruz,885,nation,difficult,2024-02-17T19:40:53.163812,2025-01-17T16:32:45.314260
21965,beyond,Kelly Reyes,Lisa Bishop,2169,western,indeed,2024-11-03T13:08:13.002221,2024-08-27T08:18:25.639451
28196,medical,Andrew Avila,Maurice Brown,2561,nice,western,2023-09-06T07:40:09.641032,2024-09-28T15:53:46.767383
43165,less,Tiffany Cherry,Sonya Gould,657,best,law,2024-01-14T22:44:10.231209,2024-08-18T14:48:32.254386
77173,its,David Martinez,Teresa Douglas,1840,region,early,2024-07-26T06:11:08.514674,2024-10-11T19:53:55.487141
29038,per,Holly Wilson,Joshua Curry,3394,upon,bag,2023-03-03T21:20:26.187405,2024-08-31T20:12:21.227434
4653,kind,Shaun Murray,Kimberly Greene,387,happy,culture,2023-11-23T17:07:46.222167,2024-03-31T01:07:46.662238
94230,quality,Dennis Sanchez,Andrew Jacobs,1227,whatever,agency,2025-01-25T08:51:10.104702,2024-12-28T13:31:34.135029
20888,speech,Caitlyn Calderon,Victor Keller,2422,price,skill,2023-04-23T01:08:27.654120,2024-10-02T07:28:49.602734
73565,good,Lance Stafford,Jasmine Barker,937,term,camera,2025-01-15T03:13:33.534988,2024-04-25T08:51:03.903721
69436,shoulder,Linda Diaz,Christine Stewart,3320,sort,executive,2023-12-04T11:15:37.990349,2024-04-22T00:34:45.716352
37730,address,Daniel Church,Jacob Miller,2017,effort,day,2023-06-04T16:04:18.044086,2024-04-17T20:07:51.391928
72680,get,Janice Trevino,Jeremy Johnson,2508,natural,bring,2023-12-10T03:28:26.409635,2024-07-12T19:45:31.220609
98115,even,Kathryn Black,Brandy Hernandez,172,read,window,2024-11-14T10:07:52.210421,2025-01-04T20:04:50.869626
42948,physical,Keith Martinez,Susan Acosta,3117,plan,until,2024-02-16T11:36:35.633127,2024-04-09T13:04:43.003068
91896,say,Brittney Garcia,Nancy Taylor,2036,popular,physical,2024-05-12T08:55:09.927450,2024-05-31T01:17:23.162448
78861,security,Joe Cox,Nicole Kelley,1873,draw,professional,2025-01-26T20:12:31.881222,2024-03-10T05:04:52.727341
80103,gun,Brett Bond,James Glenn,2949,west,husband,2023-09-20T18:34:13.965380,2024-12-03T00:33:49.378578
57382,instead,Robert Ruiz,William Patterson,2468,statement,American,2024-12-24T10:35:34.189299,2024-12-27T03:03:10.865247
7387,on,Melissa Carter,Hector Walker,2207,early,turn,2024-07-13T01:48:48.547088,2024-08-29T12:20:34.726867
77209,after,Lisa Horn,Mikayla Duncan,2347,adult,nothing,2024-05-12T19:23:06.241920,2024-06-01T17:15:54.149742
74290,half,Colleen Wilson,Melissa Watts,1635,out,outside,2023-04-24T21:10:56.852312,2024-08-30T12:31:10.994656
26339,would,Eric Stewart,Jeffrey Miles,353,draw,week,2023-07-14T05:46:20.842408,2024-11-30T03:07:10.992859
31180,capital,Christopher King,Matthew Johnson MD,652,sense,Mrs,2024-08-22T03:01:37.038605,2024-12-26T13:57:13.360553
64259,maybe,Russell Anderson,Jennifer Walker,691,assume,someone,2024-01-06T17:41:52.027793,2024-04-06T21:46:58.246434
47844,big,Alexander Dawson,Kayla Adams,427,policy,less,2024-03-12T06:11:49.096171,2024-12-07T01:24:06.685465
72364,throw,Jennifer Poole,Joshua Monroe,2484,great,operation,2023-07-27T08:45:16.415232,2024-02-03T23:43:31.416847
90459,customer,Gregory Harris,Bryce Campbell,1399,family,agree,2023-03-20T17:12:09.520572,2024-11-13T02:35:25.390415
49176,various,Andrea Moran,Lisa Wright,96,response,build,2024-02-26T07:41:51.559726,2024-09-19T18:48:34.428608
69787,child,Jasmine Christensen,Philip Hill,3094,gas,around,2023-10-04T10:49:06.026320,2024-10-05T06:21:11.731510
21758,become,Adam Adkins,Diane Davis,1744,science,least,2025-01-13T02:13:09.719972,2024-05-06T15:39:24.191898
37710,reach,Frances Hendricks,Nicole Miller,56,low,place,2024-09-01T07:54:15.372739,2024-07-04T17:11:04.853824
33782,air,Justin Glover,Nathan Moore,583,above,site,2023-09-04T02:09:28.789127,2024-09-29T12:44:54.093141
75567,able,Jenna Baker,Amy Mueller,508,kitchen,research,2024-04-08T20:05:08.681901,2024-09-23T10:36:58.370905
4439,describe,Alan Brennan,Rhonda Huff,713,product,something,2025-01-26T20:58:39.599204,2024-03-06T13:03:11.404829
47571,give,Gary Chavez,Thomas Smith,563,war,wish,2024-05-30T05:31:00.240707,2024-03-19T19:02:13.328025
43984,listen,Sheryl Richard,Teresa Bauer,2061,prove,account,2023-04-27T05:05:00.965089,2025-01-01T10:42:34.332638
82380,information,Daniel Garcia,Nancy Schultz,3269,kitchen,within,2023-02-03T17:07:25.624452,2024-11-18T11:25:31.933483
88053,sea,Amber Dixon,Robert Lopez,862,today,phone,2023-05-11T18:27:55.408418,2024-11-27T02:30:31.011871
88698,while,Teresa Fisher,Dawn Nash,1216,its,control,2023-06-19T13:03:19.320380,2024-01-29T23:56:46.462924
59444,stock,Christopher Miller,Jennifer Ali,469,tell,painting,2023-11-19T18:30:15.776093,2025-01-16T13:09:08.949861
26335,guess,Adrian Smith,Alice Wise,1350,within,control,2025-01-20T13:34:07.333797,2024-08-01T07:18:54.973613
66689,before,Yolanda Spence,Tiffany Horn,1174,heart,want,2024-04-24T11:38:36.788713,2025-01-22T16:15:28.543916
86969,water,Todd Green,Meredith May,2559,issue,detail,2023-10-06T13:10:09.573760,2024-07-24T01:31:08.761195
59551,government,Ryan Thomas,Paula Brown,2242,factor,admit,2023-10-29T18:40:19.274069,2024-12-16T08:54:33.183858
69782,respond,Matthew Frazier,Hunter Walsh,2826,attention,expect,2023-12-07T18:17:38.067999,2024-05-21T06:07:14.143623
67674,since,Mary Salinas,Sylvia Young,1951,woman,subject,2023-07-20T14:42:56.134603,2024-07-09T07:34:35.118858
98702,use,Cynthia Smith,Jason Fox,2249,challenge,five,2024-08-21T08:52:16.826697,2024-09-22T20:27:33.745818
81056,main,Melissa Lee,Barbara Dominguez,3585,dream,design,2024-08-07T08:11:31.809809,2024-12-24T17:23:49.906180
3762,alone,Robert Moore,Jamie Moore,130,would,whether,2023-07-29T18:24:21.104714,2024-03-17T00:05:25.934753
38802,work,Michelle Davis,Christine Hamilton,1208,imagine,herself,2024-12-29T10:43:11.154780,2024-05-15T09:06:40.999200
55820,defense,Hailey Travis,Jennifer Hall,291,draw,much,2024-04-15T17:23:21.556417,2024-11-01T22:45:46.896657
35751,product,Margaret Smith,Kyle Butler,3061,see,represent,2024-06-22T12:27:09.824373,2024-12-04T10:12:42.941583
94692,walk,Donna Miller,Miranda Wheeler,1443,myself,hot,2024-09-13T12:49:40.120903,2024-11-18T02:12:37.649483
69390,company,Michael Benton,Charles Williams,1073,employee,chance,2024-05-13T20:16:32.377144,2024-11-19T21:46:15.520892
21448,house,Jennifer Lopez,Jacqueline Singh,2802,official,order,2023-05-28T05:59:58.020072,2024-09-27T19:58:51.350125
78144,remain,Patricia Daugherty,Diana Parks,2654,north,car,2024-04-13T02:32:29.368628,2024-08-05T22:06:31.337040
6969,single,Jennifer Gonzalez,Kayla Walter,1072,serious,add,2023-12-11T06:37:59.305387,2024-07-28T16:46:12.082632
81591,imagine,Ellen Brooks,Nicholas Shea,3221,tell,management,2024-05-22T08:44:41.482897,2024-10-21T14:26:28.936624
47010,change,Jonathan Yang,Patrick Wallace,3323,relationship,ball,2024-11-28T13:10:57.285663,2024-11-03T00:38:54.047163
76948,issue,James Kim,Bridget Morgan,3481,turn,power,2023-11-17T11:00:46.343667,2024-02-03T00:06:57.676955
10010,soon,Meghan Castro,Frederick Graham,680,present,break,2024-01-15T08:00:47.223281,2024-12-01T09:22:35.111086
95234,mother,Amanda Gibson DDS,Aaron Anderson,2247,talk,responsibility,2024-03-04T11:32:25.818716,2024-12-31T01:37:08.560567
21081,they,Johnny Ortiz,Devon Medina,2854,that,image,2024-01-22T12:47:39.736948,2024-06-20T08:47:07.561816
92378,particular,Jared Hughes,Austin Wolfe,2374,nearly,special,2023-12-24T14:35:46.979054,2024-12-26T15:49:02.937642
86162,wear,Tony Curtis,William Mccarthy,2452,someone,land,2023-10-12T12:36:00.864071,2024-03-04T22:38:40.363901
65417,military,Kenneth Fitzgerald,Lisa Reeves,842,including,land,2023-09-26T12:47:46.218491,2024-03-23T20:08:55.480080
64956,road,Patricia Downs,John Jones,1476,both,goal,2024-11-11T03:48:58.077241,2024-07-24T22:43:14.684689
17280,marriage,Richard Mcknight,Jason Edwards,794,must,listen,2024-09-30T00:28:41.082731,2024-08-23T11:02:47.237333
99751,movie,Robert Harvey,Craig Watkins,2046,avoid,within,2023-07-03T10:34:15.915303,2024-12-24T14:42:10.523736
87663,firm,David Osborn,Juan Hull,2908,visit,plant,2023-12-14T07:48:45.706713,2024-02-14T09:39:49.774515
48296,tend,Joshua Harris,Ronald Smith,2295,main,radio,2024-05-20T03:50:21.110634,2024-05-28T05:39:30.825996
30259,however,Charles Gomez,Aaron Yang,3304,know,sign,2023-02-24T14:36:05.233428,2024-02-15T17:10:58.411678
37450,son,Paul Miller,Donald Alvarez,3059,whole,play,2024-02-07T04:05:15.438097,2024-02-04T19:10:42.788827
33014,class,William Briggs,Carol King,847,final,performance,2024-02-14T10:09:25.103037,2024-06-08T13:22:08.378837
66285,city,Erin Johnson,Alexandra Herman,1469,every,provide,2024-05-14T06:12:24.300895,2024-06-18T04:40:17.983011
14179,college,Aaron Perez,Sheena Brown,3349,director,raise,2024-05-07T08:57:03.121052,2024-08-18T12:11:52.490750
35349,discuss,Brent Gordon,Nicholas Jacobs,572,similar,product,2024-06-30T23:10:19.214290,2025-01-19T07:37:34.912299
6878,choose,Kevin Manning,Cody Morales,2863,dream,nation,2024-04-28T10:39:53.320412,2024-06-15T06:19:19.681127
76227,yet,Annette Bailey,Summer Bailey,3142,manage,us,2023-07-08T10:06:39.682379,2024-04-02T20:30:01.612191
73038,drug,Julie Coleman,Trevor Obrien,1261,imagine,defense,2024-10-29T20:23:18.634855,2024-11-29T03:04:28.408612
83906,amount,Melissa Meyers,Matthew Mckay,2430,popular,action,2023-11-10T14:12:10.004799,2024-06-25T03:16:06.634557
47510,role,Shannon Wright,Dr. Lori Larson,2536,only,final,2024-12-30T09:07:12.427980,2024-12-11T10:36:08.279540
67539,reality,Bryan Kelly,Jacqueline Crane,740,fly,election,2023-08-02T19:32:14.618391,2024-11-17T15:16:18.797238
75321,professor,Jeffrey Roberts,Austin Mendez,310,party,send,2023-03-20T08:13:24.631649,2024-03-13T14:24:43.930912
35314,town,Jackie Scott,Adriana Nelson,935,loss,town,2023-04-23T15:58:49.368731,2025-01-04T04:06:11.233535
68755,catch,Peter Foster,Kim Mays,2096,population,only,2024-12-15T04:08:35.924595,2025-01-13T00:53:30.544101
1283,option,Donald Burns,Corey Andrews,1106,road,offer,2023-10-11T23:59:37.006542,2024-05-31T18:51:35.123166
80263,prevent,Christopher Huff,Jennifer Cunningham,940,bring,together,2024-09-12T17:40:59.893432,2024-10-05T09:36:50.592135
97612,article,Carrie Grimes,Sean Dalton,2856,recognize,edge,2024-01-29T23:56:01.713543,2024-07-28T15:27:25.293133
12298,major,Dylan Hawkins,Tyler Russell,16,sister,movement,2024-09-20T09:33:42.330742,2024-02-03T03:37:49.319240
19247,building,Rodney Smith,Brandon Garrison,3031,feel,or,2023-06-08T15:26:17.013459,2024-05-29T09:29:46.107290
7780,side,Philip Gallegos,Gabrielle Johnson,1142,sometimes,recent,2024-11-04T11:48:08.272288,2024-07-10T20:33:55.965788
50623,several,Mr. David Robinson,Tim Frazier,1800,call,not,2023-09-07T02:51:42.355556,2024-05-15T15:24:36.360435
8479,each,Amy Middleton,Lauren Anderson,3595,near,drive,2024-12-28T04:57:58.534692,2024-07-10T06:38:58.710710
49402,ever,Bradley Peterson,Joyce Williams,1599,reflect,television,2023-03-04T00:39:44.383897,2025-01-12T13:00:48.892922
37404,remain,Austin Myers,Paul Martinez,1536,order,mention,2024-05-10T17:26:05.556764,2024-05-25T16:29:55.893408
58342,fast,Amber Walker,Melissa Pennington,1286,impact,sound,2024-10-24T14:47:40.184782,2025-01-04T00:25:33.591446
82262,rate,Austin Duncan,Sean Mooney,183,happen,for,2024-03-05T22:29:39.506666,2024-08-31T02:49:39.259812
53718,capital,Melody Hernandez,Michael Sanchez,655,imagine,list,2024-04-08T15:22:20.276273,2024-03-09T23:23:37.805546
1134,south,Edward Suarez,Charles Wagner,259,join,Mrs,2024-09-28T18:23:00.099461,2024-12-26T22:10:51.277221
61382,focus,Jason White,Amber Richardson,1825,imagine,war,2024-05-17T04:09:39.995756,2024-09-29T21:05:18.505691
1549,effort,Mr. Richard Brown,Donna Pham,3582,science,machine,2023-12-30T12:46:20.603790,2025-01-17T21:39:09.788798
85986,product,David Shaw,Maria Trujillo,1355,both,radio,2023-07-03T07:01:03.040180,2024-06-16T00:19:03.420073
85640,business,Sharon Carter,Joseph Miller,2335,wonder,include,2025-01-07T02:24:35.496122,2024-11-18T02:36:16.751602
93503,ready,Claudia Ellison,Elizabeth Johnson,1004,exist,quickly,2024-11-26T03:58:47.977962,2024-09-15T22:10:43.844009
20694,scientist,Mark Love,Alfred Adams,1474,type,fire,2023-06-13T19:41:53.847863,2024-05-15T06:52:21.013860
7208,material,Jessica Brown,Micheal Cox,1114,suddenly,deep,2024-06-16T23:24:36.351795,2024-11-09T22:02:49.724339
65318,indicate,Jessica Lester,Alexandra Tanner,1515,seat,machine,2025-01-17T00:52:34.777792,2024-04-18T04:30:08.141570
74444,baby,Richard Anderson,Joyce Carpenter,2975,better,perhaps,2024-05-27T01:11:45.232674,2024-06-03T21:33:20.457669
90646,summer,Thomas Adams,Kenneth Sherman,2374,model,board,2024-06-11T09:32:38.755682,2024-11-16T02:18:05.044628
84717,opportunity,Dr. Joseph Wilson,Edward Parker,2279,charge,you,2023-02-25T07:56:15.671247,2024-09-29T15:43:36.950047
95832,central,Lisa Perez,Yolanda Armstrong,869,item,clear,2024-01-16T04:14:33.563253,2024-10-10T23:59:52.850114
33355,though,Stephanie Church,Shaun Garcia,1156,agree,find,2023-07-28T14:37:17.823596,2024-05-10T04:26:25.923593
84187,big,Cynthia Salazar,Zachary Peterson,1731,reason,begin,2023-05-12T11:21:06.405874,2024-07-03T18:07:08.712470
50300,leg,Mary Williamson,Shane Sandoval,850,beautiful,campaign,2024-12-02T04:12:56.910932,2024-10-26T18:46:40.835588
2352,national,Lawrence Hawkins,Emily Erickson,1246,cell,behind,2024-01-03T20:40:43.368598,2024-03-22T13:09:32.427537
58962,want,Christopher Gonzalez,Carrie Leon,3213,short,doctor,2023-06-15T08:15:16.653929,2024-02-27T16:03:16.680304
35566,one,Albert Ramirez,Robert Lopez,812,south,rock,2023-10-14T07:59:30.944221,2025-01-25T22:17:42.604091
65588,discover,William Boyd,Brett Green,1390,detail,focus,2024-10-10T11:45:47.490685,2024-10-27T23:38:24.459708
49167,inside,Daniel Clark,Elizabeth Lewis,867,road,enjoy,2023-05-15T08:20:10.595071,2024-11-09T07:19:34.140503
40109,front,Andre Lee,Joyce Bradley,2042,present,behavior,2024-03-03T06:05:35.191616,2024-04-13T20:25:17.160125
42492,professional,Melissa Long,Shannon Williams,2984,total,manage,2024-08-17T20:19:50.946318,2024-07-10T01:59:57.250894
35822,happen,Angela Gaines,Christopher Green,2057,fund,key,2024-04-01T12:18:46.788993,2024-05-22T12:53:51.373559
77372,part,Mrs. Amy Castillo,Jeffrey Lopez,1768,challenge,happen,2024-04-22T13:13:21.420379,2024-02-14T09:01:53.809336
73039,employee,Joseph Roberts,Stacey Franklin,3106,the,project,2023-07-12T08:17:27.801894,2024-11-17T06:09:08.745783
43495,once,Tiffany Jones,Justin Brown,1509,medical,stand,2023-06-23T05:03:52.857801,2024-11-13T07:26:33.784467
46037,theory,Kelly Jones,David Woodard,1848,them,college,2024-07-23T10:37:28.266963,2024-06-17T15:06:54.463863
19329,help,Karen Lane,Barry Smith Jr.,1432,company,area,2023-03-17T02:05:37.373085,2024-09-18T16:18:05.795700
4468,card,Christian Spencer,David Smith,1577,amount,risk,2023-12-03T04:57:55.467526,2025-01-14T04:44:37.466703
78412,pull,James George,Steven Jackson,3383,detail,sound,2024-01-17T07:36:41.011906,2024-11-08T14:16:48.232361
87930,public,Michelle Smith,Francisco Norman,1703,table,off,2023-08-18T08:37:24.351724,2024-05-02T22:25:05.502427
74851,operation,Craig Gentry MD,Catherine Hurst,1045,any,watch,2024-05-06T21:56:41.659195,2024-02-04T12:55:01.887182
71272,teacher,Dana Mccoy,Ashley Carson,874,popular,professional,2023-04-11T02:21:27.991833,2024-03-21T21:24:38.876489
67544,arrive,Thomas Hudson,Michelle Taylor,724,nothing,win,2024-11-25T00:33:07.807056,2024-04-18T21:36:28.484078
67485,several,Bradley Taylor,William Cruz,1331,strategy,right,2025-01-21T23:13:58.612399,2024-07-30T17:17:04.135282
21598,score,Elizabeth Yates,Bonnie Jones,131,military,position,2024-10-21T03:10:12.939311,2024-07-19T09:15:10.328458
36972,do,Andrew Parker,Katie Yoder,1527,institution,car,2023-04-16T22:24:33.473826,2024-10-22T03:51:43.925294
94549,in,Katherine Schroeder,Shannon Paul,2019,house,that,2023-05-22T07:25:19.612215,2024-07-03T12:42:44.448145
89971,cold,Joseph Howard,Tammie Wells,2010,effort,station,2023-06-25T21:00:22.533023,2024-08-27T10:21:15.350072
38847,toward,Lauren Irwin,Nancy Dawson,1327,today,opportunity,2023-07-01T00:28:10.144036,2024-08-03T01:44:00.404087
19819,test,Sarah Santos,Nathaniel Reed,1835,star,former,2023-10-05T08:14:33.621598,2024-09-23T22:42:15.478373
12305,family,Terry Fletcher DDS,Brenda Tran,2278,race,minute,2023-03-21T03:55:11.167950,2024-08-22T03:10:14.171494
30052,possible,Kerri Jones,Ryan Rosales,2836,character,again,2024-04-15T23:03:42.391875,2024-09-24T16:15:08.713181
97185,could,Jessica Bradley,Emily Sanchez,1454,others,teach,2023-09-15T16:54:56.907562,2024-03-10T23:44:26.287294
61652,down,Mary Keller,John Williams,492,energy,fact,2023-02-19T16:47:43.250362,2024-10-30T07:18:34.317829
99894,already,Chris Williams,Michael Peterson,1532,page,face,2023-11-23T04:40:20.733615,2024-11-26T19:41:20.761228
59867,voice,Richard Carney,Adam Mack,3310,give,whatever,2024-03-15T22:18:28.035580,2024-06-28T21:05:56.735710
44194,suffer,Robert Reed,Joshua Gonzalez,3550,be,while,2024-06-30T23:35:46.431461,2024-12-10T01:51:38.327712
33505,within,Linda Cook,Douglas Johnson,276,act,not,2023-12-30T02:09:42.202810,2024-09-02T18:51:28.632936
19261,into,Jonathan Diaz,Thomas Mccullough,3023,short,way,2024-03-23T02:15:21.559255,2024-12-10T14:44:45.011440
24058,moment,Andrew Bates,Sherri Henderson,1294,feel,usually,2024-07-28T20:40:05.181219,2024-12-21T08:38:21.435611
32895,fast,Hunter Lynch,Curtis Kim,768,necessary,candidate,2023-12-11T04:31:16.260815,2024-09-30T19:16:53.094192
65562,foot,Jackson Burke,Larry Thompson,659,bring,full,2023-10-18T23:42:13.706625,2024-07-01T12:32:50.734234
96609,for,Karen Santos,Troy Turner,1618,agreement,during,2024-03-27T09:35:00.936184,2024-03-22T17:36:13.873897
26182,control,Kim Garcia,Peter Williams,704,source,policy,2023-06-19T09:26:09.778603,2024-11-21T13:26:42.026349
65395,man,Kimberly Douglas,Douglas Watkins,740,whether,serious,2024-03-14T22:11:01.912338,2024-06-03T15:32:12.305534
59446,surface,Todd Tucker,Paula Anderson,1717,down,first,2023-12-22T11:42:47.233757,2024-08-12T20:34:05.038168
