track_id,name,artist,songwriters,duration,genres,album,created_at,updated_at
83983,half,Mindy White,Ann Burton,41,able,high,2024-07-26T01:16:44.539226,2024-10-03T18:42:20.997802
50419,so,Michael Hunter,Patricia Pittman,543,cup,need,2023-04-30T01:59:12.570501,2024-03-20T04:41:59.590955
8210,increase,Seth Foster,Cynthia Vance,632,peace,off,2023-06-19T20:22:44.479886,2024-06-26T22:19:32.936278
49439,make,Heather Frank,Gary Blake,3056,occur,lawyer,2025-01-01T23:39:22.220383,2024-12-03T10:19:06.600840
10420,occur,David Evans,Sarah Garcia,1253,item,direction,2025-01-28T14:55:29.759781,2024-07-25T14:44:46.572134
5966,often,Cindy Schroeder,Robert Myers,2842,blood,better,2023-02-14T07:03:48.378718,2024-05-25T08:36:34.273578
35166,environment,Lauren Moore,Erica Guzman,2673,where,series,2023-07-07T12:16:41.251401,2024-06-09T03:41:15.342178
83601,never,Randall Hopkins,Michael Gonzales,2816,myself,today,2023-05-19T15:07:42.162039,2024-09-19T22:17:37.682108
43311,wonder,Melissa Taylor,Grace Dillon,1018,response,natural,2023-06-20T22:01:26.977549,2024-08-09T15:15:36.844491
32627,successful,Nicholas Wang,Donna Williams,2336,woman,compare,2023-02-05T01:48:24.982809,2025-01-21T21:38:59.319870
11915,everybody,Katherine Gonzalez,Carrie Grant,3459,us,figure,2024-04-05T22:42:46.307183,2024-03-05T09:02:03.909890
75485,party,Melinda Gamble,Shirley Johnson,3001,commercial,improve,2023-02-25T21:31:09.284108,2024-08-30T07:02:04.774305
8343,answer,Thomas Smith,Michael Hanson,972,cause,pick,2024-11-23T04:09:36.347455,2025-01-09T20:02:13.112784
95264,alone,Christopher Phillips,Crystal James,2931,election,happen,2023-06-01T16:02:17.284279,2024-07-31T05:12:58.302825
65341,while,Kenneth Oneill,Michelle Ward,3396,lay,my,2024-08-18T13:46:48.595489,2024-03-30T22:01:23.733217
25962,guy,Edward Grant,Darrell Jones,1708,yard,serious,2023-02-27T19:45:31.353975,2024-08-08T23:24:17.422483
26964,president,James Moore,Glenn Patterson,2729,five,fall,2024-02-21T08:31:00.145077,2024-06-03T07:07:24.754289
27908,a,Christy Harris,Rachel Boyer,2621,light,lay,2024-07-09T03:53:37.788901,2024-10-14T15:20:53.655040
96674,food,Brian Parker,Matthew Hudson,692,subject,public,2023-08-02T01:33:33.805915,2024-08-01T12:38:29.704931
33005,top,Cameron Bowman,Emily Erickson,64,arm,participant,2023-06-30T06:07:23.892294,2024-11-13T22:17:20.211411
21874,laugh,Tony Harper,Christopher Cohen,1037,clear,anything,2024-09-03T09:09:05.067210,2024-06-17T13:36:29.894145
88385,media,Melissa Fernandez,Timothy Pennington,486,until,human,2023-03-08T21:52:39.450221,2024-02-03T08:33:27.304677
10992,collection,Kristy George,Heather Garrison,1893,read,oil,2024-03-28T01:45:45.796264,2024-12-03T11:38:44.883187
38859,within,Elizabeth Hernandez,Benjamin Mcgrath,2895,agency,theory,2024-03-17T08:12:33.013439,2024-12-29T07:05:41.866575
99821,seven,Troy Miller,Tammy Phelps,2957,just,personal,2024-09-08T09:16:15.856070,2024-04-02T03:40:08.939918
65168,green,April Young,Kristi Love,2116,place,right,2024-04-29T22:33:09.572630,2024-04-21T11:39:32.226335
87445,cell,Jordan Ward,Crystal Alexander,1874,possible,relate,2023-06-13T04:30:15.151157,2025-01-26T07:04:24.948143
21810,certain,Nicholas Tran,Michael Jones,916,want,interesting,2023-08-25T14:41:42.290025,2024-07-04T10:42:42.570115
4474,company,Joanna Adams,Charles Scott,1034,indicate,cultural,2023-06-08T20:17:49.330645,2024-08-06T17:35:58.618235
86170,however,Janice Waters,Ariana Rice,3416,air,the,2024-05-09T19:19:25.019710,2024-09-05T14:43:48.765297
52553,buy,James Herring,Jessica Murray,3000,past,really,2023-07-30T14:07:53.428298,2024-08-11T06:16:15.336743
51791,find,Wanda Quinn,Paul Brooks,483,hour,phone,2024-11-27T14:57:17.751430,2024-10-09T02:43:39.310179
79877,past,William Johnson,Willie Fletcher,2225,begin,enjoy,2025-01-19T12:52:02.741341,2024-09-27T16:26:54.681191
56256,teach,Kevin Moon,Sean Young,2700,claim,southern,2024-02-25T23:06:59.738013,2024-05-26T23:07:40.469550
21794,better,Wesley Perez,Michelle Shelton,210,pressure,determine,2024-03-21T06:24:35.092468,2024-06-23T17:35:45.763233
48803,turn,Clinton Ballard,Susan Williams,3241,bed,difference,2024-01-16T22:12:15.815663,2025-01-13T08:23:10.075521
35672,analysis,Lisa Gamble,Amanda Smith,635,American,herself,2023-03-24T12:12:59.845577,2024-05-16T19:16:35.265111
70354,time,Anthony Blevins,Christopher Garcia,2508,by,shoulder,2023-05-03T03:00:34.883094,2024-08-20T08:33:23.045979
77656,risk,Brittany Franco,Matthew Glass,1894,development,include,2023-04-17T19:18:00.747486,2024-04-12T00:14:46.801872
19077,father,Jessica Garcia,Dustin Perez,2554,ten,participant,2024-11-09T00:01:30.908155,2024-03-26T01:39:44.245796
7550,trial,Dennis Velasquez,Curtis Mckinney,1335,by,need,2023-08-02T20:52:15.240565,2024-07-18T01:44:43.332375
58150,majority,Melissa Hernandez,Miranda Newman,1058,street,specific,2023-05-08T04:31:44.666761,2024-09-23T17:05:56.303386
17319,line,Steven Nguyen,Ashley Little,1280,budget,Mrs,2024-10-23T02:59:49.269902,2024-11-27T20:54:45.154482
76586,fact,Christine Parker,Kaitlin Chan,1585,federal,anything,2023-02-12T21:04:25.976297,2024-12-03T22:01:58.675487
11399,mention,Andre Costa,David Young,2119,management,play,2023-11-16T13:02:15.910486,2024-06-13T06:47:28.278092
86466,skill,Jessica Welch,Alexander Peterson,937,something,service,2023-04-03T10:30:32.797305,2024-12-26T14:10:38.411981
34350,close,Ashley Floyd,Jenna Evans,92,Republican,building,2024-07-21T06:31:07.869233,2024-12-17T01:38:10.698234
68783,find,Taylor Chavez,Natasha Williams,1224,cold,human,2023-08-13T00:45:45.035092,2024-04-29T00:01:52.643147
22168,stay,Melissa Wilkinson,Daniel Crawford DDS,1776,full,administration,2023-08-29T16:30:43.322145,2024-11-23T12:46:33.939835
65221,campaign,Shawn Riley,Nicole Gates,560,space,several,2024-09-10T23:44:54.456068,2025-01-01T18:49:27.744848
67946,establish,Heather Myers,Janet Ballard,1833,upon,stage,2024-11-08T11:40:36.396005,2024-06-13T09:48:59.622181
50314,look,Anne Ingram,Anne Gray,2938,window,by,2024-08-06T22:47:56.112844,2024-08-12T21:19:08.572742
51161,light,Brandon Peters,Tina Prince,1353,serious,bed,2024-01-02T13:28:17.279807,2024-03-03T08:30:34.083022
64195,sound,Jacob Lawson,Carol Dixon,3146,practice,understand,2023-09-03T19:13:43.211834,2024-04-09T23:46:05.117558
57077,within,Erika Strickland,Kristy Peters,2131,two,drop,2023-07-08T05:04:33.331546,2024-04-08T22:29:00.058942
75343,strategy,Hailey Hart,Scott Bailey,2411,shake,pattern,2023-06-19T09:00:41.780810,2024-12-12T15:18:32.438828
60929,administration,Mrs. Teresa Beasley,Maria Francis,989,modern,care,2023-02-18T12:55:01.110359,2024-12-28T17:04:41.548335
62500,against,Vanessa Lawrence,Mary Mccall,2839,method,can,2023-06-24T01:08:39.517550,2024-04-19T05:47:36.826752
37170,these,Crystal Cook,Kathy Wells,2204,call,fill,2024-05-01T13:41:13.187799,2024-05-11T08:10:57.071184
4595,right,Melissa Peterson,Michael Garner,734,live,pay,2023-03-30T01:12:46.871404,2024-09-23T23:09:52.588801
72251,what,Brittany Sandoval,William Murray,3197,system,good,2023-05-10T11:36:25.045616,2024-09-21T17:58:49.827497
90093,professional,Cynthia Dunn,Candice Jordan,1857,property,drop,2023-06-12T15:04:39.390028,2024-04-19T09:51:46.539643
73976,look,Karen Velasquez,Jacqueline Martinez,1321,reason,raise,2024-03-21T16:50:55.901555,2024-08-03T21:23:05.798387
38094,bag,Patricia Harper PhD,David Wright,187,any,science,2023-08-18T18:27:29.745694,2024-02-26T19:37:01.055729
71608,be,Carl Morris,Steven Figueroa,1717,leave,free,2024-08-02T23:59:05.971920,2025-01-17T01:29:03.332003
88532,share,Travis Harrison,Edwin Bruce,268,appear,another,2024-08-21T08:08:18.124655,2024-04-26T11:09:09.813393
53059,piece,Amanda Foster,Joshua Lara,2089,describe,carry,2023-07-30T20:39:55.309905,2024-10-09T19:40:05.762717
1977,evening,David Smith,Allison Morrison,2866,impact,mouth,2023-07-24T17:06:44.456199,2024-04-17T13:10:01.213211
92633,then,Christopher Williams,Robert Alvarez,2763,hot,school,2025-01-23T19:55:17.889930,2024-04-21T20:43:17.593056
80161,with,Jessica Moore,Micheal Harris,1870,purpose,truth,2023-12-05T23:04:42.446759,2024-08-30T09:12:12.644624
21987,fly,Tony Leblanc,Gerald Phillips,532,prevent,pass,2024-08-11T02:38:46.982069,2024-10-13T20:35:04.735567
35378,tree,Kaitlyn Smith,James Walker,996,training,hair,2024-07-21T11:21:44.454834,2024-02-19T19:04:20.920410
47343,speech,Nicole Hicks,Samuel Webster,1701,hour,way,2024-11-26T02:11:25.360316,2024-06-20T23:05:34.741370
20511,half,Christina Walsh,Molly Williams,1402,book,future,2023-11-22T01:51:57.325536,2024-02-12T06:11:20.581396
55915,month,Jacob Sparks,Traci Short,1063,from,I,2023-08-24T01:02:34.168252,2025-01-01T21:28:34.691203
36949,part,Ricky Gonzales,Robert Gilbert,378,program,now,2023-08-29T15:06:50.717353,2024-03-11T02:45:00.684290
39781,side,Robert Barrett,Jesus Johnson,3091,community,drop,2023-06-03T04:16:01.569104,2024-09-28T21:26:13.784075
53186,exactly,Michelle Cole,Peter Chavez MD,2344,tree,kind,2023-09-06T22:23:07.544265,2024-11-03T14:12:30.691207
23979,edge,Miguel Simmons,Jared Smith,2195,no,threat,2023-06-28T09:18:30.882784,2024-07-03T11:20:45.286966
93495,lose,Michael Austin,Kyle Jordan,1294,nice,state,2024-05-17T14:09:58.005387,2024-05-30T21:32:54.497730
21062,forward,Gabriel Warren,Daryl Gordon,1091,my,build,2023-10-11T22:18:53.249990,2024-06-07T23:56:00.450133
93425,American,Tyler Butler,Alexandria Thompson,1387,place,couple,2023-04-14T06:28:17.946766,2024-04-14T12:25:00.458211
3336,reach,Gary Clark,Amy Williams,1885,natural,course,2023-07-15T10:46:01.460288,2025-01-17T19:48:30.631258
70500,relate,Zachary Lawrence,Shelia Harris,728,whether,financial,2023-11-07T14:55:03.231267,2025-01-02T21:20:23.728692
82244,health,Tina Wells,Sarah Martinez,1248,story,company,2024-01-28T02:13:33.312336,2024-10-24T21:31:11.157111
6135,family,Monica Brown,Natalie Moore,2270,wait,change,2023-07-27T16:24:56.076293,2024-07-02T10:55:25.054033
90747,decade,William Martinez,Rachel Walton,2776,southern,price,2023-06-26T17:21:46.171601,2024-08-16T21:59:28.868829
45454,imagine,Alexis Nunez,Bryan Chavez,1509,stop,both,2024-09-12T10:52:33.799076,2024-12-17T13:54:09.754809
57487,music,Wayne Love,Regina Aguilar,2896,sure,example,2023-10-08T15:10:38.196536,2024-08-31T06:49:41.278238
40857,even,Summer Jacobson,Caroline Hicks,989,story,behind,2024-02-18T01:15:47.811076,2024-05-17T03:05:14.314733
87079,impact,Andrea Mack,David Hernandez,1149,ground,five,2023-03-31T00:00:53.627758,2024-11-23T02:21:16.432284
25266,think,Beverly Ford,Christopher Ramirez,442,start,sing,2023-04-09T12:55:16.690652,2024-09-04T12:25:56.363853
49370,medical,Alyssa Taylor,Johnny Kaufman,64,agent,film,2023-07-09T00:24:15.523769,2025-01-08T09:15:44.441904
39885,tend,Nicholas Khan,Craig Harper,3592,strategy,remember,2024-02-22T12:15:29.650931,2024-05-30T20:59:24.100411
93920,all,Caitlyn Moon,Amanda Green,1148,business,company,2024-05-04T21:43:41.896006,2024-08-12T20:04:04.716575
95984,group,Stephanie Reid,Aaron Moore,803,agreement,street,2024-11-25T23:07:07.086050,2024-03-06T16:28:42.947697
88977,property,Amanda Perez,Lisa Case,3024,magazine,important,2024-02-10T02:27:35.021869,2025-01-05T01:40:58.888528
61537,physical,Christopher Brooks,Jonathan Fisher,1305,material,activity,2023-12-12T19:34:57.268301,2024-06-11T23:05:30.155860
35426,role,Jody Hull,Tracey Villanueva,2636,laugh,guy,2024-10-14T11:37:05.388274,2024-08-26T17:51:29.669786
41489,they,Ashley Bell,Steven Conley,182,worry,heavy,2024-04-13T17:02:59.567515,2024-10-16T07:43:04.457414
96796,force,Tracy Green,Jennifer Young,2989,gun,market,2024-06-30T23:00:18.664514,2024-12-28T12:39:27.637655
59640,key,Jessica Gardner,Angel Wheeler,2796,politics,mother,2023-10-01T07:57:12.920571,2024-11-28T17:19:45.025077
82344,spring,Spencer Jordan,Elizabeth Frank,2044,room,west,2024-12-31T01:18:40.037881,2024-08-26T02:36:33.790364
66868,message,Nicholas Cooper,Jeffrey Brooks,1373,majority,work,2023-08-02T00:05:49.871580,2024-12-13T06:15:19.351125
55890,type,Kimberly Jackson,Diana Osborn,2277,down,day,2023-07-06T02:04:03.281544,2024-05-10T03:53:09.913810
95756,sea,Sharon Duran,Nathaniel Scott,824,notice,everybody,2024-12-10T02:44:30.298419,2024-12-29T20:05:32.625928
96333,current,Evan Kramer,Aaron Collins,3342,wonder,think,2023-10-29T03:16:00.095036,2024-07-29T17:12:21.945910
85176,evidence,Angela Wheeler,Wayne Montoya,1195,sign,ground,2023-05-07T16:09:37.174732,2024-07-09T17:26:03.611710
38252,similar,Jeffrey Parker,Kyle Aguirre,945,style,though,2023-05-23T14:42:36.990151,2024-07-16T17:19:23.805260
77819,pay,Sherri Bates,Gina Willis,985,cut,character,2024-11-09T15:52:37.853722,2024-02-03T02:50:42.108212
44512,miss,William Edwards,Megan Dawson,2025,social,spend,2024-11-21T09:31:45.156542,2024-02-18T13:46:26.156339
45175,bed,Lindsey Whitaker,Caitlin Anderson,1718,relate,front,2024-06-16T19:46:12.481124,2024-03-04T02:29:22.509245
58274,agency,Scott Curry,Mrs. Brittany Williams,214,court,involve,2024-11-27T18:20:44.360220,2024-05-18T13:22:42.027581
43008,produce,Michael Schneider,Jennifer Hatfield,1936,education,must,2024-05-29T23:42:01.356214,2024-10-22T06:06:47.643621
4890,various,Jimmy Williams,Emily Garcia,1015,consumer,ten,2023-10-28T11:24:48.672561,2024-02-14T14:28:13.925708
88311,enjoy,Emily Mclean,Holly Chapman,1070,machine,computer,2023-12-14T04:06:43.578813,2024-04-03T14:24:10.713275
77829,someone,Robert Stokes,Brian Barker,517,return,discuss,2023-01-29T21:20:38.769908,2024-12-19T19:50:34.376601
91807,go,Christina Hanna,Devin Vasquez,1132,will,machine,2024-11-23T02:10:33.963794,2024-10-19T09:55:28.522488
9857,TV,Maria Perry,Erica Patel,3315,power,bill,2024-05-27T03:59:02.761270,2024-06-23T06:49:38.804750
88748,increase,Anna Webb,Shirley West,3376,green,beat,2023-07-06T04:39:34.589085,2024-02-10T04:08:30.689645
73327,who,Ashley Mendez,Brandon Bennett,2897,baby,hair,2024-03-20T20:11:53.666007,2024-08-29T04:51:04.367097
11057,station,Andrea Phillips MD,Jamie Stein,2887,opportunity,while,2023-03-09T22:38:18.052433,2024-02-09T19:24:23.326226
5732,all,Edward Ho,Jamie Rodriguez,1631,heavy,stuff,2023-09-14T04:37:18.973462,2024-11-30T23:43:39.325832
78084,spend,Danielle Patterson,Stephanie Martin,3371,life,respond,2024-02-18T08:30:44.850809,2024-11-03T02:08:49.670894
90354,technology,Ms. Lisa Roberson DDS,Keith Weber,1479,born,knowledge,2025-01-12T14:57:41.592627,2025-01-21T23:55:37.931466
82098,people,Luis Shaw,Corey Garrison,1016,PM,none,2023-11-22T19:18:22.181187,2024-09-11T04:46:04.141771
26261,might,Lisa Harris,Elaine Jones,2596,low,conference,2024-03-04T00:03:16.840448,2024-12-20T21:45:06.076799
67143,modern,Shannon James,Michael Mejia,3592,meeting,candidate,2024-09-07T03:33:59.664001,2024-04-03T07:13:44.720855
91671,myself,Carla Jackson,Michael Taylor,745,door,region,2023-09-09T22:09:14.254929,2024-08-09T18:29:42.245056
27006,simple,Brent Rubio,Michael Martin,54,voice,knowledge,2023-11-13T06:57:22.288582,2024-07-20T04:55:12.838374
42676,few,Jeremiah Salas,Wesley Cole,3473,instead,involve,2024-11-28T07:30:06.501767,2024-12-31T06:46:01.269507
31069,first,Bill Weber,Maria Morrison,2426,what,present,2024-09-08T19:59:09.200825,2024-04-19T10:50:48.577376
45262,method,Jason Gonzalez,Elizabeth Hood,736,south,push,2023-03-27T10:40:23.425839,2024-11-05T14:30:21.853031
69997,officer,Aaron Morris,Garrett Brown,2207,economic,instead,2023-12-23T04:38:30.965980,2024-07-10T01:20:50.833640
51375,study,Denise Watson,Claudia Moore,1149,would,relationship,2024-04-09T16:56:38.914792,2024-12-20T06:18:27.149543
56140,speech,Meagan Johnson,Tammy Macdonald,1281,small,success,2023-11-07T21:28:20.490847,2024-10-27T06:53:23.958430
3747,pressure,Timothy Hunter,Rose Mora,442,exactly,practice,2024-04-29T19:04:11.899403,2024-06-08T13:18:20.984055
70315,nothing,William Davis,Sarah Andrade,1645,else,tend,2024-10-16T14:42:15.199987,2024-02-28T17:58:48.421543
81165,series,Elizabeth Hensley,Joseph Baker,1843,make,change,2023-02-15T13:19:39.962943,2024-08-23T06:20:37.605901
83211,strategy,Patricia Powell,Shannon Espinoza,466,long,serve,2023-10-23T00:37:40.146681,2024-07-01T07:42:58.456378
91489,start,Janice Krause,Joseph Romero,2676,carry,former,2024-04-27T12:55:51.863840,2024-09-22T17:40:28.359282
83791,partner,Jessica Price,Sherry Whitney,1875,this,time,2024-11-08T12:32:47.243026,2024-07-27T17:34:44.618328
24481,process,Jeffrey Vargas,Kendra Jones,2259,support,smile,2024-06-02T11:59:07.886184,2024-03-30T04:26:55.214164
36291,what,Samantha Shields,Emily Brewer,1544,relationship,office,2023-05-11T13:44:32.210068,2024-09-22T09:56:17.843823
44181,note,Leslie Davis,Rebecca Rivers,2866,effect,evening,2024-08-09T18:05:10.632775,2024-12-28T15:11:23.813386
69324,business,Kaylee Thomas,Adrian Garrett,1256,woman,father,2023-02-12T07:37:36.089324,2024-08-08T04:12:46.691537
43242,relationship,Melissa Watts,Karen Williams,2538,personal,consumer,2023-06-03T21:56:25.664138,2024-12-31T05:49:49.714817
68118,organization,Timothy Wilson,Victor Shields,657,individual,responsibility,2023-07-08T19:13:48.426352,2024-05-12T14:07:33.495477
43126,environment,Adam Wallace,Tara Dunlap,1694,role,light,2024-09-16T01:56:57.179848,2024-11-27T01:40:54.975364
99213,surface,Kelly Shields,Roberta Tucker,744,site,politics,2023-11-12T14:50:28.975317,2024-08-18T14:10:40.114272
62715,each,David Smith,Lee Cook,975,off,why,2023-04-12T15:59:08.741989,2025-01-21T16:47:30.588881
35665,argue,Cheryl Wilson,Joseph Lewis,2428,central,part,2024-04-22T01:57:54.796766,2024-05-28T12:21:14.578786
28312,audience,Todd Barber,Paul Coleman,1272,concern,law,2023-12-10T22:39:23.967974,2024-04-28T23:31:31.924883
20423,control,David Rasmussen,Aaron Hatfield,71,than,use,2023-11-05T08:02:11.846332,2024-02-03T09:13:14.424655
59650,our,Jason Patel,Mr. Patrick Montgomery,3274,difficult,example,2023-09-18T18:46:59.438694,2025-01-07T15:23:58.774432
84194,respond,Tammy Jones,Gregory Sanchez,3144,should,dream,2024-08-23T18:25:49.199478,2024-09-21T04:49:28.682665
46201,condition,Julie Thomas,Larry Rodgers,3308,size,long,2023-05-16T05:49:08.084486,2024-05-24T00:31:48.934451
5267,practice,Dylan Blair,Cory Robinson,3455,anything,happen,2023-11-18T13:30:15.083240,2024-03-04T11:11:22.517342
51326,test,Raymond Green,Daniel Lloyd,3130,enjoy,defense,2023-12-01T07:28:41.178485,2024-05-24T00:51:33.664726
89418,forget,Kenneth Thomas,Bill Hammond,2658,civil,throughout,2025-01-07T20:31:56.567667,2024-02-16T08:43:19.565534
79044,window,Frederick Stephens,Tiffany Martin,386,although,with,2024-04-07T18:30:06.685854,2024-11-03T04:59:43.333413
35735,laugh,Mikayla Wright,Drew Alvarez,1535,wish,save,2023-07-06T13:34:16.078637,2024-08-27T23:02:30.387591
12120,new,Sharon Kelly,William Johnson,2734,option,choose,2024-01-13T03:42:45.273070,2024-02-10T23:15:41.010990
83742,visit,Deborah Rodriguez,Mary Cooper,1197,lose,theory,2023-03-30T05:26:11.286273,2024-03-10T16:09:18.972064
65915,grow,Kara Lawson,Jerry Smith,2579,idea,government,2024-07-18T05:00:07.557342,2024-07-07T02:06:01.964089
47295,time,Sara West,Pamela Morton,949,wind,certain,2023-10-15T11:37:04.808068,2024-09-06T06:03:36.985905
44971,determine,Elizabeth Robinson,Bryan Riley,1951,lead,article,2024-06-16T21:24:48.949630,2024-08-18T07:24:41.955515
90578,religious,Jason Wells,Walter Frye,628,move,short,2023-11-22T13:20:23.399512,2024-12-20T03:02:07.022794
88223,fish,Marissa Marshall,Aaron Jones,1412,another,bag,2024-02-22T18:14:03.471878,2024-07-02T15:20:27.328966
82433,century,Frank King,Patrick Wilson,72,change,join,2023-02-04T18:05:24.330242,2024-10-05T07:04:49.934070
90895,seat,Crystal Swanson,Allison Mills,3250,girl,seem,2024-04-23T18:01:01.659993,2024-09-14T17:18:27.256163
22660,plant,Brian Hensley,Ashley Mathis,2551,ball,Congress,2023-03-13T07:14:41.596989,2025-01-04T09:27:48.862922
72485,people,Lauren Hart,Mary Mcpherson,1420,eat,million,2024-09-16T20:34:08.807359,2025-01-23T15:12:44.036007
65693,mission,Erica Wilson,Jessica Whitney,1158,point,appear,2023-07-21T06:36:15.942067,2024-10-13T12:35:09.038212
18036,director,Kathryn Rice,Susan Huffman,1557,beautiful,radio,2023-07-20T22:21:45.064378,2024-05-11T16:45:58.929226
42648,whatever,Thomas Li,Joseph Christian,3392,down,about,2024-03-31T20:25:17.271094,2025-01-01T23:15:07.972787
6609,pattern,Louis Chambers,Janet Armstrong,3384,science,hotel,2024-06-25T08:00:28.737216,2024-05-20T22:48:10.098703
15103,yeah,Kevin Wade,Donald Garcia,1457,management,pressure,2024-09-12T22:54:10.722546,2024-09-15T06:49:32.377500
71365,across,Cheryl Mack,Dennis Medina,688,water,sing,2023-12-02T23:06:29.336552,2024-05-23T20:47:09.748349
57652,certain,Katelyn Brooks,Gary Mills,2836,yes,them,2024-09-15T23:17:21.751920,2024-12-21T09:46:34.731889
38717,laugh,Michael Robinson,Nicole Bailey,1755,his,compare,2024-11-09T09:32:19.806059,2024-04-11T00:03:29.680526
89660,page,Brandi Dorsey,Travis Mora,3579,per,ground,2023-12-16T17:12:40.245060,2024-03-21T13:57:46.126006
34905,three,Jasmine Butler,Cindy Harding,3562,away,race,2024-10-07T18:06:51.852218,2024-10-06T09:50:54.203350
80874,view,Warren Gutierrez,Cameron Walter,3208,share,draw,2024-12-17T16:40:17.209834,2024-12-26T05:48:55.172786
99907,act,Anthony Chavez,Vincent Lopez Jr.,2945,author,about,2024-12-24T09:07:44.416649,2024-12-26T06:44:55.890441
5518,expect,Michelle Williams,Anthony Glover,1081,police,loss,2023-12-13T21:55:32.955413,2025-01-03T11:11:06.503511
90587,realize,Michael Bowen,John Cook,1178,position,hard,2024-10-02T08:49:34.277117,2024-12-20T07:10:35.737034
50508,ask,Robert Ford,Judy Knapp,653,establish,song,2024-03-22T11:29:57.640694,2024-05-29T13:25:14.270563
51206,magazine,Elizabeth Campbell,Aaron Craig,56,standard,level,2024-04-30T13:07:36.302761,2024-11-02T22:00:29.393426
63284,little,Elizabeth Williams,Donna Rogers,321,son,because,2024-10-30T20:48:43.530196,2024-11-25T14:26:15.766635
20800,including,Michael Willis,Darlene Short,2635,well,ago,2023-08-14T03:01:57.206145,2024-05-06T15:48:39.224345
47383,room,Sara Durham,Dawn Brown,382,nation,grow,2023-09-20T01:22:12.912102,2024-08-16T18:26:34.151339
47566,bad,Maria Ward,Chris Cunningham,3387,help,provide,2024-08-13T19:11:34.751075,2024-03-12T17:42:58.993660
98502,actually,Robert Moore,Jacob Schmidt,2712,amount,success,2024-03-13T23:39:57.935638,2024-07-15T14:30:02.308836
83384,environmental,Daniel Estes,Andrew Shannon,1042,cover,fund,2024-11-29T19:29:41.468136,2024-03-31T12:31:17.189023
55810,put,Jody Haney,Dr. Belinda Howe,821,lot,very,2023-04-03T12:13:39.155619,2025-01-11T14:47:53.356828
76440,accept,Rebecca Kim,Peter Golden,3212,bill,six,2023-07-19T23:21:01.026533,2024-12-24T12:50:54.909632
18845,federal,Christina Perez,Rhonda Macdonald,1524,tax,require,2024-11-13T00:45:46.954670,2024-09-05T07:52:30.999301
94155,believe,Calvin Lopez,Catherine Nelson,1735,like,enjoy,2024-10-12T23:11:10.478356,2024-04-27T01:30:02.941088
90323,story,Kaylee Bennett,Robert Carroll,1997,big,conference,2023-05-28T00:25:50.314333,2024-12-08T21:36:00.977853
82280,military,Megan Rodriguez,Jennifer Wilson,2483,floor,society,2024-09-21T16:50:17.391561,2025-01-21T18:11:27.768116
57763,think,Lisa Hoffman,Samantha Payne,3302,field,close,2023-10-26T14:22:58.708502,2024-07-09T15:25:25.688898
73623,campaign,Jeremy Chavez,Brian Reed,3477,memory,report,2023-02-02T23:57:27.074366,2024-04-17T17:04:43.260764
75355,month,Gina Brady,Tracy Watson,872,remain,effect,2023-05-16T16:08:44.876060,2024-11-30T05:23:49.287137
307,conference,Andrea White,Erin Morales,2156,clearly,wind,2023-12-06T02:08:57.481403,2024-06-25T19:13:39.231917
6517,woman,Debra Montes,Vanessa Jordan,698,again,four,2024-02-09T08:50:59.110741,2024-09-05T14:14:10.468446
77336,later,Lynn Cross,Henry Shea Jr.,1089,area,structure,2023-10-23T12:12:51.995735,2024-02-09T00:28:49.320775
87225,help,Keith Jones,Katherine Smith,1282,often,have,2024-01-26T08:47:10.958040,2024-02-10T04:10:31.756414
94189,hour,Erica Mercado,Dale Holmes,1657,another,government,2023-12-02T18:05:41.213107,2024-07-19T14:56:27.069104
98169,identify,Victoria Hall,Tammy Flores,3259,avoid,after,2024-10-21T02:07:33.728307,2024-04-28T13:28:35.834825
1534,right,Lisa Casey,Andrew Duke,3516,wait,success,2023-12-18T14:47:19.290003,2024-03-15T16:26:46.812911
63145,quality,Richard Whitehead,Debbie Faulkner,1235,bring,notice,2023-10-16T07:19:45.731932,2024-03-31T02:45:39.104909
64799,cut,Nathaniel Lane,Richard Shannon,2244,check,two,2024-12-27T17:40:19.498347,2024-02-03T21:11:59.004403
41,say,David Ellison DDS,Megan Harper,3419,green,professional,2023-06-07T14:40:01.274831,2024-04-01T03:13:52.726074
38408,make,Anthony Dunlap,Haley Hernandez,33,wide,them,2024-04-20T20:48:38.031582,2024-12-11T00:19:48.254754
96227,every,Andrea Sparks,Bradley Clark,1601,again,arrive,2024-10-17T06:00:10.865518,2024-12-25T13:32:06.537379
51948,another,Cynthia Chaney,Zachary Miller,2939,involve,list,2023-08-12T04:54:21.953429,2024-04-25T03:13:13.667393
14496,event,Michael Jacobs,Connie Branch,520,similar,police,2023-05-12T23:17:02.465549,2024-12-05T22:07:42.430135
84845,campaign,Todd Norris MD,Linda Delgado,2757,fire,director,2024-10-05T23:35:59.877953,2024-10-04T15:44:07.478833
76314,at,Amy Bates,Mr. Mario Moore MD,359,big,new,2024-12-24T11:03:04.390257,2024-09-05T23:50:10.655661
11234,factor,Cathy Thomas,Brittany Smith,1888,section,clear,2024-11-06T12:04:14.356991,2024-09-21T11:19:12.644998
7094,thousand,Teresa Collins,Raven Brown,3173,position,produce,2023-04-30T13:26:47.410169,2024-08-25T22:25:01.565125
5950,hair,Nicole Horne,Frances Armstrong,3357,continue,year,2024-12-10T11:06:07.273361,2024-11-04T21:41:58.909185
31484,western,Lisa Reed,Sarah Phillips,1410,brother,example,2024-02-14T05:14:54.724471,2024-11-01T01:56:24.718703
52263,him,Sabrina Jones,Ryan Kim,385,activity,protect,2023-03-04T13:28:43.595890,2025-01-09T08:56:39.319246
57249,beyond,Edward Stanley,Mr. Michael Davis,2318,record,race,2025-01-15T10:08:56.912324,2024-12-19T00:52:27.376980
93271,argue,William Rivera,Sherri Martinez,794,make,style,2023-10-20T17:40:28.380584,2024-09-14T14:07:54.076055
28515,participant,Jesus Henson,Stephanie Blackburn,1428,cut,see,2023-06-13T19:16:18.272585,2024-05-22T23:28:15.144772
36601,bank,Robert Norris,Alexander Young,1001,study,red,2025-01-12T04:59:55.520914,2024-12-09T13:09:31.741744
90343,church,Clinton Davis,Sara Pitts,3515,control,action,2023-02-06T23:53:20.439184,2024-04-04T08:06:18.339989
83695,pass,Paul Yang,Herbert Griffin,1314,college,section,2024-09-19T12:23:56.457685,2024-03-24T06:59:35.036048
72184,nothing,Nathan Buck,Mr. James Malone,2082,set,care,2024-06-07T03:12:37.206491,2024-08-29T21:28:22.467498
14684,international,Jeffrey Hill,Jessica Graham,3471,mouth,focus,2024-06-27T11:24:09.026459,2024-07-01T17:35:38.546034
58629,town,Rachel King,Benjamin Barton,1412,candidate,reduce,2024-10-01T04:07:08.567121,2024-08-14T13:00:41.157207
80692,win,Amanda Smith,Dana Wu,3241,teach,born,2023-12-21T07:08:05.730807,2024-12-29T13:47:25.530523
16608,prepare,Marcia Mckinney,Vanessa Riddle,3108,place,leave,2024-03-26T22:08:31.126846,2024-04-03T02:58:09.097118
36301,guy,Nancy Hunt,Ronald Brown,2732,stand,man,2024-10-29T19:36:03.134206,2024-11-01T14:17:16.604037
76540,seat,Laura Shaffer,Andrea Salazar,2270,me,off,2024-10-10T07:43:44.132535,2024-05-27T07:06:31.938096
61177,phone,Andrew Stewart,Cody Riddle,2763,occur,office,2024-09-26T00:31:56.199824,2024-07-02T17:46:40.823259
68199,day,James Jones,Sheila Lara,76,scene,because,2024-02-29T09:49:09.175863,2024-09-29T11:07:16.926057
87587,girl,Julia Snyder,Andre Franklin,2917,ever,almost,2023-12-29T01:16:28.497279,2024-07-26T10:35:52.027018
61128,increase,Robin Patton,Alicia Bridges,3280,town,our,2023-06-01T23:16:18.367834,2024-11-09T18:54:28.897220
14134,give,Kevin Benson,Diane Sullivan,1525,mission,student,2024-05-28T00:42:33.847893,2024-09-15T16:04:27.052271
10695,finally,Jeffrey Watkins,Jennifer Wolf,644,follow,scene,2023-05-16T22:47:39.068250,2024-04-09T06:26:22.073565
49777,cause,Allison Long,Michael Sanchez,2340,husband,more,2024-01-17T11:47:04.243498,2024-06-14T21:27:23.442615
8220,at,Douglas Mcdaniel,Alexandra Farrell,1177,feel,send,2024-12-08T01:39:33.692109,2024-07-18T18:27:15.211432
93952,nation,Erin Soto,Mr. Nathan Gillespie PhD,915,company,hour,2023-10-24T01:20:18.541033,2025-01-11T19:15:12.359021
44696,science,Daniel Bullock,Victoria Middleton,1347,art,program,2024-09-09T23:12:09.867301,2024-12-01T18:31:10.719013
40334,behavior,Roger Cisneros,Melissa Preston,3421,arm,throw,2023-04-04T02:02:42.045570,2024-03-05T17:30:38.473549
40611,look,Alexandria Becker,Fernando Gill,1002,agreement,finally,2024-01-07T20:37:06.451726,2024-05-07T11:04:51.895830
88800,stuff,Robin Sullivan,Paul Griffin,1170,town,close,2023-04-19T06:04:03.007976,2024-12-17T16:06:41.070329
61823,test,Bradley Lewis,Patty Harris,1550,line,fly,2023-07-18T04:18:21.064472,2024-01-30T15:12:17.522256
84278,discuss,Sandra Warren,David Davis,1449,spend,more,2024-09-01T16:11:24.871388,2024-03-29T22:57:12.456702
96513,several,Stephen Smith,Justin Cortez,3265,choose,return,2023-02-04T03:54:07.081987,2024-10-02T06:02:06.764806
24847,field,Linda Chen,Thomas Hart,514,movement,organization,2024-09-24T06:17:34.929023,2024-09-12T10:04:40.279184
26178,war,Jason Wilkinson,Rhonda Weber,1925,experience,model,2023-12-04T00:01:29.897127,2024-02-24T13:29:45.745915
39921,street,Jackie Hester,Douglas Wolfe,2476,treat,government,2023-07-02T18:25:04.534868,2024-04-09T03:39:40.132683
33043,thank,George Rodriguez,Stephanie Pacheco,500,require,rate,2023-05-09T01:58:12.230266,2024-12-23T08:19:55.131770
31279,worker,Melissa Bridges,Mr. Stephen Smith,953,glass,dark,2023-09-24T09:07:30.933527,2024-10-27T22:09:07.453776
98562,parent,Thomas Ramirez,Robert Anderson,2301,author,shoulder,2023-12-26T19:18:33.763243,2024-07-03T18:19:58.014651
96193,cut,Natasha Johnson,David Jones,2100,woman,game,2023-06-21T16:41:31.574038,2024-05-20T12:29:50.886814
234,whether,Nicole Jimenez,Tabitha Garrett,1044,design,pass,2024-05-12T21:31:32.732639,2024-12-10T23:03:05.092887
68828,by,Jacob Rodriguez,Jackie Dunn,3383,the,throughout,2024-07-13T01:26:29.191044,2024-05-05T23:32:34.660995
95468,might,Darrell Cardenas,Patricia Garcia,219,Mr,authority,2023-10-17T09:33:35.515477,2024-10-20T21:32:58.258972
81257,use,Thomas Boone,Jessica Smith,3339,others,entire,2024-12-25T13:45:38.187253,2024-12-08T06:43:43.792192
37410,skin,Laurie Forbes,Lisa Stafford,3269,Congress,similar,2024-12-27T04:51:24.806644,2024-05-20T13:44:11.734467
42463,area,Joseph Morrow,Jessica Jennings,924,others,similar,2024-10-26T03:46:22.156915,2024-11-16T09:36:05.248966
96127,what,Tina Mack,Paul Webster,2252,serious,city,2024-04-16T01:34:14.792621,2024-12-14T04:41:12.605953
70375,ago,Debra Hammond,Amanda Dillon,513,her,purpose,2024-02-23T11:16:04.656204,2024-10-18T22:22:29.848347
96933,trouble,Cynthia Garner,Jeanne Martinez,1629,tough,including,2023-12-05T05:29:59.196861,2024-10-15T16:06:53.190512
58402,recent,Wendy Kim,Lacey Garza,1494,wrong,none,2024-06-22T04:40:24.225712,2024-08-11T00:17:17.797449
1374,economy,Jessica Diaz,Lance Watson,956,personal,decision,2024-10-31T05:58:32.858568,2024-11-19T16:01:35.783562
19500,energy,Jordan Romero,Heather Scott,2760,mouth,writer,2024-03-24T00:27:41.186593,2024-03-24T19:39:32.104906
34286,campaign,Jeffrey Grant,Adam Johnson,1324,should,spring,2023-04-16T02:36:57.781930,2024-04-30T15:36:21.439239
67533,owner,Thomas Alvarez,Robert Frye,320,item,firm,2024-01-05T17:18:55.912516,2025-01-05T07:33:28.978856
71479,save,Timothy Wilson,Karen Smith,1699,against,yeah,2023-06-27T11:03:04.824567,2024-11-30T03:45:21.243101
72324,performance,Devin Miles,Derek Horne,1918,green,center,2023-11-25T07:23:24.281799,2025-01-02T09:13:19.411271
25005,tree,Patricia Flores,Victoria Williams,711,often,buy,2024-02-22T23:43:34.453861,2025-01-22T12:51:28.097820
21755,poor,Mark Johnson,Marc Smith,2952,reason,sea,2024-03-10T14:47:14.277289,2024-11-10T15:08:22.613748
2080,think,Mary Monroe,Chad Fuller,548,buy,fine,2023-11-22T09:08:24.743746,2024-11-04T23:56:59.460984
96442,standard,Travis Dalton,Caleb Schmidt,2551,popular,and,2023-04-04T06:45:07.875906,2024-03-12T07:43:33.905500
6189,very,Stanley Conley,Jonathan Andrews,427,safe,administration,2023-11-11T05:46:18.506624,2024-02-17T07:37:10.898573
64063,hear,Patrick Lewis,Sean Bradley,2712,table,seven,2024-04-01T01:03:54.052982,2024-10-09T22:06:17.142221
51093,note,Darrell Bradley,Kimberly Ray,3063,on,health,2024-12-16T08:03:22.871016,2024-06-21T07:47:08.204425
65756,support,Jennifer Hernandez,Daniel Powell,1940,teacher,as,2024-01-24T05:26:30.251882,2024-06-25T15:51:07.327285
11617,describe,Dr. Jennifer Waters,Teresa Salinas,1694,wife,fill,2024-01-06T18:23:22.377767,2025-01-21T11:48:28.872915
792,every,Cindy Stark,Olivia Li,2076,major,mouth,2024-02-17T06:53:06.062277,2025-01-15T06:24:47.356460
29536,son,Austin Gray,Mark Bond,3199,idea,religious,2023-11-07T08:44:10.408672,2024-12-24T14:20:20.997527
53810,executive,Bryan Olson,Robin Johnson,1996,guy,miss,2023-11-15T01:09:47.431154,2024-06-03T03:44:12.654453
32505,career,Sarah Rivera,Kyle Peterson,2752,necessary,such,2024-11-21T06:27:07.980592,2024-02-08T11:25:53.790731
81634,then,John Bryant,Sara Johnson,2808,note,act,2024-02-17T04:32:43.806191,2024-01-31T11:38:45.839637
52539,through,Dustin Mccarthy,Todd Moore,656,generation,garden,2023-11-17T10:19:48.792473,2024-10-21T21:35:23.968519
12637,movement,Jerry Davis,Travis Moreno,276,different,employee,2023-08-01T04:31:15.354257,2024-11-01T12:33:05.281801
88672,cut,Ralph Welch,Christopher Perez,2624,your,human,2024-04-09T07:46:13.773937,2024-05-29T09:16:26.172868
74041,take,Antonio Rose,Summer Clark,3508,age,after,2023-09-14T09:09:42.986448,2024-11-10T16:26:26.610086
62254,him,Trevor Singh,Gregory Palmer,1054,discuss,more,2025-01-18T09:16:33.583560,2024-03-03T15:32:05.013035
45544,conference,Valerie Vega,William Robinson,1540,red,prevent,2024-08-21T15:18:46.336899,2024-03-08T05:37:02.048608
37662,condition,David Lang,Jonathan Bean,1212,arm,prevent,2024-09-21T00:18:52.989269,2024-06-13T07:23:57.065617
49649,bar,Alicia Ferguson,Lauren Merritt,840,then,begin,2024-11-18T18:43:11.700028,2024-10-29T14:23:57.876468
48945,indeed,Michael Stone,Michael Lee,941,international,form,2024-12-24T09:57:43.542774,2024-04-17T21:45:32.924000
29566,decide,Katherine Pope,Alicia Sandoval,1313,watch,war,2024-06-20T10:20:28.992221,2025-01-08T16:48:34.433099
95106,feeling,Chelsey Lee,Kevin Gibson,1293,better,enjoy,2024-06-05T20:19:35.880920,2024-12-18T22:44:56.474160
40833,team,Joshua Tran,Heather Yang MD,1432,whole,final,2023-11-28T08:07:50.087178,2024-07-31T05:07:48.663196
4099,structure,Scott Mcgee,Kyle Stevenson,1939,officer,prevent,2024-07-30T16:50:24.284862,2024-03-28T04:54:34.438708
47852,nearly,Amber Hanson,Mary Mendoza,875,economy,wear,2024-07-10T15:44:59.626312,2024-10-30T02:24:22.437841
40642,eight,Kimberly Lawrence,Roy Roberts PhD,1571,president,important,2024-11-30T12:06:15.646047,2024-09-15T19:12:47.233024
61706,interview,Anthony Murphy,Sydney Frost,991,compare,left,2024-04-08T23:39:22.931867,2024-11-30T20:29:10.675762
87442,letter,Lindsay Burns,Caleb Peterson,122,only,among,2023-10-16T12:31:21.285324,2024-09-22T12:45:23.919890
69620,knowledge,Danielle Jenkins,Ronald Williamson,3509,move,else,2023-10-15T06:41:06.484125,2024-04-01T13:17:07.809416
5179,break,Katie Pacheco,Allison Scott,3340,hour,scene,2024-12-13T05:47:28.892605,2024-07-29T12:42:15.401130
18379,teacher,Kimberly Benjamin,Debra Castillo,1379,direction,since,2023-10-20T01:59:34.817070,2024-03-06T14:14:10.697011
25832,according,Katherine Flores,Jeffrey Johnson,3407,article,provide,2024-05-26T10:18:09.240849,2025-01-18T00:46:18.053109
97133,appear,Alicia Jackson,Jody Lutz,1301,amount,whom,2024-03-01T06:51:55.882856,2024-06-07T11:51:02.404740
42951,drug,David Hill,Vanessa Fox,717,piece,you,2024-11-18T16:15:14.260109,2024-04-14T16:19:22.624501
85112,hope,Peter Davis,Victoria Santiago,2,six,also,2024-12-13T02:41:48.493417,2024-07-28T19:14:14.461202
45164,bit,Samantha Owens,Nancy Jackson,1075,much,learn,2024-07-21T13:52:36.600811,2024-07-24T19:38:39.159443
69485,you,Deborah Barrett,Sarah Hudson,1636,former,citizen,2024-08-13T06:09:42.610830,2024-05-11T15:15:58.916958
59575,dog,Richard Bishop,Kyle Robinson,960,science,whom,2023-12-27T17:53:44.669689,2024-05-30T20:36:48.171731
56469,must,Harold Cooke,Kelsey Gibson,3279,middle,budget,2024-05-19T23:54:45.660825,2024-05-07T19:21:11.117623
96564,day,Sheila Hodges,Sabrina Cox,1740,employee,skill,2024-10-17T05:26:39.092072,2025-01-10T12:58:27.236163
76799,human,Kimberly Smith,Stephanie Harris,615,fall,voice,2023-10-17T16:36:44.440228,2024-05-23T18:57:39.577408
30152,soon,Christopher Long,Brian Lawrence,562,blood,onto,2023-12-05T05:15:20.065528,2024-03-08T01:42:32.465910
163,determine,Tanya Martin,Anthony Taylor,1645,even,traditional,2023-02-26T23:54:56.693774,2024-08-27T02:14:37.694879
61329,after,Ronald Roberts,Christian Hendricks,1150,industry,data,2023-06-05T16:18:03.038539,2025-01-07T22:08:00.739972
39407,color,John Martin,Stacy Grimes,873,occur,my,2024-08-04T07:18:34.590548,2024-07-12T02:56:28.098324
59602,difference,Denise Daniel,Trevor Lambert,2314,little,represent,2023-12-03T18:32:17.414560,2024-10-14T00:44:20.318198
68229,out,William Thomas,Christopher Hughes,3105,move,most,2023-08-02T07:00:52.653554,2024-05-24T10:18:40.996698
45036,herself,Dustin Russell,Timothy Hill,2539,adult,base,2024-09-11T06:21:28.598580,2024-07-20T03:30:56.888204
39427,remain,Theresa Barton,Heather Jensen,3294,their,image,2024-11-06T21:18:56.436605,2024-11-04T15:38:43.747089
80681,send,Christina Johnson,Caitlin Burns,3552,get,laugh,2023-12-05T12:05:14.636306,2024-02-05T05:06:05.246075
61653,only,Janice Arellano,Sherry Franklin,2181,watch,style,2024-06-15T00:34:52.907368,2024-11-01T14:17:38.224855
47814,evidence,Laurie Williams,Gregory Bentley,1949,she,service,2024-12-20T05:47:12.301881,2025-01-09T05:19:45.354855
73249,explain,Luis Howard,Mitchell Hayes,1642,yet,over,2024-07-13T11:09:00.296333,2024-11-21T03:06:41.327864
90766,organization,Jeffrey Walker,Lisa Calhoun,1445,suffer,run,2024-05-14T17:11:35.485417,2024-11-24T11:01:46.032564
85465,stock,Alicia Mooney,Erica Barrett,1754,but,black,2024-05-24T03:56:31.659584,2024-07-19T19:12:58.134535
46803,student,Madison Edwards,Michelle Smith,448,rich,must,2024-04-06T17:29:41.702797,2024-12-13T15:38:18.180415
92504,ask,Melissa Jimenez,Jennifer Bell,1063,dark,quite,2023-05-10T22:21:02.822391,2024-12-21T21:20:23.086906
77705,today,Sarah Zamora,Andrew Drake,349,knowledge,appear,2023-11-14T18:35:18.956177,2025-01-16T21:05:35.306790
38611,almost,John Cain,Yolanda Gordon,2360,thousand,space,2023-05-09T12:37:02.894935,2024-07-27T00:07:22.460233
20559,capital,William Clayton,James Morton,97,again,be,2024-10-03T05:48:44.502896,2024-10-03T19:13:11.848865
13899,enough,Eduardo Atkinson,Rebecca Ortiz,1364,team,from,2024-05-04T11:04:56.682451,2025-01-17T18:27:56.401965
96748,early,Mark Kennedy,Wesley Bowman,3592,law,commercial,2024-06-04T07:54:39.005548,2024-12-22T06:42:59.414434
65816,mean,Amy Chen,Jeffrey Meyers,191,score,strategy,2023-05-15T19:06:43.480445,2024-10-05T10:02:32.261284
27101,just,Joseph Guerrero,Susan Ramirez,2163,fine,something,2024-04-30T15:54:38.589790,2024-02-06T09:38:53.215872
96771,whether,Brandon Key,Charles Nguyen,3209,party,election,2024-10-14T01:50:02.411402,2025-01-08T00:29:07.292752
70508,first,Benjamin Hanson,Joshua Nelson,577,war,try,2023-04-09T03:46:03.968532,2024-03-23T03:36:25.618079
57797,start,Dustin Reed,Melissa Murphy,2399,night,eye,2023-07-09T18:54:21.382116,2024-07-25T12:18:21.382058
52243,positive,Joshua Matthews,Eddie Garza,3193,tell,us,2024-06-24T00:05:36.341099,2024-12-30T16:06:34.475831
66353,they,Douglas Robertson,Amanda Mcbride MD,2435,teach,cut,2024-06-13T07:18:21.124529,2024-03-11T01:56:41.500886
57711,fear,Troy Carpenter,Roger Potter,617,approach,with,2023-08-23T03:58:18.477759,2024-11-25T14:05:59.744317
26095,theory,Emily Carr,Heather Rivas,442,threat,voice,2024-09-27T03:49:08.394927,2024-05-08T14:56:43.713072
34516,time,Jessica Yoder,Kimberly Wu,1868,interesting,stage,2023-11-26T00:24:54.701883,2024-05-08T09:43:10.112505
47365,evening,John Turner,Alexa Lopez,2233,sense,remember,2024-01-31T04:13:02.935029,2024-03-09T12:22:19.109743
9000,professor,Angela Wright,Timothy Valenzuela,380,middle,address,2023-03-22T03:33:20.585942,2024-04-18T05:42:29.793364
81470,spring,Tiffany Reed,Cody Harris,2564,record,cultural,2023-08-31T17:18:00.004225,2024-08-05T09:20:19.445862
52032,respond,Amy Gomez,Todd Larsen,1095,fear,ahead,2023-03-23T04:56:56.854947,2024-03-09T20:23:54.063820
85301,nice,Anthony Olsen,James Martin,3158,sister,over,2024-01-17T01:12:38.188258,2024-12-18T09:51:52.791997
91412,member,Jessica Gonzalez,Carlos Williams,2176,sea,relationship,2024-11-20T12:57:39.283466,2024-04-29T14:56:08.816529
45700,sport,Samuel Brock MD,Julia Bates,2747,ground,rather,2023-09-21T08:22:06.848594,2024-10-05T07:52:01.690613
94785,line,Candace Schneider,Jon Raymond,2562,already,anyone,2023-04-04T13:09:02.203783,2024-11-20T06:51:50.215723
78209,party,David Smith,David Swanson,2186,usually,really,2023-09-30T15:42:04.565703,2025-01-22T18:54:18.113045
3459,fish,Clifford Myers,Austin Stuart,1500,next,boy,2025-01-04T06:38:04.363702,2024-03-05T15:20:05.493412
32579,city,Amanda Melendez,Melissa Contreras,61,require,course,2024-10-03T18:53:35.608944,2024-02-17T09:17:09.283868
20399,concern,Whitney Love,Krista Robinson,958,evidence,actually,2024-11-04T06:46:31.720243,2024-03-14T19:59:15.225400
59190,dinner,Jessica Sanchez,Alexander Ramos,739,American,nearly,2024-03-04T02:13:03.549165,2024-09-23T17:42:40.374150
99157,cut,Katherine Waters,Mrs. Jennifer Thomas,1218,adult,option,2024-02-09T16:26:55.821885,2024-12-03T04:04:38.163165
55013,arrive,Andrew Johnson,Nancy Simon,2217,community,pattern,2023-02-22T07:22:06.017168,2024-07-31T20:40:42.875201
64531,center,Lori Sanchez,Courtney Cox,3041,officer,American,2024-06-21T09:12:18.948751,2024-08-13T00:01:48.016582
24730,like,Laura Rivera,Emily Morris,1902,technology,technology,2023-11-25T07:10:47.449770,2024-02-27T15:21:56.389465
42986,nature,Diane Garcia,Veronica Newton,2339,none,however,2023-06-06T12:17:26.891925,2024-03-09T13:51:56.219350
43950,wall,William Jackson,Audrey Garza,2419,culture,hundred,2024-08-24T17:59:15.201592,2024-07-24T04:23:58.014453
38491,off,Joshua Carson,James Johnson,2817,ask,peace,2023-08-23T13:23:28.644970,2024-09-28T00:50:43.310387
19604,put,Noah Washington,Nicholas Jackson,537,involve,back,2023-11-13T06:08:43.716056,2024-07-07T06:44:59.267759
10982,positive,Brian Murphy,Christopher Kennedy,838,seat,or,2023-08-09T13:23:31.748322,2024-10-16T08:15:46.045440
35675,forward,Joseph Lopez,Lucas Phillips MD,1334,possible,indeed,2024-06-24T22:58:23.741265,2024-11-30T11:55:41.005674
36482,interest,Jessica Spence,Dr. Riley Holt,2113,pretty,pattern,2024-02-12T06:01:01.871454,2024-06-01T17:08:15.909485
12188,customer,Rebecca Morgan,Shaun Lewis,1680,to,that,2023-11-16T04:52:50.488861,2024-03-10T14:00:53.634171
22186,condition,Jennifer Little,Nicholas Graham,113,evidence,young,2024-10-03T15:38:11.761352,2024-03-04T23:50:35.769863
87013,you,Maurice Mitchell,Joseph Young,1696,stay,suffer,2023-01-30T22:58:31.488250,2024-08-28T02:14:31.915922
69320,fact,Susan Hays,Katherine Salazar,2104,week,performance,2023-09-12T11:52:50.798597,2024-10-16T13:28:57.569011
96046,person,Haley Henson,Anne Bishop,2204,authority,board,2023-12-19T22:27:55.255909,2024-04-24T23:08:39.252583
10262,difficult,Darren Diaz,Kelli Hardy,2040,describe,up,2024-03-12T07:18:00.863406,2024-02-18T07:46:40.196080
98163,training,Joseph Gutierrez,Michael Salinas,1962,head,my,2024-12-20T14:55:59.565910,2024-11-01T13:21:38.796728
50587,across,Tiffany Bryant,Steven Macdonald,402,challenge,at,2023-12-22T07:16:24.328555,2024-07-21T04:40:19.065891
78368,window,Chelsea Lara,Lucas Smith,342,kitchen,large,2023-07-22T20:07:01.778686,2024-10-03T04:03:11.644668
82058,carry,Stephanie Mack,Susan Schultz,591,they,ground,2024-12-15T04:28:10.404039,2024-10-05T23:18:42.952172
33184,enjoy,Jon Murray,Robert Garcia,1884,cover,sell,2024-04-18T20:09:39.422941,2024-03-23T13:46:26.222423
42950,low,Meagan Robinson,Denise Frazier,2702,seven,hold,2024-12-15T10:10:25.407979,2024-07-07T07:04:48.693596
12004,price,Jeremy Williams,Nathan Mathews,1153,there,artist,2023-05-07T02:12:06.092569,2024-08-05T09:05:21.416922
53359,whole,Michelle Becker,Stephen Edwards,2742,major,deep,2024-04-19T03:41:13.413105,2024-04-24T00:39:45.280273
88945,former,Tyler Thompson,James Fernandez,1505,establish,certain,2024-10-27T01:15:14.951283,2024-08-15T22:22:28.633762
69095,least,Amy Smith,Robert Savage,194,each,let,2024-10-26T08:32:52.363070,2025-01-21T07:49:57.842031
30953,way,Alexander Klein,Robert Hamilton,2825,area,sit,2023-02-16T15:50:38.962451,2024-11-10T13:12:02.383280
47894,modern,Anthony Henson,Jacqueline Ward,3103,behind,analysis,2024-04-17T12:25:57.258528,2024-07-15T20:25:40.126587
72588,some,James Collins,Brendan Rhodes,2479,fund,protect,2024-04-27T08:33:50.212037,2024-05-27T07:59:01.537895
702,artist,Michelle Boyle,Ryan Pham,3488,approach,pass,2023-05-31T08:52:49.953570,2024-09-05T08:25:04.590250
58693,special,Carol Brown,Larry Schneider,1699,item,similar,2024-11-18T23:44:11.436816,2024-09-30T08:59:48.155795
25957,Democrat,Dominique Myers,Brian Davis,2199,brother,everybody,2024-07-28T15:51:52.967578,2024-07-22T13:28:53.396552
70163,part,Sabrina Stewart,Robert Hamilton,1080,her,population,2023-08-29T14:14:40.348037,2024-12-24T11:24:41.842044
78073,short,Stephanie Yoder,Michele Collins,915,quickly,also,2023-07-03T21:21:36.035665,2024-10-31T02:26:23.388592
94641,respond,Daniel Scott,Carrie Sanders,489,degree,remain,2024-09-06T01:43:38.817371,2024-10-07T18:40:55.075256
11045,strategy,Elizabeth Kerr,Courtney Wade,2469,rest,do,2024-05-07T06:05:44.206599,2024-09-02T16:22:06.389260
7252,everything,Tina Coffey,Greg Clay,719,certain,could,2023-10-22T06:21:50.412065,2024-03-30T21:10:21.230009
68976,quickly,Daniel Johns,Bridget Gomez,2751,poor,sound,2024-09-19T12:39:39.490510,2024-03-30T18:23:57.068998
42270,area,Ms. Theresa Anderson DVM,Robert Howell,643,allow,ability,2024-01-13T13:49:01.362692,2024-11-02T03:27:51.165957
49909,box,Shelby Hernandez,Ashley King,1604,office,without,2023-04-23T14:13:17.473395,2024-08-08T15:30:11.139393
15437,along,Stacy Schmitt,Melinda Brock,3519,campaign,different,2024-05-14T16:48:40.057138,2024-02-24T01:51:43.410047
20454,early,Christian Mckee,Michael Clark,347,agreement,probably,2024-12-16T18:25:58.797041,2024-10-17T01:27:41.267189
84028,democratic,William Mcguire,Mark Baxter,189,easy,tough,2024-06-24T10:38:46.111182,2024-05-17T15:37:02.137696
34747,truth,Gabrielle Dunn,Timothy Long,1013,it,throw,2023-04-10T13:10:29.528776,2024-08-11T19:31:31.623765
76789,common,Wendy Webb,Denise Carney,3333,marriage,ten,2023-04-05T20:46:34.229285,2024-03-18T00:39:28.924643
86906,remain,Robert Sparks,Ms. Shari Wheeler,2630,might,contain,2023-02-16T07:49:00.138960,2024-05-17T17:57:11.768849
54088,event,Joseph Williams,Nicholas Wilson,2283,eat,so,2023-07-12T04:41:29.964822,2024-02-07T14:39:15.888725
90312,would,Jessica Blackwell,Tiffany Schultz,2516,voice,radio,2024-07-28T14:21:43.725778,2024-09-28T14:43:26.552672
12274,minute,Justin Dawson,Edward Arnold,963,where,baby,2023-08-16T11:45:13.676445,2024-06-28T03:21:24.048552
88016,enjoy,Steve Gutierrez,Casey Lopez,2206,already,security,2024-06-02T03:55:49.368305,2024-06-24T04:33:06.755560
43132,fear,Jesse Greene,David Day,1856,ball,matter,2024-08-17T02:05:56.627560,2024-03-29T10:45:56.225992
83475,hospital,Aaron Wright,Elizabeth Jones,407,true,grow,2024-12-18T10:50:56.893808,2024-04-03T04:02:17.664103
74820,yeah,Deborah Scott,Carlos Barber,118,risk,fire,2023-05-16T18:28:55.349865,2024-05-04T10:15:57.963945
69892,ask,Paul Johnston,Rebecca Walker,1526,try,eight,2024-05-30T05:29:18.590783,2024-09-21T20:20:42.852641
60082,effort,Amber Powell,Ashley Steele,2394,work,manage,2023-04-04T15:54:00.242139,2024-04-11T13:28:51.731672
256,new,Rebecca Diaz,Theresa Nguyen,93,Republican,last,2024-04-02T09:34:43.465093,2024-10-03T20:51:07.582952
91603,west,Dr. Matthew Morales,Melissa Hess,3175,note,current,2023-07-06T00:52:00.537614,2024-09-30T08:43:50.455312
73027,ability,Brittney Freeman,Brittany Bradley,3120,pay,important,2023-11-01T05:08:29.641378,2024-12-02T20:28:02.290761
82931,half,Robert Park,Karen Leonard,2901,find,street,2023-08-24T08:44:07.192327,2024-06-12T04:04:13.675848
74306,however,Charles Solis,Debbie Camacho,1475,cut,one,2024-07-31T14:01:10.886118,2024-10-14T03:41:35.639838
89183,himself,Kyle Henry,Cheryl Murray,559,movement,notice,2023-12-15T23:53:36.682993,2024-03-30T01:37:09.520984
14380,kitchen,Cassie George,Paul Miles,1374,go,price,2024-03-23T13:25:35.339896,2024-07-25T00:29:40.882414
21672,many,Mary Hall,Alison Ewing,2310,become,far,2023-11-26T15:00:32.878931,2024-05-16T12:05:38.139930
64791,see,James Chavez,Steven Rose,474,professional,such,2024-10-22T06:43:14.168289,2024-03-04T14:36:06.449649
29128,present,Jennifer Powell,Robert Jones,743,benefit,loss,2024-02-15T15:19:20.942982,2024-03-24T06:00:29.846214
83734,dog,Anne Murillo,Leah Luna,3500,maintain,girl,2024-10-25T03:47:23.864685,2024-02-16T22:58:35.821692
83676,major,Alex Wood,Jessica Ross,854,start,fund,2023-06-04T01:37:35.118396,2024-02-29T18:44:24.832636
8487,serve,Stephanie Lewis,Travis Coleman,558,take,he,2024-10-20T11:13:47.983314,2024-07-27T21:04:32.820830
84060,imagine,Angela Jimenez,Deborah Lawson,2586,mother,government,2023-11-18T23:15:09.320061,2024-09-29T02:31:03.895606
58430,between,Carmen Mitchell,Kayla Mcdaniel,1299,serious,family,2023-07-29T03:12:06.790092,2025-01-13T13:55:21.972917
45469,test,Dalton Melton,Elizabeth Smith,1344,by,church,2023-08-28T04:33:05.880276,2024-06-14T20:34:52.617927
85064,collection,Kevin Hall,Robert Garcia,1001,image,television,2024-12-29T02:53:52.384067,2024-10-17T06:04:40.213551
35645,account,Trevor Herrera,Christine Sparks,3306,hope,finish,2023-09-22T18:57:27.032922,2025-01-17T23:23:21.329604
7286,send,Vincent Miller,Rachel Ramsey,2475,international,hot,2023-03-20T15:03:28.575104,2024-02-03T14:52:38.723047
41884,west,Holly West,Christina Moon,1171,necessary,development,2023-10-10T03:45:23.739719,2024-02-09T07:46:55.917357
20034,heavy,Erica Liu,Deborah Curry,2879,how,list,2023-10-08T13:26:04.230064,2024-04-22T18:46:56.725189
8827,science,April Weaver,Susan Murray MD,1005,board,build,2023-11-09T13:00:19.896225,2024-02-03T19:55:32.516827
48835,individual,Teresa Walker,Robert Riley,3178,exactly,case,2024-01-28T11:11:49.310770,2024-11-13T02:54:38.703318
1619,information,Douglas Moore,Devin Wilson,2132,appear,out,2023-05-26T23:02:01.320027,2024-07-06T02:10:58.236775
93905,wind,Jasmine Thompson,Gregory Smith,1993,him,business,2024-12-30T19:11:32.459162,2024-05-02T08:38:02.230124
85696,friend,Trevor Torres,Donald Mitchell,1129,lay,past,2024-05-24T01:46:59.697025,2024-02-09T17:59:28.000802
79739,game,Kelly Ray,David Mathews,1479,hard,clearly,2023-12-23T01:57:14.728269,2024-06-04T18:29:20.244247
26323,authority,Gregory Gonzalez,Dr. Brittany Ross,2527,three,ok,2024-05-18T14:41:48.255527,2024-07-16T08:49:45.838803
97476,approach,Keith Jones,Brenda Wolfe,393,agent,over,2023-11-07T17:32:26.015223,2024-05-10T02:51:21.965017
7415,evening,Kenneth Estrada,Donna Lutz,2202,fall,present,2024-06-19T03:43:41.477405,2025-01-03T10:25:04.218718
23050,street,Melissa Hernandez,Lindsay Scott,3039,administration,policy,2024-01-20T02:59:13.831218,2024-12-22T07:21:12.505460
53155,edge,Jonathon Ellis,Tracy Fisher,2786,better,state,2023-10-07T07:27:07.963245,2024-09-19T16:43:22.990308
1860,assume,Carolyn Escobar,Christina Short,1951,indeed,laugh,2023-05-25T19:01:27.776779,2024-07-22T01:06:58.086508
46047,religious,Kenneth West,Joseph Novak,3152,kid,pretty,2023-07-25T08:33:01.153618,2024-03-03T17:01:55.893059
59555,wife,Rachel Ferguson,Michael Weiss,2616,read,every,2024-01-23T13:52:22.768873,2024-05-09T09:25:29.905784
95127,them,Misty Hill,Barbara Mitchell,720,establish,fact,2024-07-19T08:17:57.734532,2024-04-17T17:44:29.374418
21806,church,Beth Dunn,Joseph Massey,836,follow,left,2025-01-27T02:37:57.385216,2025-01-05T23:29:49.587067
97669,fine,Tina White,Joshua Perkins,2436,red,central,2024-07-24T08:07:10.882601,2024-12-21T12:45:22.815814
57309,south,Nicholas Smith,Matthew Wilson,621,decade,most,2024-02-04T18:28:30.263477,2024-10-24T14:49:37.070682
14950,Mr,Sergio Smith,Amanda Hill,873,no,adult,2023-12-21T02:03:01.113819,2025-01-21T21:48:08.348096
36323,success,Tiffany Espinoza,Sherry Patterson,984,full,region,2024-02-26T03:51:34.272027,2024-07-29T02:16:46.198560
67998,beat,Maxwell Coleman,Jared Allen,2309,bar,do,2024-01-14T05:20:32.658461,2024-04-06T18:02:53.122276
50333,from,Nicole Palmer,Thomas Valdez,2236,class,key,2023-08-27T01:55:57.134565,2024-11-25T11:10:44.810038
45188,police,Michael Campbell,Robert Avila,2137,still,kid,2024-06-15T07:36:56.097108,2024-11-24T14:48:28.430403
59875,event,Christine Price,Hunter Griffin,277,eat,arrive,2023-03-07T03:27:35.800499,2024-05-30T10:28:51.137452
2179,people,Erica Beasley,James Alvarado,3025,American,player,2024-01-23T21:15:01.217014,2024-04-11T08:54:45.261734
90787,old,Alan Watson,Angela Bryan,2506,quality,say,2024-06-15T19:48:25.206736,2025-01-01T16:53:51.557618
54395,guess,Christina Ruiz,Christopher Fowler,2574,customer,parent,2024-01-04T20:13:59.854624,2024-08-02T23:56:30.315244
31933,when,Lance Suarez,Michael Lee,1053,just,result,2023-06-14T06:25:17.625165,2024-03-01T01:09:05.236082
97071,compare,Andrew Morris,Kristen Shepard,2819,animal,cut,2025-01-09T10:09:04.455277,2024-11-20T03:53:39.098128
19197,push,Melissa Luna,Lucas Snyder,516,area,we,2023-12-24T13:08:23.200994,2024-09-13T05:15:54.461507
56496,woman,Megan Gallagher,Mr. Robert Grant,925,alone,husband,2023-08-07T06:12:44.510370,2024-08-24T11:48:39.566645
99867,cultural,Michael Coleman,Matthew Mcdowell,889,hair,piece,2024-10-13T10:41:07.008719,2024-12-12T09:21:45.852006
14883,matter,Gabriel Martinez,Steven Charles,1157,dinner,doctor,2023-09-28T13:30:32.680019,2024-08-22T08:39:19.796521
95262,all,Mary Rodriguez,Brady King,2617,movie,develop,2024-10-04T07:42:10.495592,2024-05-01T07:27:38.654726
87506,analysis,Austin Montgomery,Sarah Gentry,1619,man,work,2023-08-21T12:06:08.323372,2024-04-29T10:21:40.458565
6825,all,Deborah Jimenez,Diane Townsend,461,action,exist,2024-02-05T23:52:09.617416,2024-12-19T19:08:58.226654
77171,act,Rodney Rios,Larry Smith,1763,idea,sea,2023-04-21T19:28:41.155958,2024-07-30T00:19:24.640446
68605,mention,Chad Murphy,Tamara Gray,1264,trial,sea,2023-05-28T14:59:18.249778,2024-04-28T04:06:20.844102
83470,six,Juan Jones,Cory Contreras,2357,get,to,2023-08-09T23:00:55.456671,2024-07-03T12:38:16.471894
19516,check,John Reed,Philip Harris,2361,eight,than,2024-06-04T18:48:14.083399,2024-10-15T15:52:05.905567
72743,plant,James Arroyo,Michelle Beltran,1900,mother,poor,2023-03-10T20:15:16.708317,2024-06-27T15:03:41.120162
60710,heart,Theresa Banks,Kristen Hernandez,1601,deal,age,2023-10-08T21:05:49.360291,2024-10-13T04:24:31.216373
71714,difference,Glenn Aguilar,Renee Sherman,3561,think,wide,2024-04-04T09:25:44.157069,2024-10-10T08:23:01.515120
54500,drug,Karen Miller,Gloria Donovan,2910,citizen,fall,2023-08-03T22:33:38.701596,2025-01-26T05:28:53.221168
68517,behavior,Ryan Garza,Scott Wilson,2294,animal,section,2023-12-29T23:46:06.700039,2024-03-14T14:11:07.316242
62446,rich,Jessica Price,Ryan Stephenson,1561,her,develop,2023-12-29T06:18:38.757153,2024-02-06T13:11:11.157853
32151,dog,Lawrence Garcia,Nicole Brown PhD,807,pull,that,2024-03-01T09:56:10.087378,2024-10-14T06:36:10.237676
46081,house,Marcus Hughes,Michele Perkins,2463,newspaper,about,2023-11-09T03:55:51.316543,2024-10-16T17:22:54.184677
64623,task,Travis Love,Cathy Martin,1288,pick,their,2024-04-28T11:29:45.006292,2024-08-06T04:49:33.419868
2112,state,Marc Hicks,Anna Guerrero,88,behind,board,2023-10-28T11:49:46.091563,2024-02-05T20:41:24.179644
52369,language,Henry Davis,David Long,952,than,yourself,2024-09-19T13:15:00.165845,2024-06-19T04:26:52.257261
16324,sometimes,Chad Diaz,Brad Pace,2387,senior,yes,2023-12-28T21:50:02.819930,2024-12-05T12:14:12.471397
85522,guess,Emily Walker,Nicholas Morales,206,seven,tend,2023-04-21T22:06:16.618965,2024-04-05T16:47:18.312648
76755,director,Paul Murphy,Tyler Johnson,725,worker,difference,2023-05-22T08:11:33.415337,2024-08-19T08:27:21.048858
31959,service,Maxwell Marquez,William Mendez,3511,very,phone,2024-09-30T19:33:05.861202,2024-11-04T11:37:20.108224
2866,along,Andre Vasquez,Melissa Holloway,3516,account,stop,2023-09-05T00:23:09.229902,2024-08-27T01:27:15.838404
51857,by,Rebecca Young,Michelle Ellis,2722,environment,marriage,2024-02-01T08:47:11.286729,2024-05-11T21:54:03.377573
15147,father,Justin Hansen,Shawn Walker,3174,until,Congress,2024-06-11T04:40:22.387956,2024-12-22T00:58:05.375256
13693,agency,Katherine Hunter,Michael Orozco,1250,listen,which,2023-02-02T13:02:37.903003,2024-07-23T22:21:55.027699
23340,two,Rebecca Williams,Janet Bowman,2368,allow,attack,2024-02-01T18:24:36.134949,2024-02-22T11:40:43.783889
91843,improve,Jennifer Jenkins,Austin Cook,2655,forget,once,2024-06-26T21:25:05.766148,2024-10-22T22:55:27.390404
17604,half,Whitney Allison,Christian Nelson,3495,thousand,management,2024-05-31T11:55:28.886822,2024-02-28T05:10:33.972113
85553,back,Bridget Morris,Robert Vargas,1569,that,impact,2024-09-25T08:44:43.722343,2024-06-25T16:34:30.591108
91161,term,Roy Davis,Mark Haley,1925,PM,cell,2023-06-20T15:39:09.484282,2024-11-23T20:45:44.149580
33205,beautiful,Timothy Lee,Marisa Rivera,3392,assume,machine,2024-06-09T15:01:05.263003,2024-07-10T05:21:54.859373
11795,run,Dennis Sheppard,Amber Blake,1899,class,moment,2023-05-31T00:48:33.372881,2024-12-16T17:27:22.328229
97647,argue,Dr. Lee Martin,Juan Mullen,2774,throw,talk,2024-04-28T06:00:57.927200,2024-08-28T22:16:04.942843
83109,during,Austin Ruiz,Pamela Weber,399,drive,challenge,2023-10-17T12:44:54.432448,2024-11-12T11:17:29.619046
26865,subject,Diamond Smith,Ann Bennett,695,cup,mention,2023-10-23T04:28:56.505276,2024-07-13T19:51:57.587094
14397,hear,Kristi Smith,Jillian Payne,453,operation,body,2023-11-15T18:51:15.272578,2025-01-08T16:24:48.832433
19869,nothing,Adam Thompson,Dr. Victor Vasquez,3307,real,less,2023-10-10T20:37:51.345989,2024-10-09T01:59:45.912066
24965,service,Mark Galvan,Benjamin Moreno,2509,watch,certainly,2024-08-29T00:55:09.676260,2024-12-26T09:22:05.469758
42780,special,Kimberly Jones,Luis Cook,2031,upon,contain,2024-03-10T16:00:46.766803,2024-08-12T18:28:59.857502
48170,bag,Christopher Fitzgerald,Tyler Gonzalez,21,good,piece,2024-02-11T04:10:05.257558,2024-12-29T22:22:08.376631
82023,loss,Donald Pearson,Tasha Adams,591,movement,such,2023-01-30T18:50:53.992821,2024-08-26T07:55:58.509127
13960,white,Steven Rodriguez,Elizabeth Moss,811,daughter,seat,2023-07-14T21:24:08.297013,2024-02-23T19:09:14.457861
71765,ball,Peter Bridges,Mark Olson DVM,1411,stuff,scientist,2023-02-04T14:18:34.526779,2024-02-29T00:00:10.856040
77638,apply,Johnny Shelton,Robert Gutierrez,2207,dream,economy,2024-08-26T12:26:49.080256,2024-03-31T17:37:54.846094
55032,purpose,Juan Richardson,Andrew Anderson,2814,task,throughout,2023-10-18T08:16:08.391873,2024-03-10T09:32:19.945917
28943,for,Anne Dickson MD,Matthew Johnson,1351,dinner,order,2023-08-12T15:00:35.171493,2024-09-17T18:23:33.788279
2494,hit,Benjamin Gibbs,Rachel Collier,2617,environment,see,2024-09-20T17:31:50.640843,2025-01-11T01:31:07.324837
24193,others,Jessica Mcfarland,Melissa Craig,1770,event,board,2024-11-02T09:39:43.442486,2024-11-01T14:55:02.575690
79906,range,Lisa Turner,Heidi Hubbard,487,go,institution,2024-01-29T06:56:50.240093,2024-11-17T14:43:28.270181
64171,local,Lonnie Pierce,Robert Nelson,3262,still,suffer,2024-03-24T06:13:53.429592,2024-07-30T08:34:51.345415
7802,particularly,Robert Powell,Richard Thompson,1440,south,science,2024-03-24T02:08:13.032285,2024-08-17T17:35:22.377957
37793,guy,Cheyenne Kane,Matthew Copeland,1708,trade,suggest,2024-08-01T15:02:11.529119,2024-03-12T17:13:13.764201
77126,cover,David Singleton,Thomas Moore,428,course,language,2024-07-20T12:18:53.915080,2024-12-24T10:18:09.229185
83322,consider,Michael Mack,Terrance Livingston,258,treatment,part,2024-09-13T23:17:35.532548,2024-06-10T09:08:29.900847
54111,fund,Edward Ford,Leslie Torres,436,man,which,2023-10-27T10:38:09.962725,2024-07-15T03:10:35.272161
67202,unit,Roberto Mckinney,Jeremy Hampton,2695,score,add,2024-02-11T20:19:02.796575,2024-04-01T17:21:45.892794
5546,detail,Edwin Olson,Jessica Lewis,1245,technology,describe,2023-12-05T19:22:16.250695,2024-06-30T22:35:40.696003
71101,deep,Sara Cook,Rachel Thompson,589,sing,drug,2023-06-03T02:12:10.318889,2024-11-11T03:12:22.848191
93208,tell,Denise Brown,Katelyn Chapman,3453,play,door,2024-05-18T00:57:42.166089,2024-11-05T10:34:21.695121
78241,record,Robert Murphy,Michelle Baker,1905,give,down,2024-04-27T04:20:22.477763,2024-06-01T07:45:48.394806
96036,eat,George Love,Elizabeth Dudley,3031,watch,soon,2024-04-28T01:40:35.340760,2024-10-03T13:53:49.452985
15448,all,Thomas Kennedy,Caitlyn Jones,1565,full,break,2023-06-19T10:12:05.897304,2024-05-17T21:21:06.702518
22880,raise,Eugene James,Brittney Singleton,2979,strategy,deep,2023-12-22T22:31:07.224162,2024-07-17T14:14:13.698432
79041,anyone,Cathy Lopez,Frank Davis,2533,relate,budget,2024-07-17T18:49:51.866212,2025-01-15T19:38:14.253660
26483,then,Maria Shea,Isaac Scott,2416,them,knowledge,2023-10-29T09:25:36.322731,2024-07-28T01:48:16.304733
99161,performance,Sarah Mack,Robert Moore,2255,democratic,kid,2024-04-18T19:11:37.041774,2024-12-07T03:04:28.041225
87589,indeed,Elijah Salinas,Mary Hernandez,484,north,mind,2024-07-31T07:02:38.015419,2024-05-10T05:40:55.552083
50826,station,Mr. David Watkins,Rita Bell,88,smile,room,2024-04-15T08:57:27.638785,2024-04-08T06:59:29.421045
20057,record,Jason Howard,Jessica Smith,479,painting,fund,2023-02-21T03:53:24.167673,2024-03-24T02:21:25.740539
80256,knowledge,Regina Lucas,Tracie Carney,920,way,board,2023-02-11T16:14:16.134968,2024-03-18T10:38:08.426601
42238,nothing,James Castillo,Amy Gallagher,2928,during,hear,2024-09-29T01:58:18.604754,2024-06-19T13:39:21.298467
6107,open,Christopher Todd,Cody Freeman,3192,soldier,like,2023-07-16T20:54:27.535448,2025-01-15T04:18:40.582088
78697,everything,Tiffany Perez,Paul Turner,3449,leave,could,2023-11-30T16:26:19.779673,2024-05-07T13:28:15.796579
67672,main,Lance Mcbride,Jennifer Larson,2660,air,meeting,2025-01-16T03:57:07.111834,2024-08-14T13:48:13.339170
34316,itself,Michelle Nguyen,Scott King,827,machine,similar,2024-07-21T14:59:14.367687,2024-10-27T13:07:32.321240
73803,case,Karen Smith,Kristen Brown,2891,summer,product,2023-10-29T13:28:09.061116,2024-10-20T01:56:04.187621
31441,matter,Anita Jones,Alexander Gardner,3315,defense,degree,2023-04-12T09:14:03.443823,2024-06-28T06:58:05.392860
58884,available,Nicole Lewis,Dustin Stewart,3017,say,only,2023-04-30T15:11:46.151504,2024-12-17T06:55:31.052934
63958,represent,Kelly Chavez DVM,Mark Simpson,1129,author,page,2024-12-09T08:30:14.271167,2024-02-19T15:55:53.162654
70303,data,Sherry Cooper,Catherine Johnson,1999,face,later,2023-12-23T10:35:53.737376,2024-11-06T00:46:11.543714
93214,against,Tammy Smith,Melinda Johnston,2676,report,join,2023-09-30T02:40:28.489058,2024-09-15T05:43:36.790569
56825,indicate,Nathan Anderson,James Lopez,3259,debate,green,2024-07-29T06:20:29.974057,2024-06-27T07:53:24.137020
17365,show,Diana Bowman,Morgan Savage,874,religious,cost,2025-01-09T20:04:38.379541,2024-03-22T22:16:00.857646
41188,language,Robert Miller,Thomas Alvarez,1957,its,fine,2024-10-01T21:30:36.196059,2024-01-30T17:58:00.485181
34848,color,Robert Wood,Gregory Ellis,588,letter,job,2023-09-27T19:13:27.920265,2025-01-21T13:14:53.700946
2811,benefit,Michelle Jimenez,Eddie Cole,3237,spring,serve,2023-02-08T23:20:55.997309,2024-10-20T16:29:16.561613
83630,game,Christopher Herrera,Paul Ryan,889,despite,past,2024-12-03T17:44:59.282562,2024-04-17T10:07:58.125946
7862,activity,Kayla Johnson,Katherine Bond,3564,between,type,2023-07-21T22:24:19.535687,2024-05-17T00:54:31.258950
25954,every,Courtney Hardy,Gloria Hogan,1105,voice,improve,2024-05-28T04:33:37.971238,2025-01-09T06:20:27.058136
91833,visit,Christine Alexander,Teresa Simpson,778,unit,either,2024-04-26T09:34:33.536760,2024-04-02T03:07:06.131469
98401,especially,Danielle Allen,Ryan Gutierrez,2182,different,life,2024-05-20T09:24:27.402024,2024-10-21T18:01:05.407386
88011,prove,Catherine Brown,Amanda Jacobs,1115,range,thus,2024-10-11T06:17:18.822669,2024-02-09T08:41:56.520796
31868,example,Sabrina Salas,Andrea Meyer,702,view,already,2024-08-02T06:10:42.515114,2024-10-19T23:55:53.551882
38017,positive,Michael Bell MD,Daniel Douglas,21,night,value,2023-07-12T08:51:13.090656,2024-10-04T14:42:38.546609
2399,new,Dr. Kelly Garcia,Kathryn Andrews,2548,beyond,too,2023-08-18T14:35:12.750200,2024-07-27T00:22:41.745535
4377,drug,Sherry Chang,Kenneth Jones,2692,road,cup,2024-03-10T21:17:38.400880,2024-08-30T15:59:04.228742
59265,girl,Patricia Collins,Gina Williams,1949,we,kitchen,2024-11-24T12:28:43.611665,2025-01-18T05:34:52.673462
82968,spring,Elizabeth Hernandez,Melody Hunter,2185,everyone,question,2023-12-03T00:51:36.952719,2024-06-12T22:35:45.307113
5302,fish,Richard Johns,Jo Johnson,899,whatever,factor,2024-12-22T04:03:44.740124,2024-09-13T14:49:15.314038
95051,lose,Sarah Boone,Juan Moore,3328,budget,personal,2023-11-12T07:48:01.142435,2024-09-05T18:19:17.863474
1810,fish,Jeffrey Mann,John Sullivan,2336,what,major,2023-04-21T12:25:49.382839,2024-08-19T09:44:41.401259
7187,ago,Paul Ortiz,Sarah Frazier,1617,social,rock,2023-07-31T10:30:34.014629,2024-08-18T05:08:08.275562
64836,close,Zachary Mathis,Rebekah Taylor,427,hospital,draw,2023-07-23T08:25:15.890542,2025-01-10T15:51:44.473143
29466,ball,Ryan Page,Tricia Ruiz,2915,seat,edge,2024-01-03T05:02:12.141640,2024-09-01T01:30:18.301524
45837,financial,Joseph Hernandez,Annette Ramirez,3297,price,shake,2023-08-21T14:28:29.133775,2024-06-17T20:28:39.792383
21606,rather,Donald Williams,Stephanie Freeman,1843,above,conference,2023-03-02T20:33:54.749080,2024-12-08T13:36:02.213604
78221,I,Courtney Wagner,Thomas Reed,140,leg,article,2024-03-02T18:16:41.992936,2024-11-18T17:22:45.413325
88131,note,Allen Johnson,Kathy Blevins,3068,sister,relationship,2023-07-18T19:14:46.449255,2024-12-20T23:04:07.763485
29192,however,Jessica Rios,Kenneth Miller,2183,entire,happen,2024-05-13T08:43:28.978052,2024-09-15T13:50:16.382352
75566,avoid,Andrew Koch,Mario Greer,1954,well,ahead,2024-09-22T13:28:47.945414,2024-10-16T22:36:50.621585
23981,detail,Bobby Miller,Melissa Savage,1588,realize,painting,2023-10-13T02:05:22.164615,2025-01-05T18:10:15.302241
68249,game,Amy Yu,John Williams,242,put,agency,2023-08-07T06:34:42.629133,2024-11-19T10:19:46.879241
86474,third,Tiffany Carter,Donald Medina,3243,of,generation,2024-05-21T21:13:11.106558,2024-09-18T18:25:14.129489
95115,democratic,Jessica Garcia,Matthew Pena,2151,history,federal,2023-03-05T06:35:07.565950,2024-04-25T15:04:47.056843
73589,hand,Nicole Murphy,Alejandro Grant,1504,activity,probably,2025-01-09T06:12:39.586135,2024-12-31T05:12:37.157117
87741,difference,Brandon Powell,Alexander Burnett,3398,wrong,option,2024-08-14T09:23:29.945592,2024-04-10T20:29:57.153239
98831,painting,Marcus Prince,Debbie Vega,2211,see,head,2023-08-29T19:34:17.851293,2024-12-31T07:04:15.730182
50077,our,Kelli Myers,Mary Cross,652,form,clear,2023-03-03T20:20:40.585258,2024-04-13T10:10:58.489319
7958,government,Stephanie Mills,Cindy Watts,1774,difference,total,2024-11-02T04:38:25.364830,2024-07-10T05:02:30.248742
55069,tough,Stacey Carpenter,Jessica Miller,416,wonder,get,2024-05-25T06:35:41.116536,2024-09-03T00:34:35.453228
92072,protect,Carrie Thomas,Lisa Brandt,606,them,white,2023-05-17T07:32:11.288960,2024-11-18T11:28:51.209488
94364,former,Allison Montgomery,Sierra Gordon,2131,carry,reveal,2024-04-27T16:20:54.596316,2025-01-27T13:15:07.396683
68709,happen,George Silva,Tim York,1983,report,present,2024-12-07T09:21:44.229575,2024-03-26T15:15:00.169943
10012,positive,Heather Bond,Cristina Hardy,2662,toward,care,2024-06-05T14:28:13.992744,2025-01-26T00:53:54.828367
24960,short,Travis Branch,Tracy Lane,1198,make,program,2023-03-13T15:48:19.172919,2024-08-01T12:14:37.481385
7993,art,Dennis Padilla,Penny Lester,695,life,president,2023-03-07T04:55:24.306653,2024-10-08T12:34:24.625695
25299,parent,Dana Carpenter,Wayne Jenkins,3402,together,executive,2023-02-17T04:24:40.424693,2024-05-19T17:13:32.010756
67035,unit,Blake Mccoy,Brittany Romero,2449,pass,or,2023-05-05T09:28:17.606978,2024-07-04T10:03:58.360315
48279,loss,Sean Novak,Annette Jackson,1333,site,hour,2025-01-25T22:43:11.285323,2024-02-15T04:22:09.099768
7359,care,Ashley Martinez,Tina Arellano,685,community,listen,2024-01-22T23:30:06.726435,2025-01-06T17:57:19.065229
95687,final,James Long,Wendy Collier,3481,improve,sometimes,2023-06-01T10:03:59.808399,2024-10-29T14:02:29.099121
53700,nearly,Gregory Vasquez,Angela Garcia,3186,item,gas,2023-04-28T03:56:00.261924,2024-12-03T03:15:43.121470
90496,executive,Bryan Bentley,Nicholas Miller,798,west,sometimes,2024-08-09T20:00:14.956381,2025-01-01T13:08:02.344472
3900,move,Sara Mccoy,Ana Elliott,137,while,dinner,2024-05-28T11:05:18.925567,2024-06-12T00:04:55.689071
70888,garden,Rodney Craig,Andrew Miller PhD,773,camera,night,2025-01-15T07:53:13.916463,2024-10-13T08:47:46.124308
14752,important,Heather Mcintosh,Eric Sanchez,2011,actually,very,2024-03-02T06:54:03.961957,2024-06-05T14:54:40.965161
93027,method,John Collier,Chad Perez,3403,very,could,2023-05-30T14:20:07.936617,2025-01-23T11:03:32.617210
70081,fish,Lindsay Weaver,Derek Johnson,72,space,service,2024-06-15T12:46:31.789483,2024-07-18T19:00:49.169730
51586,shoulder,Sean Bond,Ryan Torres,2698,owner,relationship,2023-07-06T05:42:08.503955,2024-07-16T14:20:05.721630
14146,general,Thomas Obrien,Walter Washington,3200,like,bank,2023-08-19T09:30:41.770857,2024-05-08T03:33:08.117824
9645,during,Kaitlyn Evans,Diana Matthews,1602,true,note,2024-07-04T12:28:39.174383,2024-04-28T08:37:55.044662
86441,institution,Luke Hale,Samuel Graham,218,main,check,2024-09-22T13:36:17.555542,2024-02-10T15:09:23.927716
83778,themselves,Kimberly Carroll,Paul Howard,1669,short,thus,2023-02-24T13:48:11.677226,2024-06-16T11:49:40.583426
76360,either,Rebecca Brooks,Phillip Henderson,3103,on,economy,2024-02-18T06:17:45.212800,2024-02-08T06:23:18.598529
25998,back,Heather Lawson,Nicole Fernandez,1863,moment,generation,2023-01-30T03:23:03.447103,2025-01-26T22:33:21.399061
55246,possible,Denise Reese,Amy Allison,1787,peace,side,2024-01-28T13:56:25.858104,2024-06-23T05:26:43.211974
66112,sit,Sheila Schmidt,Peter Smith,655,vote,skin,2024-10-12T23:35:04.660566,2024-11-15T12:22:07.071142
64813,story,William Schaefer,Ronald Tanner,149,account,tell,2023-06-05T23:49:34.411203,2024-10-25T05:10:37.526400
92668,better,Blake Bowen,Michael Myers,141,partner,both,2025-01-16T04:31:37.217874,2024-02-20T21:08:45.100919
38259,production,Andre Evans,Kimberly Gregory,2759,until,husband,2024-07-01T13:23:19.413091,2024-12-18T03:18:58.829214
46913,while,Mitchell Jensen,Cassidy Payne,669,also,myself,2024-01-11T02:03:51.579245,2024-06-12T15:09:51.772040
82470,table,Joseph Dickerson,Robin Boyer,770,significant,pattern,2023-06-26T18:19:15.607206,2024-12-02T20:33:06.481388
76878,professional,Cindy Washington,Robert Morales,2109,shoulder,single,2024-07-19T22:55:37.044813,2024-10-31T23:10:08.237891
91134,show,Brenda Jordan,Ethan Taylor,40,budget,I,2023-03-07T21:21:30.672287,2024-09-16T14:29:57.360537
59386,something,Jennifer Martinez,Richard Roberts,618,but,season,2024-02-22T04:09:31.168424,2024-09-15T17:24:16.566853
33633,politics,Hunter Moore,David Price,2599,first,send,2023-12-28T22:24:36.347305,2024-08-13T20:51:19.093311
49551,street,Christopher Gray,Mark Barajas,80,down,remember,2023-03-05T22:24:10.061638,2024-03-31T01:10:44.673642
67449,into,Joanna Humphrey,Kristen White,1434,guess,any,2023-06-10T19:58:15.225698,2024-05-28T22:24:33.215613
75093,hotel,Samuel Lynn,Brandi King,3237,summer,eat,2024-02-06T11:22:56.179688,2024-09-13T18:33:55.706987
26170,organization,Stephanie Ramirez,Andrew Ward MD,1214,race,soon,2023-03-24T13:36:54.302294,2024-12-21T18:47:01.283230
37149,serious,Micheal Thompson,Jacqueline Medina,2624,might,across,2023-11-26T06:58:13.361612,2024-06-20T14:35:03.029324
21646,fall,Jessica Campbell,Justin Sherman,598,finally,management,2024-03-15T07:03:36.096922,2024-05-23T21:02:01.553255
39533,affect,Eric Cruz,Paul Quinn,1524,sometimes,beyond,2023-05-21T06:52:50.407743,2024-09-14T21:54:45.256241
61468,perhaps,Pamela Johnson,Debra Stokes,1792,measure,accept,2023-10-25T08:51:55.552571,2024-11-06T03:59:10.828293
80631,consumer,Theresa Walsh,Jimmy Johnson PhD,3063,order,single,2023-06-11T10:58:46.722925,2024-05-26T06:52:05.028190
90782,century,Tiffany Castillo,Dana Allen,427,tell,inside,2024-02-19T20:09:08.857823,2024-02-02T00:54:10.054360
58054,every,Thomas Price,Lauren Austin,2478,interest,radio,2023-03-21T19:30:26.766495,2024-12-08T18:41:09.758457
43256,part,Joseph Johnson,Sara Gray,2474,information,knowledge,2024-04-24T05:26:14.295768,2024-03-11T11:20:49.759124
58403,interview,Kevin Hensley,Meagan Bush,2828,question,property,2023-06-19T20:36:14.910607,2024-07-24T21:53:56.075125
54856,green,Marissa Nichols,Donald Cervantes,3594,day,fire,2025-01-22T20:21:21.553692,2024-06-21T15:40:29.645498
48962,consider,Craig Cantu,Adam Allen,1643,pull,develop,2023-05-04T19:38:57.659545,2024-11-09T07:02:40.735288
40229,enough,Mrs. Tracy Valentine,Brenda Phillips,3118,standard,moment,2024-06-23T12:37:22.928278,2024-11-08T07:40:58.355439
63595,carry,Kaylee Glenn,Carrie Richardson,2554,away,nothing,2023-04-27T00:36:12.244372,2024-02-24T14:51:54.798967
50117,probably,Terri Heath,Angela Garcia,1622,last,able,2024-05-13T10:09:13.457633,2024-03-24T18:17:00.140849
12257,actually,Christopher Mcclure,Michael Stone,1509,chance,election,2023-03-10T05:55:30.924861,2024-07-20T17:12:53.096424
72388,you,Melanie Walker,Beth Brooks,828,better,degree,2023-07-23T00:49:02.314335,2024-04-16T09:24:38.756564
3277,rest,Cody Becker,Susan Brown,1761,space,moment,2024-08-09T02:17:42.636518,2024-08-11T21:10:39.690587
4769,box,Kaitlin Gross,Brianna Barrett,1052,when,manage,2023-06-28T21:28:15.476054,2024-12-28T01:17:22.228658
19114,already,Laura Chang DDS,Patrick Warner,2469,imagine,and,2023-05-21T00:50:00.685248,2024-10-13T18:19:36.476757
4486,child,Danielle Mcguire,Mr. Mark Rhodes PhD,2401,chair,newspaper,2024-11-20T09:45:33.245574,2024-04-01T01:54:40.018968
96562,anything,Shannon Huber,Donald Baker,2486,shoulder,join,2023-10-05T14:00:22.236013,2024-09-16T17:52:51.622349
9851,name,Amy Roberts,Pamela Snyder,727,industry,region,2023-06-14T03:04:37.142800,2024-02-26T07:30:34.292135
8669,today,Dylan Powers,Miss Jacqueline Thomas,1120,resource,begin,2024-03-24T05:17:03.122310,2024-05-02T23:27:33.017519
88920,of,Kathy Bishop,Jill Knight,1163,thus,new,2024-08-28T22:10:00.748143,2024-10-12T05:49:32.406349
77739,ten,Tamara Evans,Gail Woodward,2993,next,sit,2023-11-29T05:14:26.071939,2024-10-20T06:26:57.446273
27711,on,Michael Jackson,Angela Tran,3108,now,happy,2023-08-12T10:18:01.030479,2024-12-25T16:43:54.952421
34960,cover,Dr. Samantha Sanders,Ann Price,1719,could,reduce,2023-07-27T04:58:25.939383,2024-10-28T14:43:28.794386
27996,fly,Scott Summers,Dylan Griffin,1874,loss,support,2024-12-07T10:30:04.909116,2024-09-02T21:04:44.648156
63364,still,Monica Taylor,Brandi Bennett,1661,add,describe,2023-06-12T06:14:06.331737,2024-03-21T22:52:06.501392
81712,population,Carl Lee,Kevin Mack,1733,off,site,2024-09-01T05:54:00.442580,2024-10-30T21:46:20.790986
38416,compare,Patricia Gilmore,David Cruz,1679,no,indeed,2025-01-24T03:00:31.099803,2024-08-03T06:14:01.556677
46487,scene,Jason Peterson,Danielle Gilbert,2459,loss,issue,2023-03-10T17:18:07.142612,2024-07-15T19:11:09.491479
47826,Congress,Lisa Yoder,Dawn Bell,2768,week,car,2024-02-27T06:34:31.818349,2024-11-30T01:44:57.402049
69453,church,Pamela Jones,Lisa Harris,447,happen,authority,2023-04-27T19:06:50.745841,2024-06-01T09:08:28.776560
42359,rather,Eric Humphrey,Melanie Patel,1548,before,administration,2024-06-14T20:24:00.026700,2024-11-05T12:12:40.640137
31872,air,Brandon Werner,Lydia Kelly,2125,soldier,show,2024-02-09T02:52:07.461475,2024-07-18T03:19:59.987291
18767,man,Lance Rowland,Philip Perry,393,price,degree,2024-01-19T03:17:09.486322,2024-11-15T19:08:53.049676
89843,responsibility,Katherine Villarreal,Michael Jones,2382,figure,tree,2024-09-17T02:26:36.348651,2024-12-15T07:01:08.963374
33846,trouble,Kimberly Ramirez,Jorge Smith,3415,difficult,nothing,2024-07-17T19:04:36.671678,2024-02-17T14:12:44.751245
91370,according,Kevin Sanchez,Mary Simmons,2299,finish,those,2024-10-31T12:59:09.169247,2024-05-14T10:22:00.878661
75465,step,Michele Campbell,James Bradley,1227,test,street,2023-06-16T00:36:00.187577,2024-11-12T01:22:35.010043
21110,interview,Isaac Harris,Amanda Lee,3302,event,property,2024-09-18T01:52:52.894680,2024-11-11T09:25:37.166682
52410,respond,Gail Wilson,Diane Butler DDS,321,exactly,treatment,2023-04-12T01:03:50.449370,2024-12-18T17:03:44.208487
44795,understand,Luis Carpenter,Rhonda Booker,3076,note,likely,2024-08-13T08:51:54.700496,2025-01-08T09:16:52.614341
93513,always,Emily Martin,Sandy Lee,2386,baby,size,2023-10-10T06:15:32.520717,2024-07-20T23:22:24.255769
62945,agree,Lori Roth,Diane Griffith,1227,remain,others,2023-10-27T16:10:05.369160,2024-12-13T22:59:50.344028
59531,ever,Marcus Taylor,Robert Holland,2146,try,present,2023-05-28T09:54:11.688856,2024-03-14T03:35:47.091422
39732,leg,Joanna Chavez,Dennis Lopez,120,growth,carry,2024-08-31T21:30:25.329184,2024-12-19T09:42:42.645391
76448,help,Christine Parsons,Chase Miller,1220,and,color,2023-10-25T05:57:13.365643,2024-10-21T10:36:12.792812
79644,few,Joseph Bowman,Brandy Mckee,3202,try,street,2024-08-14T01:09:22.248060,2024-11-08T03:32:27.371639
12940,customer,Paul Baldwin,Matthew Howell,2938,house,economic,2024-09-12T08:57:04.199836,2024-03-18T02:22:27.341011
99072,need,James Burns,Charles Chavez,2639,doctor,wrong,2024-06-25T22:18:52.863741,2024-12-20T04:42:24.817279
61345,risk,Justin Stafford,Kristina Hunter,3396,detail,popular,2023-02-09T01:32:57.981776,2024-08-07T12:48:47.334980
93317,window,Rachel Hopkins,Cassandra Turner,2796,ground,special,2024-06-06T19:27:49.792167,2024-06-19T00:18:05.072335
52268,answer,Stephen Gutierrez,Gabriel Griffin,652,between,network,2024-01-23T06:50:28.629062,2024-11-23T09:03:15.315349
96154,share,Steven Conley,James Campos,1881,gun,hair,2023-09-15T13:32:38.693354,2024-02-18T19:10:36.905560
94691,soon,Kimberly Hunt,Katherine Bond,1629,home,understand,2023-06-28T12:07:43.367733,2024-05-14T22:10:27.440348
72604,forward,Michelle Lane,Taylor Green,35,body,start,2024-01-07T17:56:20.360375,2024-12-10T05:34:38.182315
9848,pick,April Mack,Kaitlyn Jordan,3214,national,director,2025-01-28T19:00:33.672162,2024-12-10T03:30:12.487522
42747,or,Pedro Mitchell,Monica Reyes,1178,medical,describe,2023-02-28T12:16:25.324248,2024-06-17T15:58:44.917099
19430,somebody,Phyllis Mckenzie,Mark Vargas,3208,prove,use,2023-03-26T04:02:34.247613,2024-04-16T21:32:56.237515
1284,in,Kenneth Russell,Scott Powell,141,serious,improve,2023-11-25T05:13:45.377574,2024-03-22T15:21:08.293896
2729,cut,Michael Williams,Angela Campbell,856,responsibility,hundred,2024-09-17T19:59:05.375069,2024-04-22T04:36:34.972062
78665,service,Amber Cruz,Heather Smith,908,view,travel,2025-01-01T07:36:31.779709,2024-03-05T13:05:05.811718
48142,school,Melissa Lawrence,Michael Allen,3140,response,available,2024-06-30T11:15:51.197717,2024-12-10T06:58:28.272342
71409,of,Gina Ward,Leon Ray,980,either,scientist,2023-11-24T02:49:33.843657,2024-03-05T22:31:43.028559
5016,young,Ethan Hutchinson,Michelle Wood,854,crime,other,2023-06-14T08:34:47.458406,2024-04-11T10:13:50.539519
7044,like,Cody Jacobs,Lee Hartman,2915,recently,challenge,2023-09-24T04:38:10.034248,2024-11-08T04:40:54.782304
63587,major,Michelle Taylor,Susan Heath,685,realize,couple,2023-12-01T12:57:45.275086,2024-05-07T06:37:15.852095
80611,but,Eric Smith,Charles Mcdowell,942,throw,wait,2023-02-07T14:59:29.983528,2024-08-21T05:42:09.140458
83958,laugh,Tammy Wong,Lauren Avery,1810,against,model,2023-11-04T08:23:40.662073,2024-09-16T21:17:14.245798
8567,control,Ronald Santiago,Michael Anderson,3570,thousand,role,2023-08-13T23:50:08.267080,2024-10-19T09:17:13.233306
50550,never,Dennis Dillon,Stephanie Warren,3221,move,positive,2024-04-12T21:54:26.308026,2024-11-28T22:45:37.754643
8392,visit,Andrew White,Patrick Campbell,1445,employee,do,2024-03-18T13:25:42.774526,2024-02-18T18:40:01.640954
88514,ball,Elizabeth Clark,Gina Garcia,2771,member,drop,2023-12-05T23:15:16.825557,2024-07-07T17:33:20.233480
92720,outside,Christine Morris,Joseph Mendoza,1133,real,Republican,2024-07-27T10:06:01.096559,2024-02-05T23:03:25.994636
16170,where,Ruben Gray,Lee Price,2164,figure,space,2023-05-14T14:25:23.583293,2024-09-27T22:58:15.702785
26276,decade,Lisa Reed,Megan Lamb,546,seek,stand,2023-03-20T22:26:54.077838,2024-12-11T01:40:34.539410
76524,over,Henry Hunt,Julia Kennedy,2478,you,positive,2024-04-13T03:05:15.693579,2024-03-28T08:36:08.862299
90444,less,Jamie Benjamin,Jason Oliver,1543,wrong,deep,2023-11-29T19:22:55.268296,2024-06-20T19:25:20.857293
19533,break,Scott Mcdaniel,Rebecca Rojas,3290,or,rock,2023-07-16T21:16:46.726845,2024-06-14T03:34:46.826794
90244,other,Natasha Anderson,James Sanders,1586,girl,reality,2024-01-11T23:10:43.198930,2024-10-01T15:16:58.080416
71561,contain,Michelle Harris,Michael Martin,1139,them,that,2024-09-12T18:14:23.177762,2024-04-01T19:45:21.160627
53084,experience,Scott Gonzalez,Derek Rodriguez,2790,whatever,meet,2024-04-04T23:25:56.486378,2024-03-03T13:31:40.631991
2841,skin,John Harper,Valerie Lopez,2828,move,if,2024-01-27T02:42:18.886829,2024-02-24T09:53:45.214759
79569,job,Cheryl Brown,William Cummings,720,simply,deep,2024-10-21T12:14:14.811567,2024-05-11T17:37:42.663393
16784,food,Aaron Evans,Andrea Barnes,1864,once,source,2024-12-27T08:48:13.691890,2024-03-19T07:01:55.672445
3034,at,Kara Floyd,Sara Grimes,901,down,position,2023-09-16T09:23:18.275887,2024-09-18T02:51:39.763191
87089,hour,Stephanie Coleman,Madison Jones,132,recent,civil,2024-12-18T22:10:14.135091,2024-10-04T09:53:37.211329
33086,land,Steven Jacobson MD,John Lopez,2110,at,employee,2024-07-30T20:20:31.538717,2024-07-13T01:58:09.491986
1347,white,Linda Lawrence,Dakota Blankenship,2576,accept,possible,2024-10-19T13:04:21.317479,2024-12-14T01:57:02.589082
35656,public,Michael Robinson,Anthony Berry,1207,relationship,since,2025-01-18T06:25:23.154433,2024-03-10T05:03:09.542419
65862,fine,Richard Erickson,Terry Mcmillan,406,coach,power,2023-02-02T15:32:39.422453,2024-08-05T15:34:47.362282
8352,whatever,Deborah Garcia,Tina Davis,1416,enough,deep,2023-03-31T00:10:43.726167,2024-11-12T02:20:35.830729
64299,buy,Amanda Russell,Olivia Roberts,489,suddenly,near,2024-10-02T23:19:23.916767,2024-06-27T09:30:03.894812
93023,away,Brittany Petty,Jason Casey,1260,choice,beautiful,2024-04-16T04:27:06.974333,2024-06-28T09:32:36.876828
22050,well,Lori Douglas,Sean Lynn,2766,guess,not,2024-08-17T23:38:33.649351,2024-10-21T21:53:55.185397
41469,grow,David Chavez,Roy Branch,452,available,big,2024-11-18T04:51:13.375419,2024-07-18T23:36:11.130150
5215,rate,Melody Miller,Brendan Duffy,864,late,theory,2025-01-08T06:33:33.190603,2024-02-14T00:14:36.057570
77151,example,Emily Moran,Travis Camacho,979,her,necessary,2024-04-12T01:51:17.578301,2024-08-13T22:53:02.305573
54537,yard,Gabriel Barber,Denise Lewis,1409,three,home,2024-09-09T16:44:56.107108,2024-03-02T06:20:53.837831
63043,different,James Santana,Erica Kelley MD,381,south,doctor,2023-02-23T21:54:26.025872,2024-03-19T07:21:47.279608
35926,sing,Brett Mitchell,Mary Keller,2385,wish,shoulder,2023-06-09T08:30:05.739675,2024-02-11T17:01:52.621048
84157,sell,Lynn Smith,Jennifer Johnson PhD,1662,pass,easy,2024-07-15T11:27:35.971924,2024-04-13T06:44:36.031504
87576,again,Kimberly Watts,Joel Ball,1160,about,it,2024-08-13T23:01:31.210292,2024-10-16T05:11:01.671303
5532,from,Lucas Guerrero,Annette Russell,2209,section,suddenly,2024-01-02T18:51:44.184764,2024-08-01T23:42:32.268189
38905,cost,Sue Schmidt,Melissa Villegas,1440,nation,reveal,2023-07-17T06:15:00.740629,2024-02-12T18:10:28.286033
15889,happy,Michele Buckley,Steven Burke,1082,where,community,2024-11-26T08:54:35.139401,2024-08-19T05:22:57.155010
75267,between,David Johnson,Monica Young,1562,around,list,2023-09-28T10:01:31.231426,2024-05-14T09:36:20.953652
43449,character,Virginia Leon,Anthony Davenport,1255,fact,her,2023-05-26T20:37:20.552838,2024-08-13T18:34:57.157228
60271,expect,Daniel Gomez,Cynthia Smith,1507,that,appear,2024-02-16T17:40:28.126527,2024-07-13T12:19:54.978663
93037,drop,Kathleen Bishop,Susan Morgan,3005,but,trade,2024-06-25T09:47:16.688342,2024-08-30T19:11:29.105318
31138,our,Carla Pierce,Teresa Brown,3041,concern,your,2024-01-15T04:02:57.361207,2024-03-21T20:48:20.772174
24222,specific,Mr. Corey Moody,Anna Davis,2804,main,set,2024-01-21T22:50:31.235643,2024-05-06T17:26:39.261416
34343,generation,Jennifer Young,Timothy Warren,1735,population,game,2025-01-13T02:44:52.492903,2025-01-18T17:53:00.076063
94247,official,Zachary Malone DDS,Michael Cisneros,1924,little,candidate,2024-09-20T21:44:07.073739,2024-03-10T07:36:48.999553
15131,impact,Sally Brown,Sarah Porter,2234,easy,agree,2024-09-04T22:58:39.064148,2024-06-21T06:20:39.601419
34512,measure,Michael Green,Vanessa Jones,467,other,a,2023-09-19T21:21:42.775820,2025-01-04T19:15:33.189497
20295,medical,Jeffrey Graham,Carla Kaiser,222,matter,entire,2023-12-30T17:48:23.785417,2024-11-29T15:08:16.645370
27119,people,Jason Atkinson,Erica Allen,3405,bill,pay,2024-10-08T10:19:36.034045,2025-01-27T21:52:22.983891
49194,on,Chelsea Phillips,Shelby James,19,audience,ok,2023-02-24T03:20:51.451032,2024-03-05T10:35:33.354963
27664,inside,James Holloway,Thomas Dixon Jr.,2184,coach,produce,2024-08-23T23:31:36.246186,2024-06-25T19:22:43.234091
84992,most,Angela Torres,Richard Bullock,499,available,protect,2024-11-18T01:00:27.795614,2024-10-22T15:50:35.853898
88344,cause,Joanne Baldwin,Mary Wood,2480,attack,discover,2024-09-15T05:50:19.625976,2024-09-10T02:10:57.012898
17074,tax,Patrick Bell,Pamela Taylor,3468,window,budget,2023-08-09T08:09:20.508184,2024-11-20T04:40:51.423927
97181,threat,Felicia Dominguez,Robert Dorsey,2007,painting,name,2024-06-11T18:34:27.363239,2024-06-20T14:34:57.368049
89212,federal,Lauren Hunter,Jennifer Smith,1675,seem,moment,2024-06-14T08:04:35.762035,2024-11-12T06:32:07.877433
42237,their,Scott Hill,Shelly Sanchez,603,game,hope,2023-07-24T13:57:17.257988,2024-11-28T11:53:01.059399
17311,throw,David Schaefer,Michael Hamilton,2721,southern,change,2024-12-30T21:06:37.178609,2024-09-19T05:07:32.632072
6177,discussion,Samantha Anderson,Vanessa French,2507,ok,board,2024-10-09T23:31:41.071873,2024-06-05T05:34:16.344099
19983,federal,Nicholas Johnson,Mitchell Black,2105,may,improve,2023-04-08T14:33:18.780558,2024-02-19T09:43:26.906465
50309,product,Dennis Thomas,Michael Chavez,659,guy,floor,2024-02-01T16:36:14.564628,2024-09-01T19:02:19.124782
19607,full,Grant Mclean,Chad Carlson,3202,laugh,on,2024-09-21T05:04:05.104331,2024-06-23T01:50:57.834085
89332,east,Tammy Wade,Joshua Rios,3192,song,increase,2024-09-20T14:18:29.662442,2024-10-01T23:06:18.230063
62155,class,Amy Pierce,Brianna Rogers,920,their,fill,2023-07-14T14:38:00.335017,2024-06-16T21:48:04.790782
2503,least,Terry Smith,Alicia Christian,296,clear,cost,2024-09-07T13:33:10.536787,2024-06-23T18:01:34.527212
11788,raise,Dr. Hannah Roberts DVM,Shane Simmons,1854,fall,price,2024-06-08T16:22:46.682694,2024-04-05T02:05:05.327268
58093,situation,Emily Wright,Cheryl Key,495,cause,catch,2023-12-25T12:28:17.983219,2024-09-06T12:29:45.493769
20820,before,Thomas Burke,Lucas Cole,1362,have,sense,2023-08-08T15:31:54.288100,2024-06-14T04:33:19.584753
19975,system,Zachary Brown,Brian Richardson,3485,possible,sea,2024-11-22T02:04:11.977233,2024-12-10T17:58:24.218310
67065,put,Andrew Paul,Mrs. Amanda Jordan MD,699,job,article,2023-04-22T02:34:01.159348,2024-03-29T03:33:53.461231
70912,capital,Anna Parker,Joshua Rios,2953,class,thank,2024-10-17T10:42:25.696514,2024-02-27T11:29:52.228770
49136,involve,John Ellis,Sarah Hall,1396,generation,east,2023-05-15T21:49:54.396993,2024-05-21T08:42:10.641406
11870,room,Christopher Hall,David Walls,2834,choice,almost,2024-09-12T14:40:59.772131,2024-05-29T22:41:51.107269
56077,window,Dominic Wagner,Antonio Smith,3587,near,practice,2025-01-14T09:44:46.089788,2024-04-04T01:06:07.202934
13487,impact,Sharon Wallace,Ashley Wood,2407,effect,north,2024-05-29T13:29:07.557650,2024-10-10T06:08:41.448997
9936,forward,Chelsea Adams,Kelly Johnson,1988,information,different,2023-12-14T12:10:43.813600,2025-01-07T13:25:41.839265
60137,fine,Kathy Smith,Emily Henderson,3541,main,relationship,2023-04-30T17:17:21.549937,2024-04-18T09:18:06.565467
53510,her,Ryan Wilson,Dustin Turner,3268,than,expert,2024-07-11T10:47:43.834958,2024-09-23T22:06:54.666620
10066,audience,Eric Thomas,Robert Hernandez,3484,clear,have,2023-09-06T17:38:58.844452,2024-07-11T06:17:35.187913
66343,bar,Shannon Sullivan MD,Brandon Smith,3555,improve,arrive,2024-09-27T03:14:01.231028,2024-02-04T17:31:23.437374
10505,area,Carol Campos,Michael Barnes,3031,west,appear,2023-07-30T21:50:14.931836,2024-09-01T05:30:55.785971
72203,against,Brianna Sanchez,Alisha Hayes,1014,edge,exactly,2024-04-03T09:24:49.017468,2024-10-16T10:30:45.864706
8004,will,Randy Gomez,Jeffery Blake,2524,apply,where,2023-09-06T06:44:28.128753,2024-10-20T00:01:43.264324
30262,ability,Steven Ellis,Ryan Johnson,2785,impact,trip,2023-04-06T06:13:35.812073,2024-07-28T00:46:37.256433
97953,center,Travis Kelly,Julie Miller,264,culture,peace,2024-02-06T00:51:27.509479,2024-10-15T08:27:41.175725
78025,candidate,Regina Scott,Cristian Velez,1013,owner,seek,2023-06-11T21:54:39.608127,2024-05-07T11:58:42.259478
73152,if,Barbara Powell,Meghan Farmer,2558,close,law,2023-08-08T19:37:28.006548,2024-05-08T06:14:51.825803
49012,see,Dean Mcdonald DDS,Tony Bauer,1745,discuss,challenge,2024-09-15T23:25:01.500206,2024-07-10T05:51:54.540530
11277,network,Jennifer Owens,Chelsea Payne,2664,among,agency,2024-05-13T04:33:58.967803,2024-05-11T12:08:36.771710
58173,he,Kimberly Olson,Michael Kline,1031,simple,light,2024-03-05T06:11:19.623302,2024-11-14T23:39:14.849911
58133,issue,Marissa Bartlett,Karen Robinson,238,particular,wish,2024-05-07T18:23:18.698658,2024-12-22T08:47:20.223865
28329,a,Pamela Peterson,Tracey Williams,2273,note,anything,2024-08-27T15:23:50.380384,2024-06-13T10:00:32.726298
70353,federal,Diana Cunningham,Ashley Martinez,3568,stock,effect,2023-03-21T04:01:36.806533,2024-02-18T03:20:58.437277
4015,rich,Francis Wilkerson,Tammy Wright,1051,top,nice,2023-02-08T23:26:21.743145,2024-12-18T21:28:27.710955
2045,work,Robert Moore,Melissa Scott,3325,industry,act,2024-12-07T20:07:37.614023,2024-08-09T18:24:01.052686
64693,throughout,Laura Barrett,Tina Smith,2058,against,kitchen,2024-11-12T00:42:15.004420,2024-09-09T12:45:09.555809
49120,dream,Jerome Martin,Amanda Lee,3295,scientist,might,2024-11-13T16:09:55.662009,2024-03-09T17:45:35.161830
99767,end,Marc Francis,Brian Davis,2335,magazine,analysis,2023-07-08T00:21:23.149524,2024-08-09T11:00:22.892514
25306,store,Taylor Evans,Jerry Yoder,1465,poor,player,2024-05-22T01:22:50.191634,2025-01-21T04:15:43.971500
46358,physical,Franklin Webb,Olivia Mcmillan,1989,mention,heavy,2023-02-15T16:05:58.029250,2024-06-18T06:51:49.962187
4846,tell,Kathy Howe,Charles Jones,3366,agree,population,2024-06-06T11:02:18.943527,2024-05-13T05:00:33.476244
22544,realize,Ryan Mendoza,Candace Ellis,1695,money,Mrs,2023-03-29T12:20:18.762207,2024-12-14T02:38:04.823581
33090,third,Kendra Wood,Brandon Baldwin,1282,main,area,2023-02-20T20:41:25.040926,2024-06-25T05:32:18.602252
71219,able,Valerie Frederick,Bradley Roman,1743,term,together,2024-12-12T22:31:20.473957,2024-12-13T02:46:55.072029
33149,suddenly,Tamara Morgan,Elizabeth Stokes,1246,something,field,2023-10-10T09:29:46.550973,2024-07-22T01:37:10.254348
43113,surface,Jessica Bolton,Diane Richardson,1034,good,weight,2023-04-27T17:44:11.468264,2024-11-22T11:57:52.945095
47803,agent,David Gutierrez,David Deleon,1822,next,politics,2023-05-04T15:00:03.420500,2024-11-22T03:10:03.994267
20920,us,Megan Wallace,Ruben Rogers,784,foot,recently,2024-11-05T03:52:14.386451,2024-10-20T23:37:03.006534
59337,movement,Anthony Walker,Mark Davis,1219,sign,doctor,2024-02-03T10:59:52.760098,2024-05-20T22:09:47.572113
68504,law,Timothy Walters,Nancy Barber,709,walk,wish,2025-01-09T20:25:06.201891,2024-05-26T02:07:57.983607
27602,market,James Schneider,Clinton Brewer,1481,build,song,2023-08-08T22:32:08.078246,2024-12-30T15:49:03.217088
63768,capital,Bryan Pacheco,Daniel Nelson,2086,along,can,2024-07-23T19:21:06.779759,2024-06-22T06:56:56.627138
37521,risk,Mark Nguyen,Jerry Turner,2387,teach,which,2024-02-24T11:40:35.218549,2024-06-02T13:23:54.952406
46359,specific,William Webster,Larry White PhD,2798,piece,serve,2023-07-08T00:29:46.895961,2024-06-22T09:04:09.470285
56922,put,Tamara Thompson,Elizabeth Chavez,2809,oil,end,2024-06-28T02:09:47.734999,2024-05-20T17:12:26.742221
42744,reflect,Margaret Bennett,Anthony Taylor,2164,hear,nation,2023-09-18T15:33:11.816552,2024-06-03T09:15:13.920900
45365,push,Jacob Gonzales,Rachel Wright,1037,growth,tough,2023-07-05T22:55:48.866852,2024-06-13T13:02:11.319495
63177,whom,Michelle Banks,Charlene Sullivan,2977,space,maybe,2024-06-28T22:39:54.485420,2024-04-11T08:57:32.241349
47827,mean,Jennifer Cole,Brian Allen,3382,contain,state,2024-09-27T16:20:28.609349,2024-02-19T17:05:24.676888
97664,stuff,Kelly Haley,Crystal Anderson,433,few,concern,2023-11-21T07:44:25.616067,2024-09-06T00:58:37.220361
22399,especially,Ann Solis,Natalie Wilson,501,themselves,evening,2024-03-26T09:41:51.826690,2025-01-14T23:36:16.258825
76641,camera,Vicki Smith,Lauren Chavez,2599,military,show,2024-09-17T21:49:13.025459,2024-05-24T06:28:34.614563
61961,stop,John Jones,Joshua Phillips,1670,gas,teacher,2024-12-30T08:29:27.454305,2024-05-30T10:02:56.628913
73351,but,Mary Perez,Bryce Moon,2773,at,nor,2024-12-08T08:35:21.381402,2024-06-05T12:31:28.373055
33095,maintain,Adriana Hamilton,Brent Rodriguez,2752,specific,law,2023-07-15T05:12:49.765442,2024-02-29T15:33:26.308493
33133,difficult,Ashley Miller,Emily Keller,501,suddenly,road,2024-09-30T21:00:28.672669,2024-04-08T09:46:47.372376
57738,base,Alison Frazier,Samuel Ramirez,2774,of,our,2023-06-08T20:29:22.205748,2024-09-13T16:28:41.398747
91857,already,John Hernandez,Alicia Hester,719,here,interest,2023-03-30T14:31:38.257455,2024-06-18T10:39:18.683435
26590,throughout,Timothy Jimenez,Brandon Andrews,37,city,moment,2023-10-25T10:20:40.425225,2024-12-27T07:17:09.955101
38111,morning,Jessica Peters,Leslie Neal,756,fund,democratic,2023-04-26T08:22:40.367427,2024-09-08T14:45:58.018524
71337,whose,Rita Williams,Karen Harper,3497,item,key,2023-03-23T03:20:49.175693,2024-02-01T17:40:57.111835
77496,amount,Karen Valencia,Melissa Jarvis,3548,computer,many,2023-06-09T11:42:20.532819,2024-08-07T15:54:16.747074
14561,check,Alexis Walker,Anita Smith,2811,writer,door,2023-12-31T12:39:02.799584,2024-11-08T08:32:18.539471
55389,his,Joann Adams,Robert Mendoza,1361,team,one,2024-09-25T18:47:52.247739,2024-03-09T12:12:15.860497
76894,wide,Laura Thornton,Jose Cruz,2981,us,take,2025-01-25T05:07:57.097163,2024-12-22T07:12:33.418023
99090,boy,Christopher Morse,Kelsey Salazar,3500,run,pressure,2025-01-07T22:00:24.734635,2024-06-20T00:43:21.278859
71886,individual,Alan Summers,Barbara Fernandez,1450,foot,smile,2023-07-23T07:11:20.925842,2024-07-01T17:40:35.931269
61863,career,Edward Allen,Adrienne Mercer,3389,state,interest,2024-03-15T11:21:43.940477,2024-08-12T19:19:30.514439
78553,sound,Kenneth Tucker,Amy Tucker,1398,think,continue,2023-08-10T21:55:21.390917,2024-10-16T12:47:17.823675
6718,then,Elaine Moore,Helen Smith,918,doctor,every,2024-05-18T17:29:28.720495,2024-08-22T21:49:26.458519
95199,number,Glenn Farmer,Raven Good,1613,they,hospital,2025-01-06T09:13:49.968730,2024-06-20T02:09:09.794854
82527,hour,Alexis Robinson,Paula Bush,1540,seat,girl,2023-07-21T01:52:16.280337,2024-04-28T14:23:42.332742
51563,also,Christopher Anderson,Shirley Castillo,1981,career,white,2024-04-06T03:55:19.458019,2024-08-03T22:45:15.009662
68016,a,Tristan Morris,Christopher Blake,2613,student,nothing,2024-09-18T20:51:40.702006,2024-07-02T16:55:00.859772
27615,card,Brittany Todd,Jeffrey Schmidt,331,along,item,2024-03-01T15:01:18.899163,2024-07-15T21:47:06.494119
98238,skin,Cindy Orozco,Angela Ruiz,1837,blood,fast,2024-06-18T11:57:12.449479,2024-12-03T13:30:24.735460
90182,water,Cheryl Evans,Michelle Wallace,1618,my,still,2023-06-14T20:45:19.293760,2024-02-17T14:20:48.772333
22652,voice,Timothy Doyle,Tammy Cameron,2332,may,wide,2024-11-27T02:27:46.779153,2024-11-24T21:45:58.147204
81049,into,Kevin Moreno,Mr. Gregory Fuentes DVM,1841,season,west,2024-01-02T16:46:29.821915,2024-09-08T10:05:57.992710
19656,fight,Randall Mcintyre,Dana Stokes,746,foreign,help,2023-06-23T02:26:47.570977,2024-02-09T17:24:26.270146
60502,born,Hannah Butler,Samantha Greene,340,wonder,center,2023-08-06T00:57:23.258456,2024-11-16T23:50:24.757143
55716,need,James Boyer,Scott Dominguez,96,mouth,company,2024-08-20T23:14:39.388663,2024-10-27T09:20:25.884552
31082,stage,Melinda Munoz,Janet Arroyo,1972,avoid,adult,2023-10-10T12:23:03.769670,2024-12-19T21:26:57.951060
13074,board,Jaime Black,Stephanie Richmond,233,though,expect,2023-10-19T22:18:34.244743,2024-10-14T20:16:17.572525
7964,remain,Amanda Wade,Robin Gonzalez,1141,that,security,2023-06-21T12:31:09.632378,2024-07-13T13:41:39.005604
24568,pick,Justin Gilbert,Kathryn Castro,585,standard,result,2024-04-19T06:46:40.964076,2024-10-29T14:07:39.201606
36684,if,Charlotte Hunter,Jessica Andrade,1141,movement,true,2024-10-16T06:00:40.047109,2024-03-05T14:27:19.075189
30954,voice,Jacob Sanchez MD,Clarence Cole,169,include,lead,2023-09-29T08:45:32.138548,2024-08-01T12:14:32.790792
27014,leave,Amber Rodriguez,Mr. Thomas Hanson,2826,actually,analysis,2024-02-06T08:12:07.257784,2024-02-08T09:15:45.527092
28074,call,Steven Carrillo,Terry Phillips,2054,evening,use,2023-08-26T06:01:31.157997,2024-08-19T06:10:36.396428
12988,whatever,Erica Bishop,Lisa Neal,1080,political,energy,2024-11-19T05:34:50.101731,2024-03-13T21:13:44.298305
48475,at,Gary Moses,Kelly Gonzalez,3024,dog,take,2024-07-15T00:38:14.373732,2024-11-25T01:36:53.940346
77433,computer,James Ashley,Wendy Mills,938,ten,wife,2023-03-01T14:28:54.263141,2024-05-09T06:33:44.179371
89349,government,Kristi Carroll,Ethan Martin,764,television,road,2023-09-24T13:32:06.030291,2024-12-09T17:35:16.924798
57708,during,John Clay,Corey Lindsey,1822,single,trouble,2023-12-23T11:28:20.574202,2024-02-23T16:19:13.075739
31182,grow,Stephanie Reynolds,Kimberly Alexander,1227,production,with,2024-10-13T18:14:56.438481,2024-07-02T02:53:06.913218
33066,second,David Shaw,Daniel Riley,968,worry,save,2023-06-30T15:38:34.950207,2024-08-29T21:06:51.579742
91953,learn,Cheryl Perez,Paul Barr,476,employee,reason,2024-11-02T07:55:54.075873,2024-07-12T01:20:34.585692
19891,court,Mr. Jesse Griffin,Julie Mason,2423,everybody,off,2024-09-10T10:34:55.464567,2024-07-19T07:17:26.173556
56138,win,Dawn Kelly,Scott Hernandez,2298,but,Congress,2023-11-25T14:23:21.356700,2024-09-06T01:29:21.763069
40866,statement,Glenn Perez,Melinda Evans,1230,section,three,2024-06-14T11:35:36.176688,2024-08-04T22:58:29.555931
67582,space,Eric Gonzalez,Sue Eaton,2640,reality,market,2023-08-21T01:14:03.879445,2024-10-07T20:55:33.644374
54462,picture,Brandon Ferguson DVM,Rhonda Gonzalez,1242,top,other,2023-06-08T13:51:55.266969,2024-09-19T01:44:11.859852
10044,billion,David Simmons,Joseph Perez,2481,pull,rate,2024-04-04T17:13:08.915073,2024-06-29T15:18:53.623235
30289,notice,Patricia Johnson,Brian Bowen,3519,early,I,2024-03-15T16:07:13.017309,2024-04-19T07:40:35.738008
91050,wall,Shelly Price,Jacob Rose,3447,pretty,outside,2023-08-08T09:59:01.488501,2024-11-13T10:49:16.590578
92352,parent,Patrick Pace,Anthony Webb,730,from,hot,2023-02-02T04:47:11.061337,2024-04-17T09:30:15.723347
58833,local,Lynn Taylor,Julie Campbell,2320,own,night,2023-08-25T22:43:06.177226,2024-11-24T00:37:28.602790
12359,free,William Sullivan,Ryan Roberts,2680,star,well,2023-06-19T17:31:09.661965,2024-03-09T21:14:04.589761
50744,wall,Melanie Andersen,Douglas Brown,2288,audience,somebody,2023-12-14T12:53:18.466619,2024-10-01T06:54:36.536615
76614,mission,Jennifer Wilson,Richard Dawson,927,various,message,2023-03-30T19:52:24.247214,2024-06-14T03:35:40.093974
31206,evidence,Catherine Miller,Joshua Parsons,1647,there,wear,2024-08-28T19:17:40.797930,2024-05-03T16:58:00.573324
39640,example,Trevor Villa,Sandra Caldwell,1798,box,question,2023-04-17T10:20:58.331969,2024-02-19T07:45:53.141415
69454,bad,Valerie Andersen,Ruth Malone,1053,month,modern,2024-07-06T23:45:17.952461,2024-08-28T05:14:54.203694
51112,shake,Kathleen Torres,Samantha Peterson,2292,other,skin,2023-06-21T01:07:02.228858,2024-11-19T22:44:10.477802
36391,respond,Kellie Martin,Jeffery Higgins,2718,detail,human,2024-05-03T22:31:41.733433,2024-11-22T01:21:51.375181
90674,player,Amber Blair,Larry Higgins,2811,these,describe,2024-05-13T15:35:49.975096,2024-03-06T07:22:21.299599
97720,response,Samantha Moore,Andrew Nguyen,1114,ball,person,2023-08-22T20:31:48.220120,2024-03-18T03:36:23.465913
58650,final,Stephanie Ray,Lisa Rodriguez,3176,laugh,guess,2024-04-11T19:10:08.186586,2025-01-04T14:45:23.456170
30411,face,Jeremy Gardner,Kathryn Conner,2421,more,reduce,2023-10-13T13:53:58.565305,2024-11-08T00:08:25.691977
58766,option,Nicolas Ramos,Kelly Hoffman,1265,case,top,2025-01-12T10:57:25.893875,2024-08-29T01:49:40.178724
92782,perhaps,Nathaniel Williams,Natalie Martinez,951,picture,partner,2024-05-03T17:32:07.391001,2024-09-04T04:46:10.659052
70668,some,Robert Lamb,Nicholas Torres,1582,statement,work,2024-06-07T16:14:47.946688,2025-01-17T18:57:24.646840
90054,key,Lori Harrison,Brett Horn,720,our,radio,2024-03-16T20:22:53.826500,2024-08-28T08:25:34.982140
42064,party,Tyler Smith,Christina Merritt MD,655,professor,note,2024-08-07T04:27:29.165774,2024-02-08T18:39:53.212163
23710,open,Dana Davis,Bradley Stewart,2752,beyond,rich,2024-10-11T07:39:57.667874,2024-07-19T09:34:51.435386
79108,manage,Katelyn Smith,Marie Mcguire,230,thing,assume,2024-12-30T16:21:24.954949,2024-10-25T03:18:13.003349
30878,particularly,Thomas Butler,Kara Villa,2474,south,off,2025-01-22T13:08:00.072901,2024-10-28T22:09:31.518873
74475,indicate,Veronica Foster,Allison Avila,3395,property,able,2024-04-06T04:39:28.676438,2024-03-05T03:25:30.358534
65370,table,Kathy Hanson,Kristen Martinez,263,machine,group,2023-06-10T22:27:05.379697,2024-05-17T14:29:28.055464
23352,would,Tony Lester,Robert Jennings,2176,consumer,foreign,2023-03-16T06:02:02.703608,2024-11-20T16:46:41.454756
90922,left,John Zimmerman,Robert Moore,2045,former,model,2023-07-16T13:30:43.955580,2024-04-04T18:56:29.966286
55430,rock,Hannah Goodman,Steven Bryan,2975,less,another,2024-08-08T05:35:40.415457,2024-12-31T23:40:32.868356
50229,chance,Robert Evans,Ashley Hayes,632,meet,public,2023-07-11T23:52:25.558816,2025-01-20T20:39:04.367255
42898,win,Garrett Watts,Mr. Jason Donovan DDS,306,tough,manager,2024-11-03T17:46:11.737392,2024-11-05T07:41:30.320430
45399,pretty,Aaron Yoder,Jeffrey Johnson,2738,house,out,2023-05-19T16:08:47.184462,2024-12-15T12:40:04.726464
32161,evidence,Casey Burch,Terry Moreno,938,experience,serious,2025-01-28T08:16:39.121827,2024-11-30T02:27:21.943563
81658,claim,Mark Mendoza,Sarah Bradford,2778,various,about,2023-05-07T16:47:04.229220,2024-02-29T12:54:57.890921
95285,rather,Amber Walker,Rick Rocha,286,doctor,rise,2024-10-09T15:47:09.408568,2024-12-09T12:09:37.553239
35424,true,Steven Holt,George Obrien,3309,my,cultural,2024-01-20T13:41:47.383071,2024-01-30T00:29:36.448881
39189,modern,Cassandra Flores,Michael Berg,2867,with,order,2024-11-02T23:19:52.686712,2024-06-21T19:52:59.672416
34047,travel,Justin Johns,Sergio Gonzales,1789,phone,after,2023-09-20T06:20:37.669865,2024-09-24T05:08:56.321846
20088,it,Christopher Powell,Sabrina Woodward,1077,party,general,2023-05-10T05:33:03.660887,2024-05-09T19:12:46.831047
67406,worker,Jason Jenkins,Kimberly Powell,1591,poor,herself,2023-03-17T11:01:29.476546,2024-06-28T18:50:40.486646
73191,want,Adam Mosley,George Morrison,1862,test,experience,2024-05-30T23:16:46.389239,2024-09-06T16:50:14.153603
8720,year,Melanie Thompson,Nicholas Fisher,3556,prepare,however,2024-12-08T15:26:59.260031,2024-12-26T17:02:08.607627
84178,drop,Monica Rowe,Jeffrey Miller,2927,recently,evening,2024-05-19T23:06:04.645311,2024-04-13T11:22:12.679170
36219,two,Scott Johnson,John Quinn,2998,case,another,2024-03-04T19:09:17.785251,2024-04-12T19:14:17.542467
36095,quality,William Cline,Mark Powers,2958,should,girl,2023-04-27T04:18:36.319936,2024-03-07T08:55:55.202758
86712,agree,Jonathan Beard,Ashley Ponce,2252,data,already,2025-01-09T01:36:44.583564,2024-11-19T20:11:44.188573
6380,stay,Brenda Johnson,Greg Little,2930,particular,against,2024-03-09T13:19:13.614490,2024-08-05T18:55:49.239363
93288,some,Brandon Keller,Shannon Henderson MD,2364,why,nice,2024-04-27T14:01:06.435935,2025-01-12T00:24:25.739649
77157,add,Melissa Allen,Dr. Jay Rivas Jr.,2068,leave,sign,2024-07-31T11:20:44.318290,2024-12-10T12:54:20.274214
53805,compare,Sandra Black,Alison Moss,3538,attention,focus,2023-09-03T04:39:33.989044,2024-11-21T03:15:52.371318
31867,believe,Charles Simmons,David Carlson,397,hard,follow,2025-01-03T14:48:34.867750,2024-06-16T07:22:36.739776
25510,teach,Andrea Carter,Krystal Lynch,1673,push,find,2024-01-18T18:51:01.018316,2024-11-28T09:44:41.954540
53512,short,Jacqueline Johnson,Juan Miller,433,trouble,century,2024-07-14T01:19:06.260097,2024-03-07T22:04:43.376303
63038,close,Stephen Riley,Kimberly Davenport,3398,future,concern,2024-12-23T03:14:54.332525,2024-08-13T11:16:37.660263
43070,concern,Kathryn Bates,Kelly Kramer,146,speech,key,2024-07-08T10:53:06.680033,2024-05-23T16:53:56.198273
1355,present,Chelsea Richards,Thomas Kline,3274,edge,its,2023-07-10T13:52:55.579540,2024-04-23T08:26:54.369988
70352,that,Ashley Bowers,Tom Herrera,235,within,southern,2023-09-13T17:39:05.682014,2024-10-10T03:30:51.703835
90260,director,Christine Munoz,Elizabeth Cantrell,2454,free,sea,2023-05-14T16:55:27.511378,2024-12-01T08:34:41.468439
42556,fall,Aaron Aguirre,Tracy Howard,349,our,more,2023-11-26T00:43:00.036498,2024-10-16T08:49:57.835832
70546,against,Christopher Valencia,Melissa Mitchell,2325,color,look,2024-03-15T16:36:45.684264,2024-05-03T03:55:02.876254
12492,indicate,John Meyer,Scott Hernandez,1688,specific,myself,2023-02-11T13:05:30.362166,2024-10-09T08:30:39.004424
72493,blood,Matthew Chapman,Tiffany Snyder,1445,standard,probably,2024-04-10T19:46:50.175386,2024-06-14T16:55:00.218354
88156,deal,Bradley Brown,Sean Kelly,890,exist,bring,2023-03-03T02:16:34.377998,2025-01-12T03:23:24.332055
86009,road,Donna Maldonado,Courtney Roberts,1927,government,government,2024-01-02T13:02:09.066205,2024-10-31T19:10:27.091172
7460,land,Stephanie Woods PhD,Evelyn Garcia,2116,tell,involve,2023-07-20T09:11:21.163206,2024-09-05T02:22:42.454609
22000,pattern,Brittany Gillespie MD,Leslie Jenkins,587,young,market,2023-02-21T21:14:23.776368,2024-06-03T02:29:16.205031
11558,third,Justin Bowen,Lisa Morrow,2161,someone,many,2023-04-09T19:48:45.171831,2024-08-17T19:54:14.976903
39547,board,Taylor Nolan,Heather Gordon,241,claim,line,2023-12-29T11:00:09.898464,2024-05-24T13:46:04.901708
40696,since,John Pratt,Melissa Anderson,922,story,do,2023-11-20T15:18:30.858696,2024-06-10T21:11:38.786984
30360,policy,Amanda Torres,Chad Young,1730,toward,join,2024-10-30T22:48:07.815253,2024-02-08T03:00:23.192701
42176,person,John Anderson,Hannah Alvarez,3380,dark,pick,2023-07-30T07:38:55.886591,2024-08-20T16:20:07.692936
84633,trouble,Frank Solomon,Jennifer Wagner,1258,capital,PM,2023-06-11T13:36:32.645336,2024-08-23T10:53:40.009401
94339,audience,Mario Hicks,Rachel Crawford,1268,rock,yourself,2023-03-08T00:09:31.049619,2024-06-14T07:09:10.428474
50452,rock,Joseph Mathis,Ethan Snyder,236,effort,above,2023-05-26T00:07:38.320039,2024-05-22T13:19:38.439125
31680,east,Todd Sims,Sharon Camacho,3119,born,coach,2023-06-11T12:28:20.667193,2024-02-13T22:19:03.847868
92690,least,Jane Callahan,Gina Yates,247,star,several,2023-08-14T21:55:33.985527,2024-11-10T16:41:52.266801
8859,none,Heather Baxter MD,Sean Smith,943,exist,glass,2024-06-27T05:46:47.972713,2024-04-22T19:35:54.420623
74254,step,Brandon Murphy,Mr. John Knight MD,2683,on,around,2024-09-10T21:24:25.495670,2024-03-21T17:50:07.402987
83496,watch,Richard Macias,Stephanie Lewis DDS,2089,arrive,vote,2024-04-04T19:42:52.480178,2024-02-20T18:22:01.058096
38703,mention,Stacey Johnson,Gregory Dean,57,sister,church,2024-08-07T14:39:04.082242,2024-05-10T10:24:44.869994
82435,around,Ian Ferguson,Tracey Reilly,3227,dinner,I,2023-03-25T18:19:11.093973,2024-08-17T16:45:09.738988
45397,staff,Kylie Castro,Caleb Sampson,2074,west,important,2023-10-18T23:07:30.702677,2024-02-08T00:27:48.758712
66061,strategy,Terry Robles,Veronica Robinson,612,enough,set,2023-07-18T07:59:18.076032,2024-11-09T19:07:38.167606
57842,employee,Jessica Zuniga,Tina Mercado,821,hundred,interview,2023-12-11T01:24:04.245331,2024-07-28T06:27:14.288071
78853,reflect,Lisa Banks,Margaret Miles,614,attorney,allow,2023-12-04T18:26:39.997244,2025-01-16T14:22:07.002291
93630,positive,Michael Rowe,David Schmidt,751,tend,surface,2023-09-03T18:01:25.901308,2024-12-16T12:41:59.089529
16199,of,Larry Silva,Donald Smith,1994,result,national,2025-01-03T13:13:56.694566,2024-09-11T05:57:25.503010
47137,high,Laura Carroll,Alexis Hernandez,2818,life,own,2023-05-14T00:48:11.223652,2024-06-23T21:47:38.526432
35159,study,Scott Ho,Ashley Anderson,2917,eye,kid,2024-03-14T07:34:10.260838,2024-04-30T12:42:51.458760
72583,thought,Courtney Mcguire,Charles Davila,3575,main,image,2023-10-02T13:52:35.385032,2024-12-28T22:49:03.202360
2136,woman,Crystal Cantu,Jeffrey Pace,1476,drive,dinner,2024-11-01T03:50:35.067794,2024-08-01T15:42:08.284728
83588,real,James Barrera,Mallory Brooks,1522,against,mouth,2023-11-08T21:11:54.819079,2024-07-10T08:59:44.249426
9043,open,Sharon Brown,Donald Mcbride,3539,two,address,2023-12-29T20:16:01.451956,2024-12-06T06:38:19.080288
40421,hour,Brooke Williams,Angela Ramos,133,miss,think,2024-01-02T03:50:53.293250,2024-03-11T07:06:49.720335
65747,represent,Hannah Murphy,Omar Alvarez,1464,nature,space,2024-05-11T09:06:36.471387,2024-11-05T05:48:46.537452
85995,edge,Maria Oliver,Thomas Oneill,1097,over,budget,2024-03-09T14:55:11.344162,2024-10-16T19:00:52.358714
97825,increase,Laurie Carter,Tammy Sanchez,451,specific,doctor,2024-04-24T04:27:11.100047,2024-10-07T03:47:34.459995
33792,condition,Paul Craig,Tina Fry,2724,institution,wall,2024-03-21T18:40:21.502874,2024-02-28T22:42:02.252235
5819,floor,Mckenzie Saunders,Mario Young,3530,behavior,center,2024-12-04T19:13:53.295215,2024-09-04T05:10:09.650724
80697,far,Nathaniel Mcdonald,David King,1349,and,anyone,2024-08-03T17:20:20.004188,2024-08-12T19:13:26.136378
28573,answer,Anthony Jacobs,Jacqueline Smith,1310,teacher,successful,2023-07-06T11:09:51.146564,2024-12-23T04:04:08.144750
67268,week,Veronica Bowman,Michelle Powell,1,event,notice,2023-08-31T00:03:12.033486,2024-02-27T07:35:46.771088
45909,tell,Karen Fitzgerald,David Wilcox,3506,attack,risk,2024-01-22T07:18:49.550295,2024-08-02T16:50:18.547948
36577,behavior,Debra Kent,Thomas Day,1941,country,their,2024-06-01T00:59:20.714967,2024-06-01T14:56:58.442754
87426,military,Kyle Curtis,Tracy Arellano,1318,indeed,skin,2024-11-10T21:41:13.712341,2024-11-07T00:51:37.362630
9801,vote,Sonia Roberts,Kayla Mclaughlin,151,law,heart,2023-11-02T16:38:07.920959,2024-03-06T23:16:13.439832
47248,age,Henry Olson,Kelly Best,3180,save,himself,2023-02-23T17:52:06.504534,2024-04-06T05:33:00.759076
33584,research,Catherine Dickerson,Gregory Robinson,1345,across,fund,2024-10-04T11:18:01.236349,2024-05-12T01:20:00.880245
54915,common,Shannon Taylor,Brooke Rowe,2494,finish,yes,2024-11-26T20:01:22.734287,2024-07-29T11:52:33.201126
82294,structure,Julia Lopez,Edward Cooper,317,few,reduce,2023-08-10T22:52:11.171190,2024-02-11T15:19:54.974129
32372,action,Robert Robbins,Aaron Gallagher,551,watch,really,2023-03-17T00:37:11.315372,2024-09-10T10:15:16.195030
5943,financial,Heather Marquez,Krystal Fleming,216,their,night,2024-08-20T17:47:54.975501,2024-05-06T03:32:45.647954
35737,pretty,Alexander Lloyd,Walter Robertson,114,crime,performance,2024-07-22T00:20:37.377068,2024-07-02T04:35:06.799911
82826,appear,John Cooper,Kimberly Taylor,839,break,room,2023-06-18T00:28:34.661302,2024-11-20T23:21:07.078322
61219,own,Emma Gonzalez,Philip Vargas DVM,2013,father,evidence,2024-04-29T12:33:10.667274,2024-10-13T10:32:09.255183
2173,woman,Mary Smith,Crystal Lee,2088,enjoy,cold,2023-05-29T06:55:43.643602,2024-08-31T09:31:26.624712
22637,if,Darryl Moreno,Samuel Oliver,3303,executive,summer,2023-06-15T09:23:03.440256,2024-04-03T15:20:46.138934
90090,teacher,Dominique Smith,Roy Lopez,569,politics,recent,2023-05-16T23:35:14.478196,2024-09-23T13:41:05.970952
72368,left,Laura White,Joseph Hess,1866,system,manager,2024-07-02T23:23:13.932381,2024-11-29T05:54:45.252045
