track_id,name,artist,songwriters,duration,genres,album,created_at,updated_at
49696,either,Kathryn Kirby,Jeffrey Johnson,2569,also,rich,2024-02-29T06:15:49.750501,2024-04-28T22:17:54.090577
38501,hear,Andrew Ross,Jeffrey Hunter,2583,throughout,bed,2023-08-23T12:29:43.253757,2024-05-12T06:37:25.780841
90707,according,Michael Gamble,Zachary Smith,3316,sit,energy,2024-08-11T00:25:59.298337,2024-11-18T15:12:21.951942
85789,together,Jennifer Smith,William Adams,3095,dog,beyond,2024-05-08T11:31:17.148052,2024-10-15T17:14:19.720861
12275,what,Angela Dennis,Lisa Wilson,1357,Congress,her,2024-12-12T14:32:38.185349,2024-05-22T16:19:58.929063
81423,civil,David Lewis,Amanda Wood,908,law,box,2023-07-28T10:00:58.947395,2024-10-12T11:31:31.845609
73657,world,Dale Ball,Sean Porter,2222,similar,education,2024-06-12T22:58:03.193290,2024-12-11T22:20:23.932947
59620,choose,Jack Perez,Timothy Lopez,676,total,easy,2024-03-24T10:35:18.007581,2024-08-14T16:03:24.950130
22663,like,Ariana Lloyd DDS,Kaitlyn Silva,2404,total,also,2024-07-06T22:28:02.616267,2024-07-07T15:32:44.295729
17170,that,Donald Thompson,Sarah Duncan,2822,environment,in,2023-11-24T08:21:22.712634,2024-07-06T06:31:31.418930
71809,sure,Paula Jordan,Anthony Johnson,622,quality,executive,2023-07-20T19:46:09.958225,2024-12-29T22:41:59.590032
41484,maintain,Andrea Caldwell,Richard Reyes,580,study,measure,2023-12-19T20:37:39.419193,2024-06-13T05:16:11.552310
46249,candidate,James House,Alicia Mason,227,house,vote,2025-01-23T13:00:22.656106,2024-05-09T23:56:14.012927
83557,four,John Walker,Lisa Jones,1799,job,thing,2024-02-04T17:48:19.965452,2024-11-18T20:08:05.759404
14590,color,Paul Murphy,Michelle Miller,3117,sound,moment,2024-05-24T05:34:42.468728,2024-04-16T21:03:33.095425
17833,nation,Richard Burke,Desiree Haynes,1054,two,mind,2024-05-05T08:17:51.381345,2024-06-04T00:31:31.677047
26537,social,Brandon Schwartz,Laura Wolfe,724,between,write,2024-03-02T12:54:34.261062,2024-08-27T09:17:16.852655
15263,his,Christian Brown,Charles Lang,1053,camera,them,2023-09-27T12:06:39.180851,2024-02-14T00:20:29.198516
1275,article,Anthony Nguyen,Steve Wright,774,student,common,2023-12-06T11:19:23.322803,2024-04-01T22:41:04.343801
39201,become,Jason Ramirez,Jennifer Martinez MD,531,special,window,2023-09-17T23:16:45.114306,2024-10-09T08:09:59.827239
8728,Mrs,Jaclyn Long DVM,Donna Bailey,1924,responsibility,effect,2024-03-18T06:47:20.091237,2024-08-03T14:08:12.282455
71914,tough,Vicki Martin,Robert Hartman,3498,thought,political,2023-03-04T03:44:14.693856,2024-07-25T09:13:14.403772
22275,lead,Alexis Todd,Kristin Johnson,3287,that,side,2024-09-01T03:26:02.209192,2024-04-15T23:27:33.483573
1482,perform,Thomas Foley,Steven Mejia,3371,perhaps,bit,2023-06-19T05:43:04.874122,2024-11-14T22:04:26.780633
13749,goal,Sue Stewart,Debbie Chen,2485,if,too,2023-11-07T13:11:38.297027,2024-03-08T03:11:10.101181
31207,knowledge,Stephen Allen,Shannon Cordova,2324,young,available,2024-04-10T14:36:26.833609,2024-12-11T18:17:55.847524
46684,television,Jeffrey Robbins,Justin Hall,1110,already,many,2024-07-27T07:23:36.692833,2024-10-25T10:56:50.524418
19783,list,Susan Calhoun,Amy Briggs,3162,finish,consumer,2024-03-06T13:30:56.684858,2024-03-26T00:20:22.575073
39638,news,Phillip Atkinson,Mr. Logan Beard,2696,couple,up,2023-07-07T07:18:52.174933,2024-06-14T14:33:10.178955
64589,operation,Tracy Martin,Joshua Daugherty MD,1375,teacher,condition,2023-05-20T08:41:12.031104,2024-07-20T06:56:36.370358
40736,note,Amy Petty,Natalie Burnett,402,help,college,2023-02-11T03:37:12.614652,2025-01-03T22:20:03.549196
26581,whether,Samantha Blair,Cameron Jackson,810,particular,reflect,2024-09-25T03:56:56.712013,2024-03-07T16:20:39.764162
52528,quality,Ashley Garcia,Kathryn Short,3545,toward,history,2023-12-25T13:35:22.209661,2024-04-18T13:58:04.629242
53837,response,Christopher Johnson,Christopher Robinson,661,day,security,2025-01-25T18:09:53.682513,2024-05-12T10:01:26.711538
40319,among,Catherine Rice,Mike Crane,1457,read,full,2024-05-05T17:52:45.109116,2024-04-17T04:44:25.284191
65893,forget,Jonathan Wagner,Ryan Davidson,2459,expect,wall,2024-07-03T11:09:12.567125,2024-04-26T13:57:29.044493
34701,throughout,Christina Young,Tyler Sanchez,3171,discussion,area,2023-03-17T12:52:39.684656,2024-10-25T01:25:50.323122
86964,customer,Kimberly Calderon,Tara Walter,14,produce,phone,2024-02-02T07:15:40.155691,2024-10-22T15:18:42.915300
40783,still,Sarah Golden,Kayla Owens DDS,14,safe,our,2024-11-17T18:32:04.955250,2024-05-25T01:18:18.801391
49665,piece,Travis Flores,Jessica Andrews,3434,bill,explain,2023-11-12T21:20:35.918495,2024-06-14T18:06:44.916583
60690,minute,Amy Davis,Jeffrey King,537,number,building,2024-12-26T19:50:49.110230,2024-09-30T06:47:20.105123
85021,hair,Kim Hayes,Chase Scott,2942,consider,catch,2023-06-26T22:07:36.958925,2024-05-13T14:17:53.562833
53654,foot,Alan Rodriguez,Ray Clarke,2251,six,apply,2023-10-24T14:19:16.690598,2024-03-17T12:31:27.867933
88355,discussion,Stephen Cox,Mr. William Johnson,1957,billion,subject,2023-11-21T23:54:23.195556,2024-09-28T03:16:37.394017
23498,bed,Brandon Davenport,Maria James,1146,century,city,2024-01-23T15:46:09.181973,2024-02-02T17:48:28.361019
1620,after,Ashley Jensen,Tara Powell,1245,cause,life,2023-05-18T00:31:32.672304,2024-05-01T16:41:39.328053
19087,effect,Joe Costa,John Flores,1337,on,imagine,2023-02-24T09:15:32.640139,2024-05-12T14:22:44.999537
79827,particular,Andrea Rodriguez,Tyler Franklin,3104,experience,young,2023-02-13T17:48:20.807893,2024-04-07T09:19:46.613356
54746,safe,Jay Wilson,Scott Williamson,706,stage,help,2024-10-26T10:34:06.526903,2024-02-12T21:23:27.297375
24060,person,Ashley Taylor,Jackie Smith,2365,win,budget,2024-05-21T23:27:38.427271,2024-08-05T05:20:57.691626
81145,color,Michael Caldwell,Stephanie Rocha,2082,mean,turn,2024-04-11T17:58:43.340856,2024-05-13T10:38:28.772254
493,to,Ryan Smith,Oscar Smith,3458,score,ok,2024-06-14T03:03:19.603889,2024-02-21T08:39:18.959776
98748,too,Christopher Cunningham,Craig Mullins,1223,nation,performance,2025-01-11T00:01:54.586209,2024-03-08T04:27:21.397054
93002,something,Brent Hansen,Sarah Matthews,690,conference,board,2024-03-01T21:08:14.221874,2024-02-17T17:15:39.291800
65222,itself,Devin Clark,Stuart Kramer,2766,enter,program,2023-06-19T20:18:35.184510,2024-06-19T14:16:05.252098
33484,deep,Laura Shaw,Anthony Campbell,2035,sound,contain,2023-05-27T03:40:37.816961,2024-12-16T03:30:14.993172
35465,than,Kristi Meyers,Robert Nguyen,2204,gas,politics,2023-02-11T01:23:09.442742,2024-09-06T00:32:06.632883
97462,surface,Nancy Barnes,Erin Dickson,888,book,line,2023-05-25T13:19:12.602036,2024-11-02T14:54:16.584202
36297,you,Jason Wright,Diana Cisneros,2585,old,form,2024-10-14T22:14:56.676897,2024-12-02T04:52:32.397382
38459,rich,Michael Newton,Christopher Barnes,3433,project,generation,2023-09-10T06:10:20.972012,2024-06-30T13:31:18.177910
69624,finally,Daniel Bush,Samantha Wilson,1571,market,visit,2023-10-06T02:36:17.912023,2024-03-31T03:39:44.580961
28635,for,Sean Oneill,Howard Hart,333,shoulder,knowledge,2024-07-16T08:11:34.463919,2025-01-09T09:20:18.710966
27908,national,Jennifer Silva,Jeffrey Gray,213,air,even,2024-02-01T00:47:46.868829,2024-08-29T19:44:15.547781
92512,walk,Rebecca Gibson,Michelle Rodriguez,2180,window,purpose,2023-04-12T04:32:26.777678,2024-10-02T07:55:23.893726
7441,try,John Pruitt,Elizabeth Branch,2004,perform,actually,2023-03-30T00:50:03.115753,2024-03-10T14:15:16.687544
86243,learn,Jasmin Romero,Cody Lawson,683,strong,manager,2024-12-26T10:10:07.297433,2024-02-11T14:28:12.840443
91673,plan,James Hobbs,Amanda Butler,791,board,wall,2023-09-07T20:31:24.417979,2024-11-24T21:00:30.526886
49756,well,Lauren Lee,Ellen Mason,2373,rate,eight,2023-11-14T17:17:55.380163,2025-01-10T18:15:26.521920
35399,within,Lisa Wright,Katie Nguyen,325,perform,next,2024-10-01T05:39:10.639507,2024-07-21T06:20:03.552671
10530,national,Erin Knapp,Erin Bridges,3032,report,public,2025-01-01T16:14:23.508614,2025-01-10T11:45:01.960411
14115,age,Richard Harris,Mary Sanchez MD,1872,whole,two,2025-01-16T21:14:27.947171,2024-03-14T12:07:27.228660
1641,continue,Robert Evans,Sean Bullock,3518,car,firm,2024-08-04T18:26:29.199218,2024-06-19T02:26:23.926830
2690,partner,Christian Rice,Joshua Patel,2338,leg,card,2023-03-14T10:46:31.473401,2024-07-10T09:39:22.307832
70079,price,Brenda Hill,William Smith,55,explain,rock,2023-12-03T17:06:09.187447,2025-01-06T01:35:46.335641
25950,life,Paul Alvarado,Nicole Marsh,2069,leave,buy,2024-04-03T13:09:16.073339,2024-10-28T19:47:15.790358
99995,price,Edwin Jones,Michelle English,2822,enough,ask,2024-03-31T13:16:44.473981,2024-11-03T04:45:12.915900
5290,seat,Brooke Hernandez,Kimberly Salas,1361,act,husband,2023-02-28T06:13:51.281323,2024-10-01T06:33:59.506218
27232,current,Brandon Bauer Jr.,Nancy Miranda,1877,customer,point,2023-03-17T06:27:31.866551,2024-02-07T23:56:32.578540
33847,PM,Todd Kramer,Brian Reyes,892,situation,within,2023-09-30T22:13:35.347919,2024-09-23T06:14:29.220293
15452,author,Eric Hughes Jr.,Mario Smith,919,action,energy,2024-02-08T11:03:15.241245,2024-12-15T04:59:22.311223
72529,may,Lisa Martin,Nicole Shaw,2211,likely,employee,2024-09-26T15:35:05.669855,2024-12-26T19:33:53.658657
20017,team,Gary Butler,Timothy Powell,2802,decade,determine,2024-04-12T23:05:34.129981,2024-03-06T13:37:11.990713
61554,citizen,Adam Cain,Katherine Coffey,2755,agree,suddenly,2023-09-24T22:30:37.126597,2024-04-16T10:00:52.154304
95282,approach,Michael Hawkins,Catherine Christian,169,heart,soon,2023-02-10T09:13:18.428626,2024-09-19T22:54:09.325750
97148,reason,Jamie Huffman,Angela Jimenez,928,involve,able,2023-12-03T18:33:14.513754,2024-10-08T16:05:08.445913
30902,onto,Alfred Cohen,Susan Aguirre,3185,candidate,daughter,2024-06-15T18:08:00.235279,2024-04-07T16:30:24.532370
83683,sit,Alan Robinson,David Johnson,370,there,wonder,2024-02-03T13:17:17.337809,2024-05-28T11:20:33.576463
14521,evidence,Robert Stewart,Michael Reid,2604,without,name,2024-07-28T22:19:07.419768,2024-09-06T04:56:42.499273
8863,decision,Michelle Myers,Michael Brady,1663,evidence,write,2023-02-14T02:26:00.008745,2024-10-15T21:00:14.783365
62048,sure,Ian Garza,Scott Lewis,2991,soldier,bed,2024-07-10T21:11:16.298750,2024-08-09T12:32:18.940799
52262,common,Jeremiah Liu,Jose Durham,2810,lead,buy,2024-06-20T13:42:24.279001,2024-06-16T19:30:13.815555
35420,movie,Loretta West MD,David Levine,897,again,recognize,2024-09-11T04:51:46.488123,2024-02-23T10:56:49.238019
38555,because,Stacey Castro,Eric Beard DDS,2504,task,specific,2024-02-01T13:20:34.111621,2024-05-01T03:34:19.646589
11597,base,Kimberly Alexander,Stephanie Valdez,2275,price,trouble,2024-01-05T07:13:03.725332,2025-01-08T23:27:56.666729
71578,sort,Sara Macdonald,Jonathan Welch,368,resource,training,2024-08-26T00:08:34.546208,2024-08-15T17:15:59.764593
38384,catch,Megan Collins,Ann Howe,657,some,thing,2024-02-11T01:55:12.411212,2024-06-18T15:18:44.203428
16497,live,Raymond Santiago,Justin Armstrong DVM,456,summer,miss,2023-08-29T18:02:49.784274,2024-04-26T19:43:07.234315
25310,new,Allen Ortiz,Penny Lewis,2209,building,foot,2024-09-17T22:27:38.883862,2024-08-13T19:12:34.300998
47429,series,Michael Johnson,Thomas Freeman,31,seat,term,2023-06-01T18:12:59.247700,2024-12-24T19:12:29.929787
61144,parent,Natalie Holt,Becky Phillips,2685,television,unit,2023-12-18T13:32:00.137023,2024-12-23T09:42:53.146721
65163,debate,Megan Flores,Sara Turner,1873,art,could,2023-03-03T20:33:34.889949,2024-04-12T12:56:40.096770
31106,nearly,Anna Garza,Travis Whitaker,3091,far,third,2024-11-03T15:07:52.741548,2024-03-03T20:47:54.141670
54080,couple,Tracey Reynolds,Jerry Parsons,264,too,ever,2024-01-26T21:24:58.190791,2024-03-10T03:52:21.369857
92938,clearly,Lindsey Lowery,Yolanda Vang,2704,according,low,2024-10-26T03:17:16.931471,2024-06-29T23:40:42.078299
69593,she,David Walter,Autumn Williams,272,around,bed,2023-06-03T03:15:30.568010,2024-05-17T18:17:41.225082
60889,step,Michael Davis,Luis Valencia,37,first,everybody,2023-11-03T10:18:27.351769,2024-06-22T04:00:46.655234
19668,two,Christopher Moore,Joshua Terry,2103,difference,write,2024-10-10T19:08:15.961289,2024-06-20T05:41:24.395400
2013,leg,Troy Wright,Tommy Flores,2309,hold,white,2023-10-18T18:48:17.066264,2024-07-18T16:01:46.064241
10470,direction,Larry Turner,Theresa Allen,717,charge,close,2023-05-20T13:17:53.852183,2024-05-28T07:25:32.512378
19540,too,Tyler Dalton,Corey Berry,613,husband,behind,2024-10-02T14:54:20.368944,2024-05-11T05:30:06.776521
20267,yet,Cindy Rodriguez,Jennifer Mccullough,1681,senior,reduce,2023-06-08T22:39:36.118403,2024-12-05T15:18:02.977500
54666,dream,Shelly Hester,Lance Shaw,2423,seem,discover,2024-03-09T08:21:53.562598,2024-10-28T23:39:16.757769
84490,spring,Melissa Phillips,Christopher Moss,31,beyond,since,2024-01-04T04:35:32.521757,2024-02-10T02:45:11.018621
11468,sister,Rachel Kim,Anthony Mckenzie,267,option,help,2024-06-10T19:16:33.080011,2024-02-10T19:08:34.542930
72920,radio,Amy Wilson,Mark Murphy,2119,identify,newspaper,2023-07-22T09:17:04.544471,2024-09-18T16:29:45.833381
72727,various,John Riley,Victoria Bauer,1175,yeah,south,2024-11-09T04:03:40.936036,2024-08-10T04:18:58.827720
44356,process,Tamara Walker,April Lopez,3515,leg,buy,2025-01-28T12:49:34.247262,2024-03-26T19:11:21.492915
14356,program,Matthew Decker,Eric Walker,3572,life,religious,2023-04-10T02:12:53.822659,2024-11-10T06:27:05.153414
95788,between,Edward Alvarado,Benjamin Butler,2038,bring,where,2025-01-05T06:05:55.134730,2025-01-22T16:46:30.473593
22065,Congress,Gina Kim,Connie Bell,1079,spring,evening,2024-02-20T05:06:00.112001,2024-11-02T19:01:24.934098
33464,production,Jeremiah Santana,Paul Berger,1245,long,even,2024-01-26T19:52:48.450174,2024-02-14T13:33:16.176392
99514,live,Kenneth Lopez,Becky Johnston,1021,pick,happen,2024-01-31T22:57:44.873214,2024-12-15T11:34:57.631080
68827,network,Linda Mcdonald,Shawn Kim,2599,machine,certain,2023-03-24T10:27:45.808700,2024-07-15T03:47:35.341535
7460,continue,Brett Hurst,Damon Williams,1845,seat,mention,2024-11-30T17:08:12.200081,2024-04-12T23:11:12.895233
46762,live,Peter Ellison,Brandi Garcia,577,cut,own,2024-11-22T15:32:01.954717,2024-06-27T07:35:43.168754
21068,tax,Joseph Maynard,Jeffrey Davis,690,good,task,2024-12-11T07:18:10.790568,2024-03-26T22:08:43.919225
51702,personal,Stephen White,Sandra Jacobs,2317,where,quite,2023-06-04T02:24:39.397043,2024-12-24T07:43:18.035115
97206,game,Kevin Goodman,Paul Davis,2092,fight,war,2024-01-15T23:22:05.068891,2025-01-21T19:25:02.629943
95741,push,Jamie Cannon,Frank Mcmahon,2408,sometimes,second,2023-04-02T03:54:36.805171,2024-03-21T12:42:35.012403
91413,sister,George Woods,Jessica Johnson,330,consider,clear,2023-11-04T09:55:46.517904,2024-08-28T06:27:53.645205
92604,million,David Morrison,Samantha Kim,3448,old,sing,2024-12-08T21:09:08.842108,2024-12-27T11:27:24.318398
59597,age,Andrew Sawyer,William Larson,2956,accept,quickly,2024-07-23T19:19:55.182759,2024-09-10T03:58:05.315563
60820,this,Troy Garcia,Shawn Garcia,1516,decade,best,2023-06-08T21:31:05.999286,2024-02-21T07:09:55.668456
16642,prepare,Norman Wilson,Cynthia Sharp,1722,data,too,2024-09-06T02:33:19.386890,2024-06-08T00:50:22.763787
85246,play,Felicia Kramer,Matthew Simmons,2397,focus,third,2024-03-14T20:36:13.855871,2024-07-16T05:59:37.397622
49421,believe,Randy Johnson,Jacob Bryant,815,end,set,2023-11-22T16:02:48.115273,2024-09-10T21:56:18.645932
34759,care,Joshua Bullock,Danielle Russell,2371,far,magazine,2024-10-10T06:36:01.001892,2024-12-04T02:29:13.944108
94063,practice,Kelly Hanson,Jennifer Jones,343,believe,lose,2024-02-27T16:12:30.454180,2024-02-01T03:07:03.467407
33502,watch,Devon Brown,Alex Morgan,3118,interesting,before,2024-02-27T21:05:28.858193,2024-05-24T22:30:04.627840
73617,rise,Joshua Mitchell,Jason Harris,659,series,century,2024-08-08T03:22:34.167814,2024-12-21T00:55:12.619424
76931,also,Tracy Prince,Linda Weber,1371,chair,trouble,2025-01-18T12:18:05.157973,2024-03-04T08:23:02.957012
75068,member,Becky Taylor,Angela Mann,573,a,student,2023-05-17T12:21:46.188929,2024-06-30T09:48:04.505577
50576,college,Martha Braun,Jill Estrada,1065,support,friend,2024-07-30T07:13:42.921960,2024-05-25T10:33:14.835412
74321,trip,Vincent Cooper,Jacqueline Brown,2609,under,laugh,2024-03-12T19:35:58.270614,2024-01-31T15:59:28.651616
43825,throw,Victor Moore,Brendan Barnett,1389,record,enough,2024-11-25T01:39:08.744406,2024-04-29T10:42:13.584010
6340,candidate,Caitlyn Bailey,Robert Pace,2911,nothing,remember,2024-05-08T14:27:04.588264,2025-01-07T00:39:27.756969
71923,happy,James Miller,Stephen Johnson,1309,not,cost,2024-02-17T11:28:39.842695,2024-11-13T10:21:03.275681
62251,production,Joseph Russo DVM,Thomas Taylor,844,stand,near,2024-04-14T08:40:28.923580,2024-12-14T21:59:09.293004
13014,memory,William Cole,Chelsea Foley,2582,physical,why,2024-06-06T02:41:18.695917,2024-12-31T07:00:53.095973
52820,road,Rachel Mitchell,Rachel Fox,102,hear,record,2023-02-09T14:04:58.396995,2024-04-21T14:58:39.864928
63114,similar,Michelle Larson,Robert Hall,349,there,south,2024-04-15T13:32:01.030557,2024-07-02T02:30:25.091104
67158,situation,Gregory Garcia,Frank Perez,1662,lead,if,2023-03-30T10:58:09.602042,2024-06-30T10:01:39.491504
3189,have,Rebecca Scott,Jamie Jenkins,642,effect,recognize,2024-05-21T10:40:30.437388,2024-02-06T09:43:54.634107
47139,bag,Ethan Love,Dana Sanchez,2951,occur,discuss,2023-02-08T09:10:42.164039,2024-12-27T10:17:43.582995
79953,training,David Evans,Christine Page,2206,write,wife,2023-05-25T07:29:28.544546,2025-01-20T23:24:31.652212
74857,suggest,Matthew Carpenter,Melanie Mosley,598,include,could,2023-09-24T19:10:59.549492,2024-10-10T14:59:29.227165
29597,add,Rachel Smith,William Hobbs,3290,crime,five,2024-03-07T20:38:58.483584,2025-01-09T02:59:45.619703
10426,head,Michael Jensen,Nathan Martinez,2851,low,field,2025-01-17T19:30:49.572114,2024-04-18T13:38:53.421705
64317,that,John White,Robert Morris,938,thing,side,2023-10-10T17:33:05.794130,2024-04-27T17:18:20.639935
18680,ahead,Crystal Costa,Christopher Pearson,205,charge,those,2024-06-15T12:44:13.252243,2024-12-15T16:36:14.803537
99295,reveal,Robert Lewis,Daniel Johnson,2252,sit,can,2024-11-03T09:05:32.540942,2024-03-16T07:57:48.301117
20958,dog,Todd Gates,Jonathan Brock,778,put,first,2023-09-22T05:37:07.973393,2024-09-20T14:12:16.849221
73150,mention,Melissa Valentine,Austin Rogers,3317,condition,fear,2024-10-25T02:02:41.077824,2024-04-30T15:37:07.945566
32082,white,David Sparks,Christopher Martin,866,attention,radio,2023-04-24T09:05:57.856840,2024-08-17T04:15:07.041835
98509,class,Casey Mathis,Gary Wells,852,under,identify,2023-11-07T05:11:15.918307,2024-12-17T04:52:40.765198
76757,deal,Chase Kirk,Ashley Lambert,1491,could,wear,2024-08-02T07:30:36.744502,2024-03-21T05:37:06.432366
88975,reduce,John Rodriguez Jr.,Kathryn Molina,38,whether,into,2023-04-12T02:04:59.517422,2024-05-02T09:29:04.379708
90627,common,Patricia Sawyer,Edwin Snow,625,research,total,2023-04-14T00:09:31.927966,2024-12-30T01:21:21.096754
88716,front,Susan Smith,Jennifer Gordon,2640,course,mission,2024-04-02T07:54:39.217253,2025-01-24T19:53:24.938808
11386,simply,Mary Sanchez,Dana Lee,1957,Mr,ask,2023-05-15T23:07:24.031590,2024-06-04T14:48:11.883796
45724,likely,Chad Mitchell,Lauren Jones,306,check,final,2024-12-22T08:54:08.761272,2024-10-19T04:07:32.873647
35344,serious,Gary Carrillo,David Barton,2174,chance,talk,2023-08-27T03:55:15.322322,2024-11-23T01:48:56.935941
66034,teach,Elizabeth Lawrence,Melanie Robbins,1576,education,owner,2023-02-27T14:10:06.731452,2024-10-21T08:27:29.153385
20855,pay,Joseph Brooks,Deanna Hall,3152,every,former,2024-05-14T07:48:17.787784,2024-09-04T05:21:47.844131
48576,build,Christina Burgess,William Greene,229,just,investment,2025-01-12T17:49:59.261837,2024-08-03T07:19:59.616490
90416,class,Matthew Patterson,Angela Short,3239,late,break,2023-05-11T03:20:17.241388,2024-07-20T18:10:14.242077
68508,politics,Stephanie Sullivan,Nicholas Myers,2541,as,contain,2024-08-05T16:06:01.086447,2024-10-06T09:12:45.495956
23116,teach,Jason Schwartz,Nicole Hoffman,2611,court,laugh,2023-08-05T11:04:47.920717,2024-12-11T11:56:57.365854
39509,rate,Danielle Fields,David Holland,3081,policy,cause,2024-09-26T01:12:12.981841,2024-10-12T02:10:58.897093
13210,season,Timothy Buchanan,Heather Donaldson,963,probably,want,2023-12-30T11:25:09.075654,2024-05-31T16:12:05.881408
9822,growth,Kristine Heath,Ryan Cook,163,move,particular,2024-05-02T03:23:41.175038,2024-12-07T06:48:57.756691
21084,hear,Erika Vaughn,Shawn Robinson,1612,anything,ok,2024-12-21T23:44:12.653949,2024-06-08T23:37:39.819213
181,another,Ronald Morales,Brian Steele,543,down,check,2023-11-05T22:20:45.587123,2024-04-30T17:43:41.808906
28902,the,Melissa Harris,Patricia Maxwell,181,draw,process,2024-10-27T15:12:33.915946,2024-03-08T18:24:33.212862
61343,hair,Pamela Rich,David Riley,1714,music,goal,2025-01-08T07:03:01.405202,2024-11-24T02:01:07.042129
77596,explain,Joseph Barrett,Mrs. Cynthia Johns MD,1243,ahead,attack,2023-12-28T10:49:46.543395,2024-11-14T05:59:45.829325
55467,these,Jacob Snyder,Tiffany Cooley,39,year,go,2023-04-07T16:41:39.699646,2024-06-28T23:05:19.808065
1381,too,Christopher Lopez,James Bond,1463,good,far,2024-03-20T12:34:24.694969,2024-10-04T22:04:06.358762
57875,grow,Allison Patterson,Angela Perry,763,tend,she,2024-12-09T19:05:38.802237,2024-12-25T15:40:01.252712
2571,try,John West,William Payne,83,message,water,2024-07-19T17:46:32.776632,2024-12-29T04:01:55.825164
95691,writer,Diane Roberts,Alexander Pacheco,1766,blood,someone,2024-06-01T17:22:29.509752,2025-01-18T14:26:14.279844
36619,science,William Smith,Travis Townsend,294,adult,series,2024-10-20T21:32:34.997360,2024-02-27T08:56:12.891960
21294,most,Justin Hernandez DDS,Brian Lee,2517,these,dream,2024-02-13T04:36:01.841419,2024-11-17T14:26:28.813331
72676,difficult,Ashley Dixon,Jeffrey Compton,2256,step,deal,2024-10-14T20:09:11.960665,2024-03-18T22:19:20.721152
99138,improve,Susan Nguyen,Alice Jackson,755,difficult,natural,2024-10-11T06:00:14.544899,2024-10-23T03:11:50.328846
49242,instead,Robert Reed,Jessica Padilla,1495,between,major,2023-03-17T23:10:17.456687,2024-12-23T20:18:18.943755
77641,according,Sheri Wells,Elizabeth Porter,877,discover,off,2023-08-11T11:46:46.914267,2024-07-07T20:30:02.631126
68371,color,Nicole Smith,Christian Bridges,1510,somebody,PM,2023-06-03T10:32:52.092412,2024-11-20T13:44:56.154175
56211,television,James Black,Thomas Moore,751,much,tonight,2024-05-27T10:43:20.483497,2024-10-19T05:57:49.581320
84700,bar,Tara Lambert,John Ramirez,2399,role,part,2023-10-21T21:29:47.097644,2024-06-20T05:27:12.335113
16204,south,Jessica Hill,Clifford Williams,1968,throughout,probably,2024-09-23T15:48:24.034230,2024-08-23T01:16:11.839849
8635,major,Sergio Soto,Laurie Kennedy MD,3470,message,network,2024-02-02T08:39:46.893847,2024-05-27T19:22:40.773408
69880,ten,Samuel Estes,Alison Miller,2652,series,why,2023-03-09T03:59:54.173728,2024-09-20T06:38:16.970000
14923,about,Yolanda Hood,Thomas Smith,2863,final,first,2024-06-13T18:37:05.109263,2024-02-05T11:21:03.723516
84851,degree,Kimberly Evans,Jesus Cisneros,2875,send,indicate,2024-11-28T23:59:08.554654,2024-07-06T10:55:54.506325
52499,woman,Lauren Edwards,Robert Copeland,234,approach,couple,2024-03-23T06:00:43.184975,2024-11-03T17:31:10.509654
12191,always,Patricia Glover,Sara Combs,728,save,commercial,2023-10-25T15:50:16.311343,2024-04-11T16:48:00.471435
20411,money,Mary Perry,Melvin Jones,1166,quite,a,2025-01-03T20:22:28.580684,2024-10-14T22:30:06.204313
38185,bed,Erik Miller,Maria Sanford,1048,rock,million,2024-11-18T23:31:39.929031,2024-05-24T10:47:14.265905
2295,past,Lisa Shaw,Heidi Reynolds,3202,evening,hear,2023-07-02T15:36:20.358454,2024-03-19T22:05:24.072774
38498,say,Kayla Gilmore,Dawn Parker,3143,authority,ten,2023-08-05T10:18:07.383413,2024-06-05T03:45:29.181409
59328,whatever,Kayla Gordon,Deborah Gonzalez,2663,girl,work,2024-06-24T15:46:03.397220,2024-09-21T03:08:51.795762
50043,interview,Kathleen Cox,Justin Day,1448,white,sure,2024-05-13T21:48:05.963540,2024-07-23T02:04:51.238951
74014,player,Derrick Lewis,Aaron Bond,1903,television,may,2024-10-01T07:15:20.847631,2024-04-12T07:34:15.349458
62868,just,Teresa Hoffman,Emily Scott,237,buy,home,2024-02-01T05:18:51.678439,2024-07-13T11:12:23.544216
2403,center,Thomas Yates,Fred Martin,2784,resource,mouth,2024-01-14T16:23:20.346507,2024-12-06T02:52:12.874624
76285,listen,Michael Davis,Frederick Fernandez,1097,save,computer,2023-10-11T00:21:01.962420,2024-12-18T22:17:47.471889
97943,still,James Blair,Scott Rivera,874,want,east,2024-11-07T23:43:20.665633,2024-02-23T05:38:35.549704
15121,example,Kevin Munoz,Megan Young,2126,foot,region,2023-12-08T16:19:16.220745,2024-10-24T11:45:07.708224
90493,send,Jared Manning,Dr. Taylor Clark,1289,win,another,2025-01-24T03:01:07.996661,2024-09-26T14:38:37.267809
55481,name,Amy Thomas,Lisa Cline,1968,us,exactly,2023-07-15T15:39:52.907034,2024-08-12T11:11:19.788609
32628,better,Debra Osborn,Paul Smith,3567,special,second,2024-09-19T22:16:08.248933,2024-08-24T05:08:44.852388
64484,hundred,Joseph Christensen,Teresa Sanchez,3324,laugh,person,2024-11-12T14:04:01.639400,2024-02-06T15:07:20.686591
30560,reason,Joshua Parker,Robert Warner,70,particularly,party,2023-02-01T06:12:02.002114,2024-03-26T08:13:55.942056
54007,when,Darin Morales,Kevin Reed,367,head,identify,2024-04-19T01:14:08.393018,2024-12-31T07:22:32.306965
64962,dinner,Lisa Stokes,Robert Fields,454,board,current,2024-05-26T16:18:01.750887,2024-03-24T17:56:05.392357
72627,after,Ashley Roberts,Jennifer Sanford,3418,piece,talk,2024-11-05T08:53:16.751680,2024-07-10T21:57:41.196687
54672,to,Patricia Alexander,Scott Smith,3126,vote,eat,2023-10-16T05:38:31.742682,2024-12-25T00:16:14.877751
68975,option,Mr. Nathan Taylor,Cody Good,599,arm,miss,2024-06-11T00:48:18.416705,2024-09-30T07:16:29.380666
39746,low,Lori Perez,Lonnie Andrade,2840,standard,stuff,2023-10-02T18:16:26.425920,2024-03-12T01:34:57.342133
27510,wonder,Bradley Reese,Craig Jenkins,3008,talk,bank,2023-06-18T10:32:27.155262,2024-02-24T09:45:59.590772
36060,kid,Michelle Williams,Robert Hernandez,3338,couple,later,2023-06-29T17:56:11.863512,2024-03-02T12:23:13.914425
36841,many,Melanie Powell,Paul Blevins,3143,evidence,investment,2024-08-24T11:13:35.176821,2024-09-28T15:53:33.565586
59606,international,Marissa Cohen,Daniel Sherman,3287,animal,write,2023-09-08T03:27:58.393442,2024-05-29T04:45:46.212059
16397,scene,Laura Figueroa,Lisa Huff,1840,station,tell,2023-07-12T05:04:24.646047,2024-07-23T06:38:52.477431
864,free,Jason Park,Frank Carroll,2140,show,lead,2024-11-10T03:06:21.479808,2024-09-03T21:52:47.669680
61659,suffer,Colleen Vincent,Christina White,3335,method,nothing,2023-09-22T06:36:21.514850,2025-01-20T19:42:54.300281
89201,where,Jenny Taylor,Laura Colon,3073,inside,white,2024-06-07T18:44:51.181138,2024-12-24T02:02:21.610142
83664,white,Nicholas Williams,Christopher Andrews,3171,win,scientist,2024-03-15T01:51:11.569437,2024-08-22T19:43:33.819837
16101,bank,Michael Harris,Bobby Odom,3296,stage,lead,2023-04-25T22:33:47.678791,2024-04-19T10:18:51.496234
48785,leave,Julia Gonzalez,Elizabeth Browning,1154,window,those,2024-11-06T16:04:47.571110,2024-06-03T11:25:44.338013
16222,I,Sara Richardson,Shelly Brown,1343,last,course,2024-06-26T16:37:43.814510,2024-07-16T11:41:12.399151
28622,something,Eric Ward,Erin Short,271,with,their,2024-11-16T02:36:58.252190,2024-05-10T16:31:10.831634
24796,week,Julia Shelton,Rebecca Warren,181,institution,finally,2023-02-22T08:20:57.053320,2024-07-23T08:48:31.347217
82572,establish,Adrian Reed,Eric Pearson,3441,which,morning,2023-06-03T11:53:44.183932,2024-02-21T14:59:18.411627
40037,free,Beth Clark,Laura Herrera,2920,wife,watch,2024-08-11T10:47:29.606592,2024-03-02T02:08:27.182316
96082,important,Amy Cook,Jeremy Wood,3572,success,stay,2023-10-17T17:02:15.860730,2024-03-19T21:41:39.859583
6622,next,Rebecca Turner,Joseph Dyer,373,poor,certainly,2024-09-04T01:23:13.459344,2024-09-29T23:01:12.170221
24643,million,Monica Garner,Jason Sullivan,2118,yourself,too,2023-07-11T14:32:43.525941,2024-10-27T21:39:57.291297
16904,key,Terry Combs,Mr. John Davis,1696,produce,relationship,2024-06-30T14:06:26.740789,2024-05-20T09:55:36.780064
23173,friend,Michael Elliott,Monica Baker,3306,office,evidence,2024-10-12T23:38:15.219690,2024-10-20T06:25:31.196196
9866,try,Billy Shields,Sarah Bell,1001,each,like,2024-11-05T19:16:46.744225,2025-01-07T12:13:35.706505
3232,production,Margaret Singh,Annette Stevens,468,remain,owner,2024-12-29T10:23:11.602280,2024-09-03T13:03:12.924155
16349,senior,Michele Collins,William Leon,273,entire,safe,2024-12-27T18:41:24.668608,2024-05-21T14:19:42.590645
35146,people,Angela Carroll,Mary Cox,2451,stop,street,2024-11-03T07:58:35.185075,2024-11-23T03:53:35.404296
53811,actually,Christian Jones,Wesley Baldwin,248,rich,thank,2024-10-31T17:10:11.599959,2024-12-13T18:06:02.429147
47573,edge,Tiffany Rose,Eric Ferguson,3301,western,special,2024-01-13T12:53:49.553707,2024-04-26T06:32:53.097195
8431,couple,Ryan Hansen,Johnny Petersen,355,what,low,2024-09-12T16:20:55.200660,2024-03-18T19:06:44.504937
24551,price,Shelley Smith,Julie Mcintyre,902,necessary,believe,2024-05-19T04:26:11.438811,2024-12-11T17:36:35.799695
61583,great,Jennifer Turner,Betty Burton,1826,medical,buy,2023-10-20T18:43:52.668069,2024-11-16T23:14:30.836609
15796,beautiful,Diane Mejia,Alan Hunter,2269,moment,piece,2023-08-31T15:41:30.453954,2024-02-01T09:27:34.722238
62082,up,Jessica Sanchez,Karen Morales,283,explain,record,2024-12-16T04:03:15.315725,2024-06-01T05:21:18.114655
63602,fight,Kurt Davis,Margaret Thomas,3011,board,wish,2024-01-18T19:27:19.299429,2024-12-05T05:03:01.197285
50851,media,Scott Taylor,Holly Green,2587,task,difference,2024-02-22T02:33:56.050693,2024-05-28T02:30:32.239201
80284,among,Amanda Hansen,Timothy Owen,2904,wish,able,2023-03-11T06:51:22.159679,2024-03-02T03:37:54.202062
87790,half,Brittany Martin,Susan Barnett,237,ground,economy,2023-03-06T04:57:28.464615,2024-10-02T22:06:20.479894
74509,pass,Randall Arellano,Aaron Church,2929,little,media,2024-09-22T09:50:33.893240,2024-08-13T21:38:40.971766
14128,draw,Veronica Obrien,Nicholas Mckinney,1805,parent,candidate,2023-09-15T21:55:07.154558,2024-10-09T16:45:40.726975
84154,old,Jon Williams,James Velasquez,1436,kind,surface,2024-04-30T21:31:48.874872,2024-03-08T18:29:10.919621
7825,act,Michael Le,Sharon Moore,2722,leave,wrong,2023-09-05T20:44:58.906465,2024-03-19T11:16:43.888407
78106,center,Claire Peters,Maria Wilson,470,project,more,2023-03-14T09:26:09.385698,2024-12-12T02:31:24.768859
51793,or,Gregory Christensen,Austin Montgomery,613,continue,room,2023-07-11T10:27:25.203237,2024-12-24T12:58:39.307709
73222,marriage,Gabriela Buchanan,Heather Coleman,2470,wind,country,2024-07-20T03:36:45.211412,2024-10-19T02:26:15.836148
48002,feel,Pamela Gomez,Allison Daniels,207,make,TV,2024-04-21T10:02:24.280745,2024-09-12T06:28:32.596128
9488,have,Michael Flores,Tracey Mckay,690,I,factor,2025-01-29T20:52:02.094865,2024-11-12T04:43:39.787921
42746,better,Melinda Alexander,Stacey Mills,2319,set,market,2024-01-13T10:53:00.036312,2024-08-14T02:41:03.291613
53990,TV,Patrick Jones,Daniel Ray,2447,spend,position,2023-02-04T12:49:54.612914,2024-05-29T01:00:10.169145
54368,memory,James Stone,Barbara Malone,985,summer,market,2024-05-27T07:40:41.329663,2024-02-25T18:56:55.665735
16426,cause,Kimberly Garcia,Kevin Casey,93,second,half,2023-12-03T01:12:39.530130,2024-11-24T01:39:47.241571
98634,call,Charles Burns,Scott Williams,280,through,themselves,2023-10-04T15:33:41.400274,2024-10-05T02:21:09.245042
27491,raise,Wesley Riddle,Jerry Tucker,3561,economic,line,2023-12-18T13:04:46.005528,2024-03-11T23:25:09.918914
24571,garden,Monique Chambers,Charles Anderson,1319,opportunity,political,2024-08-11T10:27:43.734024,2024-10-04T09:57:03.078696
23655,bring,Linda Young,Diana Nguyen,2165,cup,market,2024-06-18T22:24:39.967351,2024-08-02T22:10:31.765287
32322,positive,James Morales,Michael Franco,669,might,argue,2024-06-20T20:50:49.999156,2024-04-06T22:06:58.555595
51125,responsibility,Stacey Anderson,Mckenzie Johnston,860,prevent,particular,2024-08-22T17:38:59.336526,2024-11-09T20:33:38.162973
20224,policy,William Grimes,Charles Morgan,2263,area,black,2023-07-07T12:53:09.901840,2024-03-27T06:55:01.148555
24784,indeed,Charles Griffin,Adam Silva,716,manager,run,2024-12-15T20:43:43.828733,2024-10-29T12:35:35.523772
59387,something,Jessica Scott,Judith Cruz,1208,chance,word,2024-04-05T04:19:11.479271,2024-06-15T01:02:31.684859
30048,my,Christina Hamilton,Mr. Christopher Wolf,3248,quality,hour,2024-10-22T14:29:30.476422,2024-07-28T15:01:51.953138
16810,three,Joseph Steele,Sharon Miller,479,wall,father,2024-06-19T10:34:16.759044,2024-08-04T13:31:49.281824
81810,president,Cindy Nelson,Austin Dickerson,2246,good,which,2024-01-10T20:32:38.509089,2024-11-08T10:26:22.761313
92331,me,Christina White,Kristina Camacho,2977,trouble,figure,2023-06-03T05:03:13.929202,2024-02-28T07:05:40.938747
37507,say,Scott Gregory MD,Leslie Gomez,415,artist,understand,2023-09-08T01:02:09.241398,2024-10-16T18:11:12.013083
67611,seat,Michelle Jones,Amber Browning,348,describe,analysis,2023-12-25T21:12:00.724400,2024-09-18T22:21:38.031245
52504,culture,James Wyatt,Larry Sullivan,572,late,fish,2024-08-29T23:37:41.774673,2024-03-07T16:27:54.780983
57714,second,Frank Gonzalez,Calvin Patel,3518,visit,community,2024-03-07T10:48:29.203959,2024-12-21T11:55:56.034101
83993,drug,Andrew Martinez,Mark Brown,3086,weight,born,2024-07-07T05:30:40.829150,2024-07-19T03:50:37.278215
83277,until,Jennifer Sutton,Danielle Rose,1549,stay,leave,2024-12-24T02:39:44.258540,2024-11-15T14:06:23.588431
25169,statement,Chris Smith,Julia Hale,2662,successful,prove,2023-08-29T02:08:21.793681,2024-08-17T07:15:31.159501
7000,defense,Brenda Roberts,Billy Young,1632,lawyer,create,2024-11-12T16:08:01.754736,2024-04-05T11:47:49.959805
82620,pressure,Joseph Griffin,David Morton,425,issue,hope,2024-04-15T19:14:40.956412,2024-08-31T18:51:26.831667
1323,those,Thomas Patton,Sean Wagner,1725,lead,war,2024-09-29T08:43:17.406981,2024-02-01T01:58:49.426723
78025,thank,Jacqueline Washington,Robert Potter,3067,beat,see,2023-06-11T17:42:06.357431,2024-11-20T12:39:45.685819
49043,seat,Andrew Murray,Jessica Weber,316,play,most,2024-07-29T20:50:45.127265,2024-12-12T23:20:01.210760
98817,ready,Amy Peterson,Manuel Andersen,2842,bit,source,2024-09-01T08:01:05.805961,2024-01-31T09:31:18.905131
98776,pretty,Paula Osborne,Lisa Wilson,148,wish,central,2023-11-09T08:54:12.150225,2024-02-15T05:19:03.795065
85376,he,Joseph Rose,Kenneth Roberts,1207,floor,understand,2024-11-20T14:19:03.966136,2024-03-22T09:44:38.135590
42991,friend,April Anderson,Wendy Brown,2467,administration,section,2024-07-17T06:42:09.630484,2024-05-01T01:23:32.424471
88501,floor,Eric Norman,Jordan Griffin,127,couple,interesting,2023-09-25T05:36:59.842740,2024-09-21T14:03:54.335581
33849,make,Ashley Fisher,Kevin Molina,141,wide,arrive,2024-06-22T16:22:32.722751,2024-11-07T15:26:55.200492
89479,set,Steven Murphy,Christopher Mcbride,3248,candidate,anything,2023-03-27T11:10:24.508719,2025-01-05T12:00:09.813643
18825,left,Rachel Evans,Kimberly Williams,2468,claim,national,2024-10-15T07:00:34.499056,2024-03-31T02:42:00.428170
23831,idea,Joseph Calhoun,Kenneth Johnson,1311,Congress,part,2023-08-29T06:41:48.664324,2025-01-26T05:09:13.546177
8093,billion,Stacey Logan,Douglas Sims,1231,I,religious,2024-05-30T22:55:57.472841,2024-10-04T13:53:06.101273
7403,well,Curtis Curry,Jennifer Andersen,2395,management,see,2023-01-31T08:31:44.815286,2024-12-02T04:13:10.764435
18316,color,Edward Morgan,Pamela Martin,2591,under,center,2024-12-21T14:26:30.753715,2025-01-29T17:23:51.246990
8322,pick,Paul Moreno,Robert Craig,439,career,herself,2023-09-21T04:09:05.568574,2024-11-03T19:19:12.902548
34081,those,Rebecca Chan,Donald Patton,3305,traditional,data,2024-06-19T19:49:39.774286,2024-10-21T14:21:34.114829
83496,yourself,Jennifer Jackson,Steven Sanders,1717,charge,information,2023-06-10T13:25:53.457645,2024-10-09T00:33:39.880776
58438,much,Melanie Robles,Rachel Klein,691,vote,stay,2025-01-05T19:09:28.239674,2024-12-28T10:16:02.403257
97332,base,Justin Wilson,Christopher Mccarty,1368,recent,north,2024-11-09T09:46:20.965279,2024-05-13T08:02:17.708913
41062,school,Joseph Duarte,Brandon Day,600,culture,food,2023-11-11T16:55:34.973830,2024-08-28T12:07:02.569338
53951,source,Elizabeth Crawford,Logan Smith,2038,soon,top,2024-05-09T17:46:36.445941,2024-09-30T04:50:10.645766
86360,car,Samantha Powers,Stacey Carlson,3233,PM,best,2023-06-26T22:23:37.251659,2024-12-03T03:41:21.172475
84876,capital,John Little,Colleen Brown,3192,TV,contain,2024-08-19T03:40:28.150225,2024-10-24T07:08:49.980219
70743,cost,Joseph Holt,Clinton Walker,1910,well,bit,2024-01-30T14:10:06.209139,2025-01-21T18:15:04.306881
56247,painting,Donald Velazquez,Matthew Chan,2261,remain,white,2024-07-31T15:23:29.628715,2024-05-04T02:57:59.845543
38275,last,Clayton Chang,Jeremiah Miller,1969,teach,serve,2024-11-08T09:42:39.981801,2024-08-12T10:45:34.495516
8056,thing,Kelly Davis,Brandon Delacruz,3385,beautiful,future,2024-02-09T03:43:59.973574,2024-06-24T00:16:14.742842
60903,pick,James Harris,Kenneth Hart,242,left,including,2024-03-04T16:21:34.785554,2024-02-05T07:38:10.889220
23092,half,Richard Harrison,Christine Solomon,2923,attorney,claim,2023-04-11T23:43:13.558370,2024-03-21T20:34:58.907553
72190,activity,Shane Dunn,Timothy Knox,3278,within,exactly,2024-02-06T02:48:07.608650,2024-10-06T23:57:00.295449
65346,direction,Sylvia Rodriguez,Cameron Cox,2422,too,sense,2024-02-27T18:55:15.161289,2024-05-31T10:52:49.127995
96650,high,Kenneth Anderson,Barbara Fletcher,3461,protect,culture,2023-07-25T08:29:21.619376,2024-08-06T05:55:17.813416
48499,ago,Traci Meyer,Kim Gonzalez,456,skin,prove,2024-06-06T08:36:00.668638,2024-07-01T09:38:03.940106
49914,from,Evan Lam,Tammy Owen,2787,fine,finish,2023-08-31T15:03:00.140635,2024-10-31T20:43:14.425444
86955,rest,Sherri Lewis,Daniel Oneal,43,free,color,2023-07-14T23:47:31.092694,2024-06-24T20:06:50.871321
91998,half,Carol Brown,Grant Jenkins,1778,up,education,2024-06-05T07:22:30.656732,2024-09-06T12:02:13.784068
53715,individual,Alison Webster,Craig Hill,2310,parent,laugh,2024-06-29T11:21:28.512318,2024-08-31T18:10:30.097482
84911,program,Matthew Booker,Stacy Price,1871,soon,help,2024-02-13T16:51:08.026011,2024-10-05T09:01:10.656153
62234,week,Jose Hawkins,Timothy Jackson DDS,116,benefit,watch,2023-05-11T05:32:42.066426,2024-02-25T22:22:44.144260
94774,or,Stephanie Smith,Johnny Vaughn,2387,great,believe,2023-07-15T15:12:11.557239,2024-02-13T18:31:20.145298
37952,firm,Vicki Green,Kristen Terry,1868,huge,white,2024-06-07T09:28:37.638735,2024-05-20T10:40:14.934588
35171,mention,Stephen Wang,Nichole Golden,2602,modern,food,2023-12-25T12:55:38.711560,2024-09-16T13:27:01.696366
18407,yeah,Gregory Benton,Larry Brennan,2970,walk,political,2024-08-09T10:31:05.236436,2024-12-17T20:45:29.828235
4023,another,Michael Carter,Lisa Flores,3458,laugh,enough,2024-05-05T09:13:30.999748,2025-01-28T16:44:59.611870
8415,tree,Brenda Jenkins,Charles Dixon,2416,record,blue,2023-01-31T03:10:51.125537,2024-12-13T11:10:11.665884
32750,alone,Erika Harris,Amy Singh,451,small,wish,2024-01-02T00:36:53.227307,2024-11-08T16:53:49.580018
32027,nation,Dr. Sean Martinez DDS,Lauren Guerra,646,late,contain,2024-01-08T15:36:31.600550,2024-11-25T02:08:15.358841
66672,rate,Dave Gonzalez,Jessica Lowe,817,measure,go,2023-04-16T20:21:42.894163,2024-04-08T18:56:11.280642
58490,space,Larry Gay,Tamara Nichols,1969,reason,grow,2023-11-11T14:52:47.839653,2024-05-23T02:59:38.565903
28275,answer,Theresa Smith,Sara Kennedy,2412,prevent,beyond,2023-05-29T14:08:48.038089,2024-08-11T08:07:15.017553
57577,pattern,Christopher Bailey,Austin Hopkins,2831,miss,fund,2024-03-04T10:02:16.293951,2024-12-30T05:47:09.410441
17161,market,Melissa Ruiz,Christopher Durham,60,growth,stand,2024-11-05T19:38:51.607686,2024-11-13T04:49:44.815661
45084,Mr,Melissa Simmons,Doris Murphy,3154,grow,letter,2023-05-25T02:28:12.874261,2024-12-25T04:28:18.554169
48337,section,John Grant,Tyrone Barnes,615,oil,any,2023-10-31T08:21:03.531622,2024-10-16T16:52:06.955233
81289,less,Lauren Parks,Morgan Cortez,691,various,person,2023-06-28T15:19:12.155314,2024-05-06T06:58:15.887419
176,adult,Jeanne Chase,Greg Romero,1469,this,want,2024-09-02T00:32:16.712063,2024-07-27T14:29:21.765717
15624,central,Mark West,Michael Gaines,2705,statement,stand,2024-10-31T18:20:44.347003,2024-09-26T23:07:12.371699
93225,defense,Walter Fernandez,James Jones,1336,hold,stop,2024-09-25T13:29:30.428153,2024-09-02T22:27:55.065633
26599,adult,Michelle Bates,Teresa Thornton,875,resource,organization,2024-01-21T12:23:30.938945,2025-01-08T05:22:45.484792
36045,anything,Shannon Mccullough,Karen Martinez,2913,enjoy,book,2024-10-28T08:53:16.410318,2024-02-28T11:59:54.675931
73136,federal,Christopher Michael,Kelly Acevedo,236,first,generation,2024-02-08T20:34:30.404155,2024-04-18T10:22:50.391955
95573,include,Tammy Hood,Patty Jones,1538,land,view,2024-04-03T02:00:15.874609,2024-09-24T20:44:48.813168
63280,where,Gary Barnett,Andrew Clark,2280,family,city,2024-01-30T19:20:35.212134,2024-12-11T16:23:39.310894
80522,fine,Bradley Vega,Eric Cook,1144,analysis,future,2023-08-09T21:44:50.564589,2024-05-17T03:45:48.518381
94115,public,Nancy Mills,Duane Stevenson,1473,information,admit,2025-01-25T14:55:03.280322,2024-09-09T07:19:41.211994
3017,section,Heather Morris,Patrick Hill,2950,her,late,2023-02-27T16:59:47.417322,2024-05-09T05:19:34.383771
35510,your,Stephanie Villegas,Nancy Cooper,286,dark,avoid,2023-06-06T09:33:59.173630,2024-04-03T10:25:11.103566
7614,dinner,Elizabeth Davis,Samuel Meza,705,recent,audience,2023-12-21T23:49:33.564862,2024-12-07T17:13:12.377006
94936,let,Michael Cabrera,Amy Taylor,1664,article,fire,2024-04-21T21:23:15.424257,2024-12-02T13:57:12.349877
60771,most,Monica Davidson,Lauren Wilson,710,live,election,2023-09-23T17:35:11.961010,2025-01-21T13:54:59.018050
10972,father,Alexander Perez,Marc Perez,1484,market,door,2023-09-27T22:00:33.484711,2024-02-28T15:29:51.681366
70341,technology,Lori Fischer,Jane Baker,1312,meet,story,2024-04-27T15:09:10.545779,2024-04-25T21:50:32.876508
16590,administration,David Schwartz,Christina Rivas,1964,live,page,2023-04-25T14:12:27.453349,2024-03-15T14:26:00.310004
56519,speech,Evan Lowe,Brandon Ford,930,party,heavy,2024-08-03T02:29:28.807964,2025-01-18T16:56:59.898268
20646,adult,Kimberly Holmes,Julie Wright,572,investment,themselves,2024-10-08T18:29:55.425221,2024-04-30T03:00:30.138219
27647,eye,Christine Richards,Rebecca Sawyer,2886,man,behavior,2023-05-12T13:40:40.354845,2024-06-27T17:58:52.274103
68260,hospital,Casey Howard,Laura Friedman,335,friend,rich,2023-05-11T21:34:11.681695,2025-01-05T04:37:04.749748
17118,box,Adam Roberts,Allen Shields,1424,couple,child,2023-03-27T09:43:06.430782,2024-11-26T03:43:43.271378
31455,statement,Nancy Miles,Nicole Hines,241,one,mean,2024-06-09T17:17:38.417459,2024-02-12T11:15:18.340031
40473,action,Elizabeth Allison,Donald Weaver,1064,major,next,2024-07-23T21:27:20.280593,2025-01-20T17:08:51.271088
46754,seat,Logan Wilkinson,Laura Brewer,1471,art,professor,2023-05-25T04:21:50.454014,2024-04-29T16:36:10.792219
1904,former,Maria Hogan,Krista Weber,1281,short,here,2023-09-02T16:59:26.097464,2024-09-21T19:32:37.051755
58848,program,Joanne Hale,Emily Hill,3029,nation,other,2023-12-03T04:31:41.770044,2024-09-19T17:50:45.981898
28491,the,Cheyenne Little,Denise Villegas,1740,policy,rule,2024-02-28T19:23:14.336403,2024-07-27T04:42:02.516929
68770,because,Jacob Foster,Katherine Arnold,445,couple,eight,2023-02-23T21:35:26.153849,2024-12-26T20:16:11.511364
75703,popular,Stephanie Pugh,Jeremy Rogers,2227,certainly,mean,2024-08-15T21:20:37.785746,2024-07-04T22:31:16.867621
57048,a,Brenda Taylor,Jill Martinez,943,lay,hold,2023-02-18T10:30:53.327641,2024-07-03T20:31:20.491632
92385,reality,Jill Gay,James Wilson,843,court,year,2023-10-11T07:07:25.646256,2024-04-13T08:14:05.084054
22038,wrong,Wyatt Nelson,Maureen Rodriguez,3505,they,follow,2023-07-20T09:53:35.493192,2024-07-18T05:41:09.229280
15274,plant,Anthony Frazier,Gregory Sanchez,1477,physical,born,2024-12-12T23:05:12.616785,2024-04-23T02:48:35.818048
52466,best,Matthew Brandt,Tammy Mckinney,238,almost,government,2024-06-25T16:42:50.035618,2024-04-22T15:11:50.313083
25028,reason,Dr. Randall Lawson MD,Jessica Soto,1531,different,why,2024-06-02T06:46:36.272602,2024-11-18T14:41:57.236761
43210,buy,Jennifer Hamilton,Tara Hunt,3164,fill,thing,2023-11-30T07:46:50.870783,2024-11-02T09:07:10.743937
21690,whole,Chelsea Randolph,Jeffrey Williams DDS,501,why,least,2024-07-05T00:39:01.459792,2024-03-03T15:01:39.494043
19189,expert,Jacqueline Edwards,Taylor Carter,1756,idea,president,2024-08-25T04:27:25.716686,2024-05-14T16:13:02.471991
41017,within,Angela Lopez,Mr. Kevin Smith,2283,box,threat,2023-03-31T03:57:06.110123,2024-10-17T04:20:36.916034
63394,establish,Kayla Santana,Allison Carter,2672,order,agree,2025-01-14T17:50:26.588035,2024-06-09T08:07:14.752843
12848,drive,Jennifer Robinson,Nicholas Ferguson,673,water,yard,2023-11-24T21:57:12.616758,2024-06-25T04:58:10.529858
7892,future,Christie Romero,Juan Martinez,1799,fly,defense,2023-07-05T05:55:50.785295,2024-04-18T05:09:46.262066
66540,away,Jacob Johnson,Joel Miller,1654,like,agreement,2024-02-25T18:31:46.860497,2025-01-18T19:28:49.742376
25161,Democrat,Michelle Johns,Stephanie Wood,840,security,list,2023-02-08T10:28:56.867699,2024-09-10T02:19:28.053787
50010,sister,Dylan Matthews,Laurie Mathis,1166,take,almost,2024-08-04T19:31:23.951539,2024-10-18T20:25:17.737404
79623,generation,Karen Fox,Stephanie Castro,559,although,less,2023-11-03T22:41:31.071883,2024-04-26T10:11:14.001319
22542,son,Sandy Mullen,Terri Porter MD,357,other,decide,2024-10-30T10:52:43.950749,2024-03-01T13:05:20.043561
66418,seat,Dale Williams,Michael Russell,1677,what,difference,2023-12-31T17:11:31.096683,2024-10-27T15:10:50.021063
55004,politics,Michael Burton,Nicholas Evans,1666,determine,enough,2023-04-14T22:02:00.457140,2024-05-24T11:08:12.453750
57270,anyone,Jeremy Day,Sherri Chandler,2818,history,positive,2024-09-25T16:12:20.426991,2024-01-31T19:09:22.070331
93850,half,Matthew Roberts,Wanda Patterson,290,conference,generation,2024-05-28T13:36:50.862216,2024-06-04T23:41:57.338685
62367,north,Amy Smith,April Howe,835,including,ahead,2024-04-25T11:02:10.881253,2024-03-24T10:28:42.707983
72605,left,Aaron Gonzalez,Amy Richards,540,wrong,difference,2023-06-06T05:50:21.488588,2024-10-30T18:31:31.100537
56646,issue,Troy Rogers DDS,Michael Mcmahon,2714,visit,idea,2024-07-06T19:56:08.308641,2024-07-07T06:15:33.393197
38786,economic,Lisa Olson,Danielle Vasquez,3563,responsibility,step,2024-08-22T17:34:21.325718,2024-08-31T14:11:52.265769
1962,never,Carly Ryan,Felicia Smith,521,a,use,2024-11-25T09:58:37.900389,2024-12-15T21:59:46.062010
85603,staff,Marcia Roberts,Brian Allen,2983,song,significant,2024-02-17T20:45:03.526819,2024-09-05T14:50:59.886322
74378,hot,Charles Miller,Tammy Lyons,1005,down,expert,2023-05-31T23:30:34.306149,2024-05-29T23:33:19.777067
24580,people,Haley Wilson,Kathleen Merritt,2263,example,street,2023-08-14T08:21:38.951607,2025-01-13T23:25:15.954701
65252,for,James Garcia,Deborah Spencer,2430,story,discussion,2024-06-21T06:25:31.853702,2024-06-29T13:01:01.052172
79752,peace,Amanda Smith,Shawn Stewart,247,final,occur,2024-02-25T18:17:29.074120,2024-07-08T03:53:35.599695
19719,Republican,Theresa Martinez,Nicholas Cummings,922,let,build,2024-01-05T16:06:02.178041,2024-09-28T14:02:19.998225
78853,second,Walter Chang,Stefanie Thomas,333,ground,hospital,2023-09-05T19:42:35.146231,2024-06-24T21:46:20.153221
10159,pull,Dennis Turner,Samantha Hickman,2736,wonder,perform,2024-04-08T04:13:38.612390,2024-07-28T18:34:37.509124
65281,place,Jason Stewart,Jody Scott,97,really,see,2025-01-10T01:13:49.274021,2024-12-24T15:29:56.880177
21046,himself,Wesley Smith,Ronald Lawrence,1266,popular,maintain,2024-09-04T01:28:51.446151,2024-10-11T11:51:49.895386
20321,agency,Matthew Diaz,Mrs. Kimberly Horton,8,put,short,2024-09-20T10:15:59.839850,2024-12-21T09:29:22.286532
70653,guy,Miranda Turner,Amy Stark,3544,wait,travel,2023-11-23T04:06:01.615652,2024-11-19T02:31:17.761322
14542,you,Larry Barnes,Katherine Contreras,2251,consumer,opportunity,2023-07-21T20:01:39.063136,2024-05-18T20:59:33.413646
81389,kitchen,Jason Burnett,Amanda Green,2439,south,Mr,2023-11-09T11:51:50.813102,2024-11-03T05:18:41.427868
86058,Democrat,Charles Rose,Henry Benson,2657,recently,politics,2023-05-15T10:39:36.086202,2024-07-28T03:52:44.602272
16416,entire,Jacob Romero,John Nunez,1568,hope,impact,2023-07-06T04:31:46.862677,2024-05-24T13:04:55.291866
34220,provide,Kenneth Adams,Mark Barnes,3239,feeling,ask,2024-12-21T06:17:36.722959,2024-03-22T06:50:41.816391
86156,figure,Dr. David Perez,William Mosley,1224,about,what,2023-06-23T20:36:17.463318,2024-12-19T12:06:51.547899
37990,individual,Jamie French,Sarah Chung,687,resource,south,2024-10-16T21:57:56.747909,2024-02-26T09:18:01.097699
85592,sure,Christopher Allen,Mary Wilson,3280,media,wonder,2024-03-27T02:30:18.843291,2024-07-12T11:28:07.348585
56873,them,Ashley Taylor,Thomas Huffman,186,whatever,just,2024-12-30T02:19:40.188131,2024-09-05T22:46:51.157936
12456,stand,Stephanie Vasquez,John Montoya,1768,wonder,local,2024-09-08T00:13:37.707231,2024-05-28T10:38:35.692353
11430,develop,Willie Fitzgerald,Valerie Forbes,3110,sound,movie,2023-09-24T12:05:26.019465,2024-12-09T19:23:40.696275
79474,scientist,Michele Richmond DVM,Whitney Hobbs,2007,newspaper,debate,2024-12-23T18:10:00.927082,2024-11-18T05:56:08.427633
88710,quickly,Deborah Brown,Patricia Graham,3515,tough,itself,2024-01-19T01:21:20.341660,2024-12-17T22:04:10.262969
87831,blue,Carlos Rhodes,Christina Johnson,1118,also,peace,2024-04-21T15:05:26.921922,2024-06-20T08:14:36.742607
31664,interesting,Carol Mcdonald,Kimberly Brown,2767,blue,offer,2024-08-23T17:32:06.288388,2024-02-22T00:04:47.368767
18070,lose,John Armstrong,Eugene Bennett,699,technology,step,2024-03-23T10:11:50.031796,2024-02-19T02:29:36.773674
55396,situation,Eric Estrada,Abigail Johnson,3591,capital,bank,2023-03-18T23:04:00.328060,2024-02-20T13:24:57.293153
16682,third,Joel Christensen,Brian Moore,1925,organization,human,2023-05-13T16:34:57.497644,2024-11-26T07:40:07.675793
16509,goal,Katelyn Ortiz,Heather Rodriguez,2492,identify,traditional,2024-06-12T10:41:36.556818,2024-04-09T07:47:03.378834
73041,situation,Gary Walker,William Newman,2952,success,require,2023-12-18T17:50:36.966929,2024-08-26T15:52:00.337995
81867,special,David Orr,Paul Johnson MD,1691,little,order,2023-09-01T11:42:41.411180,2025-01-11T11:44:56.632429
9954,hope,John Lee,Teresa Johnson,3387,special,movie,2025-01-13T19:01:59.218048,2024-08-04T20:19:12.070256
13613,thing,April Lopez,Charles Lewis,74,between,officer,2024-09-26T02:02:30.119925,2024-05-03T17:38:21.127275
96778,study,Mr. Justin Smith MD,Curtis Mcdowell,2795,best,control,2023-09-23T12:36:35.830036,2025-01-24T17:29:29.965807
55922,particular,Danielle Ramirez,Dr. David Bowman DDS,1986,stand,collection,2024-02-08T22:53:03.979862,2024-06-26T08:33:35.660825
22655,hair,Breanna Gray,Beverly Oliver,2981,behavior,affect,2023-06-07T04:25:10.668132,2024-11-27T17:09:48.390143
59376,quality,Taylor Lambert,Thomas Berry,1227,though,reflect,2024-01-21T23:09:40.621056,2024-09-06T11:51:20.203052
12585,service,Alexis Adams,Hector Morgan,619,enter,indicate,2024-06-17T06:03:30.430694,2024-08-14T22:07:46.554508
65510,dark,Scott Hall,Jose Kelly,3241,well,can,2024-11-12T07:37:08.040915,2024-12-12T16:23:20.292483
90067,performance,Melvin Bryan,Billy Casey,1692,idea,Congress,2024-07-02T07:26:23.998768,2024-11-18T23:23:31.372507
42166,herself,Tom Carson,Leslie Hoffman,2097,customer,list,2023-11-11T10:29:22.021542,2024-09-26T10:56:46.806401
82627,low,Thomas Sullivan,Theresa Vasquez,2175,toward,material,2024-07-08T04:17:25.205674,2024-04-17T02:41:25.013730
65784,standard,Terry Sellers,Steven Bailey,296,hold,run,2023-04-14T15:05:20.633383,2025-01-27T03:16:41.310794
57782,a,Brett Wilson,Mr. Stephen Garcia,2337,majority,war,2023-09-30T01:07:41.225268,2024-08-31T22:42:08.046617
21765,trial,Jennifer Green,Jeffery Reyes,1337,seven,finish,2024-05-27T18:21:14.157591,2024-11-16T02:37:49.844833
62593,win,Kimberly Hardy,Gregory Williams,94,around,eat,2024-10-08T09:07:32.248219,2024-11-17T10:45:23.600701
82180,better,Sheila Anderson,Daniel Murillo,2015,particularly,forget,2023-06-09T00:45:58.056532,2024-09-01T19:19:32.823165
79974,outside,Blake Mcgee,Mr. Troy Castillo,3171,head,itself,2023-05-19T11:38:04.718448,2024-10-07T21:39:00.450868
72857,information,Jessica Cowan,Maria Gonzalez,2713,give,woman,2024-10-19T11:19:27.372286,2024-04-02T19:37:15.806981
55136,able,Jeremy Levine,Joseph Ortiz,14,kid,ability,2024-10-29T17:09:15.958046,2025-01-28T11:29:47.549700
65583,which,Roy Lucero,Kim Garrett,1772,morning,fast,2024-11-19T21:48:54.963353,2024-07-25T02:56:20.445488
39408,to,Lisa Harris,Danielle Hunt,892,build,argue,2023-07-12T09:15:41.639297,2024-07-06T00:42:13.392715
95931,late,John Jones,Stephanie Gardner,479,Republican,speech,2024-07-12T09:32:11.750625,2024-02-21T14:47:02.138170
16564,respond,Elaine Mason,Robin Anderson,1805,again,short,2023-08-16T20:16:41.461801,2024-12-21T15:00:30.017677
44231,under,Brian Walker,Audrey Davis,1260,to,they,2024-03-30T10:13:23.606748,2024-03-14T10:32:46.574414
50921,strong,John Buckley,Pamela Lucas,1083,beat,act,2023-03-01T14:16:30.453512,2024-11-11T08:35:17.671587
23255,town,Julie Thomas,James Abbott,524,father,unit,2023-04-28T16:47:14.074295,2024-08-13T01:31:20.618736
84765,argue,Nicole Neal,Christopher Mitchell,1545,son,meet,2023-07-26T17:35:59.889345,2024-07-31T14:01:17.108814
31285,career,Joanne Miller,Heather Mayo,1973,list,such,2023-11-01T20:10:48.727898,2024-05-19T05:02:56.668987
88730,heavy,John Hays,Melinda Lopez,531,treatment,response,2024-05-11T14:51:52.077409,2024-12-11T11:49:33.691439
76131,difference,William Roth,Dr. Glenn Morrow Jr.,2522,free,his,2023-07-26T13:47:15.787343,2024-12-25T06:48:58.028990
13519,knowledge,Catherine Cowan,Robert Schneider,1034,miss,again,2023-11-16T23:35:43.246845,2024-05-07T20:27:26.865260
31837,subject,Robin Green,Alison Robertson,839,man,life,2023-11-03T11:17:19.820157,2024-12-16T07:13:52.088842
71775,hot,Victoria Carr,Javier Cole,1705,just,girl,2024-05-03T19:16:37.382507,2024-05-02T11:28:05.778847
43432,hand,Richard Lopez,Christopher Russell,2423,admit,should,2024-07-06T10:24:57.135882,2024-12-12T17:04:03.479676
37569,defense,Sarah Jenkins,Tammy Greene,879,style,security,2024-07-18T07:44:35.072867,2024-02-01T18:01:38.187010
25457,cover,Samantha Sharp,Amy Edwards,3426,guess,interest,2023-05-02T09:03:56.094779,2024-02-20T09:12:10.993470
68858,prepare,Dr. John Munoz,Joseph Valencia,1854,discuss,time,2024-02-28T17:11:26.706669,2024-11-05T19:13:56.445083
4671,capital,Brandon Adams,Jacob Gutierrez,3185,similar,list,2024-06-19T08:07:30.494495,2024-07-01T20:47:51.810760
47820,indicate,Francis Chang,Carrie Ramirez,618,hold,town,2024-06-05T12:28:17.869087,2024-08-15T19:26:17.280494
76734,story,Amanda Gomez,Ryan Day,2960,eye,build,2024-04-23T23:41:23.742637,2024-11-12T06:28:09.802335
13573,difficult,Stephanie Boyd,Roberta Jones,933,man,always,2024-03-29T19:28:55.798647,2025-01-04T09:08:01.358255
15852,nearly,Felicia Weber MD,Rebecca Paul,807,store,feel,2024-12-10T11:08:02.183821,2024-06-17T23:09:29.825400
91393,cause,Cory Patrick,Michael Collins,576,deep,art,2023-02-25T12:45:11.415840,2024-11-13T23:44:30.345012
63159,reflect,Rachel Parker,Angelica Castillo,2735,church,most,2023-09-12T06:23:50.580555,2024-08-16T08:33:07.983467
31966,child,Brian Wade,Gloria Wu,214,clearly,whose,2024-11-09T22:54:21.728614,2024-03-21T18:11:00.112171
68570,role,Haley James,Jason Cox,1092,fight,than,2023-12-10T21:52:01.000858,2024-08-14T06:58:13.808986
10743,suggest,John Johnson,Carlos Miller,1078,when,positive,2023-05-27T11:37:21.286469,2024-06-25T22:51:08.492479
19630,beyond,Marie Lam,Robert Torres,2482,already,little,2024-02-11T08:12:17.795336,2024-03-30T18:14:48.424823
41585,level,Amy Ferguson,Anthony Salinas,1826,above,air,2024-03-03T09:44:51.803101,2024-10-20T09:25:42.154513
2218,throw,Patricia Foster,Traci Smith,1140,also,store,2023-12-22T06:44:09.322646,2024-09-26T01:57:19.505763
1259,inside,Brian Wu,Rhonda Chaney,1158,card,or,2025-01-23T05:42:44.537874,2024-03-19T21:27:33.861256
2404,decide,Lori Combs,William Hogan,2719,firm,one,2024-08-29T10:52:00.958263,2025-01-21T01:39:56.716833
99785,draw,Chloe Murphy,Mr. William Duncan,4,far,dinner,2023-07-12T11:54:14.456044,2024-02-15T08:58:35.358524
25471,me,Dominic Thompson,Keith Benson,3245,method,across,2024-01-23T02:30:42.325934,2024-12-08T19:01:37.327624
81129,issue,Heather Green,Benjamin Hester,3271,its,issue,2024-07-29T15:11:28.621572,2024-07-25T04:07:26.304030
88113,couple,Samuel Richardson,Angela Yu,258,suddenly,care,2023-02-23T17:09:28.466051,2025-01-15T13:26:14.519369
66027,for,Jose Bennett,Dr. Katherine Martinez DDS,1761,wish,start,2025-01-13T14:04:43.382285,2024-08-27T07:53:18.075392
22776,national,Karen Vega,Lisa White,371,situation,bank,2023-03-07T13:58:23.041685,2024-05-07T06:21:24.438474
43807,at,Adam Green,Jean Ayers,1954,keep,market,2024-11-05T23:24:40.764670,2024-02-26T23:44:25.827330
42730,pass,Crystal Bennett,Michelle Houston,3343,need,campaign,2023-06-24T15:57:31.816436,2024-12-21T08:26:29.330240
2238,model,Jeremy Clark,Jillian Oconnor,1903,southern,growth,2023-10-31T12:04:06.763837,2024-10-13T11:07:17.274854
76497,response,Renee Davis,Joseph Parker,3294,fill,marriage,2024-11-20T22:17:37.711995,2024-03-24T20:52:10.259547
39967,reality,James Wright,Harry Simpson,2633,dark,already,2024-02-02T02:54:52.682478,2024-02-13T09:51:13.439624
72456,decide,Gerald Clark,Richard Lopez,246,second,conference,2024-02-08T02:09:42.059250,2024-08-26T03:43:09.946687
40444,official,Rachel Price,Joshua Castillo,205,determine,general,2023-08-06T04:12:25.268656,2024-12-21T19:58:24.521006
75082,physical,Benjamin Reynolds,Ryan Ballard DDS,316,action,activity,2023-10-08T08:09:46.000273,2024-09-21T00:49:32.473011
71106,know,Tanya Cobb,James Smith,280,wife,answer,2024-03-28T07:04:39.127172,2024-08-10T01:57:55.860010
8153,record,Amanda Green,Patricia Frey,2371,people,stay,2024-11-12T03:27:11.363624,2024-05-06T07:58:55.332043
34031,debate,Vanessa Morales,Kimberly Park,2508,until,believe,2024-07-23T01:25:40.066592,2024-02-25T23:46:36.318179
2731,past,Timothy Gonzalez,Michael Davis,1337,find,also,2023-07-04T00:40:52.506309,2024-11-28T16:04:30.622997
33549,answer,Kristin Chen,Monica Wells,1176,especially,yard,2023-11-10T14:01:06.848577,2024-11-30T07:25:44.627832
88146,impact,Cynthia Bass,Brian Wright,300,yes,together,2024-01-13T06:02:48.679165,2024-08-11T08:41:46.090458
32228,me,Darlene Mueller,Nathaniel Kennedy,616,number,radio,2023-03-29T18:43:29.021722,2024-11-19T19:50:59.159059
99354,young,Thomas Watson,William Zamora,3570,say,organization,2023-10-03T07:50:26.004133,2024-08-11T22:40:38.115218
45378,wish,Patricia Johnson,Bridget Black,2447,professor,they,2023-08-11T19:56:26.831243,2024-09-20T01:54:28.187218
15799,research,Joseph Rodgers,Christopher Wallace,1233,artist,magazine,2023-06-11T03:52:11.539599,2024-06-03T15:14:20.276022
36512,half,Janet Robertson,Michael Walls,67,woman,sense,2024-03-25T09:38:01.331854,2024-03-22T17:08:57.638202
17541,owner,Karen Garcia DDS,Stacy Wilson,1479,crime,learn,2023-06-04T05:05:41.897602,2024-11-10T22:12:37.975721
10698,task,Shelly Green,Taylor Johnston,2323,practice,idea,2023-03-11T14:45:25.118104,2024-04-04T07:36:07.154932
42544,require,Sharon Martin,Olivia Combs,2254,receive,write,2024-12-03T09:08:22.698843,2024-05-02T16:37:17.840814
3101,base,Darren Evans,Jo Juarez,1245,service,child,2025-01-29T04:16:40.617344,2024-03-02T09:25:58.290174
85900,expect,Marcus Hunter,Scott Thomas,2368,social,sit,2024-01-02T21:14:12.751895,2024-12-13T06:01:19.916598
36400,important,Valerie Morrow,Patrick Stewart,2011,always,consumer,2023-12-27T02:05:03.785831,2024-12-10T18:40:58.097932
34471,business,Mark Webb,Cynthia Miller,1692,thank,son,2023-02-11T07:40:14.117474,2024-02-16T15:19:52.265954
74952,last,Julie Moreno,Troy Smith,2237,as,able,2024-07-05T19:11:32.294645,2024-11-26T12:09:51.586481
16163,across,David Green,Melissa Turner,3072,store,win,2024-11-25T13:11:01.227098,2024-12-09T08:20:07.788571
19582,quite,Frank Brooks,Lance Poole,1496,business,hair,2023-04-18T17:12:57.543353,2024-03-11T22:53:35.196532
24805,life,Elizabeth Lopez,Dalton Rivers,2582,writer,note,2023-06-04T10:21:36.098228,2024-04-01T23:02:47.119537
37704,eat,Daniel Berger,Darrell Hicks,2718,manager,cultural,2023-11-22T02:08:24.709115,2024-08-09T07:10:19.843566
22886,upon,Todd Meyers,Maria Sanchez,749,year,bed,2023-02-10T13:21:25.536137,2024-11-02T07:57:05.424532
8068,throw,Melissa Townsend,Marisa Williams,2420,loss,father,2023-08-06T02:02:21.342391,2024-09-27T20:28:23.118574
48643,that,Adrian Norris,Terry White,458,listen,thought,2024-06-09T23:17:11.253828,2024-04-11T00:50:18.950204
10890,land,Sarah Rich,Ashley Davis,1685,lay,chance,2024-12-25T08:20:34.851763,2024-05-01T16:02:23.443228
12905,paper,Leroy Lee,Anna Sanchez,444,value,account,2023-08-03T17:45:01.639478,2024-02-27T09:23:20.016828
89748,quite,Brian Dyer,Kimberly Leonard,218,personal,economic,2024-10-22T17:12:10.740315,2024-11-07T06:46:56.743926
93785,take,Mary Navarro,Alexander Wood,3554,result,development,2024-11-07T17:23:42.755393,2024-06-26T17:58:47.494950
28045,quite,Nicholas Lewis,Megan Lee,2999,sea,someone,2024-05-27T00:30:45.050406,2024-06-24T08:54:27.095574
24666,add,Mary Mora,Mike Salazar,1673,actually,growth,2024-05-01T11:06:03.108151,2024-11-13T02:14:47.878009
69297,become,Dustin Jordan,Sharon Perez,1028,nearly,among,2024-02-02T13:53:14.940519,2024-06-30T11:30:15.493306
79386,remember,Cody Duke,Jill Simmons,1165,yard,enjoy,2023-05-26T08:25:52.840243,2024-03-20T03:08:47.104030
74502,sound,Wayne Best,Amanda Norton,2063,last,fly,2023-04-17T10:20:46.035496,2025-01-24T01:58:42.219602
45480,true,Jeremy Foster,Jill Hill,2523,science,black,2025-01-11T17:01:23.479988,2024-04-19T19:48:04.032405
99064,cell,Teresa Mendoza,Anne Knight,3281,certainly,other,2023-02-21T03:36:10.332447,2024-02-12T13:32:57.946793
42792,top,John Lawrence,Wesley Wright,1847,also,program,2023-06-17T17:25:58.479700,2024-03-05T06:49:02.242528
94928,change,Monica Hansen,Joshua Wilkins,1075,say,total,2024-12-19T19:20:31.755367,2024-03-01T02:49:29.762284
63772,deal,Zachary Ware,David Sanchez,2028,everybody,night,2023-09-06T15:06:39.727450,2024-08-31T09:01:19.226860
81033,religious,Zachary Rose,Kathy Hill,1898,follow,fact,2023-04-21T23:16:44.913696,2025-01-07T04:03:56.572550
22483,poor,Mindy Roberts,Anna Taylor,1191,I,month,2023-11-16T19:02:44.746258,2024-08-08T01:14:03.325972
95345,apply,Ann Cruz,Angela Ortega,1066,much,community,2023-03-30T09:40:07.942957,2024-04-04T16:29:02.379843
8989,seem,Matthew Gonzalez,Brittany Dyer,1601,million,environmental,2024-07-20T16:18:47.305900,2024-05-15T23:15:13.953315
41553,also,Monica Anthony,William Hardin,3314,use,prepare,2024-09-08T15:50:49.802078,2024-07-01T10:50:58.279421
27978,phone,Dwayne Green,Malik Gibbs,1556,growth,blue,2024-03-18T21:08:45.418995,2024-08-11T22:06:59.194193
52084,learn,Ernest Jackson,Jenna Pratt,2587,heart,art,2023-07-16T05:42:44.266528,2024-02-20T05:53:59.358392
50187,opportunity,Louis Hughes,Justin Olson,1612,future,human,2024-06-10T04:34:12.624933,2024-11-30T23:35:50.054400
3215,financial,Rebecca Cruz,Brenda Chan,2735,boy,choice,2024-06-29T13:40:13.179757,2024-07-07T12:06:49.241725
88913,between,Nicholas Reid,Paul Rogers,630,couple,policy,2024-05-15T20:05:34.907283,2024-12-21T09:30:20.322366
86206,size,Brian Murphy,Douglas Gomez,989,old,maybe,2023-09-29T23:58:04.356699,2024-08-25T19:23:35.873241
65609,decision,Steven Brewer,Alexander Hernandez,2982,real,serious,2025-01-11T08:14:41.613323,2024-06-04T12:54:48.908902
48338,organization,Aaron Craig,Andrea Arnold,2876,today,rather,2024-12-20T20:04:40.273074,2024-09-20T22:59:14.722283
29187,increase,Kimberly Wilson,Jennifer Mosley,3214,shoulder,win,2024-06-01T11:59:52.944352,2024-08-01T02:02:12.310544
40009,camera,Angelica Mcdonald,Todd Martinez,2025,method,even,2024-08-06T20:31:19.024599,2024-05-06T13:38:32.984210
77605,treat,Angela Lawrence,Manuel Case,714,wait,school,2024-09-10T14:50:24.844146,2024-05-15T13:55:37.356797
20789,that,Brian Owens,Carol Parrish,2946,care,sure,2023-10-22T19:06:35.768312,2024-10-12T11:36:45.258611
29166,learn,Mr. Andrew Williams MD,Frank York,3181,girl,certain,2023-02-13T05:14:05.903027,2024-02-06T05:53:14.117021
47795,certain,Blake Carroll,Erik Brooks,2252,want,how,2023-03-29T17:00:47.816511,2024-11-04T06:56:03.578818
73324,hear,Sean James,Marcus Gibson,2751,season,next,2024-10-05T17:09:29.192780,2024-11-22T07:23:19.859778
86463,project,Eric Stephenson,Andrea Braun,348,city,else,2024-10-14T03:53:48.352327,2024-06-12T09:36:44.967997
83489,coach,Kent Robinson,Garrett Webster,1167,pattern,year,2024-09-07T23:19:24.194773,2024-02-07T08:22:38.316073
70085,stand,Christopher Brown,Micheal Beasley,2772,share,represent,2023-02-25T14:37:41.069645,2024-02-26T18:22:02.041138
16977,argue,Rachel Hayden,Melissa Buck,3256,challenge,prevent,2023-09-12T10:40:44.355276,2024-12-17T21:36:31.113425
71575,animal,Norma Mcneil,Sherri Jones,2801,TV,democratic,2023-02-27T07:09:56.729712,2024-04-23T12:20:45.903252
66287,poor,Jesse Alvarez,Earl Martinez,3212,good,last,2023-05-10T06:24:42.346309,2024-11-28T17:47:33.048282
50429,risk,Michele Nunez,Samuel Velez,861,nearly,common,2024-12-18T12:04:11.360419,2024-08-17T02:50:07.851207
35839,such,Bryan Powell,Jeffrey Cox,2574,cause,despite,2024-03-12T16:53:53.518640,2024-06-11T10:10:22.506913
4793,station,Donna Nguyen,Sean Farrell,3206,many,picture,2024-06-14T09:44:25.790634,2024-07-30T18:39:51.853017
47665,say,Joseph Martinez,Andrew White,1158,news,day,2025-01-07T04:14:14.789629,2024-03-05T23:56:06.549289
66383,worker,Jerry Craig,Robert Zimmerman,791,still,night,2023-06-12T22:18:09.582844,2024-06-13T08:21:42.929993
58732,guy,Ashley Marsh,Melanie Davis,191,off,professor,2023-05-23T17:02:11.046470,2024-06-24T14:56:16.179062
11291,stand,Brittany Bridges,Tim Velasquez,139,understand,her,2023-07-13T19:34:15.270382,2024-02-25T06:47:34.333314
56581,left,Melissa Jones,Carrie Taylor,2311,painting,people,2023-10-14T23:07:16.064223,2024-05-24T13:12:24.047212
30871,yeah,Linda Wells,Anthony Carter,614,type,whose,2024-04-09T02:53:49.284640,2024-09-10T05:22:23.269646
67415,guess,Thomas Fitzpatrick,Paul Wilcox,521,as,song,2023-05-02T12:10:48.262059,2024-05-18T21:06:42.410955
24349,focus,David Simmons,Jesse Noble,904,piece,Democrat,2024-07-27T04:57:40.478950,2024-12-04T06:31:06.439107
89759,anyone,Melissa Arellano,Zoe Cantu,1125,brother,central,2024-01-06T17:30:03.682561,2024-03-22T04:18:07.503949
82927,modern,Angelica Hancock,Glenda Maxwell,1455,who,of,2023-07-07T04:53:16.096858,2024-07-13T13:48:12.415288
39009,eight,Sandra Ross,Maria Tran,356,style,information,2023-08-04T02:27:36.755523,2024-02-17T07:15:59.864763
3798,large,John Schneider,Steven Bowers,1946,leg,difference,2024-12-09T19:43:55.543708,2024-07-17T03:40:15.318199
11420,respond,Michele Johnson,Jacob Wells,972,art,budget,2023-10-23T14:41:27.020404,2024-03-10T00:41:30.360182
93326,yourself,Brianna Gregory,Ryan Wilson,2852,any,maybe,2023-10-04T01:57:33.743405,2024-10-05T04:46:57.890351
5804,piece,Daniel Smith,Jason Bonilla,661,century,whether,2024-05-19T13:48:40.959737,2024-08-05T11:19:58.188037
88958,cold,Stephanie Finley,Raymond Santos,1090,beyond,enough,2024-07-28T20:02:43.498054,2024-07-12T14:50:47.942684
72323,boy,Jacob Weber,Tara Prince,3458,table,now,2023-11-18T17:09:34.282376,2024-12-21T02:13:27.576734
92350,above,Sheila Nguyen,Evelyn Morse,1528,go,catch,2023-11-22T05:12:46.959305,2024-10-10T04:20:45.459340
80265,specific,Caitlin Moreno,Charles Hansen,2718,market,guess,2025-01-09T06:40:29.087766,2024-05-31T06:54:05.944194
62995,law,Megan Raymond,Dylan Johnson,2657,five,high,2023-06-29T23:15:29.237880,2024-12-10T10:20:37.224500
37956,but,Jeffrey Douglas,Kathleen Little,355,past,live,2025-01-07T05:54:09.836296,2024-11-19T20:57:41.276219
64356,several,Kenneth Wright,Amber Nolan,1025,land,though,2024-09-14T19:29:47.315131,2024-12-24T15:46:57.382718
62513,same,Kathryn Gordon,Steve Novak,152,indicate,science,2023-09-30T02:27:03.638606,2024-05-23T08:38:36.405087
39632,very,Jessica Coleman,Jacob Washington,648,member,tree,2024-11-16T11:13:03.085046,2024-06-26T01:50:51.942979
93592,own,Rachel Munoz,Ryan Sanchez,369,move,skin,2024-12-17T05:28:14.711301,2024-08-20T09:01:26.197382
30824,performance,Erica Weaver MD,Ronald Jackson,105,life,focus,2023-12-19T06:06:35.339881,2024-03-27T16:20:55.702602
18250,song,Christopher Lawrence,James Bennett,563,two,green,2024-01-14T06:03:20.209257,2024-05-11T07:06:21.490324
26239,financial,Aaron Robinson,Jeremy Lam,1510,program,bring,2024-06-15T07:23:32.362319,2025-01-14T17:17:46.732465
90013,clearly,Tyrone Edwards,Kelly Jones,1665,arm,project,2025-01-04T02:55:23.579653,2024-07-31T02:38:41.539965
46053,continue,Nicole Carpenter,Stephanie Haley,1026,the,kitchen,2023-07-03T12:48:47.830095,2024-12-19T21:56:04.771508
45064,this,John Reid,Vincent Lamb,3299,laugh,teach,2023-04-14T19:51:59.903528,2024-04-07T03:33:08.426012
55913,body,Dawn Harper,Pamela Miller,323,join,which,2023-06-08T22:43:26.646326,2024-09-02T13:47:33.406815
10264,action,Tyler Garza,Daniel Joseph,1627,matter,suddenly,2023-07-21T09:13:08.453137,2024-10-22T21:48:20.421173
80290,star,Joseph Mendez,Danielle Day,1418,push,capital,2023-04-18T09:09:42.094813,2024-09-30T00:19:00.158623
9895,also,Emily Foster,Michael Mckenzie,2663,age,make,2024-01-11T16:06:08.538251,2024-11-19T05:23:17.436287
30045,rich,Barbara Henson,Emily Nguyen,2986,everything,goal,2024-12-15T02:34:11.950844,2024-11-05T03:57:30.944047
47474,media,Ryan Banks,Juan Lane,3228,stay,purpose,2024-03-19T19:48:18.936357,2024-07-05T05:36:43.813291
58248,effort,Marcus Wagner,Christina Lambert,3514,guess,choose,2024-07-16T22:51:59.528470,2024-06-13T23:13:02.813918
49627,hope,Jimmy Ramirez,Kelly Willis,488,daughter,local,2023-02-01T18:17:16.986034,2024-04-19T15:53:10.378306
92035,first,Michelle Mueller,Stephanie Wilson,2370,direction,when,2023-09-26T04:54:10.178234,2024-06-28T06:33:57.426645
76539,probably,John Hart,Danielle Harris,1784,avoid,notice,2024-07-13T13:57:38.208793,2024-06-08T08:11:14.636908
52826,specific,James Ferguson,Jesus Bryant,3174,sport,newspaper,2024-01-12T07:17:44.718112,2024-07-08T15:58:36.287324
30117,role,James Hill,Kelly Fischer,3349,public,perform,2024-09-25T16:13:55.123971,2024-05-31T12:40:23.782667
35209,money,Marissa Arroyo,Carol Rose,2170,be,today,2024-01-30T11:12:02.149990,2024-10-05T04:18:12.831687
7568,whatever,Ms. Renee Valentine DDS,Michelle Brady,506,professor,friend,2023-12-30T01:59:42.415774,2024-04-27T05:10:49.441498
63078,should,Mary Duarte,Kyle Leon,1677,pull,ball,2023-04-20T20:20:09.243624,2024-07-08T05:04:55.170820
67380,tend,Jacob Clark III,Gregory Moss,2063,why,person,2023-06-29T06:59:47.559309,2024-02-29T23:32:03.663474
8422,along,Rachel Jacobs,Christopher Todd,2418,improve,meet,2024-02-09T00:27:07.050015,2024-07-02T21:46:59.973877
27026,improve,Susan Hester,Derrick Andersen,1507,thing,loss,2024-08-13T21:27:35.926010,2024-09-23T23:45:22.295470
44552,indicate,Courtney Munoz,Heather Moore,3237,dream,tonight,2023-03-04T10:07:51.929100,2024-10-01T10:23:25.572104
91212,actually,Christine Li,Michelle Wilson,2750,whom,computer,2024-02-02T22:52:33.715347,2024-05-07T04:58:03.278543
15930,forward,Ian Patterson,Traci Wu,1255,manage,democratic,2023-08-12T05:56:28.519627,2024-04-26T10:57:03.588427
9600,capital,Andrew Schwartz,Chelsea Wyatt,757,first,raise,2023-09-10T08:41:24.381901,2024-10-29T21:38:50.395100
34768,understand,Patricia Ward,Amanda Williams,582,professional,already,2023-02-08T02:18:37.143093,2025-01-23T07:54:31.077903
221,fine,Jeffery Jones DDS,Cristina Leon,3592,beautiful,magazine,2024-06-27T23:43:44.336218,2024-12-23T01:54:47.806760
14070,give,Sarah Cameron,Shelly Meyer,722,politics,goal,2023-02-06T19:47:53.041381,2024-03-05T02:52:08.485818
67708,human,James Finley,Gabrielle Williams,2628,west,offer,2024-07-28T08:44:44.660238,2024-08-31T17:39:15.032907
51796,full,Angela Goodman,Tristan Scott,495,eight,real,2023-08-21T22:12:05.058563,2024-05-17T21:45:04.148768
21017,record,Brett Richardson,Mr. Andrew Paul,1022,finish,build,2024-08-04T17:11:56.022488,2024-10-22T22:56:46.441742
9169,sport,Richard Cochran,Sara Moore,1065,hear,top,2023-03-25T02:41:39.850796,2024-03-20T18:29:53.494890
16113,either,Lori Evans,James Mitchell,903,wish,enjoy,2024-08-02T09:46:17.544157,2024-06-04T18:53:57.240140
72870,prove,Kelsey Sharp,Erin Hall,1199,practice,find,2023-02-10T05:18:51.690925,2025-01-29T10:44:28.324741
86006,Mrs,Jeffrey Thomas,Amanda Mccoy,324,cold,do,2024-06-05T23:02:27.361764,2025-01-06T03:46:40.624399
84332,hotel,Ricardo Long,Tracy Schneider,820,growth,sell,2024-02-11T06:38:00.215972,2024-06-08T04:18:18.929670
75849,feeling,Rachel Leach,Steven Hancock,3427,water,respond,2023-04-12T23:44:00.426358,2024-04-14T09:56:33.045594
15899,even,Gloria Kelly,Julie Brown,1254,model,me,2023-02-06T12:06:29.087729,2024-12-14T13:01:24.395821
1216,everything,Kimberly Mckinney,Gary Turner,2048,together,international,2023-05-26T09:15:10.051842,2024-07-17T06:37:10.258522
12059,religious,Maureen Spence,Erin Wilson,1959,treatment,according,2024-10-08T04:40:45.070467,2024-07-06T15:21:21.191227
60824,onto,Mary Hernandez,Matthew Frank,1173,two,film,2023-02-17T00:52:21.874035,2025-01-08T12:01:20.278925
85788,ok,Kristen Rivera,Christina Flores,3497,despite,protect,2023-04-08T03:52:19.784215,2024-08-14T22:03:14.518810
8243,into,Cynthia Doyle,Sarah Wood,7,main,hotel,2023-02-14T08:06:33.925516,2024-09-06T09:23:42.376022
23149,when,Cindy Flynn,Benjamin Pittman,1797,single,new,2024-03-23T02:23:47.128166,2024-06-04T05:17:20.682139
21457,free,Andrew Mendez,Patricia Mitchell,747,international,true,2023-02-28T14:22:34.457828,2024-06-23T16:11:25.959016
13937,director,George Mcdaniel,Christopher Holloway,3420,century,kind,2023-08-21T23:29:55.177554,2024-05-28T01:55:38.936122
43186,cover,John Morrison,Karina Cook,47,body,outside,2024-05-25T09:28:31.939966,2024-02-17T04:43:34.494066
40990,structure,Stephen Wilson,Heather Anderson,1403,clear,beautiful,2023-08-06T15:29:04.587141,2024-06-19T05:00:30.728517
11093,one,Tony Reed,Jeffery Hickman,2691,draw,hold,2023-03-02T15:11:48.813854,2024-04-11T23:58:43.246211
56083,return,Terry Moran,Patricia Singh,1476,about,population,2023-10-01T03:42:19.146925,2024-11-09T00:13:27.550160
80126,until,Christopher Robinson,Melvin Jackson,928,approach,decade,2024-04-21T12:23:20.387194,2024-03-21T13:34:02.139864
12479,tonight,Tanya Potts,Alan Mahoney,1568,growth,before,2023-02-18T19:38:44.522868,2024-12-12T08:52:47.689752
61856,my,Alyssa Wright,Kaitlyn Thomas,2430,low,account,2024-12-13T10:15:33.861500,2024-02-04T23:22:47.158815
1041,rather,Marcus Tucker,Stacy Schultz,952,cup,newspaper,2024-03-15T08:04:09.464395,2025-01-10T06:31:30.211190
71123,response,Mary Adkins,Wayne Dyer,93,relate,little,2023-06-16T21:15:51.803683,2024-04-03T06:59:11.382369
17548,knowledge,Audrey Allen,Jean Lin,1192,attack,magazine,2024-08-11T04:39:56.851586,2024-09-10T14:37:20.931836
72607,voice,Whitney Berry,Emily Lane,1869,own,Congress,2024-01-13T09:40:26.423368,2024-11-12T21:49:14.328842
51968,them,Ryan Bailey,Bethany Brown,1416,number,commercial,2024-04-14T21:27:25.506269,2024-10-26T23:17:22.976556
3926,small,Mary Bailey,Thomas Campbell,2954,family,value,2023-04-05T18:51:43.171353,2025-01-10T21:13:56.815154
90386,fear,Brittany Page,Alexander Kennedy,3222,born,case,2023-06-01T12:32:27.296966,2024-11-17T05:09:26.722295
13318,door,Scott Romero,Daniel Hill,2498,spring,sometimes,2024-06-29T02:40:01.784911,2024-11-29T02:25:50.576922
46463,memory,Jeffrey Gomez,Thomas Mendoza,1514,yes,according,2025-01-06T19:16:07.322829,2024-05-24T17:16:22.557589
40534,discussion,Andrew Williams,Cheryl Lucas,1460,all,south,2023-09-14T16:40:11.512864,2024-07-02T17:37:28.641839
24817,career,Kenneth Benjamin,Renee Simmons,732,necessary,owner,2023-06-13T13:06:08.610053,2024-03-27T05:12:35.897577
43130,suggest,Mr. Bobby Bryant,Amy Bates,26,with,call,2024-07-14T02:13:51.323157,2024-02-13T20:48:30.337774
91526,generation,Nicole Ruiz,Karen Stephens,1468,up,question,2024-10-08T00:05:20.896417,2024-02-13T10:30:42.803427
21004,think,Heather Harrison,Paul Rollins,535,peace,late,2025-01-01T23:37:49.513368,2024-07-24T20:14:52.543725
53400,data,Diana Lee,Brian Doyle,3453,respond,song,2024-05-25T03:33:31.944004,2024-03-05T20:13:36.073575
29098,grow,Kristina Armstrong,Angela Smith,3508,year,once,2024-03-05T08:00:20.579719,2024-11-23T11:30:33.241285
5496,task,Antonio Conway,Susan Banks,2607,sister,model,2024-03-19T12:14:31.448620,2024-06-06T02:56:13.505501
4251,century,Sergio Washington,Michael Taylor,3473,later,century,2023-02-06T10:49:17.886216,2024-12-26T16:57:23.148980
12575,financial,Kelly Craig,Amy Pope,754,community,trade,2024-03-16T18:35:42.428186,2024-04-29T06:23:59.707566
41298,big,Cynthia Moore,Dylan Bender,868,attention,father,2023-05-18T18:34:01.455427,2024-09-12T16:27:34.916703
37620,state,Matthew Vargas III,Jaclyn Chapman,1035,contain,not,2024-01-28T00:40:26.786674,2024-03-30T18:01:58.310426
65146,southern,Travis Osborne,Andrew Chan,1328,network,involve,2023-08-16T03:23:07.351796,2024-05-07T12:44:33.009989
30858,also,Stephen Blake,Lindsey Powers,3217,strong,sound,2023-08-23T11:23:29.271350,2024-03-14T11:28:52.805356
60465,level,Melinda Simmons,David Gates,669,foot,bag,2023-11-10T06:22:22.786206,2024-04-17T05:25:23.918437
82749,management,Clarence Williams,Douglas Hester,608,somebody,every,2024-04-30T16:38:01.685375,2024-11-07T02:34:05.407024
77549,rate,Amanda Richardson,Seth Martin,1859,final,hand,2023-10-02T19:17:20.508591,2024-02-12T18:56:29.679959
29563,good,John Burnett,Robin Rodgers,265,may,training,2024-11-25T00:09:11.982026,2024-04-02T02:27:49.033118
30254,research,Teresa Calhoun,Susan Ibarra,2792,support,story,2023-10-28T01:28:20.825068,2024-03-06T16:22:50.548355
66575,we,Mrs. Crystal Newton,Amanda Figueroa,2185,report,market,2024-07-28T01:03:59.567480,2024-11-01T03:40:34.310159
51587,standard,Veronica Holt,Holly Hurley,1488,consider,economy,2023-04-16T22:55:25.360189,2024-08-22T16:51:36.071027
54641,different,Brian Hunter,Taylor Carpenter MD,3337,decide,however,2023-06-23T15:48:14.348008,2024-02-15T07:30:09.360125
83013,know,Curtis Powell,Zachary Murphy,2946,alone,culture,2023-05-15T03:30:35.777441,2024-03-28T12:54:05.579335
73379,value,April Grant,Olivia Romero,1777,difficult,attorney,2023-04-26T08:22:00.282407,2024-03-22T09:06:45.999427
5207,sit,Christopher Herrera,David Carter,1727,choose,myself,2023-09-12T04:24:33.334500,2024-05-27T05:13:30.568848
4008,thousand,Darin Thompson,Ruth Lynch,919,treat,little,2024-06-27T05:20:25.991528,2025-01-26T08:46:42.481924
46497,couple,John Perry,Robert Smith,429,choose,section,2023-07-30T12:34:51.163237,2024-12-05T04:12:30.392332
3796,local,Anna Wilkerson,Sarah Wagner,824,create,case,2024-03-16T09:11:33.010137,2024-09-22T14:26:26.983509
66564,society,Colton Harris,Daniel Fisher,1654,radio,education,2024-03-31T08:04:51.092252,2025-01-13T15:46:09.807452
96155,walk,Jessica Thomas,Jeremy Williamson,36,performance,really,2023-12-06T21:00:54.535810,2024-08-17T03:31:42.761853
76210,do,Tracey Krause,Patricia Smith,77,prepare,something,2024-04-02T13:15:53.124243,2024-11-29T12:29:15.690250
92003,happy,Renee Lopez,Dr. James Padilla,9,movie,brother,2023-07-26T05:20:39.312419,2024-12-13T06:14:54.642261
28990,full,Steven Richard,Thomas Kirk,975,fall,move,2024-06-19T13:36:35.569000,2024-12-06T07:08:57.618668
74277,walk,Gregory Johnson,David Dickerson,2821,similar,man,2024-08-10T22:37:28.870769,2024-05-31T20:22:46.080013
74883,area,Andrew Banks,Lauren Carlson,1993,activity,send,2023-02-22T22:39:40.397471,2024-04-29T13:40:14.352306
64486,future,Grace Ryan,Wanda Orozco,232,shake,compare,2024-05-03T06:59:52.864597,2024-11-19T01:04:57.147078
6065,worry,Laurie Smith,Brandon Pratt,149,close,floor,2024-12-28T01:29:01.077174,2024-12-08T21:40:33.617541
28620,price,Katherine Sanchez,Michelle Melendez,726,use,way,2024-09-28T19:07:14.891533,2024-11-22T13:40:19.647545
95056,physical,Erika Martin,Alison Ortega MD,3335,speak,trade,2024-06-16T04:03:11.598829,2024-02-16T16:28:47.108349
91977,past,Daniel Wallace,Michael Shepard,389,tree,man,2024-06-12T11:28:23.859312,2024-04-07T22:28:57.504638
35909,reach,Christopher Smith,Barbara Obrien,3138,staff,individual,2023-07-16T13:37:45.887027,2024-09-23T13:31:10.023619
8470,really,Kenneth York,Michele Kelly,1779,cause,friend,2024-01-27T22:26:57.992549,2024-03-03T22:34:45.419322
18312,including,Robert Stephens,Andrew Martin,1602,computer,protect,2023-06-18T04:35:47.777709,2024-05-13T16:44:26.963600
66481,successful,Nicole Jacobs,Mike Mcintyre,1639,tonight,executive,2023-07-27T17:53:02.086921,2024-07-18T14:47:23.930008
89664,follow,Lonnie Hall,Anna Gonzales,3284,yet,course,2023-04-07T23:44:01.634400,2024-07-24T14:43:27.657711
7995,pass,Teresa Miranda,Todd Guerra,2726,carry,choose,2023-09-02T00:58:42.076334,2024-12-20T02:38:32.373141
70554,collection,David Martin,Emily Moran,2544,herself,have,2024-07-22T23:01:20.924153,2024-08-17T19:38:55.941614
68348,about,Paula Griffin,April Sanchez,2072,early,meeting,2024-12-01T20:42:34.056751,2024-03-30T08:45:52.136622
32403,gun,Daniel Kim,Lauren Savage,496,condition,similar,2024-11-06T12:31:59.753543,2024-10-24T20:02:06.958660
32431,table,Emily Jenkins,Raymond Fox,3589,hotel,woman,2024-10-18T22:53:28.158524,2024-09-03T08:54:23.136877
31436,toward,Eric Ellis,Haley Welch,2741,result,very,2025-01-02T22:31:30.741262,2024-04-30T14:36:54.888154
39065,sell,Brianna Miller,Michael Sanchez,1613,executive,reach,2024-04-21T00:15:22.628001,2024-10-08T18:03:07.221804
42234,picture,Patricia Parks,Aaron Adams,3469,teacher,performance,2025-01-18T23:24:57.618818,2024-11-04T04:24:53.765268
88950,manager,Regina Price,Heather Solis,2846,true,big,2024-07-21T19:28:22.834616,2024-10-08T01:31:34.723707
29907,turn,Roberto Morales,Caroline Baker,3216,can,gun,2024-01-29T04:58:17.678157,2024-05-29T04:14:33.751995
88742,despite,Anne Butler,Morgan Terry,1173,site,reason,2024-06-10T18:12:14.168699,2024-11-29T12:10:26.108813
39432,attention,Jason Hanson,Connie Powell,572,war,customer,2023-11-04T12:29:14.894180,2024-10-31T17:41:54.101999
67134,agreement,Michael Williams,Ashley Dixon,2346,age,mother,2024-12-03T02:16:37.738637,2024-07-10T04:55:19.296258
24042,pattern,Peter Jackson,Martha Drake,2629,occur,chance,2024-09-16T07:16:57.217567,2024-10-05T00:50:17.286087
95716,send,Amanda Thomas,Mrs. Nicole Jacobson MD,2492,trouble,wrong,2023-08-29T14:33:00.493736,2024-09-27T17:42:48.298952
49098,space,Angela Berg,Sherry Murphy,1486,tend,in,2024-05-01T15:46:04.117287,2024-03-13T05:06:58.146262
9632,responsibility,Joshua Hubbard,Joseph Vasquez,1400,fall,two,2023-11-08T11:18:59.798082,2024-05-16T21:44:11.420815
87477,dark,Scott Herman,Samantha Burns,3188,create,you,2024-03-29T07:57:26.329730,2024-09-16T13:52:25.325011
72733,trial,Joanne Moon,Derek Cameron,2687,drop,ago,2024-02-20T11:02:19.203411,2024-03-12T16:36:14.723779
21063,live,Kylie Torres,Hannah Garcia,1065,live,create,2024-12-01T00:11:30.168825,2025-01-26T12:34:08.177406
74055,soon,Timothy Odom,Robert Underwood,2992,current,pay,2023-06-05T14:03:22.322065,2024-02-23T16:47:06.442283
10314,group,Robin Rasmussen,Susan Davis,1500,more,media,2025-01-08T19:25:39.519692,2024-09-23T13:10:25.760305
96018,performance,Susan Taylor,Jack Pena,3543,news,get,2024-06-11T22:13:25.499002,2024-07-08T01:07:30.025082
22022,foot,Michael Horton,Gary Park,2653,including,soon,2023-12-01T14:23:32.147641,2024-06-19T23:42:33.373031
27300,former,Jennifer Williams,Jeffery Martin,2478,anyone,black,2023-11-26T23:10:04.064106,2024-06-02T22:12:24.903944
33249,support,Sean Vance,Rebecca Green,491,water,history,2024-03-29T10:53:48.356364,2024-05-13T19:51:29.673269
61179,conference,Tyler Le,Jeffrey Watson,2607,in,middle,2024-09-11T05:38:11.264666,2024-10-12T21:29:03.807426
4940,house,Joshua Montgomery,Sara Miller,299,trip,community,2024-11-18T00:41:02.391168,2025-01-20T18:48:16.134275
86384,avoid,Deborah Clark,Tony Walker,2004,high,present,2024-08-02T03:02:00.768562,2024-04-19T00:35:11.971413
88228,seem,Desiree Patel,Joshua Murray,695,type,close,2024-07-12T21:12:43.138849,2024-05-01T15:24:04.096075
2797,senior,Valerie Walsh,Chloe Buchanan,2986,lot,near,2024-02-21T23:19:41.773855,2024-03-01T09:57:11.864995
48226,nature,Adam Thomas,Amanda Vaughn,986,apply,Democrat,2023-06-23T13:48:27.387072,2024-02-16T10:44:15.012400
26535,each,Andrea Trujillo,Danielle Simmons,2897,job,rock,2023-05-11T13:22:34.491529,2024-08-02T01:35:56.792722
90099,any,Paige Hanson,Jeremy Willis,1198,add,back,2024-08-03T23:09:44.813058,2024-02-10T16:09:26.710303
68300,life,Sara Bush,Philip Gray,3206,move,wind,2024-09-19T03:57:04.967777,2024-08-21T18:41:33.921785
89260,course,Elizabeth Nguyen,Joshua Miller,903,coach,process,2023-11-25T03:27:37.537823,2024-09-09T21:35:50.462452
56141,central,Richard Benjamin,Randy Rose,3448,your,move,2025-01-09T08:33:16.184644,2024-10-14T17:39:56.252134
83459,billion,Lindsay Burns,John Serrano,1842,single,magazine,2023-02-03T09:01:00.805840,2024-08-08T21:36:55.258713
58706,seat,Noah Murphy,Christopher Shelton,1663,loss,truth,2023-07-21T10:39:32.819092,2024-08-04T19:57:39.014379
97159,change,Paul Miller,Samantha Nguyen,302,medical,our,2024-11-26T15:13:38.312166,2024-06-05T10:16:01.029466
38765,test,Catherine Holt,Alexander Arnold,265,begin,include,2023-05-21T21:56:05.417372,2024-09-03T23:17:41.998574
60846,sport,Pamela Romero,Thomas Elliott,146,as,save,2024-03-21T18:25:35.769431,2024-09-08T04:49:13.901879
96013,reflect,Michael Herring,Brian Nguyen,824,similar,message,2024-03-09T05:11:59.100724,2024-11-04T13:51:45.406163
72808,at,Wendy Lee,Mary Lopez,81,they,but,2023-12-07T23:50:39.336358,2024-08-05T17:36:17.107647
85141,same,Kyle Campbell,Joel Herman,1387,my,affect,2024-07-25T05:03:08.798296,2024-09-10T00:28:01.568584
1466,leader,Laura Green,Richard Dixon,499,through,money,2023-02-12T05:46:19.387548,2025-01-16T17:41:54.446287
26228,finally,Cynthia Lopez,Laura Moyer,1668,son,century,2023-03-06T17:04:26.132699,2024-12-25T14:51:24.730221
4300,scientist,Lisa Lee,Jeffrey Morales,1148,office,model,2024-03-09T09:01:24.673366,2024-11-01T10:19:43.179361
2092,western,Jasmine Livingston,Mrs. Denise Valdez,3302,enter,lawyer,2023-10-04T03:44:13.348034,2024-07-18T05:11:34.617201
8124,air,Debra Huang,Randy Curtis,3567,bed,party,2023-08-04T03:41:36.484856,2024-10-07T02:52:04.419330
83780,conference,Sheila Chavez,Jasmine Ramirez,3363,father,tonight,2023-06-06T10:12:44.478043,2024-08-11T19:34:40.534746
80059,beyond,Virginia Brown,Barry Mejia,1323,green,budget,2024-01-11T20:01:17.779890,2024-11-29T23:30:25.569457
64229,event,Monica Williams,Phyllis Hayden,363,past,study,2024-11-26T16:37:49.290990,2024-07-01T08:35:11.652691
96395,general,Laura Simon,Suzanne Atkins,2516,stop,several,2023-04-22T20:05:14.544091,2024-07-20T05:52:48.392386
75812,individual,James Gonzales,Erik Harvey,674,crime,letter,2024-03-20T10:16:40.477817,2024-04-14T14:58:20.983238
53733,never,Ann Stewart,Joseph Duarte,559,because,side,2023-12-04T08:48:11.491539,2024-05-28T21:11:33.421298
36313,choose,Scott Harrison,Nicholas Smith,444,position,necessary,2024-08-25T02:25:18.231704,2024-05-08T07:15:51.487617
20219,look,Brian Franklin,Christina Friedman,664,somebody,despite,2023-04-15T21:47:22.380381,2024-06-09T21:59:31.283259
40055,ground,Bruce Grant,David Jones,846,four,spring,2023-06-08T14:08:23.279529,2024-08-11T01:51:13.999060
98650,guess,Brian Dixon,Laura Sanchez,1335,over,key,2023-06-13T15:48:16.139920,2024-12-21T16:00:47.435521
18514,ground,Amanda Davis,Christina Mccoy,2364,their,discussion,2024-04-04T03:14:07.072409,2024-07-28T02:09:16.754652
36027,left,Tammy Medina,Alicia Richardson,1933,leader,poor,2024-03-19T14:02:29.863067,2024-08-19T14:54:03.893467
50110,race,Jessica Norman PhD,Melinda Schwartz,1837,nice,nothing,2024-09-20T22:45:32.136678,2024-11-29T02:04:20.399397
45171,feeling,Nicole Hines,Kirsten Richardson,2323,style,research,2025-01-20T08:24:16.273312,2024-05-09T17:36:59.803699
89107,fill,Dylan Brown,Christopher Pitts,2847,approach,rich,2024-07-20T10:14:41.251083,2024-07-01T09:46:00.277868
28667,same,Judith Leonard,Erin Shaw,518,fire,guess,2024-08-31T02:07:57.949275,2024-11-12T20:06:59.366261
9241,first,George Lewis,Michael Baldwin,2751,door,decision,2024-09-06T11:50:48.704179,2024-03-16T18:07:25.213319
2986,foreign,Joseph Hall,Bruce Gibson,1533,film,low,2023-02-17T00:36:42.269735,2024-11-09T10:48:38.858830
47687,must,Lisa Adkins,Timothy Ortiz,2394,want,behind,2023-05-06T17:03:33.376392,2024-12-14T14:41:54.973456
99523,time,James Murray,Jacqueline Carter,2124,serve,effect,2023-07-17T01:30:32.060990,2024-05-28T07:42:52.312356
74987,writer,Nathan Hughes,David Beck,2940,gas,safe,2024-02-01T02:25:15.741683,2024-10-16T23:17:40.752305
23385,month,Jessica Walton,Stephanie Rowe,107,firm,party,2024-01-22T06:50:02.424985,2024-03-26T17:57:33.429414
50304,friend,Lisa Lopez,Amanda Kirby,1218,organization,plant,2025-01-01T21:07:09.439407,2024-06-22T02:47:19.197693
81905,their,Brittany Walker,Charles Luna,1940,sit,end,2024-10-02T14:10:37.614316,2024-12-12T03:57:14.764445
52646,both,Adriana Hoffman,Ronald Morris,2879,start,institution,2023-03-06T22:09:11.521064,2024-05-25T18:35:28.151205
3575,officer,Brandon Hayden,Daniel Rivera,3065,what,red,2024-04-02T16:43:20.086095,2024-05-09T08:26:51.484312
21928,where,Phillip Gray,Martha Smith,2447,after,west,2024-05-25T22:59:34.240180,2024-11-05T08:31:39.483164
42865,government,Jessica Mcbride,Gregory Ross,1427,up,travel,2024-08-26T20:01:07.671586,2024-06-06T14:33:16.464457
31619,serve,Eric Burgess,Cameron Villegas,753,civil,house,2023-03-10T12:00:55.189496,2024-07-16T11:07:32.626308
56297,thing,Donald Burns,Deanna Smith,314,do,player,2024-06-16T09:23:55.536481,2024-05-22T05:38:26.711584
59789,eye,Dr. Eric Le,Elizabeth Burns,497,wind,kid,2024-12-14T02:23:05.217637,2024-02-04T17:45:38.452742
8197,ever,Tracey Arias,Elizabeth Gonzalez,2534,oil,foot,2024-01-26T13:58:11.645863,2024-03-17T16:10:02.916803
2105,environmental,Mary Moore,Laura Jenkins,730,true,case,2023-12-12T00:38:27.771858,2024-12-13T01:36:05.804087
31760,draw,Richard Cunningham,Timothy Martin V,2869,party,another,2024-04-26T20:36:57.243991,2024-07-19T08:42:32.039185
11405,full,Kenneth Rose,Debbie Dyer,2607,sense,floor,2025-01-05T17:14:58.571189,2024-09-22T19:59:12.122831
41072,thousand,Misty Cooper,Frank Dominguez,2935,store,available,2023-12-05T11:12:40.931546,2024-10-27T00:18:20.018384
46418,morning,Hannah Klein,Paul Rodriguez,2938,course,class,2023-12-26T19:49:16.190130,2024-12-03T21:14:27.049605
3352,answer,Angela Simmons,Chelsea Brewer,1986,history,newspaper,2024-01-08T02:10:25.428760,2024-12-30T10:29:58.935935
52477,hand,James Mcdonald,Brian Perry,1253,body,travel,2023-06-03T06:49:18.171662,2024-07-18T13:58:24.315234
51099,cover,Andrew Carroll DDS,Joshua Young,2593,away,back,2023-07-04T11:17:29.839765,2024-03-19T19:32:23.340176
87747,father,Crystal Leblanc,Christopher Burnett,1168,her,bank,2023-04-27T00:17:23.270099,2024-03-02T07:57:10.946290
59152,film,Ashley Marshall,Hannah Hernandez,640,strong,however,2023-04-07T04:09:57.137805,2025-01-24T08:41:29.716611
48118,for,Shaun Wang,Stephanie Herrera,2649,scene,security,2024-04-15T16:34:49.167543,2024-02-15T01:26:34.614725
1584,discussion,John Miller,Ernest Casey,1502,lot,voice,2023-06-20T22:12:45.421638,2024-11-16T14:38:22.702810
59197,toward,Sandra Roberts,Justin White,2152,always,international,2023-06-02T09:19:07.968043,2024-10-08T17:43:11.402176
91847,senior,Billy Brown,Billy Smith,1261,range,near,2024-11-06T10:59:24.877144,2024-06-21T11:23:57.362180
97244,everything,Patricia Johnson,Kiara Walker,116,inside,suggest,2024-01-13T07:08:23.297692,2024-03-24T20:25:05.228864
22841,six,Allison Cox,Larry Ward,720,raise,practice,2023-02-04T23:03:50.223077,2024-02-23T15:14:11.573140
4089,finish,Reginald Edwards,Lisa Webb,2958,deep,kitchen,2023-09-27T04:05:53.790483,2024-12-13T16:19:47.201675
9990,live,Rebekah Johnson,Gilbert Cook,3065,create,role,2024-11-07T19:45:28.442624,2025-01-22T03:32:24.746418
62186,reach,Melissa Combs,Mr. Austin Ford,718,worry,explain,2024-08-20T17:42:24.135023,2024-08-26T04:07:39.025946
38694,style,Rebecca Willis,Stephanie Walker,661,ask,beat,2023-10-03T07:57:58.578632,2024-12-08T18:15:41.714572
4765,size,Benjamin David,Melanie Hill,1082,agency,however,2024-12-07T05:45:09.678665,2024-12-23T14:07:50.341254
16255,good,Erika Nolan,Carol Ball,3340,final,half,2024-06-18T09:20:32.763616,2024-08-23T18:35:08.628940
38984,rest,Brad Ross,Abigail Riley,2392,perhaps,bank,2024-11-11T13:16:53.921016,2024-10-11T09:03:41.986224
86067,weight,Megan Smith,Sarah Holmes,2919,investment,green,2024-12-03T04:07:08.299325,2024-05-16T00:29:28.200634
12344,president,Donna Miles,Logan Orr,1704,forward,concern,2024-08-01T00:42:05.005092,2024-08-18T00:21:27.639162
32831,response,Patricia Lamb DDS,Margaret Leonard,628,knowledge,quickly,2023-10-21T19:45:47.438867,2024-07-18T13:16:10.737194
73880,mouth,Melissa Price,Andrew Vaughan,1362,truth,tough,2024-12-14T23:55:53.773297,2024-11-28T02:08:52.081407
97145,student,David Curtis,Ashley Edwards,1200,hotel,street,2024-09-12T12:30:38.238173,2025-01-16T06:46:11.096233
31356,study,Kenneth Hernandez,Kevin Glenn,362,system,smile,2023-12-13T23:15:30.310992,2024-04-14T14:54:41.644366
78676,a,Kevin Osborne,Jose Thompson,323,really,perform,2023-02-03T03:09:31.508027,2024-05-15T10:41:45.463222
8381,pull,Ryan Mcdonald,Jeffrey Alexander,2900,water,provide,2023-09-29T07:39:43.843505,2024-10-18T01:25:49.681790
41488,president,Kathleen Olson,Sara Abbott,190,cold,citizen,2023-07-10T21:09:20.143456,2024-07-28T03:09:02.973643
10277,style,David Anderson,Christian Garza,692,population,draw,2024-05-22T23:33:18.458297,2024-02-03T03:16:14.534230
91115,situation,Kathy Robbins,Alexis Walsh,2652,none,religious,2023-09-15T02:39:04.373187,2024-08-10T03:06:24.585873
15365,gas,Paul Greene,Justin Douglas,1981,despite,development,2023-08-14T10:09:20.503966,2024-02-06T15:08:50.599326
5971,well,Melissa Rivers,Laura Hester,2568,because,yet,2023-11-11T22:54:12.252962,2024-12-22T16:09:58.706345
94346,chair,Nancy Lopez,Christina Higgins,2838,get,fund,2024-12-08T02:08:57.025020,2024-10-28T16:48:07.300458
47350,far,Ashley Baker,Richard Walker,1970,south,though,2024-03-20T06:40:29.162642,2024-04-07T20:17:35.230336
91027,Republican,Kimberly Burgess,Angela Phelps,3271,offer,choose,2023-06-15T16:03:47.812042,2024-06-07T20:16:06.001978
4576,pay,Isaac Flores,John Griffin,1050,he,which,2023-02-26T21:51:06.398042,2024-12-20T21:53:33.134157
623,reach,Kayla Jones,Richard Allen,1498,way,wall,2023-06-22T09:23:26.928538,2024-11-22T22:37:31.797470
56413,oil,Julie Benson,Christina Garcia,2078,crime,focus,2024-12-14T02:32:48.326295,2024-09-09T08:24:36.287713
27910,expert,Holly Shaw,Sean Schultz,160,measure,each,2024-11-19T14:45:27.109976,2024-08-05T07:49:44.668310
80645,successful,Miss Kristin Chang PhD,Amanda Stout,1396,majority,foreign,2024-05-14T21:33:09.042062,2024-02-04T15:22:22.632240
6603,clear,Mr. Douglas Thomas Jr.,Amanda Mclaughlin,703,baby,visit,2023-07-12T07:45:37.736854,2024-11-09T03:34:36.298832
48654,financial,Laura Fischer,Jessica Horne,1312,forward,decision,2024-05-30T19:59:38.183742,2024-02-29T00:40:20.319592
58720,add,Angela Gross,Craig Mcdonald,57,attorney,business,2024-11-05T12:55:12.535091,2024-04-30T00:39:55.112558
7902,month,Todd Smith,Olivia Hansen,3120,miss,when,2025-01-16T10:07:36.004705,2024-08-02T19:52:28.119462
3579,how,Mackenzie Bray,Tyler Ray,1354,most,option,2023-09-03T12:45:58.417962,2024-05-20T16:39:59.996565
38845,remain,Haley Nielsen,Bonnie Morrison,2035,message,miss,2023-12-22T15:40:50.842347,2025-01-12T10:31:50.697764
6707,list,Jamie Freeman,Wendy Bishop,622,stay,us,2025-01-27T15:29:01.399167,2024-11-11T12:23:55.875956
9806,senior,Juan Rose,Joy Gill,2144,television,military,2024-08-04T03:05:25.427155,2024-12-29T10:26:23.563976
37284,song,Jamie Burns,Chelsea Castaneda,582,growth,cup,2024-11-07T18:00:48.418085,2024-05-09T16:40:54.226775
64176,eight,Kyle Hensley,Robert Harris,2989,deal,south,2023-05-10T21:53:02.713145,2024-09-06T16:46:57.043944
80830,national,Ashley Alvarado,Shane Rogers,678,source,what,2024-10-26T00:11:36.561849,2024-09-30T09:52:02.467289
51244,respond,Casey Flynn,Yvette Rivera,472,instead,west,2024-01-09T14:30:03.501653,2024-08-24T23:29:44.192243
99767,offer,Donald Campbell,David Frey,2251,blue,article,2024-01-20T14:06:01.380261,2024-03-26T03:52:35.137142
5462,anyone,Rodney Salazar,Kurt Mitchell,2541,so,push,2023-07-28T02:50:24.677466,2024-09-12T14:42:20.302453
11028,method,Kristen Perez,Sean Aguilar,3419,seek,simple,2023-02-22T06:48:12.143523,2024-07-26T18:54:20.149401
75813,other,Yolanda Andrews,Taylor Cannon,197,tough,alone,2023-02-15T20:26:15.033131,2024-02-10T14:33:19.116066
2366,benefit,Daniel Graham,Matthew Jackson,2054,type,push,2024-02-23T21:32:54.956704,2024-02-23T11:54:51.536205
53516,add,Adam Franklin,Maria Hoffman,1586,thousand,involve,2024-12-17T15:29:21.172391,2024-09-22T23:23:59.029065
58115,institution,Jennifer Lester,Jordan Hayes,1143,serve,type,2024-04-24T11:50:46.247555,2025-01-01T01:04:40.823375
49809,individual,Jonathan Hudson,Tammy Briggs,2263,among,region,2024-12-13T08:17:06.563801,2024-03-03T04:22:48.727274
61618,to,Angela Logan,Christine Bishop,2849,guess,detail,2023-05-20T00:58:09.112126,2024-10-08T21:07:41.282430
19906,campaign,Donald Williamson,Marissa Walton,2027,cause,forget,2024-05-06T20:40:59.274812,2024-05-14T03:52:20.000349
80846,table,Jessica Martinez,Deanna Cooper,1774,picture,thought,2025-01-29T15:28:29.251076,2025-01-21T22:33:17.075861
52199,water,Katherine Cooper,Daniel Buckley,2944,growth,activity,2023-02-25T13:36:38.803623,2024-06-01T11:43:53.818126
1703,listen,Kimberly Colon,Jessica Weaver,50,question,expect,2024-11-04T02:21:09.305155,2024-11-10T23:22:09.075286
29710,grow,Scott Smith,Leah Reilly,87,several,probably,2023-04-07T18:30:44.144577,2024-05-09T03:10:12.587883
52333,imagine,Jacob Barber,Christine Humphrey,1753,whatever,huge,2023-08-17T17:18:35.238956,2024-11-25T15:50:51.416158
68480,four,Nancy Martinez,Daniel Barr,185,field,major,2024-03-05T15:54:41.801951,2024-07-21T19:15:58.288778
52037,adult,Dalton Meyer,Mason Jackson,69,risk,avoid,2023-02-15T18:36:50.698320,2024-01-31T15:56:53.705787
23023,structure,Michael Strickland,Mr. Aaron Johnson,2207,drug,language,2023-10-30T07:56:25.941768,2024-09-06T03:59:50.086298
74447,be,James Watts,Judy Stewart,1224,across,ahead,2023-12-10T16:18:37.808295,2024-07-22T23:09:36.371714
37424,follow,Maria Acevedo,Maria Melendez,1229,sing,they,2024-07-15T01:08:45.527583,2024-03-25T17:59:04.446405
50567,send,Peter Williams,Carolyn Austin,1659,run,fish,2023-12-15T19:37:57.477255,2024-05-16T21:20:47.198883
7417,and,Tracy Castillo,Amy Cruz,3032,sell,edge,2024-08-05T00:40:27.811789,2024-02-25T17:22:23.239782
75259,forward,Andrew Hill,Nicholas Ramos,76,similar,world,2023-07-30T19:41:35.713173,2024-09-12T01:36:43.895326
60063,smile,Matthew Robbins,Justin Ward,1947,commercial,window,2023-08-13T19:48:43.650429,2024-03-25T22:50:12.398073
67325,into,Tara Bell,Ronald Rivera,2039,black,throughout,2024-09-14T00:07:18.572345,2024-07-13T10:42:46.729047
91902,just,Alejandra Brown,Katherine Lee,524,sell,why,2024-12-23T20:33:05.133399,2024-08-17T22:43:59.129262
62042,call,Travis Torres,Carla Campbell,2338,above,energy,2024-06-16T19:26:52.069382,2024-02-22T09:46:01.640828
45451,any,Richard Schultz Jr.,George Snyder PhD,373,represent,research,2024-03-31T08:28:23.943820,2024-03-25T16:04:18.867992
94036,subject,Tony Crawford,Bryan Thomas,1933,word,college,2023-12-30T22:39:37.113260,2024-04-14T20:39:31.335828
11060,ahead,John Ponce,Beth Brennan,722,affect,several,2024-06-07T06:51:53.826189,2025-01-19T22:01:00.113440
32034,off,Edwin Garcia,Micheal Thompson,2865,prove,main,2023-04-21T15:10:11.801359,2025-01-13T02:24:18.744267
86262,window,Daniel Reyes,Mark Mathews,1253,around,set,2024-10-19T23:59:10.400344,2024-02-03T03:17:12.450601
30806,suffer,Dennis Harris,Donna Rose,3502,draw,really,2024-12-04T20:44:19.040697,2024-06-21T05:07:35.138123
63534,media,Monica Jacobson,David Keller,2051,environment,find,2025-01-23T09:16:22.839032,2024-09-11T16:50:02.701678
54655,rock,Mr. David Holt,Kenneth Marshall,885,item,next,2024-11-05T11:14:14.288890,2024-09-08T18:18:23.853729
35664,step,Nicole Clark,Sarah Gonzales,2960,behind,couple,2023-12-06T16:13:32.962692,2024-10-26T21:54:10.593806
7772,within,Melissa Petty,James Leblanc,3060,material,property,2023-12-06T01:06:08.351716,2024-04-20T20:38:26.603458
52387,trial,Kim Valentine,Patricia Davis,3120,south,work,2023-11-15T05:52:21.658903,2024-11-22T16:35:11.857099
91188,street,Rose Simon,Kirk Harris,1444,hard,require,2023-10-01T17:38:14.682937,2024-12-06T20:24:19.968897
19153,election,Jennifer Mathews,Joshua Koch,157,campaign,low,2024-12-05T10:01:47.720440,2024-08-29T01:23:06.579855
5096,check,Kristen Hudson,Susan West,2197,effort,husband,2024-07-25T00:20:24.836244,2025-01-19T14:50:01.274132
72909,value,Austin Valentine,Kayla Gutierrez,2771,chair,from,2024-11-18T05:22:00.358159,2024-02-06T23:27:50.755762
83389,decade,Elizabeth Horne,Maria Barnes,98,best,sound,2023-09-11T16:45:25.915454,2024-03-29T08:54:10.188458
19593,wall,Courtney Torres,Christina Allen,3063,seven,church,2023-02-15T12:12:20.082157,2025-01-17T12:27:41.644821
27163,there,James Chavez,Jeremiah Hall,2099,research,fill,2023-11-04T19:12:57.784480,2024-10-31T01:56:38.868366
86709,story,Samuel Pena,Kenneth Braun,1836,personal,car,2024-12-08T20:24:21.053763,2024-02-01T22:01:31.542525
44166,try,Matthew Marquez,Darryl Martin,1136,store,member,2024-04-13T14:00:33.887504,2024-02-23T03:05:30.239077
28209,sort,Christine Brooks,Terri Lee,555,later,career,2024-07-05T06:00:29.650273,2024-08-11T03:16:17.780549
63779,save,Tina Wong,Joseph Nicholson,431,million,agency,2023-06-01T19:17:32.950071,2024-03-14T07:20:02.948304
26858,civil,Heidi Cannon DDS,Katherine Powell,1111,theory,skin,2024-05-26T01:59:15.093467,2024-05-11T03:34:29.674575
17243,improve,Breanna Thornton,Maria Massey DDS,818,most,significant,2023-08-06T01:43:55.796904,2024-06-20T02:07:43.272502
34569,issue,Jennifer Thomas,Wayne Guzman,431,source,laugh,2024-12-13T03:56:10.731153,2024-02-06T23:28:11.070870
30561,group,Candace Coleman,Megan Gomez,1733,mission,now,2024-06-26T12:21:42.119397,2024-06-15T14:45:38.194105
49403,effect,Timothy Walker,Ruth Bowman,1537,each,couple,2024-10-06T15:44:40.466375,2024-02-12T00:16:38.535139
42706,beautiful,Brett Williams,Robert Tucker,2609,resource,visit,2024-11-22T09:38:45.132741,2024-02-14T00:44:53.105622
92555,decision,Chad Miller,Steven Ware,821,machine,strong,2023-09-28T09:46:17.135143,2024-06-10T18:13:17.828305
37935,easy,Monique Martin,Christian Zamora,2818,responsibility,resource,2023-08-08T13:09:33.454545,2024-11-20T23:48:38.158315
84882,thank,Natasha Morton,Matthew Harrison,990,material,hit,2023-10-15T07:02:02.043759,2024-09-18T06:54:21.266558
52503,course,Shannon Peterson,Brandon Wilson,2765,hotel,bar,2023-06-13T17:47:21.824354,2024-09-12T06:07:11.095437
63599,want,Christina Vasquez,Bridget Turner,3587,picture,actually,2023-03-13T20:50:50.336026,2024-10-20T10:48:38.267342
24962,standard,Katrina Moon,Maria Bell,2080,ever,just,2024-01-10T18:10:36.193467,2024-08-11T06:56:33.438828
44188,agreement,James Williams,Karen Wang,2275,start,what,2024-12-16T01:19:03.546243,2024-12-21T20:58:22.663378
74514,least,Diana Guzman,Jessica Black,700,on,writer,2024-03-08T09:27:57.187881,2024-12-23T23:35:32.511757
31625,fill,Jennifer Ramos,Austin Anderson,509,high,adult,2024-06-20T09:56:06.579186,2024-02-05T14:17:33.026098
23061,institution,Douglas Mcdonald,Tanya Moon,1131,coach,single,2023-06-06T11:17:48.067399,2024-08-25T01:07:11.022531
18777,we,Stephanie Williams,Joseph Bean,3104,alone,view,2024-03-29T14:40:40.852712,2024-12-03T09:05:41.570560
17326,weight,Renee Gonzalez,Adrienne Becker,181,parent,risk,2024-09-19T06:23:46.782943,2024-06-13T12:00:01.854405
79962,late,Eric West,Justin Martin,2642,tough,seek,2023-08-07T07:01:58.353395,2024-12-03T15:54:34.103789
26141,their,Shane Sloan,Paula Ball,2926,adult,or,2023-03-13T04:33:48.426757,2024-10-13T21:02:57.350516
78449,day,Charlotte Smith,Shawn Berry,3255,product,discussion,2024-06-21T20:23:52.741160,2024-07-07T06:38:54.643441
31732,pick,Christina Jones,Sara Perez,2688,identify,these,2024-10-26T19:48:02.940012,2024-08-04T08:14:46.963248
79930,event,Julie Nguyen,Sara Moore,1150,deep,blood,2024-01-19T15:21:00.076470,2024-02-20T01:04:41.950938
90448,rather,Zachary Smith,Scott Hale,3190,fight,easy,2024-11-09T23:04:17.362996,2024-11-08T14:56:32.570603
86294,candidate,Alex Scott,Ronald Fox,3099,artist,begin,2024-04-21T03:04:17.259778,2024-01-31T11:18:34.790001
18966,suggest,Elizabeth Bender,Richard Bender,3022,eat,option,2023-10-02T05:34:45.525109,2025-01-08T11:36:12.751398
5892,difficult,John Brooks,Douglas Johnson,2571,place,build,2024-09-14T14:01:28.042886,2024-10-31T18:58:04.816931
18593,shake,Crystal Wilson,Dustin Cox,2351,carry,provide,2023-03-12T12:36:31.679711,2024-07-20T23:08:50.850007
13837,soon,Jennifer Jensen,Donald Alvarez,3068,unit,reach,2023-05-26T00:34:13.654426,2024-11-10T00:02:00.230283
94709,teacher,Jessica Nelson,Katrina Donovan DDS,1520,major,might,2023-08-06T15:49:20.965004,2024-11-23T21:39:08.105674
68830,into,Jody Crawford,Ruth Nguyen,3383,successful,into,2024-05-15T12:13:14.032516,2024-05-19T08:43:04.352791
45340,draw,Tamara Lee,Tracy Krause,2187,would,generation,2024-05-20T21:00:23.776062,2024-08-14T16:38:00.930938
32186,these,Jeffrey Livingston,Stephanie Casey,2765,past,government,2023-09-19T03:34:17.167447,2025-01-11T07:07:31.105376
48588,especially,Christopher Long,Ryan Gonzalez,1388,building,high,2024-04-27T20:40:31.294083,2024-10-04T07:08:10.946090
62755,along,Michael Allen,Gloria Larson,3221,indeed,would,2024-09-07T07:08:43.030430,2024-04-17T01:45:01.327703
94156,matter,Carolyn Yang,Elaine Lee,3562,black,through,2023-08-22T21:54:50.337767,2024-10-01T18:59:42.440708
66270,choice,Tracey Schultz,Benjamin Smith,3125,region,house,2024-01-25T01:11:13.183389,2024-09-11T03:02:34.042042
57410,door,James Collier,Riley Thomas,840,very,sign,2024-07-06T19:31:28.517944,2024-04-19T21:44:12.807811
7361,able,Ashley Smith,Jill Bowman,695,another,group,2024-04-28T09:12:11.118045,2024-05-20T13:40:46.687361
64224,name,Amy Thompson,David Jacobs,2315,right,seat,2024-04-14T11:26:35.765048,2024-08-22T05:44:08.436111
91876,operation,Travis Gaines,Christine Watkins,1373,religious,son,2024-07-28T04:14:09.138068,2025-01-19T04:14:01.840482
59604,else,Anthony Clark,Eric Turner,1192,but,add,2024-02-15T23:35:19.606308,2024-03-13T21:45:54.231972
18188,black,Joshua Mercado,Brandy Blanchard,627,half,project,2024-06-21T22:41:33.280430,2024-03-04T13:10:26.848765
91838,population,Henry Foster,Susan West,2190,hold,time,2024-05-05T14:20:42.226981,2024-05-11T14:28:18.376162
60056,she,Dustin Baker,Larry Ramirez,3460,push,both,2024-02-01T11:59:24.787210,2025-01-10T08:36:38.568769
72037,miss,Lori Collins,Richard Romero,1226,international,capital,2024-11-15T23:43:06.434664,2024-10-08T11:57:22.897782
5413,home,Mr. Christopher Armstrong,Jacob Floyd,1117,half,Mr,2023-09-29T21:55:09.190739,2024-04-05T02:40:39.734698
89053,action,Cassidy Vasquez,Gregory Gomez,246,own,majority,2024-07-02T07:50:08.731862,2024-10-03T15:56:47.573604
37393,treatment,Kathleen Macias,Matthew Gillespie,524,yourself,in,2024-08-03T03:14:41.212653,2024-06-11T13:46:37.109145
7610,sense,Dr. Steve Gomez,Paul Thompson,911,happen,big,2023-03-05T13:36:50.377562,2025-01-10T21:23:51.277393
4059,blue,Michael Jacobson,Bobby Valdez,3323,interest,sing,2023-05-09T17:30:30.480903,2024-02-14T00:40:38.166643
1015,available,Andrew Elliott,Dennis Wilkins MD,1414,cultural,garden,2023-07-18T14:42:25.118510,2024-03-08T12:18:17.977643
79745,writer,Paula Scott,Haley Cameron,3106,cost,personal,2023-06-12T17:36:50.944031,2025-01-23T01:18:07.370594
2355,season,David Young,Katherine Nguyen,3356,clear,hope,2024-08-02T09:45:50.124236,2024-08-16T07:58:50.487685
84420,sure,Ralph Phillips,Natalie Gonzales,2813,grow,effect,2023-07-29T14:19:21.642873,2024-02-28T05:40:19.283680
87988,high,Sean Roth,Shawn Clay,2541,key,first,2025-01-02T03:38:16.320168,2024-07-29T03:12:31.213659
21346,keep,David Duarte,Samantha Chaney,1054,join,hotel,2023-04-07T15:33:53.800864,2024-06-30T17:08:18.092889
24271,at,Michelle Gamble,Cynthia Ford,1769,success,building,2024-01-13T15:03:39.031685,2024-04-24T18:57:48.357724
32110,paper,John Smith,Michael Jones,2206,you,which,2023-11-10T18:42:13.263973,2024-08-27T16:28:30.177142
88605,how,Mr. Joseph Dunn,James Thompson,3327,to,movie,2024-03-23T04:38:31.813322,2024-07-20T21:37:18.998618
46017,appear,Shannon Evans,Samantha Cooper,1243,return,tree,2024-08-15T15:21:21.146535,2024-11-15T09:08:40.425027
8980,serve,Jennifer Bryant,Terry Wright,811,likely,state,2023-04-14T21:25:47.394254,2024-07-13T00:07:12.452676
96458,of,Amy Simpson,Tiffany Green,3103,support,begin,2024-11-15T16:20:34.168100,2024-07-30T04:17:17.790606
68120,reach,William Deleon,Joshua Mason,1755,wind,certainly,2024-10-31T09:19:19.471224,2024-09-15T15:43:48.633522
37844,prove,Anthony Wilson,Kathryn Walton,2518,nature,environment,2025-01-29T04:24:31.589406,2025-01-18T20:47:23.572855
71116,although,Joshua English,Kayla Davis,3327,degree,hold,2024-01-03T03:59:36.749104,2024-07-17T14:41:29.725101
63185,add,Adam Arnold,George Frazier,1657,happy,simple,2023-08-06T01:42:30.135722,2024-04-23T06:49:07.824739
51461,nature,Jesse Butler,Meghan Scott,2933,door,something,2024-12-10T10:12:16.658526,2024-09-12T05:51:52.288873
47336,business,David Fleming,Erika Banks,2633,herself,mention,2024-05-25T07:54:55.544302,2025-01-11T21:54:12.401073
60040,fight,Crystal Briggs,Jason Turner,1860,right,item,2024-04-29T03:11:01.508205,2024-05-03T07:31:32.306865
4717,watch,Cynthia Johnson,William Brown,251,stock,require,2023-12-27T05:34:08.444689,2024-09-21T02:31:17.473078
25948,professor,Erica Lewis,Rachel Santos,3174,chance,professional,2024-04-06T17:01:05.621916,2024-02-06T19:24:33.907344
78704,community,Katherine Walker,Brianna Kirk,433,specific,here,2024-08-17T21:42:32.721667,2024-08-21T20:19:17.477685
27136,still,Kelly Howard,Bailey Jackson,268,meeting,most,2023-04-23T06:54:01.371174,2024-03-05T12:18:53.822252
71490,population,Faith Smith,Christopher Ochoa,3475,resource,kid,2024-12-01T02:37:59.468623,2024-10-24T17:17:23.338022
8626,fill,Joel Tran,Heather Miles,3074,student,sure,2025-01-04T21:36:32.655007,2024-12-24T01:16:47.179108
32115,people,Mackenzie Nichols,Bryce Baker,1205,later,science,2023-10-10T22:29:40.455754,2024-05-06T17:42:57.396368
39325,important,Ricky Sharp,Craig Howard,2364,while,contain,2023-02-22T10:40:15.457401,2024-10-20T13:19:18.540296
54648,material,Lisa Conley,Andrew Spears,2369,kid,he,2023-09-15T02:08:32.521541,2024-11-17T10:24:45.065705
13430,listen,Jennifer Owens,Judith Griffin,3050,skin,paper,2024-09-20T21:44:51.671604,2024-08-04T04:48:03.609324
93617,food,James Evans,Andrea Hernandez,3020,mention,official,2025-01-14T11:27:33.698118,2024-02-22T18:07:43.356128
70625,shoulder,Rebecca Hernandez,Christopher Carlson,2891,majority,note,2023-07-12T03:23:22.845947,2024-10-10T08:09:43.447204
8203,teacher,Misty Lopez,Richard Smith,1437,plant,right,2023-11-12T15:51:55.143872,2024-02-15T11:59:25.682778
63776,worry,Kimberly Galloway,Patricia Gutierrez,2873,hotel,administration,2023-04-23T13:30:11.028564,2024-02-11T18:33:40.283234
80046,seem,Joshua Williams,Marc Sullivan,1731,Mr,once,2024-11-30T08:18:37.996951,2024-07-16T20:06:39.559302
83719,management,Shannon Bass,Ian Gonzales,2820,woman,energy,2024-11-20T18:43:06.741847,2024-10-05T00:43:18.984829
66715,some,Gerald Rivera,Robin Huynh,2356,human,summer,2024-12-21T13:28:26.454682,2025-01-03T04:59:15.997324
82701,never,Karen Marks,Peggy Hampton,994,south,bring,2023-09-06T21:42:48.573809,2024-04-05T06:48:50.870991
9066,imagine,Andrew Hughes,Margaret Mayer,1910,put,change,2024-06-14T05:14:09.128651,2024-11-19T10:31:39.896554
46133,paper,Gregory Blevins,Joy Cameron,2212,value,able,2024-01-09T22:49:35.969666,2024-03-16T23:27:21.922567
74778,it,Kelly Reynolds,Gabriel Hodge,1870,voice,style,2024-02-13T06:01:06.909965,2024-12-06T13:30:56.690519
3689,how,Jessica Carson,Michael Henderson,1064,you,behavior,2023-07-18T23:23:46.002466,2024-05-01T03:00:51.496267
53866,send,Margaret Torres,Sherri Burgess,1837,story,list,2024-03-20T08:07:23.560020,2024-03-17T11:54:55.212021
59502,during,Victoria Wheeler,Joseph Dean,3574,move,education,2024-06-02T14:00:27.834563,2024-10-08T00:27:27.711464
22838,reduce,Marissa Bailey,Jessica Flynn,453,coach,professor,2023-11-04T13:45:55.240632,2025-01-17T21:19:50.704428
