track_id,name,artist,songwriters,duration,genres,album,created_at,updated_at
95869,across,Robert Fuller,Louis Johnson,1448,feel,office,2023-05-06T08:09:26.784618,2024-05-29T16:43:04.492140
95763,enough,Carolyn Carr,Roger Carpenter,3081,nature,however,2023-11-24T05:49:22.715066,2024-06-14T14:19:05.401424
77430,provide,John Meyer,Wesley Turner,3394,clearly,weight,2024-01-12T08:04:52.408766,2024-10-09T06:10:41.683138
82992,impact,Susan Fry,Mary Wyatt,3531,information,policy,2024-01-30T05:41:42.166839,2024-03-03T10:20:13.874118
54048,suffer,Nicole Thompson,Candice Fritz,2844,none,pressure,2023-10-05T14:52:19.036598,2025-01-12T01:55:30.892239
86714,actually,Oscar Thomas,Melanie Ellison,1914,bag,nice,2024-04-16T08:20:51.650555,2024-11-21T06:07:36.704094
27138,eight,John Price,Amber Anderson,2361,picture,again,2023-06-18T16:59:08.808331,2024-02-18T16:20:51.267581
69792,teacher,Mr. Mark Duarte,Erika Perez,279,none,southern,2023-12-19T22:20:44.814445,2024-12-26T23:18:27.110274
50161,street,John Mckee,Mark Reyes,2898,hotel,for,2025-01-27T03:27:44.173606,2024-07-21T10:53:29.053528
87065,look,Connie Miller,Deborah Owen,2953,during,recent,2023-06-15T20:45:21.442100,2025-01-22T05:56:32.359132
86129,build,Teresa Salazar,Erin Anderson,409,particular,past,2024-01-05T05:47:46.118145,2024-06-03T19:50:31.762660
69716,central,Michele Johnson,Heather Holloway,2798,weight,same,2024-08-29T13:33:13.390520,2024-05-21T15:28:55.678038
41465,happy,Ruth Winters,Kathleen Alexander,2514,large,what,2024-12-31T13:33:18.500076,2024-08-26T22:47:20.054565
3822,exist,James Gutierrez,Matthew Jennings,1225,culture,thank,2023-02-24T19:17:35.881796,2024-08-30T06:07:39.689174
2232,indeed,William Orozco,Sarah Howard,1238,throw,turn,2024-04-25T17:02:50.728761,2024-12-10T15:12:25.101745
72966,tonight,Jessica Cox,Carlos Lopez DVM,1067,give,blood,2023-06-18T01:44:05.143657,2024-11-06T17:07:39.806405
70800,although,Teresa Adams,Charles House,2202,team,similar,2024-07-02T21:33:46.091694,2024-03-15T17:54:55.866309
6546,former,Kimberly Nicholson,Leroy Shaw,1009,window,left,2024-09-25T01:42:38.444362,2024-08-12T04:36:11.854863
35198,music,Eric Ellis,Sara Ray,2951,support,look,2023-04-04T19:56:03.738222,2024-03-14T02:56:18.766883
85612,reduce,Charles Stewart,Jonathan Gomez,1026,even,think,2023-11-25T21:38:26.523465,2024-08-31T09:19:25.888929
87983,whose,Andre Lee,Bobby Kramer DVM,70,three,yet,2024-09-18T16:02:39.970604,2024-03-28T17:39:07.848424
47287,natural,Joseph Mitchell,Mr. James Savage,1887,information,physical,2024-01-31T11:44:23.224475,2024-11-04T05:17:15.301867
48639,him,Sarah Fisher,Kelly Stevens,2122,away,wonder,2024-12-24T03:04:59.726834,2024-05-04T18:50:26.627373
57395,never,Kyle Johnson,Erika Jackson,3508,hard,small,2024-07-26T12:29:02.426717,2024-10-27T03:20:33.585703
62501,watch,Brenda Mullins,Donna Johnston,2342,chance,trouble,2024-01-15T23:03:42.677929,2024-04-18T07:37:21.027584
40620,large,Elizabeth Lopez,Rick Hall,3436,call,under,2024-03-13T10:48:05.165838,2024-04-03T14:45:50.264470
18000,product,Charles Nixon,Kathleen Fuentes,117,vote,idea,2024-02-01T19:38:39.702027,2024-02-19T04:23:54.059467
98753,knowledge,Joshua Rodriguez,Carlos Spears,3347,finally,hear,2024-01-11T00:45:35.725303,2024-07-13T11:55:49.129920
71701,rest,Tanya Hampton,Jessica Thomas,735,role,Republican,2025-01-21T21:34:38.824052,2024-08-31T21:51:04.002999
12276,education,Eddie Smith,Yvonne King,2854,media,catch,2024-01-10T21:59:29.175366,2024-12-21T00:41:05.972390
15942,fill,Randall White,Brenda Juarez,2943,role,than,2024-05-12T21:26:42.216152,2024-05-16T13:01:45.996903
73224,notice,Natalie Robinson,Thomas Woodward,1847,writer,technology,2024-05-15T19:22:49.179764,2024-06-16T06:00:48.840423
71832,sport,Shannon Arias DDS,Anthony Thompson,2367,pull,laugh,2023-07-12T20:02:52.968114,2024-11-09T06:13:58.887574
76224,customer,Justin Perry,Julie Torres,1236,this,positive,2023-03-22T00:41:51.736471,2024-08-21T08:15:15.809317
26766,skill,Jeff Anderson,Tina Sullivan,1486,must,mention,2024-06-01T18:46:36.217184,2024-06-20T13:16:57.836896
41273,computer,Christopher Wiley,Shannon Palmer,349,industry,theory,2023-02-02T15:22:06.155185,2024-02-26T02:01:53.400485
51677,join,Willie Cole,Timothy Klein,295,sit,whose,2024-08-01T18:16:28.962841,2024-08-01T15:55:38.286012
12987,without,Connie Jordan,David Graham,1858,relationship,particular,2024-12-27T11:31:25.386024,2024-12-18T22:38:30.904851
54668,court,Adrienne Moody,Tyler Hoffman,1825,east,buy,2023-06-21T13:42:45.493671,2024-09-23T05:37:21.092818
1202,enjoy,Sara Garza,Jeffrey Thompson,596,central,goal,2023-09-21T15:53:27.573372,2024-03-09T22:30:45.178291
56266,body,Nathaniel Hoffman,Amy Mcintosh,3456,base,might,2023-07-19T22:25:07.587215,2024-08-02T08:44:02.371719
13377,study,Gregory Stone,Howard Thompson,50,half,although,2024-08-24T10:48:22.135834,2024-02-08T14:00:36.145233
70502,reason,Cory Avila,Megan Lee,190,necessary,author,2024-07-22T03:15:23.619566,2024-09-14T03:19:48.220207
8772,pass,Erin Rodriguez,Hayley Beck,2517,memory,decade,2023-05-15T13:41:25.120633,2024-03-12T07:16:57.117600
55969,president,Michael Carter,Faith Wise,1021,sell,whatever,2024-02-25T20:46:47.082284,2024-04-01T02:07:52.787130
90415,enjoy,Larry Williams,Sabrina Rodriguez,404,especially,hit,2023-09-13T15:34:55.966329,2024-07-14T17:27:45.342278
41177,stock,John Banks II,Erica Rogers,1550,although,give,2024-07-16T17:48:21.203764,2024-08-16T14:20:32.138755
40902,order,Steven Clark,Brandon Gardner,3323,back,never,2023-04-05T17:49:19.498964,2024-08-24T19:38:11.736191
33112,least,Dakota Harvey,Jessica Wilson,3313,hour,many,2024-01-16T01:13:44.673985,2024-02-11T13:54:10.509364
17151,new,Justin Cook,David Chapman,3042,recent,day,2024-05-11T18:03:02.571468,2024-11-04T01:43:02.832679
68763,difficult,Jennifer Bond,Matthew Prince,2284,your,skill,2024-12-25T02:39:28.949738,2024-04-08T23:59:28.364283
69087,future,Nicholas Williamson,Darryl Brown,1129,listen,speak,2024-08-13T01:32:13.083751,2024-08-07T05:21:25.229985
50197,effort,Matthew Gonzalez,Clayton Wolf,1963,brother,pretty,2024-01-20T03:29:49.180388,2024-07-02T21:07:15.734748
54828,plant,Jeffrey Thomas,Steven Tran,1016,second,forward,2024-10-13T23:30:17.020163,2024-06-24T01:10:45.081016
15296,home,Breanna Anderson,Barbara Harris,375,perform,ago,2023-08-01T14:28:11.494276,2024-12-25T15:43:52.556363
30389,my,Andrea Evans,Andrew Dixon,2926,capital,realize,2023-10-28T05:44:35.972655,2024-06-30T03:24:54.778657
5233,though,Melinda Pierce,Elizabeth Walker,281,tree,heavy,2023-06-11T17:42:13.446685,2025-01-08T20:25:07.292526
46831,decision,Scott Fitzgerald PhD,Tracy Brooks,2963,stuff,we,2023-05-15T02:31:54.203841,2025-01-19T08:14:21.997886
71352,thank,Catherine Smith,Trevor Jordan,2865,affect,quality,2025-01-19T20:36:51.660431,2024-08-08T01:47:17.838490
28057,degree,Jack Mccoy,Julie Levine,395,me,mission,2023-07-11T23:10:52.928857,2024-08-21T02:00:22.782913
57069,get,Ashley Campbell,Melissa Walker,1285,bring,sport,2024-12-07T21:53:47.059083,2024-07-20T17:20:57.600430
37644,true,Timothy Garcia,Brian Keller,1566,agent,artist,2024-12-03T09:28:34.289048,2024-10-02T00:00:16.757339
95431,choice,Maria Hayes,Jeffery Guzman,1370,society,style,2024-04-02T05:09:11.866227,2024-02-27T10:33:31.238884
32344,water,Nicole Thomas,Donald Smith,1025,president,environment,2024-04-07T10:52:54.256062,2024-01-31T23:06:19.295148
72840,article,Gary Mooney,Dr. Andrew Petty,3365,growth,spend,2024-05-23T17:06:57.777983,2024-07-28T13:36:03.871640
47239,young,Nicholas Mason,Kelly Scott,2825,kind,example,2023-06-07T10:28:16.286408,2024-05-23T07:00:35.853219
19690,his,William Smith,Amber Avila,397,deal,soldier,2023-06-09T21:49:52.281237,2024-09-22T08:17:47.893939
47949,who,Jose Thompson,Jennifer Elliott,879,article,food,2023-04-20T06:11:09.879067,2024-03-21T07:07:18.189727
24834,time,Joshua Fowler,Maria Wright,2665,wind,dinner,2023-11-23T00:54:21.566458,2024-08-24T13:13:16.996150
97478,dark,Shannon Snyder,Cathy Giles,1415,either,film,2023-09-14T03:49:53.198975,2024-08-27T23:00:20.861549
66933,first,Douglas Perez,Dawn Martinez,987,focus,explain,2024-10-28T06:25:51.543744,2024-09-07T16:31:22.102667
98350,deal,Deborah Gutierrez,Sharon Weaver,1861,first,how,2023-10-24T18:08:09.140834,2024-04-24T19:48:29.617636
1832,drop,Tiffany Mills,Wyatt Swanson,558,represent,shoulder,2024-09-19T16:47:40.248241,2024-06-03T03:22:28.955653
7726,surface,William Sanders,James Barber,1913,morning,different,2024-12-27T15:47:30.844476,2024-09-28T00:47:13.680939
92644,describe,Jennifer Mccarthy,Patrick Delacruz,2103,without,feeling,2024-07-23T01:52:56.737540,2024-02-08T15:06:54.514564
95813,language,Heather Adams,Wendy Leon,2920,smile,fall,2024-09-28T21:11:59.890825,2024-06-02T02:51:26.526534
78507,worker,Brian Williamson,Sarah Bell,971,really,change,2023-04-12T01:14:11.396243,2024-07-22T22:09:42.369428
18603,half,Steven Vance,Vanessa Robbins,397,region,former,2023-04-12T10:59:09.312393,2024-10-22T16:04:41.957990
27680,on,Brandon Williams,Tara Howell,311,investment,leg,2023-03-11T02:10:09.931870,2024-11-07T19:55:18.528577
50145,class,Bradley Miller,Judith Walker,420,decision,color,2023-02-21T14:22:32.971988,2024-10-22T05:42:22.536538
93436,ok,Dustin Williams,Bobby Mercado,1566,moment,call,2024-11-10T14:20:12.284995,2024-03-06T17:53:58.914431
672,ready,James Brown,Melissa Wagner,2351,personal,rest,2024-06-14T16:16:56.586395,2024-05-04T09:19:15.504212
41142,ago,Wendy Henderson,Mandy Vaughn,662,work,toward,2023-05-24T20:09:13.009295,2024-09-19T05:40:28.249083
86093,glass,Cindy Watson,Susan Smith,3438,eat,right,2024-08-20T23:37:25.819935,2024-11-04T16:09:52.253552
38506,deep,Benjamin Reid,Edward Woodard,385,now,increase,2024-04-23T02:42:57.639886,2024-10-16T14:35:45.536689
86818,business,James Wilson,Duane Costa,2247,prevent,apply,2024-05-08T18:07:54.168347,2024-03-12T01:49:38.851998
4274,price,Brittany Taylor,David Kennedy,2911,he,section,2023-12-27T04:20:46.291707,2024-08-01T22:11:13.187432
78236,suggest,John Nielsen,Angela Jensen,2811,stay,prepare,2023-10-07T05:09:32.913986,2024-05-25T13:56:37.715610
96761,human,Sandra Martinez,Rebecca Russell,1833,less,fall,2024-09-17T13:11:13.609867,2024-10-01T08:44:17.325401
85751,least,Wyatt Bartlett,Ethan Castaneda,806,ahead,trade,2024-03-27T18:14:34.888142,2024-09-06T14:30:03.614371
77326,exactly,Laura Ellis,Mary Harvey,842,budget,small,2024-11-10T00:10:00.521945,2024-07-08T18:44:50.201343
66179,simple,Laurie Beck,Sara Alvarez,2560,election,thing,2023-05-28T04:00:04.122508,2024-09-17T19:39:22.654599
9008,simple,Lee Ryan,Jacob Martin,155,fine,me,2024-02-19T12:58:44.502988,2024-06-24T09:47:21.279299
83396,information,Jamie Melendez,Amanda Bryant,995,career,form,2023-10-15T18:14:06.189410,2024-09-01T02:15:01.879023
34311,service,Brent Huff,David Hess,1007,several,above,2024-04-05T17:35:01.501889,2024-04-08T18:00:14.931607
40331,suffer,Cory Lopez,Holly Jones,3291,think,we,2024-09-10T20:34:21.273010,2024-08-04T03:01:39.100573
41861,sometimes,Carl Gilmore,James Murphy,3420,price,course,2024-08-02T11:13:08.967362,2024-07-16T06:18:46.866222
43966,strategy,Katrina Rodriguez,Edward Howard,3403,truth,likely,2024-11-15T04:37:04.939309,2025-01-11T09:47:03.462797
73832,when,Brian Alvarez,Tanya White,3518,owner,bring,2023-07-22T14:20:55.445573,2024-08-19T01:12:15.060556
41367,indeed,Kristin Vasquez,Mary Roberts,1649,child,industry,2024-10-21T17:22:42.435499,2024-09-11T20:45:15.131554
91966,result,Mary Holt,Frank Carter,1179,process,amount,2024-12-13T19:52:02.432068,2024-02-22T18:40:31.002758
42702,fill,Scott Thomas,Michael Robinson,891,answer,each,2023-03-23T00:45:41.341519,2024-09-08T17:44:37.836204
85041,reason,Allison Lowery,Caleb Dunn,3448,cell,official,2024-06-03T07:27:16.970544,2024-08-03T18:48:10.764515
4419,fill,Meagan Tate,Jeremy Torres,1355,between,explain,2024-08-19T18:47:23.571389,2024-04-02T15:30:14.886760
36980,special,Vanessa Boyd,Nancy Lawson,447,tax,against,2023-06-06T07:36:00.620981,2024-12-02T00:14:04.981254
44817,affect,Mrs. Tamara Davis DVM,Robert Baker,2680,very,send,2023-12-05T01:20:15.478591,2024-03-23T12:07:32.458323
10887,green,Sarah Dunlap,William Thomas,2528,course,single,2024-10-17T18:20:08.347601,2024-12-19T20:44:18.378480
96889,generation,Pamela Hardy,Valerie Weaver,1938,fill,wear,2023-07-21T03:04:24.545532,2024-10-22T20:42:59.089990
56812,foreign,Michael Allen,Michael Harris,4,simple,worry,2023-11-19T10:25:09.176577,2024-02-05T14:48:53.554943
76805,group,Raymond Nunez,Vickie Reed,2545,medical,simple,2024-07-18T16:35:53.742912,2025-01-12T11:29:30.733448
77148,large,Emily Gonzalez,Dana Mcdaniel,1102,happy,also,2023-10-07T13:21:27.303638,2024-05-13T08:30:14.497205
66141,animal,Louis Mora,Phillip Bridges,2121,TV,social,2024-05-19T00:16:56.020959,2024-03-23T13:27:43.313220
50926,so,Sarah Knox,Christopher Arias,3593,author,about,2024-06-04T05:52:36.070255,2024-05-31T23:18:49.633836
12840,country,Keith Jackson,Jessica Galvan,2905,keep,candidate,2024-10-22T04:37:48.874334,2024-05-16T18:50:44.803947
13034,listen,Joseph Wood,Alex Cole,2729,yourself,talk,2023-02-12T10:28:55.314581,2024-04-29T06:36:08.494610
88780,interest,Cheryl Miller,Joshua Rogers,3483,dog,material,2023-06-12T09:41:59.989423,2024-06-06T23:06:39.855313
92663,later,Anthony Mullins,Michael Duncan,2160,star,consumer,2023-08-18T16:04:03.597810,2025-01-27T18:19:45.749805
98421,like,Elizabeth Tate,Kristina Miller,275,born,list,2023-05-01T13:05:06.156847,2024-09-17T09:10:33.800674
2246,next,Andrew Carroll,Ricardo Stevenson,983,main,land,2023-05-31T05:39:57.708446,2024-04-07T14:57:46.666754
16105,group,Allison Howard,Kaitlin Hudson,268,act,if,2023-03-21T05:17:45.740489,2024-08-01T18:52:48.310688
65619,usually,Joseph Woods,Lisa Dudley,3103,agree,support,2023-07-16T20:59:25.678731,2024-09-25T21:18:59.531770
62155,ten,Jose Mccarty,Dwayne Miller,3229,police,offer,2024-02-04T19:36:37.398297,2024-12-11T11:51:17.331270
3589,party,Linda Baker,Kathleen Scott,505,audience,together,2023-11-09T16:44:00.807698,2024-12-05T11:08:29.739928
37969,live,Brenda Castaneda,Steven Velasquez,2337,voice,class,2024-04-17T13:21:26.906411,2024-07-25T12:46:20.430974
49181,three,Tammy Donaldson,Randy Griffin PhD,18,front,door,2023-05-07T09:10:19.860021,2024-09-10T18:07:49.505604
16627,study,Kelsey Mann,Cynthia Swanson,555,seek,staff,2025-01-19T14:57:51.245111,2024-03-08T23:54:45.680615
43733,than,Marcus Munoz,Vincent Mcfarland,3023,hit,involve,2024-03-02T22:50:57.817594,2025-01-17T02:23:16.334151
59517,local,Karen Moran,Morgan Glass,3296,heavy,certainly,2024-08-25T03:39:35.950602,2024-03-19T22:38:47.522272
86115,view,Russell Drake,Nicholas Edwards,3442,across,many,2023-04-05T23:37:44.604774,2024-08-28T14:49:02.693579
68419,budget,Andrea Dixon,Stephanie Quinn,2147,yet,do,2024-03-03T01:02:42.249759,2024-04-06T03:42:16.745010
3379,range,Adrian Gibson,Ms. Lydia Lopez,2273,make,however,2023-01-28T14:40:48.740852,2024-06-20T01:59:01.581892
77523,interesting,Rachel Newman,Andrew Young PhD,660,final,picture,2025-01-16T01:04:48.502276,2024-08-17T12:48:26.355574
57915,able,Margaret Scott,Timothy Mckenzie,1830,strategy,thing,2023-08-23T21:09:56.959576,2024-02-11T11:46:52.856669
62380,fact,Luis Terry,Ryan Stephenson,3282,seek,much,2024-01-18T20:31:22.461571,2024-10-22T05:21:38.837442
94881,fact,Barbara Stewart DVM,Barbara Cohen,3187,a,executive,2023-10-26T07:38:34.041543,2024-04-02T18:14:39.172713
76010,rather,Shelly Moore,Jaime Jones,1718,true,unit,2023-04-18T17:13:54.668941,2024-12-01T06:36:17.819229
31371,than,Michelle Moore,Sarah Patterson,681,family,child,2024-09-24T01:07:21.362651,2024-12-02T21:56:09.709152
33279,authority,Carlos Massey,George Taylor,2223,dinner,commercial,2024-06-29T17:18:08.478414,2024-11-04T14:37:52.708071
87405,education,Stuart Martinez,Ryan Washington,1911,reflect,maintain,2023-02-08T21:06:20.826650,2024-04-12T12:22:48.252708
13025,work,Sara Scott,Matthew Perez,2487,develop,physical,2024-02-21T11:34:49.669987,2024-08-12T01:50:57.705893
25735,system,Kerri Hansen,Katherine Reynolds,3369,us,parent,2024-05-27T10:19:54.223617,2024-03-02T15:26:44.555094
3880,let,Sandra Cook,Brandon Knight,380,such,development,2023-09-26T03:40:43.610545,2024-05-14T19:23:06.711320
79416,attorney,Jennifer Fry,Mary Park,2568,top,though,2024-07-08T22:54:31.315746,2024-12-14T18:00:53.343099
62397,some,Jesus Bennett,Richard Roberts,2355,job,wish,2023-10-12T05:06:11.847897,2024-12-15T12:52:14.893914
70612,to,John Green,David Ray,1127,authority,drive,2023-09-18T04:20:08.116976,2024-11-07T05:42:26.983039
47546,beyond,Michael Bennett,Dr. Jessica Williams DVM,1689,should,education,2023-11-24T15:29:32.070491,2024-09-20T12:30:17.143012
54104,within,Ronald Cohen,Lauren Lee,837,red,somebody,2025-01-25T03:03:14.942052,2024-08-17T22:11:30.952816
39373,point,Michael Cooper,Thomas Nichols,1969,director,shoulder,2023-02-08T04:48:57.053211,2024-06-15T22:50:50.667976
76043,field,Susan Mcmahon,John Johnson,1144,possible,style,2025-01-22T09:16:34.032193,2024-08-19T09:26:15.830328
2586,nature,Jennifer Burns,Alicia Ashley,866,just,travel,2023-10-21T22:49:00.462136,2024-03-02T14:49:40.961550
79585,stock,Matthew Stephens,David Rowe,1720,important,foreign,2024-11-27T06:53:15.417637,2024-12-14T21:45:27.924594
27683,start,Zachary Michael,Judy Wagner,2448,attention,manage,2024-12-24T07:58:22.510648,2024-05-02T04:50:56.233121
4689,across,Peter Walton,Stephen Mckee,468,remember,wait,2024-05-14T00:35:06.507175,2024-05-31T18:30:49.368737
50535,market,Heather Foster,Monica Bailey,2410,control,our,2024-10-17T01:10:01.207826,2024-04-06T01:51:07.050388
25153,city,Todd Lewis,Aaron Potter,3168,read,throughout,2024-04-24T11:28:39.856292,2024-11-14T14:21:25.679365
81097,again,James Garcia,Lisa Williams,1802,reflect,who,2023-05-22T17:32:59.036094,2024-04-01T20:08:41.654660
89327,news,Stephanie Jones,Angela Alvarez,2928,it,smile,2024-03-10T06:39:21.549536,2024-03-07T20:39:49.572162
39951,small,Ryan Howell,Jeremiah Martin,1513,far,need,2024-10-16T00:41:49.616523,2024-08-31T09:44:17.519954
44627,center,Daniel Conway,Chad Johnson,1461,win,share,2023-07-18T20:17:44.772401,2024-05-03T15:58:33.492182
9572,case,Jason Hayes,Richard Mathews,2066,cover,never,2024-04-02T05:55:54.332605,2024-08-01T10:55:04.163967
83713,adult,Patricia Holmes MD,Anne Summers,341,number,be,2023-04-12T09:11:06.004656,2024-02-07T22:06:31.996178
11387,challenge,James Jacobs,Victoria Shaffer,3031,civil,condition,2025-01-08T20:05:24.183095,2024-02-21T00:53:28.327669
83499,throughout,Melanie Caldwell,Jade Cook,587,partner,another,2024-11-19T18:32:27.452282,2024-08-12T17:08:23.650841
47418,who,Marissa Cox,Kevin Charles,2854,game,hard,2024-05-22T12:57:31.089092,2025-01-12T01:34:39.031631
3014,feeling,Kirsten Haynes,Leah White,400,hand,college,2023-04-19T08:52:33.846565,2024-04-05T15:20:47.169168
60942,fine,Christine Martinez,Alice Wagner,2429,case,born,2023-08-17T04:20:33.048150,2024-11-04T03:06:44.411639
27525,that,Meghan Johnson,Jesse Carter,850,morning,pass,2024-06-17T06:29:52.489799,2024-02-21T08:16:43.598386
61586,billion,Samantha Hernandez,Donald Garner,418,return,manager,2024-08-04T00:42:27.109060,2024-11-25T04:40:25.921862
13992,student,Timothy Cox,Lucas Lucas,3584,simply,ready,2024-04-20T01:26:33.305414,2024-12-31T23:53:19.413093
6947,past,Jessica White,Jason Villegas,1758,on,strong,2023-11-14T15:43:17.429001,2024-05-24T15:54:14.146074
15484,themselves,Brooke Petersen,Joe Bautista,905,live,former,2023-06-29T21:20:45.602164,2024-03-12T03:15:35.440789
13126,hope,Jacqueline Martinez,Tiffany Barron,1185,despite,yard,2024-04-11T23:28:15.931778,2025-01-21T11:38:49.197417
56813,world,Maria Mccoy,Kathryn Kim,1425,rest,beyond,2024-07-28T03:19:32.971229,2024-04-09T12:54:32.554919
24983,his,Anthony Lane,Richard Mendoza,2323,budget,this,2024-06-24T16:02:05.445136,2024-02-20T12:19:32.575735
29708,decade,Timothy Eaton,Raymond Walker,801,stuff,energy,2024-02-07T22:23:51.990264,2024-09-05T05:01:10.725909
29141,truth,Steven White,Christine Walker,783,cell,protect,2024-04-20T14:02:08.946432,2024-10-31T05:17:15.558278
93117,more,Eric Wu,Robert Harris,588,group,find,2023-08-06T09:07:09.702014,2024-07-14T22:50:02.216655
80007,everybody,Anthony Brown,Dawn Bradford,3208,play,side,2023-08-24T13:05:20.933444,2024-06-26T05:23:03.162091
69571,throw,Vanessa Greer,David Jordan,230,government,be,2023-04-16T18:42:39.244322,2024-12-14T16:32:40.022500
40682,box,Jeremy Stevens,Carla Reynolds,2023,my,radio,2023-02-22T06:02:28.493245,2024-02-21T01:10:29.498532
4704,senior,Eric Johnson,Susan Burgess,1161,ago,somebody,2023-02-17T12:34:42.585577,2025-01-23T16:56:51.691803
49284,appear,Cynthia Mitchell,Samantha Harper,80,article,size,2024-07-27T02:58:58.509391,2024-11-21T22:04:00.352868
43029,image,Juan Moore,Kimberly Fischer,2468,she,eye,2024-12-31T21:53:24.837613,2024-11-13T20:18:13.552678
7775,keep,Joanna Winters,Tracy Coleman,2041,mention,clearly,2024-04-15T04:30:38.088201,2024-09-11T04:59:19.114039
38049,performance,Christopher Fox,Vanessa Clark,137,society,impact,2024-05-03T02:43:20.095961,2024-07-19T05:03:07.533108
43011,assume,John Lewis,Courtney Cruz,272,fine,of,2023-12-25T01:41:08.673075,2024-04-07T00:35:31.164684
68264,store,Misty Benton,Brittany Willis,348,month,goal,2023-03-01T14:37:45.482199,2024-03-23T21:05:50.927618
33464,young,David Morales,John Cohen,1864,television,money,2023-08-30T14:33:37.448922,2024-09-06T16:28:07.901225
43108,arm,Marisa Parker,Michael Solis,807,many,fire,2023-08-16T18:50:57.233638,2024-08-14T13:03:35.313254
52008,leader,Thomas Clark,Johnny Parker,2416,after,right,2024-09-15T05:32:36.177595,2024-09-29T21:10:32.515265
168,chance,Richard Edwards,Stephanie Allen,1808,speak,then,2025-01-26T02:00:53.389611,2024-12-29T22:00:10.781605
65223,pick,Mitchell Johnson,Julie Farmer,319,loss,president,2024-02-24T06:27:01.338655,2024-09-09T10:37:42.472694
49033,plant,Matthew Forbes,Nicolas Ortiz,150,water,paper,2024-10-21T15:02:58.224717,2024-10-24T16:10:02.115776
17167,moment,Anna Salinas,Catherine Ortiz,782,management,catch,2024-03-01T15:20:32.742254,2024-07-27T18:45:18.383852
64645,inside,Carlos Roberts,Matthew Maldonado,571,week,hard,2024-09-29T19:35:42.179665,2024-12-01T04:04:24.889924
2984,gun,Anthony Torres,Victor Tucker,657,phone,sign,2024-02-09T18:41:04.801407,2024-05-30T14:32:48.185567
36521,less,Tammy Gordon,Theodore Robinson,2194,author,dark,2024-08-08T21:47:13.790391,2024-03-09T04:06:37.826784
57056,song,Veronica Barton,Joseph Scott,1343,authority,similar,2023-09-19T13:04:58.100708,2024-05-19T17:31:07.974235
7448,size,Benjamin Garcia,Christopher Smith,2163,reveal,half,2024-11-10T16:06:10.555298,2024-02-27T19:24:41.631131
16637,happen,Gregory Armstrong,Tiffany Clements,2690,her,particular,2024-02-04T23:53:40.248097,2024-04-09T02:34:51.011894
49111,include,Alexandra Matthews,Jacob Gonzales,3088,director,imagine,2023-09-15T19:23:18.368371,2024-11-11T13:05:00.807642
49787,behavior,Jordan Hayes,Sara Williams MD,3515,oil,care,2024-10-21T08:29:02.292892,2024-10-08T07:37:35.945246
56646,control,Carolyn Shea,Austin Morgan,2819,population,into,2023-06-21T21:30:49.161465,2024-12-20T01:33:28.834615
15050,by,Jason Castro,Greg Turner,3577,hundred,office,2024-03-29T02:14:07.377916,2024-03-01T17:06:16.510248
90930,American,Joseph Davenport,Chelsea Graham,643,more,loss,2024-05-13T00:26:45.332533,2024-02-24T16:02:41.164200
38845,someone,Cindy Barry,Maria Lowe,2606,wall,size,2023-07-27T06:06:32.469863,2024-05-17T08:26:13.625337
53913,image,Kelly Wright,Jesse Baker II,2497,benefit,nor,2023-04-20T20:33:39.475872,2024-04-19T21:10:10.481077
56712,consumer,Amy Spencer,Paula Dyer,2063,hit,actually,2023-07-16T04:45:19.426446,2024-06-13T01:08:30.159639
31994,want,Lauren Lewis,Kyle Lee,1619,share,local,2024-07-25T09:46:37.933039,2024-04-15T15:43:57.499137
84467,building,Margaret Murray,Mrs. Anna Hall,2492,key,boy,2023-10-23T07:23:19.620094,2024-06-06T11:42:28.611957
82240,simply,David Avery,Brenda Cole,2458,break,tell,2024-03-28T14:15:12.370174,2024-04-04T12:20:25.789070
94592,general,Jerry Vaughan,Robert Nguyen,123,final,leader,2024-07-12T15:33:51.500887,2024-08-01T05:12:45.722257
34514,real,Benjamin Porter,Nancy Payne,1994,catch,for,2023-02-02T17:41:56.536028,2024-10-03T13:58:16.195648
10516,piece,Tracy Freeman PhD,James Rodriguez,2383,occur,threat,2024-03-02T19:24:16.649795,2024-07-13T05:17:11.013107
57741,field,Adam Hamilton,Jennifer Patterson,2048,vote,lot,2023-06-08T12:06:08.566173,2024-07-01T11:07:47.150283
5010,rule,Allison Myers,Maria Acosta,2184,amount,nor,2024-12-21T22:39:45.030884,2024-11-28T21:16:15.866221
45636,thus,Roberto Ballard,Daniel Barnes,216,believe,walk,2023-05-18T16:34:48.343343,2024-06-13T17:58:41.178452
79964,generation,Joseph Little,Paul Graham,28,future,life,2023-08-02T17:03:08.197965,2024-02-08T01:24:18.114982
21021,standard,Amanda Murphy,James Rivera,2458,also,goal,2025-01-23T20:59:22.510127,2024-06-09T05:16:18.605912
71194,professor,Lauren Whitney,Chelsea Serrano,1350,body,financial,2023-12-24T11:41:44.561854,2024-02-19T19:58:27.843269
76020,anything,Stanley Ramirez,Jenny Anderson,3238,your,particularly,2024-07-23T04:08:50.580120,2024-05-22T15:36:25.358835
92615,art,Daniel Wright,Rebecca Murray,778,across,lay,2023-08-23T08:48:05.050312,2024-10-27T19:08:14.335574
43165,source,Isaac Mcdaniel,Thomas Patel,3277,campaign,indeed,2023-05-05T03:44:22.036552,2024-10-28T06:35:42.304879
69224,around,Mrs. Laurie Sutton,Cheryl Allen,128,about,tree,2023-08-16T23:46:58.714541,2024-06-27T19:38:35.540350
39439,same,Raymond Miller,Ashley Mckenzie,3599,order,commercial,2023-10-01T01:06:31.774903,2024-04-03T11:14:46.143437
69851,sense,Joseph Howard,John Jackson,2107,tell,shake,2024-04-16T11:58:00.742036,2025-01-12T08:54:01.077303
64972,maintain,Brittany Church,Charles Harris DDS,1362,bank,until,2024-01-25T20:30:11.412534,2024-09-14T01:30:25.240534
26530,girl,Timothy Sharp,Daisy Haney,1077,range,other,2023-10-19T22:13:22.897910,2024-06-12T09:01:00.200540
11518,candidate,David Hall,Brenda Hardy,2367,turn,truth,2024-05-27T17:35:44.398044,2024-12-16T13:12:04.430084
33890,form,Michael Jones,Jimmy Montes,585,build,radio,2023-09-28T18:47:05.473183,2024-06-02T03:53:48.282108
86204,suggest,William Morris,Yvonne Jones,2887,ability,history,2023-05-30T10:39:37.061341,2024-09-14T11:36:27.498064
78108,just,Jason Stewart,Joel Williams,3524,economic,pressure,2024-02-26T12:12:20.956476,2024-09-25T08:13:49.654441
12163,support,Kathryn Thompson,Jennifer Ali,113,professional,dream,2023-05-30T23:02:35.002890,2024-11-21T23:30:55.923683
28594,yet,Steven Owens,Keith Erickson,3034,recent,particular,2024-03-14T06:45:19.502904,2024-10-07T04:35:51.795772
27250,exactly,Destiny Herrera,Erin Singh,3129,kitchen,hour,2024-04-19T22:55:25.664785,2024-07-16T20:42:07.528401
95962,television,Douglas Reyes,Corey Durham,1144,investment,true,2023-07-13T00:48:05.257729,2024-04-13T12:59:58.375505
2592,though,Jennifer Owen,Heather Smith,1701,ability,should,2024-09-30T02:48:36.666308,2024-07-27T10:22:08.760276
81022,fast,Kathleen Smith,Nancy Spencer,3102,almost,budget,2023-09-15T15:03:11.509487,2024-04-23T03:44:10.643082
80373,student,Gregory Mendoza,Thomas Davis,844,reason,staff,2024-12-18T15:51:21.805825,2024-10-03T07:20:03.502895
48922,teacher,Erin Wagner,Jeffrey Allen,3549,safe,admit,2024-08-16T02:56:38.368686,2024-11-29T17:39:58.828760
20643,defense,Charles Andrews,David Cantu,3569,require,without,2023-12-25T16:10:51.247792,2024-03-24T19:35:15.122551
36282,total,Jill Cantu,Joe Myers,3209,school,decision,2023-04-07T00:12:25.495003,2024-12-02T09:48:31.776357
38423,ask,Amanda Aguirre,Nancy Fuentes,2547,understand,rich,2023-11-07T20:38:00.565306,2024-11-14T18:55:33.590407
2841,sell,Meredith Monroe,Jeremy Mooney,2811,become,three,2023-07-07T12:27:13.035764,2024-12-21T13:10:31.012462
82906,really,Robert Brandt,Michael Fuller,1483,city,else,2023-04-03T00:10:58.763781,2024-05-05T12:38:37.539950
85171,six,Jeffrey Walker,Jeremiah Barr,1705,always,oil,2024-02-23T08:50:32.829180,2024-02-06T15:17:06.737818
12845,when,Janice Ford,Jake Miller PhD,2084,early,professional,2023-04-14T23:53:12.498951,2024-11-18T16:55:24.930057
13637,dog,Laura Smith,Aaron Brown,558,mention,happy,2023-09-30T10:56:17.935095,2025-01-08T08:17:25.690440
60430,green,Ryan Wilson,Lisa Case,2680,difference,situation,2024-01-03T11:24:45.346374,2024-04-22T08:20:40.542623
48206,site,Deborah Villegas,Lisa Robbins,565,mouth,off,2024-10-18T00:21:19.831551,2024-09-16T23:25:39.075350
57725,summer,Crystal Perez,Cheryl Ramirez,216,control,study,2023-04-30T02:42:36.272737,2024-03-03T16:29:49.984572
85611,wonder,Deanna Oconnor,Michael Mays,595,yeah,huge,2024-01-05T05:18:16.413318,2024-04-21T15:45:11.007526
18334,understand,Joshua Sampson,Tiffany Macdonald,2341,trade,last,2024-11-06T02:20:15.906770,2024-12-12T03:16:38.696604
49518,month,William Ibarra,Amy Lowery MD,3292,source,structure,2024-01-07T08:12:06.753146,2024-10-25T10:18:14.159252
37124,rule,Andrea Smith,Scott Hardy,447,general,help,2024-05-01T13:28:10.615508,2024-12-26T15:33:17.029461
45574,citizen,Meagan Sanchez,John Hendrix,1000,likely,last,2023-09-07T22:39:16.173054,2024-03-09T17:45:41.017688
83841,add,Jocelyn Andrews,Kimberly Frazier,2444,word,finish,2024-11-16T02:39:16.043095,2024-07-12T06:18:17.970223
75179,although,Dawn Ford,Margaret Bishop,536,of,receive,2024-03-31T21:12:44.203334,2024-04-10T11:36:06.129650
85064,only,Gary Haynes,Mark Williams,1062,strong,explain,2024-01-24T11:33:14.453153,2024-09-17T04:56:17.602541
67939,positive,Kevin Henderson,Marissa Elliott DDS,2421,realize,clearly,2023-05-28T09:17:09.322798,2024-02-28T17:44:28.737211
42083,idea,Mr. Charles Nichols MD,Elijah Anderson,1289,be,other,2023-02-14T05:18:23.551653,2024-12-07T21:40:40.212482
24102,ahead,Samantha Wright,Teresa Gamble,1587,memory,quickly,2023-06-04T11:02:29.010592,2024-07-16T23:50:37.785040
57996,recently,Matthew Jenkins,Anne Sanders PhD,828,customer,common,2024-02-12T03:03:34.118019,2024-04-07T21:05:50.666932
78037,energy,Thomas Rowe,Natalie Lopez,315,discussion,light,2024-11-09T22:08:08.355572,2024-09-15T06:58:22.474482
48932,bill,Bradley Lozano,Brandon Hurst,937,begin,it,2023-08-27T00:08:12.078488,2024-08-18T03:55:45.895701
30152,this,Andrew Cook DDS,Diamond Garcia,2797,simply,impact,2023-03-19T11:48:36.661503,2024-01-30T21:44:22.036909
51455,modern,Maria Allen,Christopher Porter,817,drop,back,2024-03-24T15:42:04.220786,2025-01-07T23:40:22.654500
24987,event,Janet Rios,Karen Richardson,447,answer,year,2023-10-27T00:32:34.990809,2024-10-06T20:36:02.868374
82085,understand,Kim Tyler,Aaron Ward,1892,work,whether,2023-10-14T08:13:40.131331,2024-03-08T19:31:56.055427
39557,lead,Derek Brewer,Paul Clayton,3355,benefit,bag,2024-04-26T22:04:39.055819,2024-11-13T20:44:22.112765
57125,argue,Joseph Johnston,Lindsey Allison,3556,physical,choice,2024-05-18T17:33:46.037601,2024-04-03T23:45:58.006367
51103,bill,Samantha Lawson,Andrea Garrison,533,present,over,2024-10-01T01:49:30.834763,2024-12-14T16:07:37.404567
80780,I,Donald Williams,Patricia Dean,617,war,point,2024-02-09T10:05:23.767429,2024-09-21T01:35:34.774609
51196,include,Mrs. Mary Fischer,Sherri Harrison,2862,help,decision,2024-05-01T17:51:23.375209,2024-05-20T05:36:05.569246
15056,owner,Kayla Jackson,Jocelyn Weiss,1755,sit,scene,2025-01-03T12:39:50.100183,2024-11-22T09:27:26.374834
26853,quite,Emily Long,Mr. Travis Martin,707,Republican,give,2023-11-09T05:53:12.980381,2024-02-07T08:36:14.851026
664,people,Kevin Boyd,Joseph Clark,558,ready,religious,2023-05-19T04:43:09.541022,2024-02-27T01:56:09.206192
98747,upon,Mrs. Melanie Lawson,Justin Gardner,376,trouble,happy,2025-01-01T17:04:28.548315,2025-01-19T05:35:50.349483
8682,bring,Andrew West,Clifford Castillo,3012,little,song,2024-07-16T20:36:33.936974,2024-03-30T10:38:07.751655
69463,heavy,Phillip Leonard,Mr. Daniel Davis,1842,body,draw,2025-01-27T14:07:48.922280,2024-11-08T20:53:27.093180
5303,sound,Angela Anderson,Angela Mata,1202,fight,by,2024-12-20T05:14:31.957726,2024-03-05T23:09:46.128776
91466,shake,Michelle Coleman,Kristi Johnson,3411,discover,baby,2024-07-27T04:05:14.833169,2024-07-20T20:00:32.788820
80621,start,Catherine Thompson,Erin Jensen,1059,ground,reveal,2023-11-15T12:05:59.910356,2025-01-13T12:18:20.628052
62703,several,Stephen Little,Kristine Gardner,627,modern,evidence,2024-10-30T00:18:47.939490,2024-09-17T10:03:45.417887
63403,thus,Stephanie Perez,Dale Gray,1895,peace,have,2024-01-16T09:50:56.394051,2024-11-09T00:25:43.201436
73507,draw,Joann Durham,Steven Miller,3353,open,seem,2024-10-09T21:59:27.037943,2024-03-04T23:14:17.990081
956,increase,Rachel Harris,Alicia Berger,2679,study,instead,2024-02-29T19:51:54.979421,2024-06-22T09:31:52.570291
11998,former,Jennifer Martin,Julie Contreras,3422,financial,station,2023-09-23T08:31:02.916396,2024-03-01T04:35:02.796888
41034,toward,Dr. Shannon Wallace,Michael Wilson,3125,of,take,2023-07-14T01:12:26.759667,2024-12-07T14:01:31.389523
30958,bank,Dawn Young,Anthony Lopez,2754,take,result,2024-08-10T20:10:09.257233,2024-03-04T16:16:00.772958
51620,fact,Jason Vincent,Tyler Burton,398,strategy,thought,2023-12-01T00:51:09.578075,2024-09-16T06:12:02.497386
21273,reason,Jason Rangel,Margaret Butler,2401,should,expert,2023-02-28T00:03:41.127860,2024-11-29T03:25:35.858923
85415,stay,Mark Fernandez,Mr. Jared Walker,655,responsibility,we,2024-10-01T10:24:45.366895,2024-12-05T20:27:33.116945
35372,clear,Kyle Osborn MD,Michael Valdez,19,program,glass,2023-11-12T03:04:34.529485,2024-06-11T10:18:34.375398
55872,difficult,Kathy Griffith,James Obrien,442,enter,recently,2025-01-25T21:15:04.389059,2024-12-20T19:17:56.668176
20970,region,Stacy Merritt,Samantha Olson,3111,white,walk,2024-09-09T18:35:27.379295,2024-07-12T17:44:28.255633
7222,white,Shannon Lee,Matthew Robinson,474,prevent,large,2023-08-16T13:26:01.234064,2024-03-04T03:07:28.133269
44155,authority,Sabrina Hunt,Dr. Andrew Chase,1222,group,report,2023-05-07T12:54:04.998931,2024-10-05T11:23:25.437750
95437,pay,Katie Wolf,Amy Sullivan,1478,author,per,2023-06-19T06:59:17.052972,2025-01-02T17:33:23.117712
35441,food,Caitlin Kelley,Justin Rice,147,heavy,my,2025-01-11T18:25:32.407572,2024-02-21T00:41:21.932824
26204,single,William Evans,Colin Wolfe,1004,situation,peace,2024-09-09T06:05:46.584552,2024-02-25T18:26:02.743912
95385,the,Gary Freeman,Eric Navarro,95,these,key,2024-09-23T11:46:21.796954,2024-06-07T02:33:31.736965
46396,hit,Blake Farley,Gail Ramsey,3052,inside,produce,2023-10-29T21:55:46.240342,2024-05-19T19:31:10.289641
90342,nice,Kyle Johnson,Steven Webb,2742,attack,break,2023-11-27T01:43:44.485997,2024-09-28T02:38:28.382208
15704,least,Maria Baker,Laura Avila,1735,quality,true,2024-03-22T09:56:13.803797,2024-08-26T00:41:33.923917
88337,I,Madison Davies,Wendy Galloway,426,realize,realize,2024-03-28T14:53:32.392191,2024-10-03T07:32:37.795222
22888,per,Katherine James,Alexander Ford,3303,various,person,2023-05-21T16:55:43.042185,2024-09-02T01:55:36.670466
22597,beat,Corey Nguyen,James Tate,119,include,perhaps,2023-12-31T09:31:17.887125,2024-07-05T11:25:14.640704
57028,environmental,Stephanie Carr,Brandy White,819,computer,us,2024-03-21T06:39:30.103074,2024-08-02T06:50:31.946994
25979,religious,Thomas Gardner,Jason Daniel,3490,travel,how,2024-07-17T10:15:09.771077,2024-11-11T19:09:23.230958
60265,if,Jacqueline Alvarez,Christine Ramsey,3587,radio,country,2024-05-21T22:16:28.702125,2024-06-20T05:12:16.782748
64482,billion,Sean Miller,Cynthia Brooks,1635,piece,low,2023-08-14T04:32:06.749270,2024-10-07T01:49:32.657404
65072,more,Amy Bright,Sara Gonzales,421,middle,cut,2024-10-06T02:31:04.039451,2025-01-09T19:10:59.521544
87733,order,Diane Henry,David Edwards,152,three,north,2023-07-23T09:08:05.361042,2024-09-30T23:57:05.525556
7721,raise,Mark Owens,Shaun Woods,2840,less,me,2024-11-15T06:11:17.725149,2024-08-12T18:14:08.086630
30447,clear,Julie Gonzalez,Emily Hammond,3105,maybe,cover,2024-08-18T07:56:16.755357,2024-09-30T21:49:39.786653
65070,paper,Amanda Kirby,Leslie Beck,217,five,official,2023-05-21T18:50:01.859213,2024-02-02T22:34:25.668537
92363,free,Anita Jackson,Tammy Taylor,2491,art,into,2024-10-14T13:09:32.882816,2025-01-15T02:08:05.075000
46749,during,David Cook,John Shaw,712,bar,factor,2024-02-21T20:35:47.858987,2024-04-22T20:47:02.947433
73247,class,Sandra Lewis,Alexandra Gibbs,3504,official,nature,2023-02-06T10:02:52.312020,2025-01-24T17:23:22.830423
74702,away,Barbara Sellers,Ryan Lamb,1114,brother,while,2024-07-24T09:23:52.511672,2024-05-30T07:41:02.320432
92301,spring,Trevor Deleon,Jodi Fowler,76,pressure,boy,2024-08-08T09:03:16.220361,2024-03-11T08:47:50.037459
81720,top,Travis Mccann,Mallory Schwartz,3125,my,clearly,2023-03-16T19:09:47.754577,2024-03-25T05:30:19.510533
38339,operation,William Pena,Erika Coleman,2306,minute,mention,2024-06-08T00:03:05.078756,2024-07-16T12:31:16.043849
45382,people,Patricia Middleton,John Schneider,2098,vote,success,2023-03-15T06:18:33.424397,2024-09-03T08:18:09.436558
7324,suffer,Monique White,Scott Mclaughlin,1101,pull,animal,2023-02-13T18:13:23.476107,2024-10-31T00:49:22.376751
21947,year,Glenn Willis,Isaac Price,3301,avoid,concern,2024-03-05T05:15:20.980954,2024-03-05T06:06:40.745128
96295,marriage,Rebecca Young,Michelle Wood,1296,blood,idea,2024-12-19T20:42:18.760228,2024-07-23T08:53:40.960353
17821,benefit,Mary Ramos,Dakota Logan,3196,tell,notice,2024-08-25T04:31:30.774528,2024-06-03T20:02:27.181245
86107,major,Zachary Mendoza,Daniel Roberts,1840,along,yeah,2024-12-01T09:39:14.063001,2024-04-25T20:25:20.687407
58754,oil,Anthony Hardin,John Cooley,572,coach,grow,2023-07-13T17:05:40.854195,2024-02-28T09:28:24.143543
78219,politics,Michael Reynolds,Charles Dawson,1736,professor,table,2023-08-17T06:59:28.352440,2024-12-31T07:43:02.290981
6903,my,Diane Johnston,Alfred Barnes,1208,relate,your,2024-02-08T09:43:21.083555,2025-01-20T11:41:25.004555
51922,guy,Alan Vargas,Seth Ryan,2863,model,glass,2023-04-06T22:00:21.395601,2024-03-23T22:56:06.641948
30181,scene,Taylor Mccall,Edgar Gregory,1601,nation,talk,2024-12-02T04:06:56.549672,2024-03-25T23:11:08.632713
4050,Mrs,Austin Larson,Maria Vang,1210,marriage,usually,2024-05-10T21:49:25.217306,2024-09-29T12:09:30.410810
45840,issue,Michael Patterson,Stephanie Petty,1781,society,interesting,2024-09-04T10:29:58.618009,2024-12-28T18:27:17.139871
82716,popular,Joseph Ramsey,Phillip Lucero,1917,leave,administration,2024-07-13T09:43:07.184237,2024-08-20T01:12:32.472065
7906,rule,Angela Kelly,Maxwell Myers,2604,eight,low,2023-02-20T00:26:51.707945,2024-10-18T09:11:08.431966
6933,board,Jonathan Campos,Victor Mcguire,2458,safe,institution,2023-02-01T04:04:00.247844,2024-04-11T02:20:50.921792
87465,church,Audrey White,Krista Campbell,2088,thank,alone,2024-05-04T21:56:27.501828,2024-09-13T23:05:40.006002
33653,important,Curtis Griffin,Sarah Ali,2441,practice,officer,2023-11-15T17:32:22.906854,2024-09-02T01:48:48.086344
62106,here,Alison Larsen,Maria James,359,north,song,2023-04-06T19:03:43.876449,2024-02-13T00:28:38.229669
16715,space,Lisa Lee,Robert Thompson,1576,themselves,add,2024-12-26T12:13:38.210149,2024-10-29T04:32:19.013813
11246,note,Ronald Kim,Lori Carroll,2915,they,rule,2024-12-14T00:22:00.805253,2025-01-18T06:46:56.562901
83114,military,Nathan Alexander,Jessica Lee,885,second,dinner,2024-08-13T18:35:32.377212,2024-04-21T20:57:07.619282
56908,figure,Kristina Bautista,Carol Navarro,395,college,fall,2023-08-26T15:55:22.718890,2024-07-19T23:53:53.643775
13733,two,Brian Martinez,Raymond Flynn,1019,stay,last,2024-02-29T13:49:53.492001,2025-01-14T08:39:36.680853
65732,common,Jessica Garner,Sabrina Russell,913,development,break,2023-09-08T07:26:58.996054,2024-02-29T17:16:49.526968
20176,wall,Adrian Ortega,Laura Chen,3161,trip,inside,2023-05-03T01:54:47.848861,2024-04-03T21:07:32.947532
40581,want,Jason Deleon,Troy Scott,3258,environmental,blood,2023-07-06T02:43:49.605177,2024-01-31T18:44:15.587327
7675,focus,Keith Cox,Carolyn Castro,97,establish,wide,2024-02-29T00:12:57.261239,2024-07-15T09:18:45.937247
98457,sense,Steven Adams,Carolyn Chung,2780,ability,guess,2023-09-26T13:22:20.293917,2024-04-27T14:27:12.842011
96899,return,Sheila Acosta,Thomas Burke,2908,PM,it,2024-12-09T11:08:44.094978,2024-02-13T15:34:22.453526
92465,message,Zachary Brown,Nicolas Taylor,2751,necessary,prepare,2024-04-04T03:01:02.360130,2024-06-03T07:57:29.043088
86675,kitchen,Jonathan Anderson,Jamie Rogers,1095,girl,next,2024-05-12T01:24:45.986998,2024-09-25T05:55:23.473102
12489,town,Jeffrey Patel,Becky Lang,2554,seem,see,2024-03-30T00:05:29.437479,2024-11-19T20:53:49.382092
70842,research,Yolanda Robinson,Emily Clark,2418,town,beautiful,2023-04-07T15:54:41.375734,2024-02-07T21:12:27.157491
49360,option,Danielle Reynolds,Martha Wilson,1046,we,sense,2023-06-03T08:17:38.087108,2024-08-28T12:00:10.378474
68421,visit,Kayla Brown,Michael Carter,604,space,dog,2023-01-31T03:33:30.488147,2024-06-08T21:29:41.458370
93733,leg,Rebecca Hester,Ashley Oneill MD,85,understand,education,2023-06-27T04:45:12.228642,2024-10-23T01:24:20.652477
43450,name,Wayne Allen,Mark Rice,2753,personal,about,2023-11-02T01:46:26.931546,2024-05-29T04:47:12.390707
13963,end,Matthew Castillo,Travis Powell,1659,follow,between,2024-07-09T20:47:40.306166,2024-05-06T08:05:21.632695
85114,pattern,Andrew Arnold,Andrew Davis,2303,nearly,center,2023-05-06T18:00:16.197647,2024-06-24T15:33:46.425926
24244,investment,John Rivas,James Nelson,3295,person,give,2025-01-03T18:33:06.199325,2024-10-06T09:35:52.801329
39348,baby,Charles Banks,Cynthia Gilbert,7,physical,only,2023-08-24T10:55:33.472538,2024-02-02T08:25:34.982705
22406,trade,Brian Villanueva,Jacqueline Baker,949,still,trade,2024-08-01T09:37:28.681619,2024-05-25T20:06:46.044783
33628,foreign,Taylor Bailey,April Hudson,2862,east,evening,2023-09-10T23:33:01.435109,2024-05-11T11:02:33.359757
20196,form,Cody Schneider,Ryan Alvarez,3368,seem,break,2024-02-10T19:59:00.359658,2024-07-26T08:42:54.032211
81871,green,Angela Watson,Joseph Obrien,853,moment,result,2023-06-10T10:10:55.408487,2024-08-23T20:42:34.774647
79349,seek,Mary Young,Dr. Madison Mckenzie,2426,place,wide,2024-02-05T18:15:58.316541,2024-04-03T11:48:11.571282
96765,increase,Paula Murphy,Nicholas Hall,2419,room,according,2023-02-07T02:49:47.267952,2024-10-30T23:57:21.411316
41453,start,Christian Sparks,Shane Duarte III,1245,letter,mission,2024-10-12T06:24:08.614076,2024-11-30T00:03:47.840011
90803,avoid,Kathleen Castro,Timothy Martinez,3035,concern,remain,2024-02-12T12:13:49.099956,2024-05-06T04:24:46.682479
40595,begin,Frederick Torres,Kelly Moore,3304,recent,day,2024-10-31T18:11:17.687937,2025-01-18T02:40:06.749216
52726,surface,Michelle Santos,Harry Rhodes DDS,1653,only,rest,2023-09-13T22:56:04.367394,2024-09-02T17:39:16.480526
40369,offer,Edward Jones,Cristina Brooks,2168,music,long,2023-12-01T15:55:29.579994,2024-12-07T07:56:23.009452
51893,south,Michelle Moore,Brent Cohen,3488,rest,politics,2023-08-15T06:36:20.749850,2024-12-25T17:21:20.400229
22268,no,Timothy Whitehead,Joshua Thornton,1859,wrong,movie,2023-03-03T19:10:12.045816,2024-10-23T19:54:19.498486
1351,most,Sierra Roberts,Paul Hill,3302,lot,food,2024-03-07T15:01:11.646359,2024-03-20T09:45:15.601086
34919,minute,Michael Hughes,Christopher Dawson,3413,result,meet,2024-01-31T15:09:39.792712,2024-06-18T20:37:11.752965
15256,raise,Brendan Whitehead,Elizabeth Jones,1250,age,yet,2024-02-26T03:54:49.789538,2024-12-31T08:10:01.921144
95616,structure,James Howell,Janice Gill,302,check,market,2023-06-06T06:23:09.507085,2024-05-25T04:57:33.866442
3208,surface,Karen Martinez,Aaron Hicks,1315,memory,price,2024-07-11T06:27:00.915597,2024-12-29T18:18:22.252681
24596,guy,Daniel Rodriguez,Lauren Gonzales,89,goal,week,2023-12-15T12:25:52.558331,2024-03-21T06:38:01.797172
54264,think,Amanda Evans,Joseph Hill,1057,country,store,2023-08-15T07:38:49.546136,2024-10-07T16:46:03.117581
18428,participant,Patricia Anderson,Cameron Wong,3550,grow,under,2023-08-20T21:11:10.141960,2024-04-01T23:31:09.893119
54592,actually,Michelle Cook,William Tran,2124,water,option,2023-07-09T03:05:20.209351,2024-05-24T17:47:42.132346
37686,concern,Mary Massey,John Smith,699,moment,air,2023-12-13T16:04:09.224881,2025-01-03T20:28:07.881510
23603,manage,Amber Bailey,Elizabeth Brown,2782,create,education,2025-01-23T13:22:21.865707,2024-05-22T07:46:45.440728
87723,themselves,Rebecca Horn,Lucas Butler,3569,sit,mother,2023-07-24T07:51:22.392286,2024-08-09T19:53:20.932961
40600,pay,Christopher Smith,Chris Anderson,1825,season,few,2024-03-30T04:57:30.655778,2024-07-22T19:54:05.354967
80499,but,Matthew Harris,John Hopkins,1904,his,get,2024-04-25T23:25:55.287608,2024-10-22T00:26:46.220350
72473,bed,Michael Gray,Rebecca Turner,862,use,against,2024-11-08T14:44:28.049240,2024-05-30T08:25:51.099528
89987,doctor,Katie Delgado,Garrett Russo,2838,draw,reflect,2024-02-23T07:53:22.280162,2024-06-24T10:47:23.700058
24859,education,Annette Cook,Nicholas Mason,2654,involve,section,2024-11-21T23:15:12.087941,2024-05-25T17:58:24.291770
37285,investment,Nathan Spencer,Adam Wright,3297,growth,car,2024-01-07T09:07:19.444102,2024-06-09T19:43:20.569713
45251,something,Denise Wright,Nancy Mayer,2827,north,center,2023-12-11T08:53:58.164574,2024-02-23T21:33:20.875277
32120,child,Jonathan Sanchez DVM,Melissa Sanchez,1524,international,lay,2024-06-07T03:40:06.931029,2024-07-26T18:47:42.190840
28372,growth,Adam Moore,Michael Cain DDS,211,nice,both,2024-06-30T23:27:31.487273,2024-03-11T18:05:00.912971
68448,sense,Colleen Fisher,Christy Martinez,2380,station,skill,2024-04-09T14:02:27.610726,2024-10-19T10:37:54.960317
6398,store,Tara Campos,Robert Richardson,3006,senior,risk,2024-03-22T07:13:38.605844,2024-07-14T18:16:08.577540
54379,standard,Tammy Hansen,Julie Nixon,3196,nice,similar,2024-07-29T18:14:21.461345,2024-03-06T18:51:17.664576
49611,majority,Justin Perry,Kelly Stevenson,3473,sea,bar,2023-07-08T18:15:38.205857,2024-12-19T11:51:12.817379
9541,as,Jeffrey White,Kristin Williams,3198,experience,although,2024-05-18T20:44:17.095785,2024-12-09T11:28:37.261569
37842,medical,Sherri Calhoun,Jeremy Frank,2833,drive,cultural,2024-05-12T07:52:51.060905,2024-07-15T00:50:10.248787
64734,receive,Elizabeth Smith,Patrick Shepherd,1279,of,page,2023-09-02T13:49:17.805625,2024-01-30T09:14:56.474062
24067,small,Kimberly Patel,Jacqueline Garcia,2773,stand,want,2024-11-28T22:01:37.182919,2024-12-15T03:04:39.755895
3540,save,Connie Fowler,Ebony Benitez,1903,tax,once,2024-08-25T06:06:50.805973,2024-12-04T17:36:31.573226
65649,debate,Jennifer Cannon,Jasmine Williams,2937,candidate,next,2024-02-01T23:33:29.768016,2024-12-25T18:25:08.544968
25589,or,Riley Waller,Melanie Williams,2522,development,outside,2023-04-26T20:27:29.478941,2024-08-30T06:30:34.139937
89009,because,Michael Gilmore,Rodney Ellis,565,police,herself,2024-09-08T02:37:42.863478,2024-02-15T23:44:36.301217
87973,resource,David Orr,Norma Reynolds,1056,hotel,concern,2025-01-07T06:26:26.844356,2024-08-21T09:09:27.214350
75181,laugh,Todd Ramirez,Anthony Hensley,2329,within,popular,2023-10-06T09:16:31.382087,2024-10-14T12:42:13.486859
41203,according,Jeffery Davenport,Paul Sherman,3502,him,task,2024-09-23T23:07:33.304944,2024-03-03T18:30:27.215848
1053,soon,Brenda Morrow,Vanessa Jones,1163,chair,show,2025-01-09T19:39:41.897234,2025-01-25T20:16:19.675978
25689,view,Anthony Carr MD,Ricardo Holt,2269,various,PM,2023-08-30T12:22:35.524132,2024-03-02T23:47:36.369191
48780,six,Michael Coleman,Mary Gonzales PhD,320,several,environmental,2024-01-10T15:40:30.209228,2024-10-25T06:22:27.337097
95341,writer,Joseph Garza,Kevin Wang,2642,attorney,environment,2023-12-21T01:17:21.381278,2024-04-23T09:42:47.302929
71397,special,Julie Tanner,Michael Jones,3362,data,window,2024-08-07T13:07:28.237528,2024-08-04T18:16:03.818704
35328,hair,Hannah Beltran,Christian Shelton,730,military,sound,2024-09-20T05:23:03.715361,2024-09-12T22:53:41.709187
78961,throw,Meagan Mills,Angela Johnson,1058,wrong,list,2023-10-12T18:26:21.183140,2024-09-30T03:35:10.595201
98570,long,Robert White,Holly Andrade,346,state,century,2024-06-12T06:48:20.863995,2024-08-22T10:57:36.161119
95101,accept,Stephanie Smith,Pamela Buckley,261,television,space,2025-01-18T09:01:01.999101,2024-12-15T14:02:14.090053
34864,economic,Shane Walker,Tammy Fry,1576,western,provide,2024-09-25T23:57:21.654232,2024-09-28T07:23:39.768357
23545,live,Jeffrey French,Susan Owens,2781,situation,end,2023-10-11T21:42:56.538308,2024-06-04T15:44:36.771204
14241,pass,Anthony Soto,Daniel Ashley,2044,their,leader,2024-06-02T22:21:19.290485,2024-10-20T11:01:31.513604
68166,see,Daniel Wood,Richard Mcdowell,2103,shoulder,edge,2023-03-06T02:41:46.257448,2024-12-01T08:13:47.200358
72319,skill,Amanda Reese,Christopher Fowler,250,write,center,2023-09-07T09:53:28.898970,2024-12-24T11:19:53.358103
16021,garden,Wendy Young,Holly Johnson,1951,gas,until,2023-11-26T17:10:49.398292,2024-09-27T03:39:39.519051
4583,model,Savannah Fitzgerald,Rebecca Savage,2446,subject,source,2024-10-07T09:51:27.840907,2024-03-26T09:35:56.793201
62562,tell,Vanessa Rodriguez,Catherine Williams,2542,strategy,through,2025-01-02T14:44:37.600202,2024-11-30T17:32:37.286166
39200,they,Katrina Taylor,Michael Garza,2132,may,cold,2023-06-01T14:20:40.399809,2024-04-06T08:57:43.064565
70971,seem,Dustin Edwards,Robert Wells,209,together,team,2023-04-28T19:11:52.171041,2025-01-04T04:15:39.729696
63700,day,Donald Benton,Eric Singh,1827,attack,all,2023-03-16T03:23:22.635208,2024-06-12T20:45:05.656768
2509,meeting,Katherine Robinson,Christopher Medina,1556,machine,number,2023-03-20T19:50:10.856899,2024-06-10T19:17:06.002049
15287,suggest,Beverly Sutton,Joshua Miller,61,a,decision,2023-08-08T12:26:20.291825,2024-07-06T05:56:33.570077
85880,similar,Mr. Joseph Bryant DDS,Glenn Perez,551,according,nice,2023-08-30T23:04:01.133948,2024-10-01T09:19:33.237487
69408,admit,Jordan Hill,Colleen Joseph,2007,capital,store,2023-09-25T05:28:43.720621,2024-04-10T16:02:57.221663
25139,laugh,Jason Schneider,Andrew Nelson,3228,already,west,2024-07-01T02:00:36.279960,2024-03-18T01:44:00.483516
75868,carry,Annette Arnold,Bobby Bennett,950,movement,break,2023-03-09T06:42:26.159722,2024-03-09T14:48:33.206727
12735,know,Ann Huff,Steven Boyd,3303,enter,end,2024-07-07T10:07:25.895109,2024-04-25T22:27:05.873628
3225,lose,Taylor Estrada,Mary Martinez,1946,method,evening,2023-08-19T14:46:56.428721,2024-07-11T09:06:57.186425
91455,throw,Gina Johnson,Brittany Kim,2614,nearly,price,2024-07-31T09:33:07.781307,2024-06-13T11:57:52.343825
32039,glass,Sandra Escobar,Joshua Casey,1039,vote,Congress,2023-07-01T02:40:58.593286,2024-05-09T18:17:33.234949
58074,such,Lauren Combs,Jason Butler,3408,find,real,2024-04-23T00:31:46.438825,2024-08-25T19:32:17.297406
23944,move,Stanley Mccarthy,Richard Mcintyre,3401,garden,successful,2024-10-09T07:53:59.501962,2024-07-04T18:37:42.136853
27636,go,Devin Johns,Carrie Stewart,989,natural,note,2024-08-22T10:56:49.693232,2024-09-10T12:11:39.426275
98207,eight,Jacob Jones,Justin Salazar,261,Congress,notice,2024-06-22T20:50:10.830693,2024-06-09T21:04:34.359462
22858,year,William Arnold,Jeffrey Murphy,453,trade,among,2023-06-02T10:42:21.613116,2024-04-30T21:24:40.821573
37026,fly,Joshua Martin,Matthew Roberts,1300,research,way,2024-05-01T22:53:02.966460,2024-05-06T20:22:17.514487
25607,serve,Ian Miller MD,Bradley Eaton,2824,instead,wear,2024-11-13T15:54:16.739739,2024-09-23T18:26:15.557317
79618,child,Robert Gonzales,Wanda Morrison,330,usually,check,2023-04-05T15:58:48.355202,2024-12-30T09:46:55.767719
9032,room,Katherine Simpson,Maria Luna,1401,again,sense,2024-10-14T06:33:40.601015,2024-06-24T06:00:14.624109
78639,day,Jerry Smith,Ian Holland,694,quickly,call,2023-11-08T08:08:44.686549,2025-01-21T12:34:02.056565
47771,how,Carla Robinson,Jacob Warren,3216,finish,effect,2023-01-29T23:26:05.018919,2024-10-03T22:56:49.839730
20862,receive,James Bailey,Kenneth Gill,2554,to,impact,2024-01-23T10:48:35.450688,2024-08-24T09:33:30.955083
88047,fire,Lori Combs,Ryan Gay,2689,win,family,2023-04-25T18:54:09.878505,2024-03-11T02:38:54.883140
18429,particularly,Sandra Lee,Joseph Williams,833,force,sometimes,2023-05-10T17:05:27.951060,2024-11-23T10:39:01.538906
25513,all,Jennifer Harrell,Phillip Roberts,629,power,north,2023-10-20T01:47:04.313334,2024-09-19T01:39:03.938528
53265,goal,Felicia Miller,Lisa Weber,3066,easy,foot,2024-11-28T15:25:44.248759,2024-03-14T09:24:09.688799
42976,finish,Catherine Simmons,Felicia Brown,2618,rule,election,2024-10-20T08:30:00.313744,2024-03-21T23:15:47.701009
25270,card,Troy Murphy Jr.,Jacob Morse,1343,avoid,anything,2024-08-19T13:11:37.813440,2024-11-15T17:20:56.816004
75130,line,Troy Chan,Timothy Gay,2162,benefit,hope,2024-11-03T00:21:44.312980,2024-10-21T11:35:00.166814
28669,us,Ashley Bowen,William Morgan,2623,year,second,2024-04-12T06:22:24.053964,2025-01-25T01:58:31.098628
94993,including,Ian Henderson,John Jones,1513,though,concern,2024-04-24T14:39:10.124431,2024-05-11T20:09:13.662277
53575,ever,Jon Keith,Scott Floyd,2016,away,relate,2024-09-09T07:43:54.597216,2024-03-07T01:49:57.994913
27836,quickly,Jasmin English,Joy Dickerson,531,rule,little,2024-05-09T11:44:42.582494,2024-09-27T03:36:33.278362
92882,admit,Lauren Flynn,Tamara Porter,1082,nor,professional,2024-07-12T07:09:58.776130,2024-03-10T22:26:21.880389
59026,pressure,Robert Estrada,Megan Phillips,2148,we,prevent,2024-05-21T22:13:45.168597,2024-10-01T03:08:36.389113
8595,first,Jennifer Martin,Javier Miller,2446,also,prevent,2024-07-30T00:17:12.432665,2024-08-15T08:20:51.074031
25535,ability,William Fisher,Michael Jensen,358,those,image,2024-12-16T10:30:17.709179,2024-11-03T19:47:40.064313
13176,ball,Cindy Rodriguez,Darrell French,3257,upon,interest,2023-08-12T05:42:29.103494,2024-04-01T01:43:20.755009
57511,little,Ryan Carrillo,Erica Jones,1819,trial,song,2024-11-08T14:21:23.651390,2024-04-02T01:04:30.013014
94311,must,Kimberly Wilson,John Martinez,1097,between,scientist,2023-04-10T17:23:33.594446,2025-01-17T21:25:14.296158
92723,of,Alan Robertson,Patricia Scott,2608,tax,yet,2024-04-17T12:30:07.634516,2024-09-09T18:43:25.591901
47951,organization,Eric Blair,John Dunn,2649,form,executive,2023-06-07T05:24:10.891503,2025-01-05T06:42:06.498051
72032,pick,Angela Mueller,Mr. Randall Smith DDS,1210,involve,book,2023-12-16T16:17:08.931729,2024-05-06T10:23:36.605187
21593,road,Mark Weber,James Hernandez,3063,should,single,2025-01-16T03:04:52.458765,2024-11-01T07:46:59.773798
11834,four,John Reed,Samantha Wilson,2338,certain,worry,2024-05-08T00:57:33.965594,2024-08-14T12:06:33.142639
12512,writer,Steven Barnett,Jennifer Ford,1453,including,movie,2024-08-31T22:13:38.799454,2024-06-18T05:31:11.828088
22543,bad,Debra Thompson,Amber Hall,1361,box,thank,2023-12-27T06:57:33.524011,2024-05-15T13:05:17.360132
89917,man,Margaret Anderson,Catherine Munoz,576,business,ten,2023-05-06T00:39:56.058917,2024-08-03T01:07:20.038067
72063,whole,Leslie Jones,Jeffrey Zimmerman,3239,nothing,protect,2023-04-24T05:40:36.440612,2024-08-26T04:27:53.224950
3045,opportunity,James Jefferson,Joanne Ayala,2981,mind,whether,2023-06-16T16:11:15.577610,2024-08-08T05:27:34.319874
73210,political,Christine Norton,Sheryl Sanders,3195,raise,approach,2024-07-25T23:06:23.008789,2024-11-16T21:27:05.560449
32604,deal,Melissa Perry,Dr. Linda Green,2524,finish,admit,2024-10-15T11:29:21.417670,2024-08-07T02:21:08.712090
36272,social,Joann Soto,Dawn Brown,2746,program,benefit,2023-04-21T00:27:18.128246,2024-06-26T11:11:09.622736
47178,set,Mrs. Traci Wilcox,Robin Perez PhD,2067,summer,stop,2023-10-31T13:33:32.873555,2024-07-24T04:04:39.691787
80980,north,Dominique Clark,Cole Neal,2283,most,cause,2024-05-28T23:23:29.016749,2024-09-14T12:03:57.553461
34712,bill,Jason Harvey,Michael Coleman,3563,friend,hand,2023-02-16T10:28:25.157589,2024-04-13T09:33:49.771124
98290,material,Justin Wilson,Sean Wilson,3470,of,ask,2023-05-17T15:14:42.967350,2024-08-14T01:39:27.383722
91461,cover,Maria Morales,James Mann,1036,attack,game,2023-04-15T06:56:14.624100,2024-05-20T13:45:14.281655
76816,seven,Mark Owen,Joel Roberts,3591,necessary,happy,2023-11-23T03:34:36.460434,2024-06-27T07:57:27.963223
21597,wind,William Smith,Cody Brown,690,environment,box,2023-08-13T05:01:24.193423,2024-03-13T03:06:14.706757
23809,experience,Christopher Franco,Misty Scott,3372,case,some,2023-12-28T23:25:34.503954,2024-03-07T22:42:16.200669
11145,form,James Reed,Kimberly Richmond,811,keep,agent,2024-01-31T00:33:30.002182,2025-01-11T16:03:15.980922
35968,live,David Smith,Kelsey Hanson,2110,send,society,2023-08-04T18:53:57.543327,2024-12-07T15:49:33.445687
69877,newspaper,Curtis Garcia,Jennifer Meyer,2594,budget,north,2024-02-10T05:03:01.579093,2024-05-31T01:31:55.348688
62772,report,Katelyn Wu,Jeffrey Richardson,3585,health,daughter,2023-12-23T17:10:47.909521,2024-10-01T07:19:37.202438
75518,visit,Stephen James,Kayla Ortega,1986,support,end,2024-09-22T03:41:13.782773,2024-09-07T16:18:11.789359
80392,north,Daniel Smith,Jennifer Mahoney,2195,involve,purpose,2023-06-02T00:20:01.739404,2024-06-24T20:09:55.565644
98064,fact,Chris Allen,Joseph Brooks,1386,prevent,also,2023-02-06T14:40:58.879882,2025-01-02T10:29:25.543852
4517,recent,Alex Cook,Amanda Gonzalez,203,I,item,2024-12-05T05:27:43.463371,2024-05-06T01:16:15.640534
82516,since,Lori Jones DVM,Clayton Morris,671,after,little,2023-03-26T09:54:53.804483,2024-02-10T22:42:08.902887
11636,oil,Mary White,Dale Barnett,267,you,political,2023-03-14T01:00:18.835643,2024-06-08T09:19:06.544703
41311,middle,Yolanda Adams,Alan Norton,853,final,financial,2023-07-22T07:01:35.743428,2024-09-30T18:34:12.340159
48034,behind,Donna Burke,Gina Khan,1856,close,end,2024-02-03T02:36:48.996830,2024-07-26T04:26:34.490877
58189,that,Tom Clayton,Katrina Johnson,1932,either,student,2024-08-01T20:37:37.489324,2024-03-15T06:56:36.166316
90641,himself,Mrs. Debbie Hayes,Alexandra Moses,2426,serious,speak,2023-09-20T07:00:30.436419,2024-12-12T06:16:49.903725
16758,man,Lisa Adams,Melissa Lopez,3541,company,child,2024-07-06T03:19:08.648681,2024-07-19T07:07:14.751561
70244,technology,Daniel Green,Shannon Thomas,1310,poor,fact,2023-05-25T10:44:58.437624,2025-01-07T04:26:12.253778
18931,mouth,Joel Alexander,Lauren Marquez,3196,against,good,2023-07-23T10:03:26.183934,2024-03-31T15:25:22.357353
82953,wrong,Alex York DVM,Patrick Stevenson,3485,say,hotel,2024-06-29T06:00:35.192347,2024-09-01T05:14:48.144640
69894,follow,Bailey Payne,Philip Thompson,2339,young,marriage,2023-07-27T05:12:10.847511,2024-12-20T16:03:31.568482
13690,time,Joshua Baker,Tiffany Austin,653,other,exactly,2023-08-19T04:34:02.260401,2024-05-10T15:53:58.030108
70543,room,Lawrence Torres,Wesley Johnson,137,yeah,expert,2023-08-21T05:50:48.481405,2024-04-11T01:00:43.131829
47180,become,Caitlin Johnson,Carolyn Doyle,2167,message,and,2023-07-31T21:05:55.141603,2024-11-16T04:10:39.511242
63056,throw,Daniel Raymond,Brandon Sullivan,80,happen,government,2024-08-03T12:24:09.075577,2024-07-22T15:42:06.709133
77342,agent,Guy Williams,Justin Burke,514,south,itself,2024-09-04T05:40:09.301731,2024-06-14T17:24:24.703905
28644,read,Tammy Martinez,Deanna Obrien,2820,ability,south,2024-01-26T16:13:46.581004,2024-09-27T03:36:06.466238
61544,coach,Lisa Clayton,Lindsay Graham,2619,growth,simple,2023-09-26T12:35:03.439636,2024-03-26T18:30:03.314116
12167,mention,Robert Randall,Jeanne Anderson,2256,daughter,fire,2023-10-24T19:39:57.647730,2024-03-21T06:11:31.730239
63243,rock,David Wood,Christian Williams,3499,beat,though,2023-09-24T10:27:48.151062,2024-12-29T21:36:48.849066
18088,sound,Michelle Choi,Manuel Miller,285,employee,store,2023-10-02T00:07:19.823645,2024-05-13T12:28:45.726841
34497,material,Jesse Little,Kevin Nichols,3004,throw,use,2024-02-03T07:51:00.383568,2024-08-28T18:32:46.688519
32975,oil,Matthew Terry,Andrew Jones,2751,state,economic,2023-09-28T02:54:20.285969,2024-11-13T09:31:53.781420
71013,within,Dr. Jerry Powell,Carolyn Johnson,3271,example,nothing,2023-10-05T10:52:38.238365,2024-10-10T11:12:27.810181
71850,may,Jennifer Medina,Desiree Cruz,2519,whatever,right,2024-02-06T18:46:46.773471,2024-09-02T01:45:28.423784
62173,government,Stephanie Holmes,Tina French,3477,bank,newspaper,2025-01-03T03:54:39.237100,2024-03-07T06:18:14.908497
12895,I,Robert Cook,Melissa Bennett,3454,rate,movement,2024-06-03T17:09:01.212319,2024-03-24T06:11:04.261843
34013,figure,Alexander Ortiz,Dr. Brittany Rocha,3020,clear,high,2023-10-14T10:59:37.651134,2024-01-31T14:37:00.815535
60264,opportunity,Wendy Norton,Susan Gilmore,748,back,perform,2024-04-04T14:43:30.448157,2024-07-17T22:46:44.503785
90400,near,Abigail Knapp,Daniel Burton,209,make,not,2023-03-31T17:56:05.231028,2024-12-20T18:32:32.154379
63625,your,Rebecca Salazar,Melissa Bates,2941,power,trade,2024-04-06T19:25:20.621099,2024-02-12T04:46:40.120450
90892,people,Natasha Craig,Travis Oconnor,1868,interesting,model,2024-09-23T00:07:58.561275,2024-04-03T00:30:42.181265
45015,cover,Michelle Hayes,Michael Tucker,159,agent,executive,2024-11-05T02:22:32.140915,2024-10-29T23:38:13.741008
9107,room,Diana Moody,Nancy Porter,1178,control,sit,2024-09-03T16:16:15.787281,2024-10-30T13:21:51.530896
65469,eye,Oscar Miller PhD,Jeffrey Hayes,1781,again,friend,2024-05-09T04:55:12.420775,2024-07-27T21:57:28.554534
4783,majority,Heather Jones,Michael Davis,2225,effort,place,2023-03-11T14:28:39.897330,2024-03-10T03:31:27.658916
7106,TV,Theodore Bentley,Natalie Larsen,2243,itself,visit,2024-06-25T04:13:11.923533,2024-10-27T16:47:44.577599
33003,test,Angela Cisneros,Mr. Kelly Carter,2475,fear,lead,2024-08-23T22:00:56.781640,2024-10-28T03:53:47.186233
27771,hundred,Robert Evans,Kelly Donaldson,2644,chance,old,2023-04-16T11:01:42.641998,2024-10-05T01:50:23.244592
47687,forward,Donna Moreno,Jessica Berry,3257,kid,treat,2023-06-19T10:53:58.787808,2024-09-03T02:32:22.921470
90867,entire,Andrew Chavez,Ann Jackson,2548,for,parent,2023-02-06T01:13:37.349565,2024-10-26T11:40:05.762111
7829,reduce,Grant Larsen,Jennifer Williams,796,cup,need,2023-05-22T10:35:25.144946,2024-10-31T13:03:56.675706
69021,wear,Diane Flores,Joshua Black,2277,wall,physical,2024-10-13T15:39:48.684985,2024-12-12T21:33:06.872173
40443,side,Donald Clark,Amanda Lee,944,control,there,2023-07-31T06:56:56.439650,2024-11-17T12:23:54.194900
25053,later,Michael White,Shelby Acosta,2886,bank,necessary,2023-07-11T13:56:23.851478,2024-08-12T01:55:36.278816
63254,factor,Dylan Jones,Michael Castillo,70,eye,alone,2024-07-04T05:39:41.708972,2024-04-05T06:31:32.633443
57764,local,Michael Williams,Joshua Moore DDS,2132,east,for,2024-12-12T09:11:47.771394,2024-03-31T21:34:47.980997
33062,claim,Larry Gibson,Heather Adams,3316,impact,book,2023-09-25T07:52:34.779458,2024-04-02T11:44:16.384844
47258,man,Michael Evans,Kimberly Vega,2591,data,success,2023-08-06T01:42:58.745830,2024-08-04T14:38:31.285253
37805,when,Rick Larson,Joseph Delacruz,1606,price,lawyer,2024-02-01T03:48:26.645568,2024-04-28T05:11:21.066728
94653,pattern,Mckenzie Dixon,Richard Zuniga,698,whole,say,2023-04-10T13:33:23.710850,2024-03-24T01:32:01.287804
32260,next,Brooke Ryan,Hunter Chavez,2020,nation,candidate,2024-10-03T12:05:24.341654,2024-10-11T03:50:15.205587
24783,deep,Benjamin Gates,Jeffrey Guzman,2470,suddenly,buy,2024-05-11T22:59:43.499762,2024-12-23T23:55:39.283882
5164,sell,Albert Miller,Ashley Snyder,2159,simple,statement,2023-10-04T21:22:33.490019,2024-05-07T02:43:28.688661
89077,human,Robin Martinez,Rebecca Walker,2746,much,number,2023-12-06T10:33:58.480910,2024-03-25T22:00:15.838750
30839,time,Christopher Barker,Patrick Medina,2442,enough,lead,2024-12-09T22:29:42.662110,2024-10-15T20:28:15.501683
76806,who,Melissa Walker,Hannah Dyer,837,me,what,2024-09-27T01:11:15.123060,2024-06-18T00:27:23.065893
31356,large,Cynthia Vega,Laura Lawson,1855,white,everything,2024-03-26T12:15:31.115251,2024-02-06T22:30:32.868840
74358,civil,Leslie Davis,Stacey Fox,1697,evidence,professor,2024-01-11T13:26:43.385973,2024-05-20T20:23:54.879860
15827,success,Jason Cantu,David Holmes,3053,chair,production,2023-10-04T08:52:30.320378,2024-06-24T11:57:48.970462
99011,want,Douglas Jackson,Anne Webb,1258,ball,themselves,2023-06-23T13:29:39.053324,2024-11-28T04:35:07.490252
89659,short,Robert Ball,Stephanie Alexander,2667,bank,Republican,2023-04-26T01:35:17.745503,2024-09-19T11:06:15.607397
48619,national,Linda Beltran,Jessica Allen,3061,third,provide,2024-05-18T08:42:07.344177,2024-03-29T18:24:26.956175
25942,writer,Dr. Mark Roberts DDS,Caitlin Hawkins,1186,impact,drive,2024-09-22T20:14:18.955919,2024-12-28T20:04:05.061724
69049,economic,Harold Palmer,Patricia Miller,343,store,drug,2024-01-23T19:23:24.189955,2024-03-07T10:03:57.497259
79367,because,Corey Garcia,Natasha Hunt,2360,phone,us,2023-12-16T08:03:00.515300,2024-04-12T03:39:42.605873
22862,maintain,Kevin Schultz,William Clark,3452,often,power,2024-03-23T22:11:22.282434,2024-09-27T20:58:24.766900
19154,be,Kristopher Compton,John Smith,3571,bad,Mr,2023-07-29T09:46:03.053675,2024-03-04T17:43:13.662896
10405,certainly,Felicia Campbell,Jonathan Espinoza,2030,tend,wear,2025-01-17T06:08:02.036392,2024-11-21T20:20:04.878772
93204,discuss,Karen Hall,Betty Anderson,3176,wear,her,2023-07-26T17:45:27.154393,2024-09-30T03:30:52.650319
22512,heavy,Kyle Davis,Michael Kennedy,3113,heavy,fall,2024-04-21T00:23:56.887862,2024-05-20T23:43:34.262197
87886,individual,Kathy White,Brenda Taylor,2661,especially,inside,2024-10-04T17:22:59.765101,2024-04-13T13:52:36.227183
20245,wish,Thomas Lucas,Phillip Simpson,338,view,clear,2024-09-11T23:44:13.855161,2024-04-09T23:15:53.820590
89980,writer,Rebecca Washington,Debra Elliott,230,choice,choose,2024-12-05T19:05:41.476665,2024-11-02T00:36:05.998812
47066,member,Casey Stein,Shane Ayers,169,serve,occur,2023-07-26T20:10:37.282166,2024-03-24T00:03:25.087455
1130,reflect,Brian Weber,Claudia Reid,3366,toward,reason,2024-12-15T18:00:54.910602,2024-11-27T20:59:09.129751
96171,field,Donald Barnes,Jessica Mueller,2070,election,room,2023-06-11T20:13:21.066769,2024-08-16T08:00:19.874751
93132,person,Michael Cantu,Joseph Clark,198,break,general,2024-08-13T11:37:32.041994,2024-04-02T16:12:42.406981
18147,scientist,Daniel Guerrero,Traci Schaefer,3270,good,usually,2023-02-27T09:22:43.700367,2024-07-23T16:12:23.761216
88478,movie,Victor Thompson,Jason Evans DDS,1323,budget,budget,2023-06-28T05:26:10.666378,2024-02-29T11:11:53.825554
33086,north,Cynthia Mendoza,Cassidy Smith,2761,establish,lead,2023-10-28T05:44:37.720414,2024-03-20T23:01:58.677746
38932,coach,Jennifer Brown,Dennis Eaton,2512,fish,writer,2023-10-30T09:36:11.206517,2024-05-16T20:34:49.713402
41369,official,Bobby Miller,Amanda Hall,2631,create,poor,2024-04-17T01:40:33.959796,2024-09-11T16:10:04.607711
64912,someone,Matthew Bailey,Danny Stark,1912,per,rate,2023-06-21T19:14:32.802738,2024-09-07T22:51:43.684481
32427,young,Arthur Farley,Jeffrey Torres,3456,sometimes,behind,2024-09-06T14:55:14.711445,2024-03-26T17:35:17.816742
7511,fast,Emily Chandler,Joseph Marquez,2009,parent,memory,2024-02-17T09:40:53.799562,2024-09-27T01:13:05.223092
10349,down,Nancy Cortez,Carlos Smith,1289,environmental,teacher,2025-01-15T15:03:29.232025,2024-08-29T03:28:42.931779
38233,skin,Adam Murphy,Jake Mckenzie,1317,a,food,2024-10-20T09:27:55.146911,2024-04-02T19:06:56.288160
6094,again,Jessica Cox,Mr. Paul Rogers,2811,chance,produce,2024-02-01T22:46:23.845613,2024-03-19T04:00:06.587466
2729,film,Brendan Butler,Kirk Reilly,1346,local,student,2023-08-15T05:27:03.133186,2024-11-17T13:11:26.252834
79023,instead,Gregory Mccoy,Cindy Franklin,93,either,result,2023-05-01T06:10:04.945461,2024-08-22T22:24:44.513596
2512,check,Krista Dougherty,Derrick Murphy,2436,event,suggest,2024-07-19T11:07:00.884187,2024-04-06T18:26:51.787479
39189,close,Kimberly Jimenez,Sarah Tucker,3547,style,case,2024-09-12T23:19:46.126803,2024-09-12T18:49:43.263458
78315,cell,Judy Boyd,Benjamin Smith,2209,better,study,2023-02-15T02:20:16.579368,2024-06-19T20:57:57.650893
78329,happy,Jessica Smith,Aaron Nelson,232,act,detail,2024-02-27T17:49:55.464716,2024-11-13T19:43:27.441346
91273,without,Michael Lee,Eric Rice,931,year,must,2023-07-27T03:32:00.252380,2024-12-04T07:20:46.550009
38484,capital,Anthony Larson,David Nguyen,1710,executive,sign,2024-03-19T13:36:05.685883,2024-07-26T00:25:15.640424
88502,despite,Bobby Rivas,Michael Norton,2452,hit,interesting,2023-09-09T19:19:26.989075,2024-10-16T07:50:37.839953
2935,prove,Jasmine Cordova,Jacob Delgado,194,morning,these,2024-08-20T22:29:33.922585,2024-05-09T07:11:12.893553
63217,later,Edward Castro,Tyler Clark,1052,water,push,2024-07-10T10:28:02.804325,2024-03-14T05:33:05.554313
10347,our,Logan Donaldson,Christine Brooks,1289,south,pass,2023-06-12T05:50:17.377237,2024-05-14T21:40:14.814477
34396,itself,Anna Foster,Nicholas Carpenter,3133,security,describe,2023-11-13T15:36:42.309203,2024-07-23T02:34:14.562153
27973,relationship,Julia Gross,Scott Carter,2694,somebody,bad,2024-09-03T22:11:34.870323,2024-09-02T05:06:11.678248
89621,soldier,Mary Goodman,Victoria Burgess,459,position,nothing,2023-05-17T03:13:21.783050,2024-09-15T21:26:07.168110
85135,half,Karen Mills,Arthur Jones,1526,remain,fact,2023-11-17T03:50:01.425138,2024-12-02T01:07:14.087170
59468,weight,Matthew Everett,Daniel Allen,1015,style,pull,2024-11-03T05:17:23.591808,2024-11-26T15:01:12.089268
11764,body,Joseph Jackson,Joshua Perry,3512,together,business,2023-05-12T00:24:58.578559,2024-12-29T08:39:30.800731
72441,message,Sherri Santiago,Cynthia Hamilton,1881,candidate,who,2025-01-16T19:56:20.085653,2024-04-27T15:23:31.080514
40051,Democrat,Monique Green,Mitchell Sanchez,1952,evening,soldier,2023-06-04T23:25:42.809718,2024-10-18T19:45:56.705955
34386,newspaper,Joseph Miller,Daniel Stein,2317,turn,three,2024-05-12T07:39:02.826492,2024-04-10T05:33:16.648453
74901,method,Michele Fox,Gregory Johnson,275,foreign,prevent,2023-10-25T11:52:43.608135,2024-12-17T20:32:54.980823
61948,later,Morgan Orozco,Kayla Moore,131,police,analysis,2024-01-14T23:04:36.470755,2024-09-30T03:49:02.772833
39291,authority,Jerry Le,Amanda Frank,2022,north,base,2024-10-12T09:44:23.376169,2024-03-31T02:53:30.750556
31415,state,Kristen Obrien,James Padilla,2324,and,cost,2024-10-19T12:46:31.599657,2024-11-13T06:49:59.966566
6487,international,Jennifer Velazquez,Aaron Curtis,269,store,product,2023-12-02T22:00:47.247484,2024-02-13T14:09:56.690799
50671,during,Logan Chambers,Samuel Keller,1795,out,bill,2024-08-18T18:06:33.605915,2024-07-22T03:55:05.289525
13695,discover,Veronica Barrett DDS,Leslie Bryant,2238,accept,lay,2024-10-22T11:45:38.257918,2024-12-22T07:44:50.301661
16915,well,Patrick Mcdowell,Albert Lyons,2926,police,lawyer,2024-04-10T17:04:43.090504,2024-09-26T14:34:03.847665
9225,return,Robert Hanna,Paul Walker,3189,prove,strategy,2023-09-16T21:26:49.497717,2024-03-09T23:57:57.356888
28029,safe,Christopher Martin,Sarah House,2009,billion,concern,2024-04-19T17:27:26.195904,2024-07-01T12:27:22.629565
28240,child,Shannon Valenzuela,Angela Marquez,1458,able,collection,2023-12-10T23:25:15.487984,2024-07-04T17:48:32.763089
88329,popular,Steven Williams,Michael Olson,2453,travel,year,2024-06-05T03:36:00.892296,2024-03-31T02:45:22.846938
81573,thus,Douglas Johnson,Jeremy Kelly,3396,family,trade,2024-07-21T22:23:51.326222,2024-10-13T19:02:06.436536
7776,old,Joyce Lawson,Ricky Murphy,3167,everybody,character,2023-08-28T17:31:41.708713,2024-09-28T23:46:21.336774
10984,rate,Denise Robinson,Haley Williams,30,chair,put,2023-05-26T14:46:05.472969,2024-09-02T13:48:52.886915
5732,determine,Michael Dixon,Sara Johnson,2080,staff,way,2024-08-20T21:30:33.124963,2024-06-01T05:18:26.694581
25819,senior,David Roman,Jennifer Fleming,694,budget,for,2024-04-07T01:19:24.705807,2024-01-29T02:43:46.387112
83781,cover,Nicholas Clarke,David Eaton,2705,pick,style,2023-09-21T10:30:38.628693,2024-05-20T14:32:08.222874
62926,window,Sean Castillo,Caroline Parsons MD,1960,dream,agree,2023-04-04T01:13:02.718496,2024-10-21T03:43:15.961694
91773,week,Donald Cantu,Jennifer Kent,2503,idea,on,2025-01-06T19:39:49.327679,2024-02-21T03:44:16.035062
72908,evidence,John Scott,Spencer Turner,1482,recent,instead,2023-11-29T18:33:09.500452,2024-10-13T16:30:05.917881
21761,man,Robert Nixon,Joshua Perez,3025,laugh,off,2023-01-30T23:13:00.789628,2024-09-21T07:55:35.499576
99277,herself,Jennifer Miller,Stephanie Ruiz,3552,away,without,2024-05-25T13:14:53.104307,2024-12-20T09:39:13.714415
70881,return,Ricky Goodwin,Elizabeth Torres,160,fact,clear,2023-06-16T03:51:31.882645,2024-11-23T11:20:17.235509
8009,professional,Richard Hernandez,Derrick Franklin,2403,admit,lead,2023-04-06T21:10:57.697450,2024-06-26T01:11:19.967324
33410,along,Matthew Montgomery,Shannon Wilkinson,1536,bar,direction,2024-07-05T14:47:19.686499,2024-08-19T16:59:53.987605
36305,group,Stephanie Newman,Jennifer Cortez,1596,pretty,woman,2023-09-08T12:04:37.475004,2024-11-22T05:49:08.657392
93523,first,Charles Williams,David Perry,2870,property,when,2024-04-04T23:16:27.830334,2024-10-29T23:34:37.860073
61825,she,Heather Grant,Aaron Walker,906,prepare,place,2023-01-30T05:46:39.022848,2024-12-10T21:17:00.246352
41433,left,Emily Flowers,Emily Jones,394,exactly,mother,2023-11-18T01:28:20.469171,2024-12-14T17:21:12.679085
5181,line,Kevin Tran,Jeffrey Walker,609,per,turn,2023-11-07T02:02:41.962171,2024-02-17T09:32:24.498567
30009,be,Manuel Hudson,Megan Walker,1679,able,tough,2024-07-09T18:43:25.009617,2024-05-03T01:03:38.612907
17083,throughout,Tammy White,Jason Smith,3249,their,wish,2023-12-15T14:18:33.150976,2024-03-30T20:28:13.484881
66740,Republican,Jenna Combs,Jonathan Guerra,3247,day,look,2023-06-14T22:30:00.916449,2024-02-16T17:16:38.276040
97441,street,Jesse Price,Aaron Cole,3070,catch,home,2024-08-04T13:51:32.398210,2024-09-08T22:57:30.807523
73695,knowledge,Adam Edwards,Gregory Williams,3276,customer,system,2024-04-12T19:47:15.369390,2024-04-09T16:42:45.864124
47705,discuss,Alicia Lopez,Nicole Roberts,3130,view,light,2024-05-08T04:35:46.701158,2024-08-29T19:15:40.328729
91405,teacher,Caroline Lee,Mary Gregory,2212,hard,face,2023-11-24T00:17:47.774448,2024-11-13T08:33:27.431114
65634,season,Bryan Edwards,Diana Thompson,1341,nor,bag,2024-12-28T15:27:06.771660,2024-09-22T21:45:48.891297
67508,who,Jerome Norris,Nathan Moore,2238,economy,number,2024-12-14T04:34:02.647809,2024-04-18T03:41:09.933193
72527,next,Ronald Vasquez,Sheila Rose DDS,3149,move,provide,2023-08-01T04:53:32.239022,2024-06-21T18:23:50.421779
42155,current,Sharon Taylor,Brittany Silva,32,military,goal,2023-08-26T18:01:42.145539,2024-07-31T13:45:10.212265
81177,back,Tanya Chen,Dr. Christopher Harris,3598,where,ability,2023-11-30T17:27:08.519923,2024-07-02T18:23:33.753566
85404,peace,Nicole Johnson,Brian Kane,1504,training,college,2023-07-13T05:39:53.357710,2025-01-05T21:01:15.693034
78426,win,Larry Phillips,Caitlin Jenkins,3258,sort,cell,2025-01-05T14:02:12.788394,2025-01-02T06:11:10.942832
87055,reality,James Fleming,Tracy Andrews,1781,political,majority,2024-12-09T14:00:18.436140,2024-06-20T06:35:56.345646
3853,success,Johnny Howard,Alicia Rodriguez,1555,operation,drug,2024-10-28T02:07:28.381222,2025-01-07T12:26:28.741306
15539,kind,Michael Gomez,Rachel Olsen,3539,maybe,occur,2025-01-27T04:09:55.692283,2024-04-19T03:43:10.245460
94594,exist,Amber Gonzalez,Stephen Hanson,107,walk,minute,2023-12-05T05:15:24.105869,2025-01-10T05:08:11.624116
40360,energy,Randall Garcia,Mark Jordan,1138,garden,class,2023-09-11T12:48:37.388594,2024-12-07T05:49:09.556273
91881,traditional,Tara Davis,Emily Johnson,1194,serious,yourself,2024-12-08T22:51:24.033244,2025-01-21T20:19:41.740379
36477,month,Abigail Werner,Mr. Patrick Johnson Jr.,189,risk,author,2024-02-15T02:12:08.445119,2024-11-05T10:36:22.856444
81707,begin,Brian Jones,Cassie Murray,574,she,pick,2023-03-26T00:55:07.496794,2024-09-28T02:39:37.769091
81228,record,Eric Walker,Eric Martinez,2490,build,area,2023-02-03T16:24:18.491758,2024-12-24T23:36:02.890519
7535,wait,John Valdez,Brooke Young,347,paper,science,2024-07-25T00:50:03.712766,2024-10-08T21:06:43.628905
92693,computer,Dana Nguyen,Megan Hamilton,1607,floor,show,2023-08-11T13:35:08.205893,2024-05-06T21:30:27.558308
19289,huge,Kevin Singleton,Cynthia Oneal,465,hope,card,2024-09-10T22:17:18.489412,2024-10-09T02:49:43.423817
75296,benefit,Crystal Daniels,Ann Steele,3587,parent,still,2024-12-11T10:54:26.950048,2024-05-25T08:44:40.099754
46838,poor,Vincent Evans,Diane Jones,1525,truth,success,2024-01-11T00:01:29.481031,2024-05-05T01:53:13.752077
63204,budget,Jason Pruitt,Joshua Perry,2314,foot,argue,2024-10-27T09:52:08.843582,2024-11-03T11:59:31.179432
42057,again,Douglas Dodson,Richard Butler,158,former,method,2024-03-03T02:28:12.447554,2024-09-28T08:54:44.494040
3639,discuss,Jeanette Christian,Michael Ray,3335,type,television,2023-09-17T08:36:30.911426,2024-08-06T01:18:05.867599
6936,low,Richard Macias,Edward Shields,2332,difficult,this,2023-12-21T07:58:31.392723,2024-09-10T21:16:49.361549
28208,color,David Mclaughlin,James Barnett,1630,during,fly,2024-10-08T10:38:49.568537,2024-11-16T09:08:52.154112
60823,south,Amanda Robles,Jeffrey Walters,369,oil,your,2024-10-23T21:50:55.378476,2024-03-22T17:21:25.123156
75323,yet,Gabriela Mccarthy,Amanda Villanueva,1535,enter,form,2025-01-24T21:27:17.464287,2024-10-21T02:18:46.521273
64658,tax,Kathryn Benson,Nicholas Hamilton,3196,see,result,2025-01-12T09:13:33.226377,2024-05-04T12:21:39.848556
34099,sing,Peter Jones,Tyrone Hester,1224,across,west,2023-03-07T06:53:00.321321,2024-10-11T02:56:19.423634
8849,expert,Lisa Duncan,Kyle Booth,2336,fight,network,2024-11-06T08:35:57.801953,2025-01-15T21:50:56.565698
43384,beautiful,Ryan Palmer,Laura Frank,1833,movie,think,2024-05-05T11:54:33.207002,2024-04-26T21:43:39.729767
17981,large,Terry Pratt,Melissa Cruz,910,recently,one,2024-03-03T04:33:06.899277,2024-12-18T16:26:17.516966
61163,memory,Debra Hunt,Seth Bishop,2829,gun,focus,2024-10-31T03:20:12.417300,2024-12-13T07:32:16.575627
1167,remain,Wesley Thompson,Tiffany Montgomery,3215,kitchen,former,2024-05-25T01:14:04.733896,2024-05-23T19:06:51.388957
26621,view,Roberto Armstrong PhD,Danielle Barron,487,live,work,2024-01-01T00:44:22.124310,2024-12-25T12:38:16.127624
18426,born,Mike Ross,Justin Barnes,3024,herself,interesting,2024-07-05T20:29:44.042296,2024-08-18T22:12:26.189883
78418,study,Elizabeth Hodges,Maria Lyons,453,cause,common,2023-02-03T21:31:26.261428,2024-09-24T14:07:18.298799
19145,oil,Xavier Sullivan,Ryan Moore,2387,glass,thought,2024-10-08T18:12:38.514738,2024-10-19T20:59:44.056046
69094,whose,Martha Wang,Carol Nelson,2080,question,store,2023-07-13T06:48:16.135219,2024-12-16T10:55:48.979468
99271,company,Christine Hughes,Brian Johns,2985,direction,none,2024-11-04T00:50:56.444867,2024-12-03T08:11:11.910950
9952,morning,Janice Hubbard,Keith Jones,1828,simply,green,2024-02-14T10:43:55.274188,2024-06-21T23:08:12.609396
46693,space,Sheila Cummings,Taylor Thompson,1095,take,business,2023-11-08T10:05:37.238590,2024-11-14T22:44:29.564008
20376,popular,Nancy Cooper,Ashley Cruz,843,network,stand,2024-04-17T14:42:03.597413,2024-02-03T20:27:40.456584
49011,fight,Louis Roberts,Thomas Johnson,1751,plant,under,2024-09-06T06:10:58.207163,2024-06-13T22:00:58.492939
54481,ok,Maureen Clark,Caitlin Hill,3180,movie,rule,2024-07-23T14:38:26.261841,2024-06-19T03:25:05.485980
29449,model,Kelly Lyons,Paul Wright,1037,language,remain,2025-01-18T14:39:37.841501,2024-06-20T13:50:11.746502
98608,apply,William Davis,Diana Howard,1135,school,high,2024-01-15T11:39:54.155403,2024-09-09T17:29:59.567383
80520,accept,Joseph Hall,Jennifer Nelson,1581,outside,yes,2023-05-24T18:36:36.728316,2024-05-15T11:55:30.065258
27834,together,Wendy Neal,Kathryn Ross,1795,certain,popular,2024-11-03T05:13:39.724738,2024-10-16T17:25:56.833929
13934,scene,Debra Hall,Michael Hamilton,1416,test,pull,2024-02-11T11:24:52.617625,2024-08-22T18:41:09.854839
38018,walk,Lisa Taylor,Krystal Sanders,1248,green,message,2024-08-07T08:58:10.100593,2024-06-26T06:32:44.640588
78869,over,Valerie Huffman,William Gray,424,become,though,2024-12-31T16:23:45.656602,2024-12-27T08:03:38.904380
43290,throw,Mrs. Monique Miller,Vickie Watson,1769,five,special,2024-10-22T02:21:30.944777,2024-06-02T13:19:29.664894
18298,much,Christine Blake,Erica Austin,1949,production,avoid,2023-10-04T17:47:13.939837,2024-12-13T08:38:50.505697
83109,like,Craig Romero,Ricardo Norton,3042,himself,may,2023-03-17T08:29:02.975870,2024-05-25T10:26:26.252216
10293,should,Eric Hale,Jessica Ramirez,273,star,fight,2024-04-05T14:27:13.297384,2024-06-20T02:16:51.546959
43346,beautiful,Mary King,Robert Waters,2060,south,with,2024-06-23T15:53:44.815947,2024-08-08T13:25:20.034787
27864,several,Dustin Brown,Michelle Calhoun,1706,stage,charge,2023-03-14T13:59:30.633928,2024-12-26T19:43:38.670990
74067,professor,Monica Cox,Alison Black,531,network,water,2024-08-31T14:27:22.870637,2024-09-06T00:36:32.531550
76191,weight,Mallory Farmer,Amy Price,908,today,fly,2023-01-30T19:50:33.052554,2024-10-01T01:15:27.397207
55437,evening,Michael Barker,Brooke Browning,2880,above,tax,2024-11-04T08:34:23.582207,2024-08-16T16:04:42.038675
65803,administration,Melissa Best,Samantha Simpson,250,such,kid,2024-08-25T22:55:06.151013,2024-05-28T07:37:21.466624
73075,body,Kelly Marshall,Anna Burke,2799,hundred,instead,2024-02-25T12:57:18.952343,2024-03-19T04:09:25.478581
57909,big,Diane Rice DVM,Daniel Stone,30,kid,simply,2024-06-29T03:50:09.711135,2025-01-20T08:01:21.551771
88872,into,Chelsea Rios,Nicole Fernandez,1795,morning,pattern,2024-05-22T14:09:06.249371,2024-11-04T13:22:45.337143
62144,weight,Lawrence Parker,Brent Perez,3287,drop,spend,2024-07-09T03:13:06.515728,2024-08-02T03:19:37.762370
33251,present,Shannon Nolan,Matthew Johnson PhD,2904,nearly,difficult,2023-12-14T07:44:00.683190,2025-01-06T21:28:22.419164
26475,less,Anthony Schmitt,Mark Bradley,818,sure,job,2024-07-15T16:44:10.148805,2024-12-18T05:17:00.293966
35782,year,Selena Jackson,Devin Warren,961,contain,mother,2024-01-07T19:58:31.504116,2024-12-04T02:00:48.943016
49016,once,Natalie Francis,Marc Fields,553,whether,service,2023-08-31T10:52:24.353267,2025-01-21T22:44:38.665211
46110,speak,Alicia Gray,Erin Jenkins,1229,all,within,2024-03-23T01:19:10.061232,2024-06-19T00:47:17.961282
34336,minute,Rachel Sanchez,Ronald Jackson,3474,that,improve,2024-01-08T14:39:41.033119,2024-08-16T14:39:10.093491
76756,idea,Mr. Reginald Wu,Maria Lowe,1114,international,relate,2024-09-25T18:20:20.381270,2024-07-01T06:32:29.629747
4331,weight,Jessica Manning,John Zimmerman PhD,3155,buy,lawyer,2023-12-01T09:34:31.225803,2024-02-17T03:47:28.366563
58282,create,Kelly Matthews,Jane Dougherty,859,finally,hand,2023-09-10T18:10:37.991140,2024-05-30T08:36:44.175601
9997,represent,Nicholas Ross,Michele Padilla,1602,operation,weight,2024-09-08T20:38:00.972953,2024-06-22T15:47:42.878953
36623,upon,Vickie Wright,Amanda Meyer,2742,child,stand,2024-02-24T17:46:17.925628,2024-04-12T12:31:56.574040
13810,approach,Hector Henderson,Jose Young,3571,type,when,2024-08-11T12:38:12.779605,2024-02-13T05:54:20.913017
11989,federal,Kyle Haynes,Lori Turner,2230,use,stage,2024-10-08T18:34:42.080142,2024-09-04T08:29:14.045634
757,believe,Wendy Rodriguez,Tina Carter,1118,imagine,talk,2023-07-14T00:07:01.697656,2025-01-06T23:49:22.695254
28493,make,Scott Alvarez,Colleen Winters,625,camera,majority,2023-04-01T07:57:43.518846,2024-05-15T09:59:50.929994
20035,choose,Reginald Olson,Julie Floyd,3142,assume,special,2023-12-16T06:30:04.159536,2024-08-12T02:38:41.652191
21003,administration,Aaron Mills,Jeffrey Smith MD,1980,rather,safe,2023-05-13T09:03:31.056554,2024-03-02T10:55:45.201138
31766,rise,Henry Clark,Megan Taylor,1095,down,dinner,2023-08-21T16:19:28.825976,2024-02-06T14:13:08.988001
85732,suggest,Kristina Garcia,Brandy Haas,1802,friend,season,2023-02-16T13:28:34.943467,2024-02-24T20:07:39.988588
46393,community,Juan Powell,Scott Hill,444,push,himself,2023-03-30T00:45:33.596510,2024-10-24T02:37:34.772044
75931,stay,Michael Simmons,Jennifer Acevedo,2673,good,whatever,2023-04-05T08:45:44.521972,2024-02-16T04:23:45.713928
40060,other,April French,Catherine Gillespie,767,join,try,2024-05-18T00:18:04.462677,2024-10-29T03:05:26.495378
53178,kind,Sean Brown,Carla Brown,1502,accept,save,2024-04-19T17:57:23.019023,2024-11-25T06:04:38.641721
90982,quite,Nathan Ingram,Brittany Pierce,1905,son,hospital,2024-06-29T13:32:57.744178,2024-06-22T13:48:06.995784
80299,ten,Angel Stanton,Danielle Turner,3145,spend,development,2023-08-15T10:04:08.858917,2024-03-24T19:50:33.303407
99604,nor,Ian Jackson,Regina Hernandez,842,record,her,2023-11-18T06:36:38.935050,2024-10-19T05:20:12.418998
12822,trial,Jennifer Graham,Anne Bennett,2240,mind,collection,2023-09-09T15:24:50.770808,2024-06-20T19:51:55.115446
17253,financial,Frank Byrd,Christopher Gonzalez,2753,evening,catch,2024-10-07T11:59:46.162247,2024-07-10T11:11:03.579778
8327,trip,Jonathan Caldwell,Gregory Sullivan,1376,right,whatever,2023-03-25T22:54:00.319816,2024-07-01T15:50:02.431687
28026,green,Alec Mcintosh,Angela Deleon,3342,receive,put,2023-11-27T04:19:51.073690,2024-12-14T15:07:11.157335
35826,memory,Kerry Robinson,James Smith,2728,section,because,2024-05-02T11:24:47.335861,2024-02-09T19:45:22.508966
44702,economic,John Davis,Jody Powell,1843,special,democratic,2023-08-14T20:53:47.352293,2024-09-15T10:58:51.167804
66495,kitchen,Dr. Nicole Nunez DVM,Melissa Thomas,1674,billion,here,2023-02-28T03:12:53.567794,2025-01-14T11:08:39.514556
8371,catch,Stephanie Morris,Latoya Stewart,3213,painting,stock,2023-01-28T15:12:43.289763,2024-12-14T23:24:34.325191
54706,science,Kevin Mendoza,April Murphy,347,performance,scene,2023-11-29T14:35:23.550848,2024-11-19T21:19:27.333068
48058,city,Paul Clements,Katherine Woods,933,white,develop,2023-04-29T03:01:31.409312,2024-07-02T13:17:16.746378
54567,how,James Bruce,Elizabeth Cunningham,1760,answer,run,2023-11-08T09:05:22.903799,2024-11-08T16:07:50.051277
9826,be,Jeffery Cox,Barbara Meyers,327,national,to,2024-08-19T09:07:08.835792,2024-07-11T21:28:09.972603
80189,at,Thomas Mcdowell,Cindy Mayer,736,study,walk,2023-04-21T08:49:28.822624,2024-07-29T16:42:15.027992
18092,affect,Martin Moore,Lisa Green,375,budget,clear,2023-04-18T10:19:34.729871,2024-04-24T04:04:50.755134
53134,term,Alice Clark,Walter Ramirez,751,baby,she,2024-05-20T10:56:39.065949,2025-01-03T17:30:31.179348
51342,expert,Jennifer Smith,Todd Carlson,1100,yard,outside,2024-12-20T23:06:49.692871,2024-03-26T18:22:55.659493
28349,claim,James Joseph,Stacey Simpson,174,across,story,2023-02-07T03:27:08.145879,2024-02-18T10:02:25.482678
78071,collection,Sydney Brown,Jessica Foster,82,film,within,2023-12-22T08:59:05.553437,2024-04-18T19:27:15.524105
72153,couple,Nina Davis,Donald Schmidt,1021,heavy,air,2024-09-29T01:11:22.037419,2024-06-26T21:43:43.308025
51296,his,Debbie Thompson,Dan Romero,2912,popular,police,2023-05-07T09:12:22.616701,2024-04-17T01:05:00.777001
91793,parent,Charles Ibarra,Jennifer Carter,2848,tax,ground,2024-04-14T14:15:32.656582,2024-11-30T20:59:00.751334
24833,model,Russell Schwartz,Ryan Gonzalez,927,American,factor,2024-12-14T16:35:30.537139,2024-08-26T06:57:19.817148
1099,over,James Ayala,Nicole Moreno,1901,win,rise,2024-04-23T00:59:42.207831,2024-07-19T06:27:19.597632
8710,finish,Lisa Hernandez,Donald Ruiz,282,standard,high,2024-05-09T23:11:10.291976,2024-07-19T02:20:20.427119
89986,consider,Keith Hamilton,Deborah Smith,1757,use,nearly,2023-04-09T12:32:08.075131,2024-12-10T17:06:14.445727
4546,set,Erika Terry PhD,Kristine Jones,1570,too,go,2024-05-23T07:23:55.814501,2024-11-06T22:05:52.170436
67802,lot,Candace Fernandez,Timothy Roberts,3345,marriage,important,2024-11-20T10:49:11.117453,2024-06-16T21:10:27.664034
1033,individual,Amanda Flowers,Andre Odom,3331,born,trip,2024-11-13T22:11:54.245433,2024-02-10T11:31:38.058816
74640,our,Shannon Wall,Caleb Vasquez,2826,life,gun,2024-09-09T11:12:45.062774,2024-11-13T11:35:00.117940
53335,investment,Stephanie Collins,Denise Lawrence,49,personal,evening,2024-12-07T09:55:18.862210,2024-03-12T02:00:55.454555
92402,article,Anthony Welch,Michelle Mercer,90,deal,lead,2023-12-17T04:01:26.795547,2024-04-10T23:39:36.291448
72534,blood,Charles Thomas,Mrs. Tara Hall DDS,42,consider,fund,2024-09-04T19:06:08.402711,2024-03-17T15:23:37.802070
52508,similar,Victoria Simon,David Mcmahon,1719,computer,others,2024-04-24T14:04:13.809953,2024-11-30T20:33:11.154727
53916,lose,Sarah Jimenez,Lisa Smith,913,receive,name,2023-08-11T16:32:48.063196,2024-12-10T06:02:05.436724
49553,available,Justin Ramirez,Sara Garner,779,coach,thought,2024-07-05T13:48:41.451385,2024-10-13T17:30:30.279510
55277,security,Matthew Keller,Willie Martinez,2568,cut,office,2023-06-28T16:28:13.935769,2024-09-25T18:14:11.348125
7863,chance,Spencer Green,Shelly Mccullough,830,cause,decade,2023-03-27T19:14:57.628098,2024-03-15T15:49:48.274905
94191,mouth,Jonathan Collins,Jonathan Harris,712,pretty,east,2024-03-11T20:44:58.932854,2024-06-21T01:21:16.929827
5321,alone,Ashley Nelson,Heather Johnson,2204,he,woman,2024-04-28T22:12:27.969256,2025-01-24T02:13:12.118197
48306,budget,Candace Cervantes,Robert Burnett,2088,require,break,2023-08-11T14:49:36.775499,2024-04-28T11:41:17.860930
66638,measure,Randy Rodriguez,Diana Ford,2083,quite,give,2023-12-12T03:19:25.035267,2024-12-09T08:24:12.881260
45722,he,Jessica Tate,Christian Edwards,1165,action,century,2025-01-17T16:26:44.039924,2024-09-01T04:22:25.415376
25249,happen,Veronica Wilson,Christine Glenn,1676,student,left,2024-10-08T21:20:53.793508,2024-05-02T10:09:25.471214
5231,guess,Michael Phillips,Alexis Melendez,762,yeah,check,2023-09-22T05:19:25.763233,2024-06-17T11:09:54.831456
33013,commercial,Alexandria Schroeder,Steven Mckinney,2374,culture,eight,2024-06-09T22:02:52.044266,2024-08-17T08:10:14.728935
50636,show,Loretta Gill,Joshua Davis,2000,hear,stock,2024-08-11T14:06:32.856267,2024-11-27T03:12:45.027361
8639,candidate,Melody Thomas DDS,Justin Bender,1496,appear,doctor,2024-09-25T20:41:56.810773,2024-04-03T11:03:36.562221
62643,office,Tina Brown,Lindsey Rodriguez,1358,five,successful,2024-12-24T16:40:42.975042,2025-01-27T11:39:57.080885
72537,we,Christina Cook,Sandra Russell,940,hot,trouble,2024-03-09T03:20:11.221157,2024-05-17T06:32:38.391202
84496,among,Michael Duke,Anne Pena,493,force,we,2024-12-12T22:14:18.483664,2025-01-15T23:55:58.222303
61561,study,Alexis Williams,Dustin Camacho,2450,really,speech,2023-05-18T05:45:57.989656,2024-07-09T10:18:12.862253
26858,glass,Travis Allen,Donna Walker,3334,Republican,federal,2023-09-01T10:33:18.738740,2024-06-27T13:15:32.496172
83221,line,Brian Yates,Gabrielle Clarke,1464,she,trip,2023-10-26T12:55:24.307569,2024-11-04T04:13:05.582812
83517,certainly,Mr. Jeffrey Pruitt DDS,Miguel Lopez,1101,sing,significant,2023-03-14T06:33:47.717917,2024-08-27T14:14:09.746030
42934,cell,Stephanie Wilkinson,Max Hernandez,46,doctor,idea,2023-09-24T12:14:51.198547,2024-11-02T09:09:29.535404
78826,whose,Michael Torres,Alisha Johnson,3101,bag,approach,2024-09-11T01:09:27.765016,2024-03-23T20:01:33.093340
97969,chance,Joseph Martinez,Laura Harris,2822,could,blood,2024-05-29T21:36:34.771469,2024-09-16T09:28:20.400022
3671,drop,Pamela Barnes,Kristin Huang,1345,friend,really,2023-09-21T23:35:28.383748,2024-09-01T14:48:10.252565
84118,off,Michael Phillips,Eric Kirby,2684,about,would,2024-09-09T20:06:31.565531,2024-10-11T18:49:47.326261
90065,arrive,Jason Downs,Danielle Hanson,1926,administration,bad,2023-09-18T18:17:45.154038,2024-02-20T03:37:25.848741
26191,music,Lori Wolfe,Wendy Montgomery,640,toward,hair,2024-06-27T10:29:53.895838,2024-11-15T21:57:27.773645
75360,put,Erin Smith,Ashley Schmitt,2679,nearly,make,2023-03-30T05:28:08.538235,2024-10-26T20:27:35.810024
68005,pattern,Eric Flowers,Sarah Clark,1381,feel,produce,2024-05-14T16:13:12.369685,2024-07-29T18:15:20.346299
34356,fill,David Johnson,Amy Long,3027,reveal,too,2024-04-07T14:53:45.558809,2025-01-20T21:23:30.782605
70349,goal,Michael Wade,Ryan Moon,337,draw,head,2024-09-25T02:35:45.702206,2024-10-30T14:16:12.691212
78745,wear,Samantha Blackwell,Adam Stevens,2160,present,nice,2023-05-20T13:31:28.209401,2024-11-08T19:03:39.268404
62852,southern,Mary Maxwell,Sarah Vang,3171,must,risk,2024-11-26T02:44:55.072970,2024-06-21T01:34:07.936392
43906,your,Frederick Montes,Luis Davis,881,general,certain,2024-07-24T06:25:50.941960,2024-09-08T09:01:13.930366
75774,factor,Natasha Roberts,Craig Norris,2168,develop,go,2023-05-23T13:35:51.008784,2024-08-12T17:21:18.764396
4688,avoid,Alejandro Wyatt,Frederick Bauer,3061,occur,available,2024-03-26T01:02:20.476001,2024-12-27T11:49:46.212895
58969,color,Dylan Coleman,Jonathan Johnson,2158,of,buy,2023-04-08T22:38:39.811799,2024-02-06T06:58:30.845479
14112,hundred,Drew Robinson,Catherine Berry,3574,impact,view,2023-08-01T02:22:45.208670,2024-03-25T11:51:54.640464
99005,blue,Mr. Phillip Harvey,Charles Morgan,1673,process,fall,2023-05-27T19:43:08.885342,2024-07-13T13:26:16.076685
67880,long,Julie Farmer,George White,2608,age,later,2024-07-23T23:22:44.614347,2024-06-05T00:27:02.393388
31186,identify,Billy Brown,James Simmons,510,answer,company,2023-08-15T10:35:35.088053,2024-03-17T20:15:32.676336
1627,ball,Jeffrey Zuniga,Matthew White,3575,out,analysis,2023-08-01T01:05:03.053814,2024-10-28T15:57:25.802859
79470,Democrat,Alice Contreras,Terry Lewis,1619,car,same,2024-09-08T06:17:46.195995,2024-11-12T02:49:30.588372
69813,put,Brad Miller,Benjamin Caldwell,3513,national,contain,2025-01-12T14:34:54.792900,2024-03-14T21:40:07.744722
36179,ability,Nicole Sanchez,Michael Lam,501,degree,ground,2024-10-22T11:40:36.595969,2024-10-31T07:29:42.428785
56221,again,Kara Vaughan,Spencer Boyer,2305,father,director,2023-08-28T09:01:05.106361,2024-06-21T04:47:41.302620
25071,safe,Scott Novak,Terri Stephenson,2981,help,list,2023-11-02T08:32:13.901511,2024-06-25T20:18:40.400856
96149,possible,Stephen Boyd,Lindsay Neal,1586,growth,red,2023-08-24T16:39:44.429640,2024-03-17T06:40:20.360612
96617,pick,Carol Smith,Angela Williams,521,success,institution,2023-05-05T09:15:19.310545,2024-06-20T15:50:26.912203
75728,issue,Megan Miller,Dylan Clark,2535,price,whatever,2024-12-18T11:53:58.253271,2024-04-26T17:40:25.365899
9685,woman,Joseph Mendez,George Chapman,2211,edge,grow,2023-08-18T07:26:35.192198,2024-05-10T01:10:44.518559
26031,camera,Peter Mills,Tyler Smith,771,tax,college,2024-04-10T17:52:18.023484,2024-10-16T18:22:28.465467
21953,similar,Katrina Waters,Jeffrey Ortega,1367,also,middle,2024-01-17T19:42:26.482822,2024-07-28T11:16:22.440326
66935,nice,Jesse Abbott,Shelby Miller,3174,church,military,2023-05-01T20:40:26.453839,2024-10-27T18:14:48.058262
76206,agent,Andrea Choi,Greg Woods,3129,discover,response,2024-03-26T23:29:48.899069,2024-10-05T04:17:32.605474
70910,magazine,Jesse Scott,Charles Montoya,1580,because,son,2023-07-25T05:46:52.302533,2025-01-25T22:25:49.659074
4729,last,Jacqueline Taylor,Kayla Webster,3280,adult,dark,2023-10-10T09:54:44.992917,2024-07-11T05:10:22.601668
80645,environment,Carol Peterson,Caitlin Powers,3597,worker,improve,2024-04-25T23:19:57.194653,2024-05-26T21:54:52.748936
63156,bring,Allison Shaw,Christopher Hardin,68,which,fire,2025-01-18T01:18:11.032655,2024-08-01T00:15:47.711928
72048,perhaps,Richard Villa,Jessica Marshall,1217,either,wear,2024-08-12T00:55:27.137751,2024-12-03T08:52:12.471688
20536,camera,Stephen Stark,Zachary Conner,1108,investment,have,2023-02-07T20:14:51.607836,2024-03-21T20:04:07.239645
31679,until,Nichole Morrison,Thomas Davila,2332,good,others,2024-05-17T14:31:46.918692,2024-04-10T03:51:51.035759
68481,let,Sheri Craig,Carol Johnson,1142,right,create,2023-06-02T08:50:32.305689,2024-05-21T00:54:53.557542
1062,number,Nicole Gonzalez,Regina Salinas,311,speech,claim,2024-06-25T19:05:17.357158,2024-11-30T20:57:31.038561
45704,group,Willie Duncan,Terry Rodriguez,3320,last,explain,2023-11-22T04:05:06.970637,2024-10-12T21:30:16.214189
48715,claim,Kenneth Phillips,Melissa Grimes,1002,range,animal,2024-08-14T21:24:24.188295,2024-02-28T09:45:33.194544
5393,fill,Steven Stewart,Shane Washington DDS,3057,suggest,stop,2023-05-18T01:54:26.968293,2024-12-05T11:19:58.037476
72622,sport,Dustin Murray,Nicole Johnson,1645,service,start,2023-05-22T13:21:18.123148,2024-05-20T13:45:06.198620
96461,deep,Ronnie Pope,Monique Kaiser,132,sell,bank,2023-04-20T20:41:06.082970,2024-02-11T07:37:50.841079
13042,especially,Kara Wallace,Devin Ayers,3597,near,soldier,2023-07-24T04:28:56.746366,2025-01-04T05:48:14.316930
48419,newspaper,Jessica Crawford,Deborah Wiggins,3343,like,see,2024-05-14T09:03:21.631249,2024-07-23T11:29:19.280283
69798,growth,Sara Blair,Alicia Brown,2055,rule,collection,2024-04-18T13:06:50.979456,2024-03-11T17:19:29.557621
27820,we,Susan Wilson,Adrian Howard,220,across,so,2024-06-19T10:37:27.292289,2024-06-09T11:27:50.957266
2356,man,Joseph Butler,Sabrina Calhoun,2341,know,fly,2023-04-30T18:37:15.316198,2025-01-10T01:07:05.963781
32863,occur,Kimberly Robinson,Anna Dennis,1242,skin,present,2024-02-29T18:39:09.838443,2024-06-06T16:00:05.216449
53428,similar,Randy Cross,Jennifer Alvarez,1798,finish,military,2024-03-15T09:17:05.063968,2024-04-04T01:19:36.696238
99353,federal,Jon Blake,Carrie Schneider,530,late,possible,2023-02-26T22:53:36.479133,2024-04-17T09:02:44.832993
57811,page,Diana Pitts,Gloria Reeves,2177,explain,house,2024-12-15T08:59:08.963372,2024-10-01T16:18:23.887692
62939,audience,Melissa Brown,Christopher Patterson,2237,bring,price,2023-03-13T07:22:59.572205,2025-01-22T21:32:15.301342
31917,case,Amber Romero,Barry Ramos,2549,camera,expect,2024-08-20T06:35:23.204957,2024-12-02T07:19:34.113083
39782,rise,Wanda Smith,Patrick Roy,1113,option,parent,2024-04-20T03:20:10.484364,2024-08-21T14:29:41.717496
37335,popular,Samantha Shaw,Ashley Underwood,3572,later,other,2023-10-01T12:32:50.496528,2024-10-27T14:16:37.556628
18085,every,Andrew Ross,James Sexton,554,road,mouth,2023-09-15T14:49:59.862821,2024-09-16T00:29:05.040155
53113,after,Cynthia Martin,Robert Nguyen,2581,heart,soldier,2024-10-21T22:52:00.064035,2024-12-30T15:12:13.888190
49520,eat,Michael Brown,Jennifer Lester,2194,child,life,2024-05-22T01:08:08.180936,2024-02-26T00:56:52.078028
50974,including,Danielle Kaufman,James Campbell,3303,exist,while,2024-05-19T03:55:03.110408,2024-09-13T04:50:14.191085
74226,still,Jonathon Morales,Cynthia Acosta,3494,yet,keep,2024-04-05T18:14:54.781079,2024-07-05T12:37:36.780596
23747,capital,Jose Short,Matthew Sanders,1466,until,reflect,2023-05-17T17:46:26.324028,2024-10-01T22:00:18.638369
58584,he,Daniel Thomas,Adrian Rocha,2351,hard,four,2023-05-24T09:38:38.729036,2024-04-22T21:16:22.999290
5315,raise,Mark Baker,Ryan Dorsey,99,their,personal,2023-02-02T03:14:24.736478,2024-05-18T13:19:57.752874
35781,deep,Steven Sanchez DDS,Erica Mueller,2092,operation,property,2023-10-14T06:23:34.828205,2024-02-16T17:05:37.962256
90607,account,Justin Lee,Richard Castro,1222,run,son,2023-04-29T13:28:46.969200,2024-10-18T22:41:06.601324
80432,while,Renee Brown,Ronnie Armstrong,546,market,eat,2023-09-24T01:13:53.654758,2024-03-21T19:52:58.491459
674,town,Carla Daugherty,Lindsay Henry,684,not,month,2024-03-18T12:43:20.187124,2024-09-29T08:48:14.962585
84414,guess,Danielle Bradley,Casey Wilson,968,we,others,2023-09-16T13:12:15.511104,2024-05-04T08:40:04.053015
63942,deep,Amy Chang,Michael Norman,2598,five,song,2024-11-10T09:21:37.752948,2024-06-10T12:00:03.907771
26401,else,Robert Grant III,Joseph Morgan,141,exactly,part,2023-07-22T10:17:02.156085,2024-10-22T08:58:34.373470
69907,beat,Chris Hernandez,Tiffany Johnson,460,maybe,or,2023-02-24T17:32:56.460176,2024-11-17T00:24:11.465217
99531,writer,Becky Nunez,Lisa Peters,1298,capital,spend,2024-04-07T10:08:42.082339,2024-06-03T15:52:55.511382
9270,laugh,Brittany Navarro,John Taylor,112,the,reach,2023-11-11T13:07:34.775445,2024-07-07T18:02:47.170132
90085,air,Felicia Blankenship,Meredith Jones,694,machine,past,2024-11-23T20:06:16.275077,2024-03-29T14:29:33.130516
57294,respond,Andrew Olson,Cheryl Cortez,2579,clear,American,2024-01-10T11:41:50.812509,2024-02-02T08:37:51.476920
81805,discuss,Lisa Ramos,Melissa Robinson,834,performance,least,2023-05-14T13:40:33.797253,2024-12-01T20:29:29.433329
94224,environment,Tiffany Sheppard,Gloria Garza,2003,entire,kid,2023-08-23T03:33:02.801689,2024-08-24T06:41:04.003417
38082,exactly,Carol Reed,Anthony Williams,2308,today,lawyer,2023-04-24T09:38:31.728442,2024-11-12T12:47:34.015391
46054,shoulder,Kathleen Durham,Brett Hall,1556,short,southern,2024-02-01T00:48:57.335748,2024-05-28T11:06:49.610784
3570,student,Kevin Oliver,Ronald Smith,99,head,machine,2024-03-12T22:06:38.078290,2024-05-22T20:28:36.450310
34328,hold,Matthew Rodriguez,Fernando Cook,1711,send,cause,2025-01-14T01:18:14.499811,2024-07-10T04:04:06.614494
31315,even,Calvin Rodriguez,Kiara Jones,1110,list,if,2024-08-08T01:07:14.205186,2024-04-04T13:30:35.022022
60295,claim,Angela Gibbs,Eric Hardy,1694,guess,nor,2024-12-31T03:19:15.383886,2024-08-02T15:27:06.195937
84978,law,Dr. Luis Alvarado Jr.,Brian Cooper,2787,cell,energy,2023-08-07T09:24:14.057986,2025-01-06T17:32:23.718745
58529,painting,Kathryn Morales,Richard Green,2168,yet,same,2023-04-03T05:07:48.745383,2024-03-30T09:16:35.815948
84090,peace,Robert Munoz,Cynthia Medina,1046,else,body,2025-01-13T06:46:37.828509,2024-02-12T23:02:49.741239
84614,dark,Matthew Smith,Taylor Bailey,1644,information,former,2023-03-01T22:26:14.770591,2024-04-14T22:19:53.613210
17630,down,Kristen Moore,Abigail Wells,2034,with,choice,2023-08-26T03:15:15.480477,2024-07-20T17:08:26.190702
70181,finally,Sarah Ali,Chelsea Taylor,883,back,coach,2024-01-11T03:00:11.369641,2024-12-21T09:28:08.819301
91623,business,Ashley Rodriguez,Charles Long,2519,bar,do,2023-08-14T07:46:55.693836,2025-01-16T21:05:51.452794
65752,girl,Taylor Gay,Amanda Dennis,1403,record,person,2023-09-02T18:02:57.431620,2025-01-24T21:56:42.925379
97551,generation,Mr. Ronald Alvarez,Dwayne Singleton,39,price,wide,2024-05-18T05:04:09.684890,2024-12-16T23:36:57.455051
267,though,Amy Pierce,Mr. Jonathan Moore,1479,big,piece,2023-07-18T06:02:46.510901,2024-04-15T20:26:19.224585
20216,ball,Luke Anderson,Denise West,2427,organization,tough,2023-09-27T04:35:41.255962,2024-11-06T07:57:48.984206
36602,nation,Richard Fernandez,Devin Anderson,2430,situation,than,2024-03-29T07:07:53.200464,2024-08-05T07:47:30.992602
99279,such,Jenna Neal,Sherry Perry,952,teach,last,2023-08-18T22:32:39.066875,2024-08-30T14:11:28.441182
3674,thing,Jessica Edwards,William Yu,2912,history,near,2023-11-22T00:24:12.485363,2025-01-08T12:20:26.867954
29709,strategy,Marcus Watkins,Kaitlyn Davis,2187,charge,question,2023-03-18T21:36:15.251848,2024-10-07T13:21:58.647511
34965,play,Jose Stone,Russell Price,2968,management,benefit,2024-07-07T19:15:59.181023,2025-01-16T05:04:11.556010
51250,run,Zachary Martin,Jasmine Pugh,27,notice,ball,2024-11-09T18:41:52.204833,2024-06-07T10:47:55.449656
24023,position,Amy Hayes,Raymond Phillips,3024,similar,break,2023-02-03T19:03:27.065047,2024-09-23T10:38:00.770311
85354,reason,Bailey Solis DVM,Michelle Maxwell,2489,stock,Democrat,2024-10-08T19:12:29.076452,2024-07-14T04:24:10.419236
23065,country,Jessica Owens,Kimberly Haley,345,summer,trade,2024-12-12T01:12:23.309593,2024-10-13T06:40:57.432444
70084,most,Justin Hendricks,Timothy Gilmore,3193,easy,hard,2024-05-01T15:57:21.562896,2024-11-16T09:56:23.516423
82039,any,Danielle Torres,Tina Roberts,2403,approach,this,2024-12-25T15:34:58.632672,2024-07-23T17:22:09.630509
55693,partner,Scott Hall,Dr. Gary Brown,337,strategy,teacher,2024-10-31T00:00:49.398007,2024-10-07T08:34:04.171217
49562,make,Kevin Wilson,Jason Hogan,3450,guy,after,2023-03-26T16:38:20.362258,2024-01-29T22:18:52.276454
81387,response,Linda Edwards,Christopher Rowland,348,where,close,2024-06-22T01:17:19.820458,2024-05-09T04:16:35.771627
99407,hear,Lindsay Petersen,Daniel Nelson,2273,direction,beyond,2024-08-16T14:25:46.883167,2024-03-29T10:34:44.879174
24167,none,Amanda Cook,Rachel Morgan,2396,project,both,2025-01-05T16:15:01.650904,2024-06-24T21:47:54.172971
27611,research,Matthew Stewart,James Welch,1933,order,authority,2023-12-14T17:09:18.285372,2024-06-20T02:17:20.150584
57804,best,Jason Roach,Joseph Browning,1891,those,song,2024-08-18T03:56:14.667734,2024-12-02T01:28:23.813375
17800,live,Susan Mckinney,Dr. James Cooley MD,2638,data,research,2024-09-30T21:34:09.006150,2024-05-22T16:36:17.066645
45038,quickly,Charles Hutchinson,Peter Small,2879,simply,west,2024-12-12T13:13:44.069061,2024-02-15T04:53:21.726233
40939,claim,Adam Kim,Teresa Morgan,2949,large,hand,2023-12-05T08:25:52.080252,2024-03-16T09:13:39.680587
18914,strategy,Lynn Lee,Philip Nguyen,3043,place,hold,2023-12-02T04:48:34.979150,2024-11-17T20:59:46.644919
32818,source,Richard Pope,Joshua Martinez,2207,cause,pick,2023-08-07T09:43:35.830314,2024-05-28T00:48:56.280038
75503,read,Katie Williams,Diana Walker,2800,stock,big,2023-09-10T00:58:38.352273,2024-05-15T13:57:21.556224
76561,today,April Brown,Jeffrey Spencer,808,program,gun,2023-10-02T00:21:10.787310,2024-03-08T21:11:48.865474
60639,risk,Anne Camacho,Patrick Griffin,2592,page,degree,2024-11-08T23:07:29.490004,2024-10-30T21:09:08.499833
36607,condition,Calvin Wagner,Laura Lucas,2497,owner,drive,2025-01-03T10:10:23.002184,2024-04-22T09:09:05.715070
23313,suddenly,Justin Gardner,John Saunders,2188,personal,relate,2023-05-16T17:38:08.539248,2024-07-01T16:54:17.192226
19526,good,Alex Parks,David Waters,2715,operation,again,2023-04-20T11:52:13.711542,2024-02-25T11:45:09.953434
75527,call,Carl Cantrell,Sheri Casey,1641,pressure,draw,2024-08-22T18:51:21.160203,2024-04-15T05:12:47.415259
55466,staff,Kyle Dodson,Veronica Vargas,624,away,group,2023-03-06T04:53:26.424128,2024-03-01T23:08:20.479804
49212,theory,Alyssa Fox,Heather Henry,3287,soon,forget,2025-01-10T01:10:33.893206,2024-09-04T11:46:06.761762
17044,loss,Grace Hanson,Jason Bell,2972,network,they,2024-02-12T18:57:02.810872,2024-08-06T21:12:06.220947
53791,lose,Kimberly Barnett,Nicholas Huynh,2508,green,everyone,2024-05-23T19:40:11.685276,2025-01-08T05:38:14.278175
58599,activity,Kathryn Goodwin,Angel Parrish,2437,note,cold,2025-01-15T08:35:45.954875,2024-07-25T01:29:04.435726
95769,produce,Gregory Clements,Matthew Sullivan,577,cup,couple,2023-10-29T03:32:56.864227,2024-11-26T04:58:37.972920
33783,laugh,Dana Mccoy,Vanessa Nguyen,2113,second,environment,2024-11-25T23:18:09.107734,2024-06-25T21:28:39.006163
66066,through,William Greene,Barry Riley,3332,cost,upon,2023-10-27T04:36:52.623363,2024-02-18T14:20:02.247472
60398,you,Michele Bishop DVM,Tiffany Wright,3412,attorney,thank,2024-09-08T07:52:37.545044,2024-07-13T15:20:12.157626
91540,magazine,Todd Ruiz,Dana Brown,2071,hair,share,2024-04-25T18:16:09.180090,2024-06-20T18:41:11.006592
9175,clearly,Katherine Curtis,Jennifer Jones,3294,them,wish,2024-03-30T08:47:07.813707,2024-08-13T18:01:29.682448
72213,just,Laura Martinez MD,Melissa Ballard,180,senior,level,2023-08-03T23:14:34.087189,2024-05-06T10:27:35.092526
61382,off,Brianna Santana,Kenneth Duncan,1954,serious,hotel,2024-07-01T09:39:13.714288,2024-12-30T12:44:36.097175
24498,seek,Aaron Leach,Jose Whitehead,1980,nice,wide,2024-06-02T16:55:02.310771,2024-09-17T22:05:51.719147
49533,already,Cody Evans,Jacqueline Larson,469,feel,in,2023-07-14T11:40:51.120764,2024-05-01T12:58:39.078245
60036,next,Glenn Williams,Catherine Daniel,3482,central,likely,2023-07-09T19:41:21.680335,2024-07-01T10:42:09.263556
84050,attack,Robert Pierce,Sarah Robles,2947,surface,majority,2024-02-05T07:03:02.283834,2024-05-15T02:03:41.147921
60521,look,Brittany Anderson,James Ward,682,too,word,2023-08-18T03:14:12.281822,2024-09-01T20:33:41.921889
80678,rise,Samantha Johnson,Laura Bishop,3544,nation,very,2024-11-22T06:53:48.102538,2024-04-01T12:41:38.497628
75669,herself,Brandon Vega,Chad Allen,800,product,tell,2023-06-07T03:12:43.369713,2024-10-31T02:15:04.424751
61652,born,Jordan Galvan,Brian Mendoza,1997,best,usually,2023-05-05T12:46:29.455900,2024-02-19T12:12:32.535244
3167,grow,Joseph Navarro,Tracy Colon,2315,perhaps,learn,2023-02-11T18:41:15.009160,2024-03-05T09:56:18.585907
28706,player,Martin Jackson,William Brown,711,population,bill,2024-02-18T15:44:15.328819,2024-07-21T07:26:50.787677
29285,like,Michael Fitzpatrick,Catherine Smith,2787,voice,black,2023-02-23T10:47:27.788347,2024-08-29T05:43:26.862507
17327,throughout,Thomas Boyle,Megan Chase,2666,style,better,2024-11-26T18:59:09.107914,2025-01-05T10:06:19.888492
94309,industry,Courtney Harris,Michael Rhodes,1435,decade,if,2023-02-01T00:47:44.088337,2024-12-19T03:33:12.538585
42856,police,Michael Wu,Brenda Figueroa,1038,forget,executive,2024-06-16T14:13:44.721962,2024-08-20T16:09:36.105509
25788,lead,Kevin Rivers,Melissa Richardson,2843,role,light,2023-11-26T14:54:03.300933,2024-04-17T15:46:19.102636
76031,land,Kristina Dalton,Melissa Valenzuela,226,play,see,2025-01-13T01:25:43.267212,2024-11-11T19:46:45.226883
40878,then,Justin Ramos,Matthew Gardner,75,cover,thought,2024-10-20T05:50:11.683793,2025-01-26T21:46:18.415118
83086,race,Jennifer Craig,Stephanie Garcia,3373,skin,record,2024-05-08T20:54:44.995023,2024-07-31T13:58:15.858928
61887,put,Brianna Hart,Lindsay Gonzalez,1496,medical,tell,2023-12-15T20:05:30.953094,2024-06-01T08:54:53.926795
62674,human,Sharon Parker,Emily Watson,2336,a,television,2024-11-29T10:07:19.944765,2024-08-05T08:19:03.216353
85329,husband,Angela Alvarado,Sean Johnson,3325,executive,also,2023-12-24T06:18:07.176595,2024-10-08T15:07:49.735086
12854,party,Elizabeth Owens,Victor Bishop,336,media,myself,2023-06-26T09:16:55.579823,2024-12-24T05:30:06.472780
48350,test,Jonathan Fowler,John Perez,674,yes,picture,2024-02-14T01:49:13.707186,2024-09-25T21:58:07.281370
88905,rock,Brian Wilson,Amber Dean,276,area,audience,2023-03-30T22:41:49.929620,2024-06-10T03:10:59.607078
41628,step,Robert Gardner,Ethan Higgins,1924,effect,save,2024-06-23T14:38:53.789058,2024-04-20T12:15:19.536888
35807,peace,Stacey Edwards,Michael Mills,2885,threat,author,2023-10-22T14:40:52.777668,2024-02-08T22:36:51.539355
99547,set,Misty Lopez,Eric Vazquez,2325,company,many,2024-08-10T17:14:10.635394,2024-05-12T15:58:38.592710
32925,coach,Shawn Oneal,Michael Goodman,3501,after,table,2023-09-30T16:49:05.909999,2024-09-29T16:20:36.566366
87396,else,Nicholas Johnson,Lisa Torres,262,hold,claim,2024-10-21T13:39:15.296612,2025-01-22T14:45:47.406967
23107,country,Dr. Gregory Hernandez,Maria Hayes,2189,rise,number,2024-10-12T05:32:01.315877,2024-01-30T15:01:18.242536
40775,politics,Ricky Adams,John Owens,40,rise,morning,2023-05-14T12:20:47.134336,2024-12-19T15:10:36.777395
9122,among,Stacey Dunlap,Jenny Salazar,581,Congress,meet,2024-05-07T00:44:55.267192,2025-01-18T06:18:44.840847
75340,shoulder,Gerald Anderson,Judy Anderson,69,it,population,2024-10-09T20:24:54.284841,2024-11-15T21:03:43.522617
21316,thing,Joshua Arias,Franklin Anderson,1430,impact,believe,2023-05-09T10:34:42.773174,2024-02-19T14:18:47.027373
85775,room,Larry Andersen,Nathan Smith,1884,writer,eye,2024-12-17T02:46:25.388486,2025-01-04T18:15:30.943534
43474,bad,Amanda Koch,Stephanie Riggs PhD,926,hot,shake,2023-06-17T22:11:04.035541,2024-12-28T05:36:05.344455
13915,including,Zachary Diaz,John Jones,1676,box,morning,2023-06-10T14:05:02.984666,2024-09-13T09:05:00.219326
96762,truth,Megan Henderson,Candice Thompson,2850,develop,make,2023-09-23T16:45:54.159044,2024-05-15T18:24:48.189442
64786,including,Michael Rios,David Gay,2903,tend,you,2023-07-05T02:31:53.171196,2024-11-29T00:03:27.638882
30636,possible,Tracy Cross,Deborah Meyer,1351,green,bad,2024-08-19T10:18:45.870694,2024-10-22T23:59:31.366556
36630,be,Patricia White,Tracy Martin,355,enjoy,throw,2024-03-18T08:20:18.228649,2024-09-18T19:57:56.813627
64207,house,Tracy Frazier,April Garcia,2689,loss,cause,2023-11-30T10:15:52.293910,2024-04-29T02:02:43.169793
48055,often,Hailey Hall,Jennifer Gonzalez,2466,learn,none,2023-03-04T04:47:05.266859,2024-07-05T02:23:06.112656
55883,kind,John Jones,Kathy Mckinney,1825,former,daughter,2023-07-12T10:46:11.751168,2025-01-18T11:08:34.421998
28098,whose,Shelby Chapman,William Thompson,263,quite,visit,2024-12-20T03:01:05.161983,2024-11-24T11:29:24.656809
67370,from,Joseph Foley,Scott Price,128,speech,assume,2024-07-07T06:23:51.958859,2024-10-05T03:26:00.201688
22120,finish,Victoria Reynolds,Taylor Bishop,827,skin,month,2024-10-23T15:54:37.316794,2024-06-27T04:44:27.339021
28032,range,Mark Williams,Crystal Perez,3051,within,right,2024-05-02T06:27:51.957641,2024-09-04T06:22:43.842788
76511,shake,Mark Snyder,Christopher Vega,1556,boy,change,2023-03-24T03:10:35.625712,2024-06-04T22:55:14.742692
86752,think,Leslie Berg,Vincent Skinner,1694,themselves,from,2023-02-08T17:09:02.676305,2024-05-13T20:18:11.151826
48708,range,Stephanie Wilson,John Brown,656,should,law,2024-02-10T03:04:29.956017,2024-06-05T23:54:41.597894
9489,determine,Paul Flynn,Linda Peters,2652,as,since,2025-01-13T11:06:35.656240,2024-09-22T03:03:51.000470
2355,face,Brianna Vasquez,Jill Walton,2632,discuss,scene,2024-03-12T12:49:23.068305,2024-05-21T06:42:35.099144
18473,along,Sherry Anderson,Tiffany Beard,2323,rest,body,2023-12-01T11:56:02.816190,2024-10-19T06:14:29.755923
98680,people,Bryan Copeland,Luis Glass MD,140,summer,eye,2023-03-20T03:45:48.351801,2024-02-10T19:49:50.401216
67079,stand,Jordan Smith,Tyler Thompson,2089,leader,event,2024-10-12T12:26:02.726356,2024-06-02T21:04:52.815199
47553,simply,Christopher Cooley,Maria Clarke,3057,form,prepare,2024-05-15T08:37:45.576314,2024-05-17T12:31:32.382873
