track_id,name,artist,songwriters,duration,genres,album,created_at,updated_at
97099,prevent,Anthony Berry MD,James Hull,2884,reach,help,2024-11-21T22:37:43.011882,2024-07-06T03:58:18.020866
95620,simple,Sean Banks,Nicholas Marquez,3213,read,side,2023-09-11T16:28:34.161783,2024-09-14T15:26:58.722597
23483,interest,Ashley Haynes,Kimberly Duncan,1435,produce,few,2024-02-22T16:06:03.363292,2024-04-22T22:30:00.988882
37377,affect,Steven Johnston,Andrew Trujillo,2348,out,call,2024-05-12T15:04:10.064794,2024-11-14T00:01:22.774051
1533,station,Rebecca Maldonado,Matthew Pittman,2636,another,food,2023-03-30T00:18:56.397351,2024-10-11T08:27:02.563312
11855,argue,Mason Miller,Robert Adkins,925,magazine,arrive,2024-12-22T07:38:02.723794,2024-03-07T06:45:59.732115
31890,situation,Randall Taylor,Amanda Williams,1284,gun,weight,2023-09-09T07:55:28.428705,2024-08-02T18:46:52.940322
88088,bag,Laura Mcclain,Bruce Ingram,1312,service,despite,2025-01-08T17:38:17.687191,2024-12-13T22:21:53.964459
33273,institution,Jose Williams,Ricky Freeman,1178,then,compare,2024-04-09T23:44:16.172904,2024-06-23T01:02:54.178952
24388,role,Jonathan Wilkerson,Debra Lynch,442,news,seven,2023-05-29T16:45:32.708051,2024-06-07T14:19:04.138668
33260,body,Robert Davis,Isaac Ward,814,force,great,2023-09-26T23:35:51.608885,2024-03-31T13:01:38.150684
63148,investment,Karla Salinas,April Potter,269,find,officer,2024-11-23T05:46:16.429419,2024-10-22T17:24:56.321570
37614,body,Rick Walters,Peter Smith,2496,accept,Republican,2024-04-27T19:27:44.942017,2024-03-11T10:14:37.025084
96969,however,Nicholas Lucas,Melissa Gonzalez,2319,role,picture,2024-07-05T09:28:06.577422,2024-03-02T22:26:12.749067
75914,account,Philip Smith,Donald Wolfe,3309,scene,thing,2024-02-08T10:38:18.856009,2024-02-21T09:45:17.217414
9880,over,Alison Stephens,Bradley Le,2023,write,light,2024-08-21T09:23:56.041452,2024-04-07T15:11:05.438550
70758,something,Justin Smith,Michael Delgado,3291,interest,week,2024-04-01T02:17:40.883343,2024-06-03T09:53:48.884888
12312,have,Daniel Jacobs,Raymond Webster,102,career,in,2023-06-06T13:53:24.249483,2025-01-21T14:17:29.785715
52029,box,Steven Hall,Robert Reynolds,955,senior,reflect,2024-05-16T08:13:44.396704,2024-07-28T22:30:37.363063
57277,ball,Robert Brown,Julie Collins,2235,all,little,2023-04-08T07:49:45.145001,2024-04-05T01:58:45.032274
11084,station,Juan Odom,Deanna Cox,1111,trouble,may,2024-02-17T16:32:31.198177,2024-12-23T04:24:56.844781
16186,product,Pamela Johnson,Corey Mckee,1286,start,star,2024-09-24T04:09:48.716999,2024-12-19T08:22:13.340936
91977,someone,Matthew Brady,Heidi Rosario,1443,but,majority,2023-07-27T06:27:30.316802,2024-04-29T18:51:46.305567
28103,financial,Rebecca Brown,William Baker,3054,for,guy,2024-02-21T10:54:34.341018,2024-05-12T22:47:06.108380
61307,start,Michael Padilla,Robert Thompson,3521,remain,blue,2024-12-31T09:23:15.637602,2024-04-16T07:42:06.661180
34020,describe,Cody Monroe,Ryan Johns,3271,the,born,2024-10-04T12:23:23.390719,2024-11-18T11:22:20.568358
58042,worker,Bradley Meyers,Raven Taylor,3556,medical,despite,2024-09-17T03:04:09.241447,2024-03-19T11:13:46.195142
69186,head,Susan Hernandez,Linda Miranda,785,fine,place,2023-12-04T18:44:40.621176,2024-09-18T00:10:11.104251
12339,rock,Dr. Kelly Bailey DDS,Cynthia Johnson,661,per,pick,2024-09-15T15:31:50.054221,2024-12-27T22:23:59.085577
17976,bill,Steve Anderson,Melissa Murphy,3293,particular,career,2024-12-15T20:45:51.160673,2024-10-29T17:36:06.379151
18774,market,Kenneth Hopkins,Cynthia Harris,1948,most,drive,2024-02-18T03:38:18.239449,2024-12-29T09:26:09.196709
39936,arrive,Collin Lewis,Cynthia Woods,67,voice,food,2023-08-03T06:33:15.337909,2024-11-21T08:42:20.164161
62326,through,Michaela Bell,Anne Martinez,1520,next,movement,2024-06-29T21:00:49.575137,2024-06-08T17:19:03.863153
34930,start,James Peterson,Robert Acevedo,839,floor,stand,2024-09-18T11:54:55.333910,2024-06-26T12:10:03.590806
34887,prove,Lee Mcguire,Laura Garcia,2120,theory,certainly,2023-04-21T10:29:51.371443,2024-02-03T23:52:51.124052
50186,national,Sean Stone,Shaun Ellis,732,hold,worry,2024-03-14T06:44:14.586001,2024-07-11T18:00:33.150648
68245,general,Mark Johnson,Shannon Woodward,853,director,field,2023-03-06T14:25:59.297830,2024-12-01T00:13:46.305185
36571,world,Victoria Hester,Lisa Martin,199,personal,father,2024-05-18T23:18:42.660996,2024-05-30T23:55:58.199873
51473,mention,Justin Weaver,Kimberly Hernandez,2660,dinner,soon,2024-08-21T20:32:32.596637,2024-11-20T11:01:32.507071
88159,knowledge,Jessica Newton,Michael Jordan,1760,evening,huge,2023-09-07T08:25:55.903555,2024-09-13T07:25:04.403916
30045,least,Luis Hunter,Susan Martin,3201,throughout,every,2023-08-03T08:02:58.672553,2024-12-27T23:57:11.618906
67128,budget,Jessica Parker,Kaylee Jones,83,bag,American,2023-03-21T20:16:29.399006,2024-11-13T16:18:10.370654
43096,learn,Alexandra Gillespie,John Barnett,650,partner,their,2024-08-02T11:09:39.662374,2024-09-27T22:01:04.956311
53981,how,Jennifer Wallace,Russell Collins,1467,gun,make,2024-08-14T18:13:50.519080,2024-09-06T17:02:58.211486
25408,letter,Joseph Johnson,Tracey Larson,316,usually,number,2023-07-01T07:57:06.879052,2025-01-18T23:06:13.754826
27603,young,David Perez,Jason Gibbs,3578,art,drop,2024-07-07T23:37:59.744926,2024-09-29T11:26:21.224428
64064,everybody,Ashley Perkins,James Harris,2368,big,road,2024-08-28T03:25:19.881542,2024-09-21T16:48:35.994039
43302,city,Katherine Jones,David Cervantes,506,glass,something,2024-01-24T03:03:50.308281,2024-04-02T05:47:17.182864
63987,southern,Alyssa Sims,Stephanie Aguirre,2447,sometimes,year,2023-07-11T08:00:36.698276,2024-10-13T19:08:41.938154
22517,lot,Robin Vega,Tyler Marshall,2365,music,possible,2023-12-13T19:24:59.041278,2024-01-30T07:06:51.878127
57237,dark,Scott Horton,Jeanne Barrett,1970,anything,behavior,2024-11-27T19:57:19.113480,2024-04-25T21:44:58.620175
83810,recognize,Adam Lamb,Michael Nunez,1572,physical,kind,2023-04-13T06:28:06.552241,2024-11-01T14:45:52.001659
71414,condition,Rebecca Howard,Stephanie Roy,1204,serve,involve,2024-11-05T23:41:18.842024,2024-10-12T15:21:35.556370
57676,choose,Heidi Brown,Randall Lyons,2300,realize,student,2023-06-17T09:44:29.686660,2024-02-05T01:02:02.110360
78346,produce,Valerie Petty,Matthew Skinner,1590,respond,available,2025-01-16T21:48:36.110472,2024-09-04T09:01:02.606142
82256,build,Debbie Johnson,Brandon Baker,266,indeed,citizen,2024-03-30T13:51:57.398506,2024-08-04T18:57:07.271234
41396,kid,Stanley Fisher,Sherri Hendricks PhD,2052,yet,structure,2023-03-03T11:50:01.202860,2024-02-03T07:46:53.023430
25843,this,Gary Davis,Donna Bailey,2400,image,each,2024-03-28T04:37:44.739863,2024-06-18T17:51:04.287310
78306,over,Emily Wagner,Patricia Ramirez,1935,you,soldier,2024-11-04T02:34:56.722587,2024-05-07T10:38:41.621295
55842,candidate,Sandy Alexander,April Johnson,347,middle,south,2023-04-07T00:14:31.832218,2024-08-09T17:59:38.948941
2484,capital,John Schaefer,Veronica Perkins,3383,speak,popular,2023-02-17T18:02:06.369091,2024-10-16T09:05:31.458913
3232,agency,Darrell Glover,Mrs. Jennifer Martinez MD,770,mention,effort,2024-07-10T00:19:32.857032,2024-04-01T22:42:16.392391
6049,relate,Benjamin Hart,Amy Hester,2736,suddenly,analysis,2023-07-23T12:11:06.518707,2025-01-24T12:27:00.298138
51781,four,Paul Ray,Julie Bell,1846,energy,quickly,2024-02-22T08:06:43.137526,2024-10-03T03:22:29.949919
56017,live,Terry Berry,Martin Meyer,139,task,reflect,2024-05-24T17:45:17.989629,2024-09-09T23:32:55.288420
92990,policy,Karen Pugh,Abigail Rivera,1301,though,little,2024-07-04T14:55:41.920763,2024-11-22T02:30:10.639025
63121,find,Jack Sullivan,Cynthia Riggs,234,evening,writer,2024-11-13T02:47:23.829633,2024-07-22T16:23:40.456680
39671,test,Jessica Gibson,Kari Raymond,3554,still,drug,2023-02-05T14:37:37.303619,2024-11-22T01:20:11.922395
17706,do,Frederick Dixon,Scott Knox,825,significant,already,2023-10-31T12:26:40.400643,2024-02-06T01:42:02.613872
9315,feel,Emily Kline,Antonio Price,2993,leave,everybody,2023-07-24T02:06:59.549483,2024-08-02T11:15:21.081015
15868,room,Jason Hunter,Randall Bass,1261,probably,kitchen,2024-07-21T12:41:29.538208,2024-03-21T00:09:28.910213
63256,indicate,Michelle Cobb MD,Maria Johnson,983,car,another,2023-08-21T08:03:20.452994,2024-05-14T11:08:26.397119
30555,short,Heidi Wright,Tyrone Woodward,1439,guess,customer,2024-01-01T16:56:55.284513,2024-11-06T03:50:07.554808
85079,right,Christopher Marquez,Beth Wright,707,red,kind,2024-06-29T12:25:06.509046,2024-02-27T17:48:04.175741
55598,Mrs,Melinda Fitzpatrick,Christopher Hudson,1034,community,seat,2023-12-02T10:49:21.379561,2024-10-27T09:14:45.543586
73270,should,Adam May,Wanda Johnson,3393,simply,condition,2024-02-19T19:07:18.931762,2024-11-04T01:26:09.426096
32158,beyond,Tiffany Campos,Kristen Diaz MD,1591,onto,total,2023-07-15T17:25:49.761154,2025-01-08T13:38:08.647941
13015,team,John Estrada,Joseph Elliott MD,1155,themselves,environmental,2023-11-16T02:19:10.573709,2024-12-09T05:50:46.276750
94063,worker,Gregory House,Mallory Schneider,112,miss,agent,2024-01-24T00:35:00.597823,2024-05-03T11:52:30.545335
29650,will,Dr. Tara Golden DDS,Michelle Williams,3159,accept,head,2024-01-06T19:45:45.477080,2024-09-10T12:15:09.659015
37868,information,Douglas Ayala,Matthew Harris,324,shake,letter,2024-02-03T08:58:57.476758,2024-10-27T06:40:12.687323
76949,drive,Courtney Rios,Morgan Mills,320,red,international,2024-07-10T02:02:51.327883,2024-04-09T20:17:36.853527
96353,glass,Tiffany White,Michael Rose,3582,within,clear,2023-10-27T09:59:10.566164,2024-03-26T14:02:32.941182
25414,class,Dan Higgins,Kevin Hall,368,past,through,2024-11-19T04:54:14.097267,2024-08-11T23:46:16.367094
45692,seat,Scott Armstrong,Scott Nicholson,137,director,or,2024-11-18T23:33:28.428559,2025-01-01T22:05:20.859667
45860,population,Lauren York,Brandon Garcia,758,arrive,cause,2023-04-27T11:20:06.625756,2024-12-17T03:12:50.359329
30225,resource,Peter Steele,Lindsay Smith,1338,whose,how,2024-10-24T23:49:13.188380,2024-08-21T06:47:16.166888
96222,indeed,Danny Melendez,Joshua Jones,1878,central,mouth,2024-04-18T04:53:09.095447,2024-07-21T09:09:18.934791
2141,practice,Kelli Cowan,Joseph Martin,1039,best,page,2023-07-23T07:07:41.747037,2024-05-02T17:07:37.747770
17115,while,Melissa Carpenter,Jennifer Pena,1790,watch,most,2024-12-31T02:51:41.010627,2024-07-26T14:53:42.853589
4410,office,Kevin Santos,Clifford Kelley,92,animal,list,2023-02-03T17:35:34.925935,2024-03-31T06:19:50.926199
51749,staff,Erica Jacobs,Gary Odonnell,152,along,wonder,2023-06-16T11:10:41.976434,2024-03-06T02:20:14.242251
59229,from,Jessica Ellis,Melissa White,438,me,discussion,2023-02-06T20:49:02.023598,2024-12-12T23:05:13.553225
86812,sport,Denise Johnson,David Chapman,1986,already,anything,2024-11-16T10:55:17.343310,2024-09-14T23:52:22.841233
19761,morning,Francis Duarte,Krista Burke,2154,term,keep,2024-09-10T22:24:55.957593,2024-08-24T15:22:30.149489
1425,by,Nicole Davis,Dr. Nancy Ward,1960,camera,respond,2024-07-19T08:03:52.878270,2024-06-15T22:28:38.891737
2686,professional,Mikayla Robbins,Teresa Werner,2910,several,dark,2024-06-06T09:34:52.939886,2025-01-02T22:15:24.315120
1545,four,Megan Mckay,Nicholas Villarreal,2729,people,financial,2024-07-15T10:55:44.854264,2024-08-11T18:09:16.803987
98759,listen,Jessica Thompson,Brenda King,336,them,two,2023-02-01T14:19:19.896883,2024-08-08T22:34:10.708965
42978,son,Sarah Williamson PhD,John Collins DDS,633,toward,baby,2023-08-11T00:47:43.534877,2024-05-03T05:28:20.953165
78505,type,Mrs. Colleen Levine,Brianna Roberts,532,member,decide,2023-08-27T07:54:39.739368,2024-05-08T00:02:59.393230
47533,picture,Linda Scott,Susan Hayes,2162,move,new,2023-07-23T18:20:30.628567,2024-08-04T15:41:04.068945
15089,knowledge,Hayley Ponce,Clayton Mitchell,2479,hit,guess,2024-01-21T00:01:08.893456,2025-01-25T09:21:08.353322
41376,language,Sherry Hays,Mary Bennett,2474,official,performance,2023-04-14T06:56:49.292432,2024-11-01T01:07:23.548303
8132,sport,Robert Gray,Lisa Simpson,3350,newspaper,look,2023-05-22T07:49:35.328030,2024-11-05T21:15:27.392388
23052,beyond,Derek Williams,Brandon Sutton,1274,his,fish,2023-05-27T18:13:10.261220,2024-02-04T18:02:20.861660
11967,space,Scott Humphrey,Rodney Smith,1815,onto,much,2024-12-09T14:57:12.295613,2024-02-21T23:19:04.836189
49564,resource,Michael Brandt,Amanda Chambers,181,seven,big,2025-01-07T21:53:50.277158,2024-11-25T08:00:16.316863
6481,already,Tammy Hall,Meagan Lang,3043,beat,get,2024-04-10T17:18:15.326684,2024-07-08T22:59:06.933939
35686,medical,David Gonzalez,Mr. Andrew Stewart,772,sometimes,a,2023-02-02T11:17:22.445090,2024-03-15T02:37:57.447437
51982,almost,Rachel Hill,Duane Gentry,2251,field,attorney,2023-09-20T06:36:01.934592,2024-12-08T21:32:21.309010
55112,scene,James Pierce,Jenny Nguyen,620,include,left,2024-05-12T16:00:24.392751,2024-10-01T06:33:52.421644
81176,book,Christina Anthony,Cody Phillips,2677,purpose,grow,2024-09-25T06:18:01.234080,2024-10-21T09:12:08.423015
84906,inside,Rachel Silva,Erika Anthony,1309,concern,new,2024-11-14T08:37:44.111090,2024-05-02T17:27:54.108329
45332,allow,Jamie Neal,Tyler Thompson,2077,your,administration,2024-10-26T19:55:55.471530,2025-01-14T13:23:17.687258
53834,too,Rachel Jimenez,Maria Marquez,2483,deal,common,2024-03-17T10:20:08.502963,2024-04-10T10:50:03.220885
73957,someone,Paul Fuller,Laura Vang,607,person,long,2023-04-25T12:07:34.122373,2024-12-05T20:01:23.432394
901,just,Rachel Vance,Jeffrey Frederick,2084,consumer,game,2024-10-14T15:06:28.286101,2024-06-03T07:53:47.693586
83624,side,Amanda Fletcher,Kevin Brown,2922,party,health,2025-01-15T12:05:11.152507,2024-11-01T05:56:52.296509
13162,edge,Adam Macdonald,Vanessa Hansen,2570,eat,father,2024-09-11T13:33:06.109331,2024-07-26T14:44:43.958026
80710,plan,Suzanne Porter,Timothy Martinez,727,site,political,2023-03-29T11:32:37.165573,2024-07-26T10:56:29.441741
10429,soon,Jennifer Bowman,Christine Berry,3263,player,real,2023-11-28T04:44:43.134973,2024-07-20T18:47:42.914513
53985,full,Amber Cole,Darrell Jones,2672,who,unit,2024-01-02T02:49:09.694726,2024-12-21T13:55:05.910460
38666,play,Robert Johnson,Dawn Allen,1204,hair,poor,2023-06-25T18:55:59.652039,2024-10-18T20:02:41.551811
87341,go,Vanessa Villa,Debra Short,2961,no,watch,2023-11-06T12:36:16.066471,2024-07-07T13:33:20.298926
29361,a,Jennifer Bright,Bryan Joseph,42,election,everyone,2024-02-03T01:36:15.478903,2024-07-04T13:26:57.679011
9469,level,Randall Wright,Rebecca Allen,788,cup,push,2023-07-16T13:25:35.839556,2024-10-18T15:25:33.377357
15073,herself,Susan Jones,Priscilla Rogers,2558,beautiful,many,2024-01-11T21:47:37.760221,2024-06-10T12:28:42.938948
192,offer,Michael Lynn,Catherine Miller,1136,surface,enter,2023-10-26T04:42:29.937487,2024-04-05T14:43:35.659406
16992,grow,Lisa Henderson,Donna Shah,2102,night,suddenly,2023-08-24T14:37:05.498728,2024-10-26T18:08:54.445118
66144,stage,Bryan Perez,Brian Morgan,2899,dinner,project,2023-05-28T13:09:29.595208,2024-11-07T20:50:45.877206
79128,court,Tyler Gonzales,Jeremy Lopez,2605,point,technology,2023-12-03T20:44:33.709108,2024-02-09T21:57:15.077176
3149,especially,Francis Ferguson,Jennifer Wilson,2063,arrive,become,2025-01-06T23:32:56.617427,2024-02-18T21:52:58.841162
40210,glass,Ellen Rodriguez,Steven Hill,1892,offer,later,2023-07-01T01:43:42.800987,2024-12-28T13:07:09.375011
62128,five,Richard Mcguire,Ashley Hill,3349,anything,same,2023-03-04T00:46:03.006520,2024-07-24T10:26:41.050949
84471,fly,Kathryn Galloway,Eric James,3444,worry,firm,2024-08-06T06:27:53.708776,2024-07-25T22:09:26.973348
37495,like,Amanda Johnson,Morgan Sandoval,1883,official,seven,2023-06-03T22:26:34.573591,2024-04-06T11:00:20.396465
52883,build,Mason Smith,Hunter Turner,1258,gas,machine,2023-11-12T17:09:11.714365,2024-07-12T23:41:23.515424
43973,south,Kevin Adams,Brian Taylor,2088,system,local,2023-03-23T17:27:47.008804,2024-07-23T22:48:36.570647
91913,dog,Mark Baker,Thomas Malone,65,feel,rest,2024-12-26T02:53:54.403474,2024-10-02T06:41:03.889082
80796,at,Haley Ramos,Sara Curry,1367,budget,bag,2024-01-27T23:42:13.749451,2025-01-18T15:01:16.133574
32365,sea,Sharon Branch,Monica Graham,834,message,team,2024-05-18T23:20:07.075434,2024-10-20T22:15:14.406332
86207,understand,Rebecca Simmons MD,Bradley Barnett,1868,speech,turn,2023-06-07T05:49:12.855250,2024-10-29T03:18:27.404538
53403,away,Garrett Myers,Nathan Rhodes,2635,officer,really,2023-12-15T15:45:01.157376,2024-09-25T04:01:47.796077
23771,evidence,Alex Robinson,Lori Miranda,3285,woman,figure,2024-05-09T04:18:10.639700,2024-02-23T21:24:42.442205
33665,what,Douglas Estrada,Lindsay Simmons,3311,type,reduce,2023-11-05T19:50:35.721367,2024-12-31T11:36:32.955605
20905,mind,Corey Hodges,Donald Perry,3282,cause,better,2024-04-28T23:47:09.882426,2024-02-16T15:20:33.236900
82613,lay,Maurice Strickland,Matthew Castillo,2895,provide,notice,2025-01-21T20:11:44.117307,2024-09-06T11:59:22.054144
68043,later,David Nguyen,Eric Brown,3125,note,gun,2023-07-01T06:49:23.095098,2024-07-15T10:06:42.199480
72562,on,Alexandra Rodriguez,Dawn Kramer,779,sell,natural,2024-12-20T02:52:51.608214,2024-06-23T11:59:31.361360
13961,spend,Pamela Randall,Maria Silva,186,thank,they,2024-04-22T09:23:58.425390,2024-06-23T18:02:43.017992
28645,culture,Dr. Christy Ramos,Tyler Wilson,3307,conference,find,2023-02-25T08:51:48.678644,2024-07-02T03:10:02.691864
25704,know,Julie Thompson,Jennifer Rocha,948,professor,officer,2023-06-08T06:52:02.779778,2024-04-11T06:38:36.633929
7979,sit,Phillip Powell,Heather Stafford,2023,under,much,2023-03-01T05:46:05.544463,2024-08-12T23:11:44.312703
46683,media,Jeffrey King,James King,3344,shoulder,hotel,2023-12-27T10:05:16.329104,2024-05-06T21:56:30.935711
82035,pass,Terry Austin,Robert Robbins,2243,hear,summer,2023-10-16T05:56:30.429078,2024-02-17T11:10:42.938431
85928,strong,Steven Wright,Meghan Farmer,363,enough,scientist,2024-09-13T18:52:23.385115,2024-12-21T19:09:03.552245
45648,my,Nicholas Gentry,Ebony Gray,721,necessary,available,2024-05-02T19:24:39.958933,2025-01-23T23:04:45.192248
4243,once,Ronald Schneider,Austin Walker,3447,knowledge,nor,2023-03-13T18:02:36.963558,2024-08-21T23:35:20.508301
11466,boy,Joseph Robinson II,Mrs. Marie Rogers MD,1153,several,recognize,2024-10-27T02:38:51.050207,2024-08-26T14:14:23.408411
73596,who,Jose Jackson,Nancy Reyes,1271,modern,former,2024-01-31T05:00:29.462641,2024-02-29T18:34:49.261250
21649,success,Travis Khan,Carolyn Owen,2686,consider,wish,2023-05-08T21:32:20.541341,2024-06-15T16:44:37.575753
93405,stop,Kenneth Johnson DDS,Derek Durham,116,body,pretty,2024-09-05T14:04:13.882624,2025-01-03T07:35:50.456333
95215,rock,James Montgomery DVM,John Jones,242,trade,author,2024-04-16T09:16:03.658536,2024-11-29T22:20:46.757227
67941,machine,Amber Williams,Tamara Moreno,2669,name,well,2023-10-02T08:54:50.359964,2024-06-04T08:08:40.042110
59221,rock,Leslie Morgan DDS,Bradley Williams,265,again,Congress,2023-05-08T06:58:30.884554,2024-02-23T20:26:46.552919
36036,seek,Teresa Hunter,Mary Cervantes,3278,international,rock,2024-01-30T00:39:34.518962,2024-08-01T03:39:43.718110
53157,your,Daniel Maldonado,Joshua Elliott,2517,room,relationship,2024-04-15T16:17:24.751912,2024-06-29T14:50:39.247292
47995,hope,Edward Miller,Michael Adams,2693,include,certain,2023-08-22T18:29:47.787863,2024-04-03T04:35:10.456422
51300,might,Sydney Rhodes,Cody Henderson,953,enjoy,ability,2023-04-11T21:21:27.987192,2024-07-07T19:02:49.053144
22860,human,Kim Garcia MD,Susan Myers,1046,real,toward,2024-07-17T21:37:40.932342,2024-02-29T10:53:34.951986
97524,face,Sheila Maxwell,Carolyn Hood,2668,approach,direction,2024-02-12T11:48:30.367228,2024-04-15T02:56:10.398644
80850,glass,Kelly Stephens,Alexander Santos,840,blood,young,2023-04-06T08:15:51.014422,2024-11-27T21:24:31.568259
1255,sit,Michelle Cannon,Michael Wright,2942,hair,use,2024-09-21T13:28:30.660661,2024-10-11T22:04:36.865008
32396,suddenly,Kristi Mcdowell,Sarah Brady,515,hotel,country,2024-09-12T06:38:23.027833,2024-02-25T15:02:12.226656
11697,build,Valerie Miller,Lauren Gonzalez,1175,matter,somebody,2024-09-15T21:55:54.569210,2024-05-19T23:59:51.448438
17191,much,Jorge Mitchell,Andrea Morrison,1406,wear,quickly,2024-11-17T11:24:21.236184,2024-01-27T10:54:21.809805
73518,own,Elizabeth Price,Bailey Carney,1754,such,side,2024-07-17T18:49:12.240437,2024-09-12T07:26:02.193419
79159,letter,Laura Johnston,Sara Phillips,3186,product,whatever,2023-08-12T13:49:22.146075,2024-09-19T00:12:51.458602
76626,mother,Julie Martinez,Rhonda Graham,2259,experience,him,2023-08-02T12:10:21.589787,2025-01-06T15:15:39.862650
1093,enough,Jason Nguyen,Joshua Payne,1585,three,clear,2024-12-24T15:34:25.717801,2024-10-23T22:42:33.746522
82863,give,Mary Haas,Savannah Mays,752,we,little,2024-02-02T00:19:00.557779,2024-05-25T21:35:15.884601
69132,light,Tracy Marshall,Teresa Harvey,1487,development,school,2025-01-16T21:14:55.209358,2024-03-19T14:08:42.861685
97144,shoulder,Justin Dyer,Jacob Hudson,2266,speech,president,2024-04-18T12:38:52.698467,2024-07-31T14:07:51.108760
52937,person,Gregory Sandoval,Eddie Nguyen,1285,music,receive,2023-12-03T15:21:16.895126,2024-11-13T11:17:29.076068
38020,series,Richard Martinez,Megan Kane,3381,outside,fact,2025-01-01T17:35:09.621891,2024-03-15T06:22:47.538404
115,kid,Christina Williams,Margaret Ryan,719,grow,far,2024-02-03T09:48:33.447325,2025-01-11T00:46:57.179130
81747,thing,Ashley Burgess,Mark Esparza,3528,international,soldier,2023-05-27T02:59:03.779557,2024-11-22T23:13:42.764476
13109,summer,Morgan Mcdonald,Rachel Benitez,332,party,least,2023-12-10T19:03:40.507840,2024-06-21T02:32:58.911933
81219,someone,Stephanie Boyd,Andre Thomas,2050,wonder,citizen,2024-09-08T08:53:14.051500,2024-03-06T13:40:48.103044
23011,within,Cole Shaw,Barbara Jackson,1972,all,exist,2023-10-30T18:06:12.437454,2024-03-08T11:02:43.132317
94843,plan,Philip Mccoy,Kelly Davies,486,rock,popular,2023-12-30T19:49:41.727841,2024-02-05T00:27:26.595620
31385,speech,Jessica House,James Lopez,3062,until,training,2023-03-16T06:28:00.966336,2024-08-02T20:35:58.565975
57483,find,Matthew Spence,Kristen Kramer,3201,news,recent,2024-01-17T04:07:08.406929,2024-08-21T15:05:45.601514
21201,less,David Parker,Misty Goodman,2875,around,five,2024-08-24T23:58:34.774208,2024-11-15T18:24:58.395473
98394,later,Mr. Carlos Ford,Joseph Hayes,1936,new,quite,2023-06-27T04:28:40.940079,2024-10-09T15:17:28.122526
31658,despite,David Sawyer,Eugene Smith,1227,campaign,training,2024-02-25T02:45:50.551158,2024-03-17T10:23:21.703362
54457,here,Stacey Stephens,Samantha Barker,2889,around,administration,2024-05-18T12:46:25.007498,2024-10-28T11:36:37.789343
65988,movement,Jared Hall,Thomas Reilly,3149,material,age,2024-04-04T08:54:33.702467,2024-02-01T00:09:31.325731
96360,go,Robert Jackson,Kimberly Rodriguez,999,start,near,2024-01-21T21:31:36.388369,2024-05-15T21:42:07.978369
70879,rather,Lauren Burke,Heather Davis,2443,great,different,2023-11-16T05:28:41.929823,2024-09-15T02:07:32.094099
2967,weight,Cheryl Alvarado,Mary Lopez,2161,one,board,2024-06-05T10:59:06.109030,2024-12-31T11:15:15.741206
45032,attention,Kim Cruz,Lauren Griffin,1664,decide,wind,2023-07-18T20:59:06.741389,2024-04-05T11:54:08.656504
19294,trouble,Brian Stephenson,Tiffany Walton,1747,understand,camera,2023-04-13T09:01:02.912372,2024-06-29T02:39:08.641966
44894,fund,Carrie Jackson,George Young,574,measure,central,2023-03-06T02:07:36.925634,2024-08-21T15:48:09.582413
58948,woman,Steven Thomas,Karen Jones,3422,building,sound,2024-08-28T01:25:40.566910,2024-04-15T01:53:13.507013
87968,must,Casey James,Wanda Olson,2292,director,cultural,2023-12-05T13:15:39.508856,2024-11-01T14:21:01.371700
103,organization,Matthew Zamora,Joseph Davis,1762,own,seven,2024-12-16T04:36:31.441160,2024-11-14T08:46:27.704727
65529,help,Alvin Erickson,Julie Young,737,mean,store,2023-08-20T18:39:38.554655,2024-03-14T15:24:43.501925
7216,focus,Robyn Castillo,Michael Hurst,329,their,worry,2024-12-27T03:37:25.153467,2024-12-12T05:59:59.816540
20869,benefit,Glenn Lopez,Maria Schmidt,563,southern,a,2023-03-15T19:58:14.519555,2024-12-02T02:00:50.968853
37107,letter,Joseph Sweeney,Kenneth Duncan,1000,trip,face,2023-11-13T00:26:16.013345,2024-11-29T20:22:09.867292
95212,police,Jesse Myers,Brittney Cline,336,benefit,pick,2023-04-20T18:25:15.900681,2024-03-12T00:04:49.442901
69954,situation,Jennifer Romero,Deborah Cross,2615,method,mean,2024-10-06T08:55:28.351181,2024-11-15T15:00:04.542921
44925,tonight,Aaron Valenzuela,Scott Wall,2673,accept,treat,2023-06-20T15:33:55.384764,2024-09-29T14:54:28.963901
98630,available,Melissa Riley,Kyle Hunt,3156,down,soldier,2023-11-23T11:37:15.071103,2024-02-19T12:34:54.409194
23861,wish,Karen Green,James Brown,1215,analysis,consumer,2024-01-11T10:59:56.737094,2024-03-02T12:25:12.369347
2373,region,Tommy Kennedy,Steven Mcdowell,1582,each,by,2023-06-20T07:23:14.094587,2024-10-31T06:26:28.025148
80615,very,Paul Goodman,Crystal Valdez,1657,store,away,2024-04-26T14:21:05.287625,2024-07-29T02:31:35.939667
3119,kitchen,Tami Nguyen,David Lee,529,third,nearly,2024-03-18T08:31:04.948263,2024-05-16T08:59:39.875176
49427,day,Dawn Walton,Melissa Arnold,1234,really,full,2023-08-20T13:45:30.801221,2024-02-15T20:49:56.065467
43437,daughter,Arthur Short,Zachary Harmon,1332,son,grow,2023-06-16T07:44:41.142818,2025-01-17T22:36:14.571973
10526,whole,Melinda Mora,Nicholas Taylor,3592,black,debate,2024-10-19T02:59:04.439630,2024-09-18T15:11:06.976325
32848,face,Louis Reese,Michael Roberts,1133,event,push,2024-05-26T19:58:48.990850,2024-07-28T23:08:13.544327
94030,seven,William Gonzalez,Wendy Grant,562,series,message,2025-01-18T08:40:52.769736,2024-06-16T08:04:59.654331
33988,act,Stephen Knapp,Margaret Beard,1556,stock,return,2024-05-08T20:44:39.560796,2024-06-13T05:50:44.746152
28606,need,Susan Dominguez,Lisa Alvarado,2157,community,paper,2023-11-04T15:16:08.935446,2024-08-12T11:06:02.631127
87038,security,Andrea Briggs,Maria Booth,2783,memory,go,2024-07-08T14:44:03.815798,2024-12-31T11:27:26.562014
79922,bank,Casey Williams,Laura Moore,472,beautiful,white,2024-08-19T10:53:30.893976,2024-08-07T07:00:41.601999
52861,system,Joshua Romero,Annette Johnson,947,space,first,2024-06-23T01:12:30.567200,2024-05-24T18:39:29.963829
36797,part,Brad Robinson,Jessica Woods,233,break,dinner,2024-06-06T05:20:38.419077,2024-09-06T20:19:10.443329
21921,court,Janet Johns,Evan Johnson,1417,direction,trip,2023-06-29T03:10:35.778877,2024-06-06T04:44:16.143411
73829,hour,James Meadows,Ruben Ferguson,1367,figure,degree,2023-06-26T20:01:43.099794,2024-04-08T15:43:03.469826
74243,gun,Darlene Smith,Tamara Nelson,1922,film,music,2024-10-13T16:35:38.249703,2024-02-09T20:28:54.531437
80466,power,Caitlin Jackson,Diane Walker,1101,number,never,2023-08-15T22:12:28.167780,2024-12-21T13:54:15.323695
62023,others,Katherine Stout,Jill Ellison,1123,group,figure,2024-12-28T13:26:54.139470,2024-07-30T23:48:04.485670
48083,within,Bailey Smith,Troy Wagner,1163,much,whose,2023-09-16T20:46:07.713111,2024-08-04T02:17:47.749450
64576,available,Amanda Smith,Michael Houston,3482,since,beyond,2024-04-10T21:28:08.087222,2024-10-30T14:56:51.832501
88686,condition,Destiny Campbell,Daniel Wolfe,2665,into,develop,2023-10-20T21:39:51.433436,2024-01-28T10:24:28.136102
41009,artist,Ashley Gates,William Carr,3535,capital,thank,2024-07-01T04:21:22.467360,2024-10-25T20:01:08.317875
24393,painting,James Madden,Diamond Williams,888,example,rule,2023-05-01T09:48:29.220287,2024-10-08T10:14:57.346289
12136,lose,Tonya Dougherty,Heather Adams,2388,inside,begin,2023-05-30T21:06:08.979783,2024-11-04T16:48:00.115400
49780,scientist,Dominique French,William Nguyen,3046,increase,light,2024-09-19T05:27:44.088632,2024-02-25T19:22:02.121207
37418,subject,Kenneth Stewart,Emily Whitehead,2248,cup,defense,2023-12-31T07:15:45.561622,2024-08-15T14:13:34.721617
55551,these,Marilyn Cox,Kyle Jefferson,2137,main,area,2024-07-30T15:40:16.675820,2024-02-14T11:19:33.624768
4129,picture,Katelyn Moore,Matthew Thompson,2540,nation,onto,2023-03-14T12:26:39.241718,2024-11-28T22:47:34.609072
68819,seat,Jesus Zhang,Matthew Washington,2793,dream,art,2023-11-18T10:52:14.006318,2025-01-19T23:34:07.373541
42845,property,Ashley Wright,Brenda Martinez,2537,service,candidate,2023-04-19T06:05:38.699929,2024-12-08T13:19:59.867460
57158,garden,Lauren Lewis,Diana Cox,2947,economic,respond,2024-04-23T11:27:35.056196,2024-07-21T06:19:00.606442
80544,see,Lindsey Burke,Ryan Cox,1974,remain,choice,2024-01-14T16:03:54.866325,2024-11-06T02:46:26.703112
26091,record,James Perez,Jesse Peterson,2253,attention,at,2024-02-29T12:51:35.854640,2024-09-21T19:49:01.558586
87681,name,Stephen Diaz,Jessica Camacho,193,catch,break,2024-03-16T04:12:13.259263,2024-06-30T22:09:22.094558
27839,too,Mr. George Phillips MD,Misty Willis,2170,what,religious,2024-05-18T04:12:59.129334,2024-05-18T10:33:40.587955
91543,provide,Joseph Terry,Melissa Montes,103,condition,have,2023-09-14T10:25:46.503013,2024-06-08T02:24:38.377463
83828,prepare,Michael Rodriguez,Sara Chang,618,capital,black,2023-09-25T02:02:15.532651,2024-03-02T08:46:56.717138
76331,against,Sharon Andersen,Lindsey Cole,2133,member,just,2023-07-13T02:42:35.138585,2025-01-20T16:09:41.698361
87596,weight,Alicia Stone,Justin Martin,2145,offer,wind,2024-01-19T01:52:21.846891,2024-02-09T00:51:09.714466
73598,shake,Justin Cunningham,Alexander Crane,3251,address,analysis,2024-07-12T15:21:58.689086,2024-03-19T08:41:36.187328
24362,early,Amber Guzman,Christopher Ball,663,ahead,yes,2025-01-25T03:36:18.771777,2024-03-26T12:21:43.726656
87847,explain,Michael Calhoun,Abigail Mays,1671,account,every,2024-04-16T05:31:31.123960,2024-02-28T11:59:26.657032
72071,then,Daniel Marshall,James Shaw,2342,pull,stay,2024-01-18T15:15:16.055639,2024-10-10T12:44:09.970786
14563,region,Barry Pham,Mary Smith,75,week,herself,2024-03-18T14:53:46.629314,2024-06-19T20:38:16.970622
78230,laugh,Matthew Turner,Amanda Torres,1910,blood,likely,2023-10-19T01:59:30.031034,2024-06-10T17:44:44.504040
86007,world,Donna Hayes,Michael Mueller,1288,can,source,2024-04-14T06:05:48.012270,2024-02-06T09:51:13.383960
39490,institution,Ashley Stewart,Gregory Scott,2713,though,eye,2023-07-30T17:09:36.904214,2024-11-22T12:32:40.325000
19476,benefit,Roy Doyle,Annette Griffin DVM,1224,fill,development,2023-10-23T03:34:18.178214,2024-04-21T11:37:49.762262
15487,from,Gerald Robinson,Christopher Smith,1034,purpose,so,2023-10-10T15:46:45.066925,2024-12-29T18:50:45.819031
71090,situation,Melissa Hull,Heather Jones,922,after,deal,2024-01-26T17:20:36.162252,2024-09-12T22:19:28.334792
59983,keep,Kayla Garrett,Philip Johnson,2729,true,either,2023-05-07T06:58:04.881025,2024-12-26T00:31:03.640196
61228,chair,Sydney Reynolds,Rachel Bennett,2922,power,side,2023-10-22T09:55:49.132307,2024-09-29T17:46:31.346937
57466,front,Victor Bradley,Maria White,2371,member,star,2023-09-02T03:15:50.763844,2024-05-28T14:01:43.275452
13378,involve,Michael Farrell,Leonard Mcdaniel,1119,focus,any,2024-02-12T16:45:02.442570,2024-04-09T14:37:31.200268
6977,pretty,Timothy Scott,Michelle Gaines,186,science,name,2024-11-07T11:19:33.129467,2024-04-11T23:56:38.063688
3798,similar,Jose Wilson,Larry Walter,2332,according,campaign,2023-12-09T11:12:15.906367,2024-01-27T17:51:50.816551
50541,hotel,Kathryn Anderson,Rodney Smith MD,2056,cup,film,2023-12-12T17:29:08.109399,2024-02-04T13:28:06.301384
72553,themselves,Hayley Williams,Mary Johnson,217,trade,attack,2024-05-04T15:55:49.088179,2024-11-12T09:50:19.230719
78554,cover,Joshua Thompson,Mark Scott,2974,main,such,2024-07-02T17:09:16.292428,2024-06-17T05:01:24.547199
88446,campaign,Claire Soto,Rachel Berry,1204,recently,least,2024-05-27T17:18:51.944983,2024-09-25T10:07:53.314482
58496,gas,Shannon Lewis,Charles Ferguson,312,total,minute,2023-10-04T19:33:12.304742,2025-01-16T01:28:52.296425
63853,often,Jason Martin,Jeffery Day,1094,look,research,2024-06-05T10:58:15.738493,2024-04-19T17:46:39.215787
4218,everybody,David Hanna,Gabriela Richard,2571,lay,themselves,2023-06-06T04:19:48.460598,2024-03-13T05:25:31.788693
30589,fund,Jimmy Rice,Zachary Mcintyre,2414,television,phone,2023-03-19T03:25:36.784895,2024-10-19T08:15:53.920403
5008,among,Ronald Grant,John Hester,2777,choice,student,2024-12-28T16:11:25.797647,2024-02-28T19:41:27.342272
55812,pick,Gary Black,Michael Carter,497,feeling,food,2024-01-31T20:48:11.009479,2024-08-14T06:33:47.040040
16602,across,Donald Cunningham,Julia Ortiz,1212,fly,detail,2024-02-05T20:28:43.041913,2024-08-06T05:49:27.968214
95269,character,Brenda Rogers,David Davis,3397,happen,will,2024-02-10T17:43:55.875487,2024-06-13T21:30:46.250947
50740,these,Lori Romero,Bryan Horton,2735,purpose,computer,2024-05-15T04:47:19.336193,2024-12-20T21:17:10.718807
83190,knowledge,Virginia White,Brooke Russell,1222,better,put,2024-10-11T05:12:51.838200,2024-12-31T23:03:34.350897
13712,out,Stephanie Weiss,David Lee,3506,cultural,old,2023-11-09T21:36:23.540007,2024-08-20T20:22:20.540982
66827,yet,Timothy Higgins,Jackie Cunningham,2050,appear,evening,2024-12-05T12:21:53.622154,2024-12-02T18:05:37.688030
7584,modern,Daniel Villarreal,Alexander Lee,2798,she,know,2023-12-24T19:43:26.459590,2024-04-11T16:38:02.279733
85741,affect,Stacey Foster,Jesse Schultz,3505,moment,hotel,2024-08-02T17:27:12.520804,2024-09-13T08:33:35.152015
35649,political,Henry Rivera,Blake Johnson,1469,bank,second,2023-08-14T19:14:13.336736,2024-08-19T06:50:33.441757
51067,throw,Joseph Martinez,Mariah Moore,786,vote,though,2023-05-02T12:07:52.745277,2024-04-28T23:18:15.701807
51625,rather,Samantha Edwards,Dominic Erickson,1227,finish,nor,2024-11-08T03:01:53.507928,2024-11-16T23:51:57.672284
80415,next,Eric Garcia,Richard Harris,1062,something,other,2025-01-17T17:07:29.315713,2024-03-26T14:21:17.750504
10933,public,Richard Jones,Misty Thomas,357,education,light,2023-09-05T03:04:49.628790,2024-03-08T10:31:57.759740
76125,company,Lisa Butler,Michael Jones,263,by,seat,2024-03-26T21:38:38.928605,2024-02-14T13:11:52.677996
56302,explain,Steven Duke,Candace Jones,2964,argue,all,2024-01-17T02:25:26.651385,2024-03-24T23:39:16.291546
9017,check,Dennis Kramer,Taylor Christensen,101,than,entire,2023-11-24T02:38:08.885221,2024-06-03T19:57:02.057769
48137,argue,Kari Mitchell,Isaiah Gregory,479,agency,check,2025-01-17T02:03:36.363822,2024-05-28T10:04:28.520827
24879,lead,Steven Randolph,Michele Johnson,802,section,begin,2024-04-06T12:58:12.434778,2024-02-28T07:59:47.691653
72797,risk,Kimberly Snyder,Luis Simpson,3314,consider,authority,2023-12-20T20:12:15.556162,2024-08-23T13:09:55.813852
26958,better,Michael Becker,Stephanie Butler,1949,quite,along,2024-03-05T06:21:13.852098,2024-12-05T11:29:55.317647
94832,drop,Blake Shepherd,Kelly Farmer,35,add,throw,2023-05-05T19:31:14.297504,2024-02-12T05:32:31.021840
18742,stop,Wendy Rodriguez,Shawn Dawson,936,might,popular,2023-10-05T00:32:25.286958,2024-07-30T15:00:08.872827
4977,research,Mackenzie Taylor,Katherine Fuentes,2115,white,fact,2024-01-16T04:30:32.112979,2024-05-09T09:38:37.274060
56796,evening,Alexander Peterson,Stephanie Campbell,1912,and,court,2023-03-12T07:57:05.509148,2025-01-01T07:36:43.215182
11026,friend,Michael Wright,Maria Vaughn,1032,item,become,2024-11-03T18:45:37.358238,2024-11-02T23:39:39.169777
72801,stock,Victoria Butler,Mary Baldwin,2739,up,pass,2023-05-18T20:03:36.353887,2024-09-23T15:13:55.916428
90968,sister,Ryan Sanford,Anne Bailey,2881,so,wish,2025-01-20T06:14:55.708201,2024-10-02T12:33:26.055214
13155,fish,Alex Callahan,Jacqueline Martinez,1428,clear,nor,2025-01-21T17:26:44.498763,2024-07-19T08:42:02.152009
9232,shake,Angela Campos,Wendy Medina,2820,help,adult,2023-11-28T12:44:23.196873,2024-09-09T03:14:30.384892
92029,huge,Laurie Hayes,Brett Carter,127,be,teacher,2024-08-25T01:54:21.941495,2024-02-28T09:15:21.362635
50463,year,Tiffany Alexander,James Barnes,833,least,various,2024-01-30T09:53:20.670065,2024-11-12T10:32:15.902098
14405,prove,Kristen Taylor,Daniel Leblanc,3022,dog,after,2024-02-17T05:30:57.269632,2024-10-06T23:53:43.864272
84489,generation,Crystal Castro,Lori Brown,1586,focus,the,2023-09-23T05:25:36.762130,2025-01-06T08:02:06.279080
4861,least,Makayla Jimenez,Renee Carrillo,407,dinner,television,2023-06-12T17:23:32.449799,2024-02-17T12:24:15.812017
6883,gas,Daniel Nelson,Michael Lewis,3201,product,believe,2024-10-26T15:21:36.645741,2024-04-23T13:39:02.180281
50361,economy,Tina Lyons,Anna Banks,3213,notice,admit,2024-01-26T04:29:58.135996,2024-06-14T15:21:05.393196
45394,own,Molly Delgado,Andrew Edwards,1389,current,near,2023-11-13T22:08:43.840141,2025-01-21T22:02:18.625510
50449,radio,Andrew Mcguire,Amanda Cole,2807,able,listen,2023-04-30T21:44:39.449140,2024-10-02T11:45:00.065162
91457,model,Robin Rivera,James Gibbs,808,bar,hotel,2025-01-12T02:21:12.594989,2024-03-21T02:05:42.692937
26721,choice,Dr. Thomas Bauer,Raymond Turner,1449,ahead,although,2024-03-28T22:53:48.954107,2024-08-11T17:39:47.240965
56761,choose,Kaylee Campos,Pamela Leonard,2833,seek,stage,2023-04-13T03:23:04.121780,2024-05-10T23:31:13.653819
19570,energy,Michelle Scott,Mark Thomas,1899,box,risk,2023-11-30T04:49:38.008864,2025-01-25T20:05:22.391333
86906,crime,Carlos Silva,Kaitlin Johnson,726,huge,production,2024-10-14T20:21:16.553670,2024-10-26T12:09:32.717277
27500,really,Nancy Perez,Lauren Ortega DDS,1034,career,although,2024-10-18T10:47:38.849197,2024-08-11T12:03:09.034969
53769,he,Kevin Young,Lisa Green,1759,contain,point,2023-12-14T15:04:08.951911,2024-08-08T06:56:01.226238
81463,officer,Wesley Lee,Zachary Simmons,557,as,score,2024-12-26T02:28:45.632810,2024-10-28T06:39:28.632839
44362,line,John Gutierrez,Brooke Hutchinson,1339,reason,guy,2024-08-23T13:53:57.082053,2024-05-24T10:58:06.986917
87675,because,Jocelyn Miller,Eric Whitney,2808,understand,seat,2024-09-18T21:22:04.183434,2024-06-02T12:59:23.545537
52167,window,Jennifer Glover,Brian Greene,1860,country,difference,2024-10-08T07:41:51.771713,2024-03-06T10:00:39.608918
40243,off,Rachel Cuevas,Gary Hall,2267,shake,agency,2024-05-05T13:35:06.872257,2024-06-14T06:49:53.876412
10584,sing,Lauren Hunt,Michael Torres,3554,career,place,2024-10-12T16:40:35.660858,2024-11-20T23:25:13.838479
52795,worker,Greg Alvarado,John Hoffman,2017,we,list,2024-09-29T12:26:44.301930,2024-02-20T21:01:15.809626
13094,development,Laura Donaldson,James Carr,1068,everyone,mother,2024-04-25T13:05:21.770639,2024-08-17T10:02:35.382012
93718,approach,David Mcdonald,Jill Moore,2839,send,know,2023-07-10T15:31:41.048911,2024-10-16T04:13:28.085357
78157,she,Amy Smith,Stephanie Wagner,568,move,bar,2024-04-03T06:26:08.058972,2024-09-16T16:00:35.281524
51355,join,Jamie Shea,Drew Sullivan,399,throughout,tonight,2023-02-10T12:37:26.532123,2025-01-04T19:01:46.558205
91410,usually,Juan Lucero,Terry Young,1518,report,oil,2024-01-17T19:07:42.182390,2024-12-04T22:48:39.132364
65864,second,Joanna Miller,Jason Gonzalez,2119,capital,away,2024-09-08T03:02:11.521142,2025-01-16T14:17:54.546350
75807,remember,Charles Barrera,Erin Macias,3182,kid,sure,2023-05-10T18:33:59.989787,2024-10-09T12:36:03.393949
77446,turn,Angel Jackson,Elizabeth Johnson,3162,summer,very,2024-11-28T05:15:37.774277,2024-04-20T22:44:31.229791
24539,less,Andrew Wilkins,Abigail Schultz DDS,2154,cup,century,2024-03-28T13:16:29.763218,2024-10-17T20:05:55.684718
10525,southern,Daniel Velazquez,Amber Barajas,1155,skill,decision,2024-06-29T09:05:47.464476,2024-02-07T02:34:24.901196
20400,grow,Donald Morales,Samuel Phillips,2489,quickly,eye,2023-05-12T18:08:05.018739,2024-07-04T11:06:49.914020
55383,remain,Trevor Morgan,Angela Jones,2385,hot,admit,2023-12-18T13:47:56.025383,2024-12-10T22:25:14.920307
68789,American,Jacob Meadows,Thomas Campbell,3273,lose,city,2024-01-10T03:53:03.309777,2024-02-23T03:15:55.276860
31399,win,Katherine Robinson,Jacob Bond,1501,old,management,2024-12-27T02:36:03.702163,2025-01-11T18:22:42.082833
65848,budget,Brenda Scott,Pamela Bolton,2920,family,knowledge,2023-09-27T05:07:17.245067,2024-08-29T05:04:12.316404
87757,listen,Susan Mitchell,Tina Cox,2463,involve,those,2023-12-23T18:49:16.301160,2024-10-10T20:51:27.659951
63239,figure,Kevin Singleton,Mitchell Whitehead,1618,ask,daughter,2023-02-05T23:22:53.222513,2024-05-02T08:46:16.203538
97950,step,Laura Walker,Kyle Howard,3285,free,trial,2024-11-02T05:18:05.507837,2024-02-21T07:18:25.705362
86365,training,Michael Hernandez,Tammy Young,2660,very,only,2024-03-06T06:47:01.412288,2024-09-24T00:18:13.111249
76794,line,Emily Norman,Jodi Kelly,2986,only,I,2023-02-04T18:57:34.540802,2024-04-26T09:41:59.595061
97476,international,Miss Margaret Wood MD,Savannah Bailey,2444,us,political,2024-02-09T22:34:11.861217,2024-04-11T17:43:09.207612
78622,pick,Sharon Mccarty,Julie Moran,1463,shoulder,feel,2024-05-06T16:50:14.962850,2024-10-22T16:42:19.855345
14986,term,Matthew Mccullough,Mallory Thomas,1388,difference,leg,2024-01-07T02:26:29.060039,2024-10-31T01:13:01.186677
16406,but,Ryan Gross,Jacob Stout,1867,space,medical,2023-12-20T17:07:28.385106,2024-09-18T01:03:44.166758
47180,people,Daniel Wade,Melinda Gilbert,2465,himself,along,2023-06-10T09:20:47.071013,2024-11-17T14:55:50.392405
41872,together,Darren Steele,Heidi Perry,693,success,discussion,2023-07-05T05:15:04.019591,2024-03-13T01:02:50.008951
22093,people,Daniel Vargas,Pamela Simmons,1283,ago,job,2024-01-28T23:44:28.766419,2024-09-13T16:20:12.672974
11262,go,Austin Solis,Tiffany Richardson,2340,high,yes,2023-12-22T11:33:39.918841,2024-10-05T17:30:08.008873
81689,political,Michael Shelton,Kelly Ellis,3032,find,much,2024-11-04T17:41:36.041808,2024-05-18T23:50:37.705820
76589,indicate,Lindsey Hall,William Johnson,3348,clear,human,2024-06-14T01:32:22.241024,2024-01-29T11:40:38.801349
95435,page,Marc Fleming,Holly Dawson,2034,hit,speak,2024-11-14T21:37:03.997739,2024-04-12T10:25:09.646580
40700,catch,Heather Burnett,Connie Brewer,2503,perhaps,name,2024-09-25T07:49:41.091360,2024-11-20T15:30:42.556305
58497,pattern,Jane Frank,Timothy Johnson,349,lead,voice,2024-01-07T11:16:32.972281,2024-11-09T11:18:18.055397
87787,fish,Samantha Stevens,Sarah Suarez,2278,yes,might,2023-12-05T11:13:41.500305,2024-09-15T20:16:26.306811
73962,professor,William Ellis,Kyle Cruz,1625,eight,Democrat,2024-07-26T05:45:56.742477,2025-01-05T07:30:20.321336
61957,officer,Gina Dixon,Robert Snyder,2905,ever,story,2023-01-31T05:52:34.080647,2024-11-19T23:36:28.362376
29553,beautiful,Sarah Wallace,Cindy Cooper,3426,prove,all,2023-09-18T00:57:04.933342,2024-04-26T00:19:43.625494
19864,evidence,Cory Merritt,Kenneth Vaughan,1194,similar,fact,2024-03-12T19:15:24.431993,2024-06-14T08:40:52.053537
94040,scene,Daniel Campbell,Jack Drake,425,picture,her,2024-06-29T13:25:49.921478,2024-05-31T16:08:40.534052
55236,since,Jennifer Jones,Gregory Scott,2133,world,draw,2023-08-18T05:54:38.378971,2024-07-31T17:43:53.554651
76437,majority,Benjamin Simpson,Benjamin Hunter,1384,one,sign,2023-06-13T17:29:54.196692,2024-06-17T03:03:06.837761
53356,score,Eugene James,Julia Hayes,1581,number,customer,2023-04-13T03:49:37.500615,2024-05-05T06:54:27.985043
16078,according,Casey Brown,Alexander Walton,2125,score,agree,2023-05-31T06:22:02.348442,2024-05-12T10:38:22.257132
31341,class,Kelsey Hensley,Leah Bishop,3479,whole,half,2023-10-21T12:29:41.948284,2024-10-19T06:49:11.061310
16261,argue,Daniel Sanders,Ashlee Fisher,90,this,feeling,2023-11-11T22:41:47.941418,2024-07-29T08:26:45.684574
58204,trouble,Angelica Price,Jasmine Mahoney DDS,3083,seek,watch,2024-12-21T19:06:20.994941,2024-04-23T19:21:45.031451
77081,environmental,Wendy Wright,Amy Barrett,638,center,raise,2024-06-02T05:52:03.423477,2024-10-14T05:13:43.411608
99766,check,Robert Smith,Justin Rowe,3184,back,special,2024-02-19T17:49:39.489006,2024-12-29T17:37:31.362562
42992,through,James Bullock,Heather Murray,3574,meeting,test,2024-12-30T11:17:27.849092,2024-10-02T00:17:56.515711
9346,long,Renee Wright,Susan Vaughn,1343,spend,floor,2023-04-21T23:03:45.648861,2024-12-23T14:16:05.746522
66384,from,Carolyn Rodriguez,Rita Abbott MD,1892,picture,who,2023-04-19T08:48:23.165998,2024-06-05T11:01:57.907052
6704,I,Emily Austin,Andrew Robinson,2864,already,interest,2024-10-04T03:32:26.193464,2024-09-26T03:10:13.009269
2628,while,Elizabeth Johnson,Sara Williams,1538,at,guy,2024-07-05T06:38:23.009775,2024-10-21T09:20:08.788572
91391,against,Carolyn Ortega,Jacob Morgan,2306,culture,authority,2024-08-18T11:33:46.928872,2024-10-01T22:03:40.299693
88035,likely,Tina Johnson,Alison Jones,634,front,usually,2024-09-27T17:55:01.361195,2024-11-04T20:05:28.576576
79115,opportunity,Michael Stanley,Jonathan Gomez,870,visit,energy,2023-07-07T23:54:35.309590,2024-02-15T00:45:47.386864
62698,character,Heather Perez,Danny Franco,2116,beautiful,worker,2024-03-06T04:08:13.539688,2024-07-09T07:04:28.262900
64992,friend,Jorge Larsen,Casey Wright,2676,performance,value,2023-03-23T04:08:03.107990,2024-02-20T00:24:32.560047
74147,floor,Stefanie Fitzgerald,David Bell,1732,discussion,contain,2023-11-17T10:11:14.086200,2024-12-16T09:36:18.321613
36798,form,Michael Rodriguez,Jason Benjamin,2605,agree,history,2024-11-07T16:43:10.728665,2024-04-16T00:22:18.669437
16903,seek,Rachel Macdonald,Jennifer Phillips,3162,set,want,2023-07-31T04:24:35.400103,2024-03-22T11:11:06.311166
49273,sound,Thomas Lozano,Edwin Finley,177,raise,particular,2024-06-10T12:23:20.253940,2025-01-16T08:55:52.929194
97199,natural,John Aguirre,Justin Wilson,600,candidate,laugh,2024-01-25T15:50:36.169957,2024-04-23T05:46:10.100020
81325,water,Carrie Gomez,Melissa Barton,2121,theory,kid,2024-02-11T21:07:29.579236,2024-02-19T12:44:28.525891
37684,run,Brandy Massey,Lori Stein,673,affect,current,2023-04-02T12:27:33.280713,2024-06-22T19:33:14.519916
30082,wife,Michael Wright,James Lambert,2893,nothing,table,2024-09-21T21:51:38.170408,2024-04-08T06:13:31.155928
17292,difference,Tina Li,Brian Terrell,376,include,chair,2023-03-07T04:49:32.289374,2024-04-24T04:59:24.207666
53195,though,Michael Frey,Ray Jones,1415,accept,wonder,2024-06-14T15:10:42.902695,2024-09-05T00:20:19.014809
70818,ground,Christopher Young,Melissa Brown,1607,hear,last,2024-12-11T05:05:07.256366,2024-04-15T08:10:14.790725
35036,will,Christopher Smith,Christopher Anderson,3376,property,second,2023-11-29T16:19:39.976790,2024-11-03T23:27:56.815583
94822,particularly,Angela Moran,Karina Smith,1869,which,fact,2023-04-22T09:15:16.764592,2024-10-29T20:06:55.190789
48809,mean,Sally Khan,Andrew Newman,415,show,those,2023-03-25T16:07:43.802202,2024-06-07T19:33:55.422044
178,though,Janet Odom,Allison Roman,2087,store,someone,2023-07-10T10:29:48.674042,2024-06-18T12:43:13.415609
70098,player,Monica Nguyen,Jason Gates,2913,season,group,2024-07-24T20:03:13.591741,2024-09-13T01:07:05.495465
43623,cultural,Isabel Mitchell,Luis Pena,1225,woman,while,2023-12-22T19:07:17.985920,2024-01-29T16:10:02.113121
14707,day,Larry Williams,Carrie Moss,1090,school,according,2024-11-27T07:23:54.394306,2024-10-26T23:09:43.245678
71232,other,Bianca Nelson,Tina Browning,3048,hospital,society,2024-01-14T16:59:22.559506,2024-05-11T21:19:16.931404
24692,occur,Alexis Pratt,Whitney Giles MD,2514,because,pattern,2024-02-12T02:39:28.825501,2024-04-18T17:38:05.084734
96471,half,Colton Turner,Ricky Hanson,707,report,wish,2023-12-07T13:09:18.143059,2024-03-04T05:07:49.734538
99818,interesting,Amber Kelly,Brandon Morrison,1767,smile,get,2023-09-29T05:52:21.617605,2024-11-12T13:36:16.234117
89290,hope,Linda Jones,David Farley,715,discover,fund,2023-03-04T06:07:46.991307,2024-06-17T05:00:38.378310
84161,state,Corey Malone,Tracy Sparks,1004,coach,newspaper,2023-08-10T04:05:12.424470,2024-07-05T19:25:48.789860
60077,happen,Christopher Castro,Leslie Joseph,3485,perhaps,cost,2024-01-03T13:11:16.706038,2025-01-21T05:40:34.555636
33470,foot,Jacob Parker,Walter King,2109,poor,subject,2023-06-09T21:40:02.469364,2025-01-15T21:31:09.079638
76665,soldier,Amanda Jenkins,James Nichols,2216,audience,type,2024-05-04T20:54:58.550730,2024-08-14T19:21:47.959680
16814,energy,Daniel Kirk,Edward Mendoza,1015,heavy,peace,2024-07-01T21:40:58.030487,2024-07-28T20:17:00.235424
15401,answer,Angela Frye,Michelle Walker,1444,structure,total,2023-11-10T09:51:13.456147,2024-11-13T00:26:12.955526
97835,song,James Henderson,Monica Johnson,1528,these,which,2023-10-03T20:59:19.929497,2024-03-06T03:41:21.528191
7967,fish,Harry Butler,Andrew Avery,1570,bank,because,2024-12-31T20:43:27.297205,2024-08-28T09:22:56.173285
28876,natural,Anne Jimenez,Terry Lindsey,1677,address,tough,2023-10-18T10:03:39.312099,2025-01-19T02:25:10.984080
21854,heavy,Rebecca English,Travis Pearson,2616,city,now,2024-06-20T19:48:34.401503,2024-02-03T05:46:34.309313
45959,that,Robin Watts,Francisco Rivera,138,student,exactly,2023-09-18T02:23:02.218262,2024-04-06T22:28:05.358916
28121,hour,Paul Anderson,Heidi Garcia,439,past,population,2023-12-27T22:27:53.801326,2024-09-20T14:35:28.450369
48296,happen,Robert Pennington,Mary Webb,799,own,drop,2024-07-13T06:46:42.425621,2024-06-21T00:18:22.893947
15180,financial,Shannon Kline,Jacob Anthony,1427,see,garden,2024-07-28T08:09:10.387253,2025-01-15T07:02:52.038977
18927,nature,Rodney Ryan,Darryl Henderson,2550,work,policy,2024-06-16T13:55:33.719307,2024-12-21T03:45:52.445498
23147,government,Evelyn Salazar,Shannon Duran,2513,newspaper,right,2024-07-14T00:09:40.468761,2024-11-17T18:04:18.111412
54166,memory,Madison Holder,Andrew Hensley,3037,type,shoulder,2023-07-25T15:08:26.624413,2024-08-12T21:10:43.488643
96678,here,Jennifer Chang,Rachel Moreno,1104,offer,whom,2024-06-04T13:00:17.065024,2024-10-21T06:49:03.795296
37065,deal,Kristine Wagner,Madison Gibson,2117,after,to,2024-04-04T06:36:05.192788,2024-07-30T20:04:53.662867
40061,despite,Christopher Wolfe,Christopher Cooper,158,type,community,2024-09-23T01:26:36.756712,2024-06-05T10:38:45.172046
66804,oil,Kimberly Harrington,Deanna Lewis,44,effort,raise,2023-12-04T23:37:15.604272,2024-08-22T17:28:04.044828
73449,top,Roger Oneill,Ashley Wood,1324,suffer,prove,2024-05-10T04:21:30.258535,2024-02-12T16:29:39.743863
53401,address,Lisa Klein,Sean Peterson,272,early,child,2023-05-24T02:52:26.684632,2024-09-18T07:36:37.611382
29225,use,Patrick Rodriguez,Tracy Johnston,1317,always,billion,2024-03-12T18:19:04.520126,2024-05-24T12:12:50.077991
64701,establish,Heather Bishop,Nicholas Miller,2871,subject,huge,2025-01-15T13:24:28.913470,2024-03-03T09:27:41.657145
49885,skill,Valerie Hernandez,Carolyn Sims,370,game,peace,2023-10-20T05:31:51.005131,2024-06-25T15:40:26.201239
49827,share,Donald Burns,Timothy Wright,2219,allow,suddenly,2023-12-29T02:23:46.118108,2024-03-19T17:59:43.496563
8930,show,Robin Smith,Laura Hodges,2970,remain,thought,2023-09-19T10:16:18.371897,2024-06-19T13:22:42.358789
28735,expect,Angel Andrews,Kimberly Vargas,793,side,none,2023-12-31T18:47:28.310511,2024-04-14T20:22:02.303524
45622,heavy,Kiara Watson,Ashley Erickson,1659,civil,follow,2024-03-04T20:06:08.954857,2025-01-16T21:50:15.349542
21750,kitchen,Connie Knox,Heather Coleman,1939,people,light,2023-10-21T23:55:42.189692,2024-10-06T16:02:57.935837
20270,reason,Hannah Salazar,Michelle Stark,3399,it,seven,2024-10-11T03:02:55.437520,2024-03-01T02:16:03.381972
50476,way,Colleen Kim,Karen Smith,428,else,month,2024-10-15T16:55:26.271591,2025-01-23T05:51:19.519026
18622,would,Robert Huff,Sheila Reyes,550,others,push,2024-05-27T16:33:35.542431,2024-05-27T04:21:33.786967
65220,fear,Zachary Young,Caitlyn Williams,1764,defense,garden,2025-01-17T12:13:45.870020,2024-09-27T20:49:26.848341
18677,play,April Lawson,Laura Thompson,689,head,animal,2024-11-15T16:29:45.926014,2024-08-27T16:49:19.322488
1402,apply,Christie Williams,Michael Ortiz,1678,enter,major,2023-09-03T03:42:53.491857,2024-03-30T01:20:01.735894
39752,situation,Kelly Hess,Colleen Snow,2269,issue,score,2023-03-16T20:44:51.915134,2024-01-28T12:19:32.361869
26658,boy,Amy Cooper,Jay Morgan,34,discover,west,2024-07-21T04:50:59.095944,2025-01-15T09:40:38.453906
87813,at,Heather Marshall,Terry Jones,3331,spring,option,2023-09-01T10:29:02.314688,2024-05-10T06:14:44.258996
95673,old,Brandon Quinn,Michelle Zimmerman,3247,at,leg,2024-06-24T14:49:55.703594,2024-04-09T12:07:17.818125
39149,try,Tiffany Gonzales,Holly Robinson,1800,brother,animal,2024-08-05T15:27:51.421196,2024-05-22T00:46:11.447162
1285,according,David Cuevas,Crystal Peters,1017,line,course,2024-10-01T19:26:02.361852,2024-03-10T14:13:04.662838
95993,participant,Yvonne Santos,Brianna Dyer,663,western,color,2023-09-12T03:22:10.266582,2024-04-15T20:02:17.793046
34225,involve,Jerry Cochran,Jennifer Ray,3042,well,maintain,2024-05-01T19:42:40.340685,2025-01-14T04:04:54.445480
69330,option,Jennifer Espinoza,Jessica Hughes,384,same,than,2023-10-26T15:51:09.802876,2024-02-13T08:52:17.683827
45257,put,Angela Bryan,John Alvarez,2052,do,necessary,2023-11-18T18:06:10.025230,2024-03-18T13:51:03.552739
5540,town,Jessica Khan,Heather Williams,2596,political,ball,2025-01-10T03:05:34.660130,2024-04-24T06:42:48.005308
98495,similar,Victor Richardson,Amber Morrow,918,bring,Democrat,2023-09-01T16:21:25.164285,2024-10-06T04:03:45.657930
9234,area,Dustin Gilbert,Meghan Swanson,2073,third,central,2023-01-30T07:47:24.126480,2024-08-22T22:40:57.270738
4051,agreement,Colleen Rivers,Robert White,1468,top,person,2024-04-15T20:45:32.878857,2024-05-15T17:00:58.001740
37625,husband,Danny Davis,Nicholas Robinson PhD,374,factor,forward,2023-06-21T11:42:14.747009,2024-06-28T23:39:01.301429
11014,establish,Samantha Reed,Mike Ruiz,3094,never,ok,2024-12-09T14:48:50.393999,2024-11-04T18:26:23.231311
91575,south,Rebecca Bullock,Melinda Parker,1512,reach,soldier,2023-06-05T14:17:17.816266,2024-06-30T22:09:03.322955
44338,create,Diane Reynolds,Heather Phillips,2291,girl,production,2024-12-29T13:08:03.852646,2024-10-12T19:35:24.949487
61138,already,Patrick Zavala,Chelsea Lee,396,put,remain,2024-05-23T09:48:20.948081,2024-04-29T13:35:22.501345
78348,mouth,Elizabeth Mckinney,Teresa Howard,1317,foreign,same,2023-10-28T11:19:54.739442,2025-01-04T12:32:36.679423
62575,since,Morgan Hahn,Derek Green,1152,market,investment,2025-01-17T23:08:55.327996,2024-09-16T16:27:15.605684
1210,security,Linda Johnson,Shaun Villarreal,2127,media,away,2024-06-10T10:50:19.063558,2024-07-25T14:21:32.638982
45347,lay,Adam Nash,Christopher Nguyen,2305,key,return,2024-08-20T04:02:03.400022,2024-05-25T03:50:54.653674
84695,especially,Cassandra Sanchez,William Gray,1883,brother,yard,2023-06-07T14:39:19.468612,2024-10-12T11:29:31.341614
28324,though,Jessica Robinson,Christine Graves,1910,last,better,2023-02-18T18:54:41.491345,2024-12-31T07:44:52.449362
19116,table,Zachary Garcia,Adam Green,3549,in,process,2023-07-16T08:47:33.785378,2024-08-19T15:01:35.796117
40615,report,Betty Collins,Robert Adams,3303,project,word,2024-07-16T00:59:05.587605,2024-11-17T15:32:18.679915
53481,candidate,Steven Graves,Melissa Sherman,2808,me,suffer,2024-02-13T06:54:32.021595,2024-07-30T08:34:10.007043
79584,station,John Murray,Lynn Mason,2608,charge,about,2024-01-06T22:37:22.617216,2024-04-09T12:18:43.306558
83752,pass,Kayla Bradshaw,Dustin Bauer,1964,network,last,2023-04-08T08:40:23.164557,2024-07-10T10:32:22.932511
87248,option,Rachel Powell,Anthony Craig,680,agent,few,2023-11-16T19:02:58.817782,2024-09-23T23:03:50.093649
32727,suggest,John Stark,Brian Scott,2176,culture,during,2023-03-21T15:31:55.184236,2024-01-28T02:14:20.089257
42726,everything,Haley Perez,Briana Roberts,2269,own,during,2024-01-24T12:49:26.553715,2024-10-05T16:33:48.036845
75588,minute,Nathaniel Johnson,George Arnold,1285,return,night,2023-04-17T10:43:52.446534,2024-10-01T04:06:15.579369
91503,history,Mandy Brooks,Jill Fox,2570,technology,reveal,2025-01-15T21:51:11.091085,2024-09-09T20:29:47.797470
49898,offer,Joyce Smith,Jason Johnson,368,probably,mind,2024-11-21T15:05:22.845288,2024-01-28T01:48:07.872020
2356,dog,Michael Rose,Vanessa Lee,1407,down,always,2023-04-08T05:09:24.292354,2024-09-28T10:17:32.124873
86637,red,Carol Reese,Lisa Morris,3228,debate,care,2023-04-17T07:03:56.950703,2024-05-26T10:02:22.228806
80618,sort,Gregory Powers,Kristina Schmitt,2667,bar,wear,2023-02-09T13:29:44.874801,2024-07-30T05:35:28.132277
80174,training,Edwin Shelton,Charles Hill,2267,hear,manage,2024-08-10T15:56:02.021654,2024-04-15T23:14:54.547691
30400,last,Jacob Smith IV,Debbie King,1831,Mr,ago,2023-03-12T01:36:07.583037,2024-06-06T08:49:51.051527
44639,size,Larry Graham,Daniel Clark,2558,before,find,2024-11-26T05:56:54.106725,2024-12-30T13:37:44.549307
7886,detail,Amber Dudley,Ryan Sanchez,182,civil,available,2024-07-29T11:56:07.254879,2024-12-20T14:56:17.003090
22662,one,Peter Adkins,Jacqueline Johnson,2368,without,age,2024-02-08T07:52:15.993589,2024-08-02T04:43:40.849203
60138,view,Jeremy Garcia,Katherine Lawrence,128,end,hard,2023-05-17T04:31:59.810672,2024-03-10T17:16:46.093357
86193,claim,Krista Wells,Donald Rodriguez,2526,involve,always,2024-09-23T05:23:37.738936,2024-05-15T13:26:22.060712
83991,section,Angela Waller,Whitney Banks,2168,environmental,enter,2023-10-25T13:15:41.077921,2024-10-09T04:30:32.342904
99480,trip,Mark Reynolds,Nicholas Richards,3004,walk,building,2025-01-05T02:09:33.212177,2024-12-02T06:01:53.998045
33761,consider,Elizabeth Weiss,Logan Simmons,3192,idea,PM,2023-04-23T12:03:47.277224,2024-02-14T19:41:18.001641
10676,traditional,Tasha Owens,Dalton Mcclure,163,even,color,2024-01-24T02:15:44.726854,2024-11-05T04:52:01.108132
42996,successful,Mrs. Gabrielle Herrera,Amy Evans,2924,mention,meeting,2024-08-17T08:01:41.884129,2024-07-09T03:08:06.666639
37470,seven,Nicole Black,Amy Forbes,2098,seem,sort,2023-12-31T05:15:58.066968,2024-10-29T06:30:19.783344
32174,particular,Jodi Murray,Jesse Shepard,1138,seat,have,2024-09-22T11:02:41.902021,2024-06-22T09:17:18.097988
33053,foreign,Michael Erickson,Jose Williams,422,explain,again,2024-11-09T09:01:43.743113,2024-06-02T15:55:43.347714
25622,ok,Penny Weiss,Terry James,3049,toward,sign,2023-05-28T21:31:52.099492,2024-12-29T21:26:41.640525
66127,purpose,Nathan Reese,Vicki Garrison,582,technology,him,2024-01-26T18:03:30.203878,2024-05-09T10:54:52.874269
38278,thus,Anna Maxwell,Marcia Torres,438,season,film,2023-10-06T14:00:43.024244,2024-04-29T11:39:57.879039
84859,serious,Cindy Wagner,Shawn Martin,1832,word,computer,2023-05-25T07:30:30.865436,2024-04-02T17:10:39.218591
954,agent,Elizabeth Swanson DDS,Debra Adkins,3470,appear,issue,2023-07-03T06:58:37.899063,2024-11-15T12:22:22.576577
56463,ready,Thomas Mason,Brianna Reynolds DVM,1492,fly,respond,2024-04-14T14:42:19.470491,2024-04-11T01:23:56.812145
20330,value,Robin Chambers,Cynthia Henry,1132,reveal,next,2023-10-30T00:32:20.464137,2024-05-01T09:09:48.685494
53311,ground,Shirley Sanders,Tammie Gonzalez,3040,key,let,2023-02-08T04:32:20.147684,2024-10-17T20:26:52.141783
8971,range,Robert Moore,Tyler Knight,651,director,million,2023-09-24T09:57:46.496999,2024-10-26T14:06:40.313768
48265,bad,Brittany Young,Michelle Kelly,804,process,challenge,2023-07-01T14:54:54.310544,2024-07-20T16:28:19.418140
42292,whether,James Ellis,Kyle Thompson,1055,film,site,2023-04-13T05:15:50.610991,2024-10-30T11:20:46.503179
17995,me,Nichole Sanders,Eric Hodges,307,paper,television,2024-10-05T17:15:05.637953,2024-11-11T03:00:58.270072
92987,cold,Martha Mcdaniel,Andrew Walters,3196,real,necessary,2024-08-24T07:22:15.794871,2024-11-16T03:35:57.046538
50985,true,Tara Ross,Leslie Kennedy MD,2727,hair,subject,2023-08-25T02:24:50.424657,2024-04-18T23:12:45.267283
79553,home,Christopher Edwards,Kayla Hunt,607,him,later,2024-08-05T19:06:43.989176,2024-12-10T05:28:05.627933
58228,mind,Maria Wilkinson,Matthew Cole,1503,against,remain,2023-06-17T07:12:48.359487,2024-02-22T17:24:41.999482
18744,goal,Robert Jackson,Erica Jackson,3509,bit,key,2024-08-31T23:44:01.164771,2024-04-21T14:18:52.005088
35010,leg,Gabriel Garcia,Christopher Mcclure,119,decide,carry,2023-10-21T20:28:52.923284,2024-07-23T09:34:49.944727
77711,a,Bethany Garrison,Alan Price,831,provide,left,2024-07-13T09:45:58.737823,2024-08-31T00:53:53.016439
10905,condition,Charles Baker,Jeffery Berry,2175,growth,size,2023-03-01T16:46:51.638316,2024-08-16T00:04:01.549046
55153,building,Matthew Miller,Nicole Lambert,2964,help,wife,2024-05-22T12:11:48.463989,2025-01-13T08:35:29.097058
40094,coach,Tracy Bryan,Gregory Walters,17,value,difficult,2024-07-30T09:51:36.400908,2024-05-26T21:22:47.581435
99633,manage,Darryl Davis,Stephanie Moore,1686,director,benefit,2023-04-01T04:33:31.917568,2024-09-09T16:57:16.471807
39337,subject,Shelly Shannon,Ruben Riggs,1585,sure,product,2024-07-28T23:52:44.583461,2024-04-09T19:58:28.738976
53940,these,Richard White,Frances Black,1583,dream,guess,2023-01-30T07:47:46.660372,2024-04-27T06:40:20.871721
20056,forward,Cory King,Derek Erickson,3531,sister,mind,2024-01-20T15:21:12.315488,2024-01-28T20:14:09.101929
92484,contain,Jessica Garrett,Sydney Brown,376,business,point,2024-12-03T01:13:24.412331,2024-06-21T16:05:41.706707
41231,act,Bobby Pierce,Danielle Sims,735,happen,deal,2024-06-15T20:06:10.823163,2024-05-21T02:51:34.871137
94227,part,Charles Diaz,Nancy Rodgers MD,449,like,radio,2024-04-25T03:57:29.304967,2024-03-24T08:28:07.922460
22913,know,Michael Sanchez,Samantha Gutierrez,2334,decade,necessary,2024-10-06T15:35:49.609333,2024-02-10T13:12:18.122252
50384,human,Michael Moreno,Jane Riley,152,material,feeling,2024-11-14T07:28:06.933765,2024-12-14T06:56:03.804866
26224,painting,Brandon Cook,Jonathon Bennett,1700,space,daughter,2024-02-07T22:59:52.070750,2024-04-15T14:53:59.227446
73505,politics,Samantha Hill,Justin Lee,1070,talk,old,2024-11-07T01:28:31.283264,2024-06-12T18:20:42.667566
52704,really,Paige Johnson,Christopher Thompson,232,season,do,2024-01-18T01:31:57.642112,2024-11-07T10:57:01.214813
26917,live,Holly Jones,Mariah Burke,602,enough,describe,2024-02-09T00:19:20.207208,2024-11-05T07:54:21.988133
97497,you,Michele Grimes,Elizabeth Mccarthy,3161,our,husband,2024-11-18T11:32:15.248904,2024-04-15T09:42:10.665801
71274,good,Michael Andrews,William Kelly Jr.,1685,whatever,majority,2024-02-25T04:56:02.163207,2024-06-15T01:36:48.499095
84741,authority,Whitney Wood,Christine Smith,160,record,wonder,2023-10-18T06:31:47.087352,2024-10-09T12:26:49.799136
44003,brother,Austin Mitchell,Brianna Adams,3446,once,painting,2024-12-12T08:07:48.912660,2024-05-07T05:55:26.403836
36323,win,David Williams,Dennis Rios,2103,look,plant,2023-07-29T07:58:22.804662,2024-04-30T13:17:38.861427
88972,tend,James Burns,Jamie Floyd PhD,1223,assume,religious,2024-02-23T15:44:46.053401,2025-01-25T14:45:48.752324
67211,heart,Christina Berry,Michael Solis,1821,choose,begin,2023-06-08T18:12:07.070066,2024-05-07T03:05:07.060645
89020,organization,Maureen Foster,Meagan Lewis,3241,past,recent,2025-01-22T11:50:06.785749,2024-06-13T14:44:13.910795
24324,miss,Elizabeth Zhang,Krista Watson,3135,indicate,allow,2023-10-05T14:47:58.138147,2024-03-26T21:24:15.082515
34145,tell,Kayla Watson,James Fisher,1924,involve,her,2024-05-21T12:30:51.032809,2024-07-20T12:32:51.617004
89864,president,Sonia Jones DDS,Dawn Mitchell,2897,body,myself,2023-03-15T00:20:22.420331,2024-08-12T21:49:52.578387
33031,former,Sarah Adams,Robert Lee,2517,major,such,2024-12-16T09:02:20.275372,2025-01-06T20:40:54.997529
83776,think,Vanessa Ferguson,Cynthia Rodriguez,100,game,huge,2024-10-01T10:17:41.848912,2024-03-05T22:03:09.554920
44906,money,Kristina Travis,Dakota Werner,2544,shake,experience,2024-07-15T07:07:14.889732,2024-02-02T01:33:00.154212
96520,week,Dawn Vega,Lauren Gonzalez,2673,break,material,2023-09-24T02:46:17.790545,2024-12-28T04:32:20.838456
81956,head,Linda Gross,Bianca Brown,3077,yes,quite,2024-01-02T02:36:45.191746,2024-11-07T23:06:25.230888
78279,glass,Louis Simpson,Gregory Roberts,2244,billion,analysis,2023-10-31T11:59:59.334450,2024-09-10T02:50:23.017028
93231,offer,Michelle Stewart,Francis Silva,1699,area,painting,2024-08-26T13:24:03.264254,2025-01-24T00:20:37.069714
14372,second,Christopher Adams,Haley Howell,2923,tend,major,2024-10-02T14:21:37.040174,2024-10-07T22:32:24.755285
94806,picture,Tristan King,Kevin Armstrong,2831,sit,PM,2023-10-18T21:22:15.295320,2025-01-06T08:29:14.114858
14452,more,Jason Rogers,Jose Perez,3425,number,begin,2024-03-01T13:58:37.709586,2024-11-29T00:59:30.099256
24466,agree,Maria Keller,Megan Williams,2170,do,that,2023-08-14T05:38:20.918113,2024-05-11T18:33:26.732382
76711,baby,Daniel Mitchell,Richard Hartman,1190,difficult,market,2023-03-25T12:07:37.826618,2024-10-11T10:22:47.842593
22998,two,Paul Nelson,Christopher Burke,2587,chair,show,2023-02-21T07:26:10.676739,2024-07-24T05:46:43.217927
32106,direction,Lindsey Hunt,James Williams,2246,government,century,2023-10-29T03:43:03.019319,2024-04-18T03:04:20.114746
48959,citizen,Gregory Mason,Shannon Spears,774,station,surface,2023-12-21T09:51:21.736680,2024-04-13T20:03:12.446209
61200,indeed,Mr. Jeffrey Welch MD,Jerry Ortega,3069,method,line,2024-05-18T04:41:53.546686,2024-02-07T13:22:38.848378
26140,help,Lawrence Rogers,Derrick Diaz,3490,statement,vote,2023-01-27T12:53:15.108201,2024-08-06T20:36:35.493312
40188,need,Michele Simmons,Erin Nichols,1428,fight,business,2025-01-04T20:06:27.152803,2024-12-06T04:57:31.117410
99045,baby,Natalie Smith,Karen Garner,1959,little,happy,2024-09-30T02:35:16.733627,2024-02-27T01:10:03.971835
69712,clear,Erika Garcia,John George,766,white,rate,2024-02-27T07:00:36.501048,2024-07-05T10:33:57.251563
18593,from,Wendy Potter,Stacy Haas,2920,box,ready,2023-02-06T20:58:49.701119,2024-05-03T05:16:14.473001
82097,cup,David Sanchez,Lauren Jones,3197,air,them,2023-05-18T03:32:41.322470,2024-04-30T23:59:55.155701
76768,learn,Brenda Wilson,Kristy Williams,3378,time,foreign,2024-10-05T00:46:29.555961,2024-09-18T20:12:06.835282
45171,either,Daniel Johnson,Oscar Powers,2567,other,eat,2024-02-22T12:24:20.005898,2024-10-01T05:47:30.798796
85518,strong,Derrick Brown,Mrs. Angel Sanchez,1714,report,different,2023-11-25T13:40:59.554792,2024-09-28T10:17:45.749658
45004,gas,Debra Griffith,Timothy Franco,3504,with,growth,2024-05-16T04:44:07.321521,2024-12-10T16:53:39.882344
40703,stand,Jessica Jones,Walter Brown,3263,me,side,2024-04-10T23:53:10.642079,2024-03-10T07:48:35.230090
2237,watch,Dawn Riley,Leslie Randolph,2623,about,certain,2023-04-27T22:01:23.207866,2024-10-06T22:31:19.933143
17119,situation,Jose Cameron,Margaret Ramirez,3236,perhaps,world,2023-08-29T18:14:12.733054,2024-07-26T06:48:33.046558
52428,rule,Emily Gonzales,Jennifer Johnson,672,find,movement,2024-11-23T17:46:45.573913,2024-04-21T12:29:13.904769
96708,again,Christine Smith,Eric Carter,1061,stay,day,2024-08-03T09:01:45.900376,2024-07-08T15:50:49.521790
92922,area,William Lewis,Debbie Gibson,1356,day,another,2024-01-01T12:32:44.177266,2024-08-17T19:44:19.073634
64447,side,Catherine Gallagher,Timothy Cardenas,2085,opportunity,without,2023-11-26T08:03:16.561386,2024-06-23T00:46:14.281484
95530,away,Heather Jones,Robert Bruce,3170,project,deal,2023-09-04T05:14:18.694677,2025-01-15T19:51:35.823727
81016,support,Lisa Marshall,Nicholas Jones,1087,pretty,artist,2024-06-24T03:30:43.389510,2024-09-27T14:06:29.634867
61459,ahead,Dana Wheeler,David Thomas,2373,myself,hour,2024-10-24T01:10:48.841611,2024-09-17T06:37:39.108061
6052,nation,Colin Bishop,Donna Aguirre,864,worker,capital,2023-10-03T19:04:26.328269,2024-04-02T08:11:08.220386
35640,card,David Martinez,Eric Browning,3360,produce,eat,2024-09-03T07:07:39.577085,2024-03-02T15:35:23.964930
19068,nature,Janice Roberts,Lori Stevens,2684,second,challenge,2023-04-04T17:35:30.247429,2024-04-01T06:01:46.716256
53511,heavy,Jared Bates,Matthew Morris,2160,time,sort,2023-09-01T13:10:34.531002,2024-10-01T13:28:16.015755
24221,administration,Ian Mccoy,Robert Thompson,3325,mind,image,2023-10-27T00:55:35.966477,2025-01-25T21:55:25.628049
19289,trade,Amber Gardner,Kenneth Cook,3440,example,yes,2024-04-08T16:18:04.523617,2024-02-14T09:04:15.358515
14472,unit,David Hill,Michelle Davis,903,success,seven,2024-01-29T13:42:09.186302,2024-09-27T03:47:34.080228
1742,buy,Cheryl Webb,Amber Davis,2626,have,provide,2023-09-16T03:31:03.473119,2024-04-16T18:43:01.689071
69805,news,Rebecca King,Anna Singh,2187,produce,side,2024-01-26T19:54:14.756161,2024-04-18T14:51:20.210992
68274,wide,Brian Lewis,Heather Dean,1144,establish,sport,2023-04-14T07:54:31.937235,2024-03-27T14:59:04.377373
20966,list,Jasmine Rodgers,Michelle Webster,386,past,moment,2023-08-03T01:24:05.828548,2024-08-10T14:20:40.585036
41751,similar,Miranda Garcia,Jason Oliver,1558,president,memory,2023-12-31T06:48:55.900780,2024-08-25T20:47:59.269611
1515,policy,Paul Moon,Randall Smith,1910,off,else,2023-09-26T15:52:13.217997,2024-09-29T09:02:12.902660
65815,pick,Jason Conrad,Jeffrey Gray,2636,live,tough,2023-02-06T14:12:38.073260,2024-04-07T17:36:28.538625
22203,baby,Lori Bender,Lauren Gilbert,3246,surface,paper,2024-08-02T13:39:55.465792,2024-05-24T01:20:00.524070
3716,serious,Ashley Pierce,Wendy Smith,156,conference,not,2023-09-11T17:09:04.323694,2025-01-06T12:41:12.840669
78114,century,Faith White,Matthew Williamson,2052,very,ahead,2024-07-25T08:19:59.018710,2024-11-13T21:18:27.199915
86333,science,Cynthia Martinez,Rebecca Foster,355,recognize,say,2023-09-10T08:37:11.060970,2024-08-30T14:59:54.777191
39986,behind,Jessica Lane,Ashley Dixon,876,another,bit,2024-01-17T09:51:25.124332,2024-10-05T09:11:58.141092
37962,enjoy,Jessica Guzman,Ms. Emily Lucero MD,1551,if,able,2024-02-23T04:21:07.251271,2024-10-26T16:03:50.136341
89909,new,Reginald Shah,Jonathan Chavez,2975,health,five,2023-01-27T21:26:33.451547,2024-03-04T22:02:11.948116
77911,usually,Thomas Huber,Courtney Guerra,1397,claim,indicate,2023-11-11T08:35:02.236440,2024-05-07T21:05:40.849025
63467,time,Christopher Baker,Philip Walls,2890,use,technology,2023-07-21T22:01:58.313294,2024-05-02T14:33:39.332079
48993,commercial,Sandra Gallegos,Ashley Smith,1283,style,about,2023-11-08T17:59:46.102691,2025-01-24T00:01:24.667385
90338,space,Claire Roberts,Joanna Campos,19,fast,run,2024-01-05T17:38:22.850421,2024-02-07T18:31:40.263384
32402,about,Philip Tanner,Bruce Vaughn,2511,sea,establish,2024-06-28T00:43:39.224997,2024-09-19T19:50:01.575652
80577,skill,Robert Tucker,Trevor Allen,1095,down,suddenly,2023-02-09T22:06:00.537766,2024-09-15T04:28:34.805097
11492,happen,Megan Maynard,Todd Wood,886,attack,either,2024-10-07T18:39:07.196162,2024-08-15T21:27:16.906467
97133,receive,Brett Santos,Karen Strickland,526,risk,these,2025-01-08T21:22:14.489536,2024-07-26T22:38:16.450828
84002,technology,Jeffrey Potts,Mr. Ronald Matthews DVM,3071,consumer,professional,2023-06-20T21:15:10.396919,2024-09-13T15:39:25.914886
7259,tree,Charles Austin,Dana Jones,2150,price,focus,2024-06-19T18:03:55.480313,2024-08-10T17:53:51.960902
75404,artist,James Tucker,Betty Jones,1198,question,story,2023-12-03T20:11:05.565524,2024-02-18T21:35:54.197208
18481,keep,Christina Yu,Greg Riley,606,sign,about,2024-01-04T05:46:01.542868,2024-05-27T16:40:35.449098
369,in,Julie Armstrong,Lisa Rios,332,public,crime,2023-02-19T16:44:28.827868,2024-03-04T16:29:11.389048
15888,describe,Donald Silva,Daniel Shepherd,911,story,individual,2024-05-19T07:49:15.856521,2024-02-10T02:15:22.410426
88612,cultural,Albert Johnson,Brittany Bailey,3545,budget,take,2023-02-16T11:47:35.769691,2024-03-20T01:58:57.381451
61703,lead,Linda Campbell,Lori Thomas,691,power,money,2024-06-14T00:44:38.339747,2024-10-18T09:35:42.373914
4692,art,Carrie Barnett,Mr. Edwin Smith,3258,decade,nor,2024-09-25T08:57:16.971538,2024-02-12T19:03:37.883103
88434,those,Anthony Barber,Kevin Miller,1876,season,support,2024-03-12T08:03:18.626256,2024-03-26T10:25:10.154064
14411,high,Susan Johnson,Krystal Monroe,2435,theory,wait,2024-11-15T19:54:18.245567,2024-05-24T13:50:43.925667
85947,television,Andrea Sims,Travis Johnston,3204,owner,research,2024-09-16T11:02:39.999682,2024-03-19T09:02:27.087084
10333,agency,Chris Middleton,Hannah Hamilton,3480,word,measure,2024-05-31T02:16:04.192825,2024-07-21T02:19:04.043733
32926,vote,Brad Odonnell,Joseph Summers,3205,call,your,2023-12-06T16:30:52.890434,2024-10-08T05:13:58.507692
88807,walk,Miranda Harvey,Jessica Patterson,47,television,car,2024-03-21T09:59:33.076280,2024-10-13T12:03:23.800456
74452,PM,David Reed,Ruth Allen,3195,just,agency,2024-06-24T11:57:07.536406,2024-03-27T20:08:57.549637
59351,expect,Nicole Raymond,Jenny Johnson,3341,old,hit,2023-08-11T10:15:48.720196,2024-07-29T00:18:23.295549
71023,serve,Rachel Macdonald,Kristina Lewis,2241,account,who,2023-07-23T04:34:16.919475,2024-02-25T14:41:21.822853
53367,property,Eric Hoffman,Michael Russell,933,idea,rise,2024-10-23T09:17:07.201965,2024-12-08T02:38:53.549903
96976,itself,Valerie Jordan,Brandon James,30,whether,energy,2024-12-24T18:32:51.754606,2024-11-01T10:41:07.440711
75089,service,Kristen May,Hannah Garcia,465,during,player,2024-11-19T18:59:37.584382,2024-02-12T21:17:34.038690
65459,ok,William Keller,Thomas Jefferson,1256,president,wide,2024-02-06T12:02:06.511375,2024-10-26T13:14:20.667351
83807,discuss,Michelle Olson,Kim Wallace,3,start,three,2024-09-30T17:35:28.312594,2024-12-29T07:02:54.345236
44550,lot,Elizabeth Waller,James Rose,2800,blue,rise,2023-08-24T01:27:38.806763,2024-08-28T08:37:05.140428
85288,gas,Robert Walton,Dennis Sanchez,618,structure,sometimes,2024-10-18T22:40:54.677548,2024-12-11T19:03:13.847308
66577,unit,Joseph Simon,William Kim,319,include,must,2024-06-09T17:24:19.215663,2024-10-30T01:09:47.561130
33215,do,Mary Jones,Victor Vega,3553,itself,nation,2024-04-16T03:49:58.115089,2024-07-14T18:36:06.563260
56381,argue,Karen Brennan,Melanie Gregory,1749,tough,shake,2024-11-24T12:27:57.172529,2024-10-20T06:25:55.389091
13177,place,Andres Williamson,Darren Smith,643,century,television,2024-11-15T08:19:14.540308,2024-11-01T18:26:44.233468
96490,cold,Rebecca Payne,Christine Patrick,1690,time,small,2024-01-27T03:47:08.941396,2024-03-07T02:33:55.847432
3196,our,Jennifer Hernandez,Joshua Smith,2644,art,commercial,2023-02-09T17:47:51.254064,2024-11-12T16:05:58.746995
39022,nothing,Evan Wright,Mary Lara,3124,throughout,discuss,2024-02-07T06:01:02.533290,2024-11-19T11:05:08.403505
30728,rule,Matthew Weber,Sandra Buchanan,2403,minute,you,2023-04-24T01:46:19.043234,2024-03-26T02:20:49.301080
45226,land,Hannah Chung,Peter Gallagher,7,seem,industry,2024-07-12T00:23:03.484357,2024-11-03T13:59:56.956508
52326,line,Darin Henderson,Jeremy Collier,435,consider,onto,2023-08-27T11:33:42.272936,2024-11-17T20:01:25.876473
29301,exactly,Brenda Greer,Robert Burnett,3018,will,home,2023-10-18T22:34:31.739630,2024-08-31T22:38:35.029421
36419,economic,Megan Ho,Ethan Compton,2166,majority,big,2024-09-28T10:51:47.545765,2024-06-14T15:55:36.036138
7245,inside,Debbie Cain,Lori Costa,1601,difficult,question,2023-07-18T07:22:29.777838,2024-03-06T19:21:05.962775
29031,office,Zachary Ramos,Tina Collier,2379,man,discover,2023-05-02T18:18:29.824577,2024-08-08T23:26:47.270056
62440,rock,Christopher Vega,Ruben Leonard,2966,alone,continue,2023-02-12T09:34:22.190063,2024-02-01T16:45:41.137815
53106,return,Reginald Morrow,Daniel Cooper,22,provide,exist,2024-03-12T03:36:16.654484,2024-02-09T07:54:53.562942
32924,condition,Justin Ramirez,Garrett Smith,443,series,sound,2023-12-18T20:49:58.981520,2025-01-12T07:26:50.602098
53161,look,Malik Osborn,Adam Myers,2938,finally,performance,2023-03-09T10:42:56.287758,2024-11-12T04:21:28.510231
62924,success,Tara Carter,Linda Smith,3338,cost,better,2024-06-30T17:31:25.329993,2024-09-30T01:31:49.007136
347,politics,Isabella Norris,Robert Wells,1681,me,anything,2024-07-23T03:02:51.987875,2024-07-14T18:45:45.770752
64573,already,Richard Scott,Gerald Brown,191,truth,race,2023-05-21T19:01:57.268147,2024-09-16T05:49:52.123407
42117,again,Christopher Martin,Christopher White,1877,office,military,2024-01-11T08:25:09.062027,2024-11-28T01:00:15.149440
41713,quickly,Peter Lee,Mark Wolf,1874,ten,up,2023-10-01T18:42:38.476611,2024-02-25T09:24:44.213429
14009,write,Mikayla Mcintosh,Angel Ortiz,1611,out,black,2024-04-16T00:36:27.736021,2024-08-15T19:02:23.750493
75839,daughter,Dustin Saunders,Charles White,3081,cause,owner,2024-10-08T09:49:15.182784,2024-08-10T11:20:33.217639
82505,member,James Turner,Bradley Lynch,2641,for,let,2023-03-19T13:42:56.191283,2024-02-19T02:06:27.853436
26634,whom,Victoria Skinner,Rhonda Hawkins,2794,visit,sure,2023-09-03T07:42:54.259245,2024-12-01T00:17:02.059057
18265,right,Steve Mcgee,Leslie Hodges MD,438,then,stand,2023-04-03T01:14:13.510007,2025-01-11T23:28:00.810255
99811,activity,Megan Anderson,Dorothy Matthews,1854,all,even,2023-08-28T14:17:15.823364,2024-05-09T18:19:19.867834
65916,magazine,Dr. Ryan Pruitt DVM,Katie Mccormick,2941,language,head,2024-01-17T07:15:29.761054,2024-11-17T23:30:07.210162
56444,bank,Michelle Allen,Jessica Adams,1540,suggest,official,2023-02-24T06:38:34.194046,2025-01-01T19:30:55.331093
19381,get,Jordan Garcia,Gregory Thomas,3029,body,wind,2023-10-15T11:00:59.242454,2024-11-01T09:26:45.650236
78119,level,Johnny Sanchez,Chelsea Gamble,1656,information,board,2024-09-11T09:23:35.844757,2024-10-22T06:23:18.563173
81515,whom,Brian Garza,Meghan Owens,1761,indeed,garden,2023-03-04T14:34:25.673044,2024-03-26T15:08:43.486437
30794,believe,Matthew Brown,Ms. Kylie Moore,955,organization,Republican,2023-12-12T06:27:32.540845,2024-04-24T21:58:07.087237
80491,spend,Nicolas Williams,Daniel Wright,3220,feeling,water,2023-09-29T01:42:35.031224,2024-01-27T14:24:43.325358
35136,service,Anthony Smith,Daniel Raymond,3323,fast,study,2024-01-31T00:38:37.171461,2024-09-27T18:05:18.091667
5419,heavy,Tonya Mclaughlin,Jennifer Hooper,86,enjoy,seek,2024-04-10T16:29:35.298969,2024-04-03T16:47:05.421489
79921,investment,Joshua Nguyen,Joseph Smith,2611,camera,charge,2023-08-27T01:00:01.876441,2024-12-09T07:13:36.720080
29732,lose,Donald Stewart,Diana Bryant,394,adult,career,2023-10-15T17:41:53.316123,2025-01-17T12:20:18.665794
28444,interesting,Christopher Mercer,Manuel Anderson,1928,and,nation,2024-07-20T04:04:13.170450,2024-05-08T12:53:02.677894
35358,account,Elizabeth Lee,Christopher Ramirez,3435,investment,meeting,2023-04-03T13:56:42.474977,2024-05-22T05:39:35.331715
91611,student,Patricia Taylor,Jennifer Martin,225,set,want,2023-04-07T00:27:29.773010,2024-06-07T20:45:37.222642
19066,together,Erik Jackson,Gina Evans,1409,tax,one,2023-12-31T21:58:24.778491,2024-02-08T11:10:16.244737
11263,never,Rose Jackson,Donald Davis,3481,school,money,2023-12-30T11:26:58.498765,2024-08-15T07:50:32.026474
4037,begin,Larry Fox,Eric Matthews,1666,list,reveal,2024-06-06T04:35:40.507222,2024-10-31T17:20:46.888509
84878,water,Kevin Cooper,Jonathan Washington,2993,side,newspaper,2024-02-07T23:36:43.178387,2024-11-03T21:40:40.136032
47743,them,Linda Christensen,John Allen,2547,upon,better,2024-03-29T22:30:07.856424,2024-10-26T00:23:38.337791
75146,himself,Michael Martin,Bradley Davis,2482,back,her,2024-11-27T05:12:19.125131,2024-02-18T04:48:07.633338
31101,pay,Sandra Hernandez,Amy Mcbride,1762,administration,across,2024-03-25T15:17:07.314008,2024-11-27T10:47:55.915882
63378,I,Mary Garza,Paul Delgado,976,social,note,2024-07-31T00:46:46.492282,2024-12-28T22:00:59.281133
12793,indicate,Kayla Ali,Holly Duran,1474,do,no,2023-09-16T07:11:07.846408,2024-05-02T23:33:31.182693
84285,entire,Joseph Sanchez,Carmen Chen,3078,police,movement,2024-06-16T17:25:03.788898,2024-04-15T04:52:25.597228
65698,hour,Jeremy Hill,Christina Mcintosh,2828,year,challenge,2024-03-02T04:02:02.877146,2024-02-19T10:41:23.999397
13934,born,Mrs. Heidi Anderson,Sue Steele,34,court,feeling,2024-04-01T09:07:19.883048,2024-08-01T16:57:08.017633
61777,young,James Bauer,Mrs. Nancy Salas,1645,feeling,avoid,2023-09-21T17:04:29.816302,2024-02-11T09:34:50.994533
96241,write,Jessica Finley,Rhonda Tran,178,increase,anyone,2024-12-11T06:15:55.615696,2024-12-30T17:15:21.915867
36245,different,Jamie Rivera,Stephanie White,430,product,admit,2024-08-14T02:11:32.245560,2024-12-25T09:18:34.669886
39976,he,Ray Clark,Michael Durham,1559,our,forget,2023-04-15T11:58:30.786126,2024-03-23T19:24:28.045490
16698,campaign,William Pearson,Amy Castro,2165,attention,development,2024-02-21T00:11:51.214782,2024-01-31T15:51:53.587385
26921,truth,Joseph Lopez,Mark Smith,1728,establish,down,2024-03-25T21:29:23.073869,2024-05-26T01:24:44.161327
39519,try,Thomas Le,Amber Shelton,1833,eight,effort,2024-05-24T00:05:58.016344,2024-12-06T20:34:38.010551
71476,edge,George Martinez,Tanya Williams,3104,identify,newspaper,2025-01-23T21:02:59.392487,2024-09-26T16:12:35.379618
14921,item,Tiffany Oliver,Mary Dixon,2156,ever,guy,2025-01-11T18:12:10.275043,2024-03-30T03:01:00.106439
92296,word,Tina Jimenez,Lindsey Green,1634,allow,trial,2023-06-30T17:44:32.541978,2024-09-03T01:43:53.786483
174,huge,Theresa Jackson,Emily Barrera,2891,us,lawyer,2024-06-25T20:52:33.563169,2024-06-02T11:30:16.470649
42279,question,Samantha Nielsen,Garrett Cain,2903,administration,push,2023-12-02T08:36:33.856003,2024-04-02T11:08:14.155604
72427,professional,Angie Hunt,Dawn Chandler,3514,tonight,woman,2023-10-15T20:58:48.138738,2024-12-09T12:38:06.549051
29376,fill,Sara Allen,Michelle Parrish,372,listen,spend,2023-03-24T01:06:56.686648,2024-05-24T07:50:37.504645
12625,include,Alexander Tucker,Kimberly Leonard,1939,program,finish,2023-01-28T20:55:24.729529,2024-05-15T01:14:39.980871
68857,per,Steven Thompson,Kathleen Brown,1616,front,for,2023-01-29T16:20:46.534025,2024-03-02T08:57:10.761823
41765,enjoy,Mary Klein,Dennis Cochran,2642,general,figure,2024-08-04T23:36:52.434477,2024-08-10T12:56:55.921415
93259,figure,Nicholas Mills,Mary Wise,2431,detail,machine,2023-09-14T11:33:49.282799,2024-07-07T13:15:11.642005
58224,word,Karen Gray MD,Kyle Meyers,3046,throw,former,2023-04-21T21:41:10.407160,2024-09-13T19:09:31.526552
97409,project,Michelle Ruiz,Misty Deleon,736,buy,instead,2023-11-20T01:06:01.211920,2024-06-23T19:14:18.041644
17682,laugh,Jacob Miller,Jeffery Ortiz,235,clear,responsibility,2023-06-20T13:01:48.278205,2024-05-05T10:50:54.156802
86946,month,George Jones,Nicholas Calhoun,954,government,reveal,2024-04-07T00:05:18.645611,2024-07-23T08:01:00.315944
98339,group,Michael Martin,Annette Obrien,424,time,although,2024-07-24T10:38:37.229507,2024-12-28T20:31:24.654464
42001,offer,Amber Mccarthy,Robert Evans,2092,event,popular,2024-02-27T16:04:02.432607,2024-12-25T22:03:27.044547
54559,sell,Shelby Day,Cody Morgan,3517,everything,forward,2023-09-02T07:52:55.865156,2024-07-24T22:35:16.924725
7434,sea,Amy Holloway,Daniel Donaldson,2462,through,kitchen,2024-09-21T05:03:21.885089,2024-04-11T18:27:22.422662
16923,onto,Eric Cole,Casey Wallace,708,arrive,four,2024-06-13T05:12:35.855647,2024-02-09T09:35:59.292108
68315,visit,Adam Thomas,Anthony Whitney,1401,weight,from,2023-04-17T00:00:58.910064,2024-09-30T13:26:17.133996
6773,sister,Michelle Peterson,Michael Ellis,1648,environment,rest,2023-04-24T11:04:42.488229,2024-08-17T18:43:06.281959
98912,interest,Alexandra Smith,Lisa Stokes,1059,training,discover,2023-11-03T20:44:22.793207,2024-08-17T01:59:52.629333
34322,list,Dale Silva,Nathaniel Guzman,1529,season,at,2023-10-25T01:44:30.484055,2024-03-25T11:45:56.072474
12751,smile,Susan Lee,Kathy Harris,1405,food,already,2024-04-19T13:31:31.893476,2024-11-23T20:44:32.375931
65478,billion,Aaron Wright,Christopher Kim,2993,ask,before,2024-05-20T16:20:38.262211,2024-12-18T20:59:42.775327
88766,seat,Courtney Williams,Thomas Stephens,1774,sit,rest,2024-04-21T22:58:29.785526,2024-05-06T05:53:04.503242
46602,small,Jacqueline Reed,Tammy Miller,3095,think,kid,2024-01-28T17:39:11.887821,2024-06-04T21:11:53.131377
20881,religious,Steven Green,Megan Phillips,2449,in,take,2024-07-18T04:49:29.047800,2024-04-23T14:14:44.671369
69770,capital,Erika Moore,Danielle Kim,428,soldier,dinner,2024-04-29T07:11:45.729017,2024-02-01T20:34:03.546342
50891,professional,John Mcclain,Austin Morris,3381,admit,commercial,2025-01-18T13:25:43.256900,2024-04-07T17:56:33.140836
28496,case,Ashley Jennings,Christopher Carlson,554,ever,popular,2024-04-17T02:59:09.733135,2024-06-12T19:26:55.669145
42655,available,Charlene Zimmerman,Miguel Cowan,323,use,interesting,2024-08-09T17:38:50.056425,2024-12-03T02:35:55.359195
1459,teach,Denise Wheeler,Rebecca Butler DDS,1296,resource,sometimes,2024-09-25T10:27:24.309857,2024-11-04T19:58:24.190811
46080,example,Joshua Thompson,Nicole Smith,2150,particularly,agent,2024-06-08T00:46:54.392543,2024-11-16T23:42:37.959381
15505,sell,Dr. Andrew Davis,Travis Wyatt,3018,black,strategy,2024-01-03T22:05:07.526893,2024-08-26T00:03:07.428363
14378,network,Brian Carey,Kylie Everett,1932,him,little,2023-02-25T02:57:12.539818,2024-12-07T16:51:25.551206
70437,raise,Steven Gaines,Heather Edwards,1640,provide,animal,2023-10-30T14:15:43.896425,2024-05-23T12:57:08.062256
34973,present,Nicholas Wilson,Kayla Warren,1171,identify,tell,2024-10-30T04:22:14.513999,2025-01-21T00:28:27.398762
49700,open,Maxwell Phillips,Paul Lynch,2298,home,account,2024-12-26T10:41:32.837565,2024-03-10T21:42:21.430161
13368,particular,Angela Nelson,Erin Noble,1608,guess,represent,2023-04-20T14:19:22.658058,2024-10-02T13:27:14.691485
9613,keep,Jennifer Mcmahon,William Garcia,787,himself,consider,2023-10-21T10:07:27.296184,2024-08-24T21:59:36.505795
80880,student,Ian Gibbs,Jessica Mcgee,935,forward,writer,2024-12-27T08:45:08.977161,2024-12-26T14:39:57.050169
62720,trade,Janet Morgan,Jeffrey Roberts,3441,former,guy,2023-10-17T21:26:46.763417,2024-07-09T17:30:12.349997
37890,ready,Arthur Miller,Michele Spencer,2951,blue,responsibility,2023-08-29T09:16:17.481128,2024-03-13T03:25:55.350766
53307,nearly,Nina Harris,Donald Lopez,3594,sort,cover,2025-01-10T12:00:47.948456,2024-03-02T14:50:08.666475
426,cold,James Hunter,Kevin White,1113,international,send,2024-10-31T09:39:43.970433,2024-11-27T03:34:04.345217
72371,our,Kelly Tucker,Karen Malone,115,son,defense,2023-08-28T02:06:22.512660,2024-04-04T11:40:40.584080
7445,art,Matthew Berger,Marissa Johnson,4,former,purpose,2023-11-04T10:19:37.111567,2024-12-19T12:16:48.590673
29550,anything,Victor Moore,Benjamin Lee,321,travel,general,2024-04-07T15:30:40.883953,2024-03-31T08:14:45.873719
34313,tend,Micheal Jones,Bridget Hebert,3449,fine,science,2024-07-13T06:02:49.277585,2024-03-01T15:55:54.354067
63532,it,John Tanner,Deborah Martinez,651,nothing,involve,2024-05-29T21:08:58.171103,2024-06-10T20:47:09.805577
87637,buy,Peter Joyce,Michelle Martinez,3437,point,option,2023-07-09T06:21:35.904705,2024-11-01T08:06:27.915501
47470,test,Jennifer Hernandez,Autumn Burke,1456,that,so,2023-10-28T14:07:21.613739,2024-07-19T23:26:54.017147
73107,experience,Monique Aguilar,Jacqueline Hernandez,2518,glass,represent,2023-12-29T15:37:50.344920,2024-04-17T03:40:47.761811
98936,catch,Kimberly Petersen,Kathryn Morse,2681,leader,listen,2023-02-19T10:14:44.169959,2024-05-14T19:33:57.078202
71767,instead,Andrea Ellis,Brian Thomas,2216,interest,better,2023-01-27T07:00:05.537646,2024-07-01T12:13:59.520126
20245,name,Ashley Franklin,Victor Norris,503,thing,card,2023-11-21T16:11:14.969149,2025-01-05T02:28:49.425972
70899,friend,Chloe Frey,Debra Warren,2543,sea,what,2023-08-17T18:15:43.878737,2024-05-31T23:23:51.652553
31090,can,Brian Anderson,Aaron Smith,478,medical,successful,2023-09-23T14:35:00.669496,2025-01-05T09:31:00.515763
84526,heart,Christopher Morris,Joel Fox,2531,majority,weight,2024-03-10T13:31:53.437913,2024-08-23T03:16:46.595735
80360,to,Amber Li,Albert Myers,3511,and,forget,2023-10-09T16:57:20.693695,2024-09-14T06:33:06.145231
38158,every,Dominique Bennett,Erika Gay,1468,grow,bad,2024-11-26T22:19:22.331311,2024-12-28T13:30:20.866941
1638,lead,Charles Jackson PhD,Jessica Hood,1016,add,stock,2024-06-01T13:12:41.424093,2024-05-27T11:00:24.677255
72889,great,Deborah Potter,Paul Perez,2143,plan,director,2024-01-04T11:55:13.784047,2024-05-08T11:56:00.860250
27255,investment,Richard Pena,Jose Brown,2248,gun,teacher,2024-04-26T20:53:00.805475,2024-04-13T09:37:49.723274
86196,century,Rachel Ramirez,Nicole Davies,2996,leave,leg,2023-11-15T10:35:37.849098,2024-03-26T00:06:26.126006
14281,source,Brian Camacho,Kelly Chan,508,another,country,2024-11-07T18:49:51.459194,2024-10-27T06:47:47.093866
53860,role,Christina Hawkins,Kenneth Williams,872,my,whose,2023-08-18T14:26:50.919145,2024-10-13T14:34:02.906655
98593,give,Tiffany Hill,Brandi Nelson,375,nor,movie,2024-05-19T03:42:31.019525,2024-08-02T17:40:54.443989
38586,read,Emily Parks,Nicole Mendoza,1338,how,everybody,2024-04-08T06:01:39.150431,2025-01-19T12:56:03.085696
3498,none,Michael Lin,Richard Graham MD,3457,southern,Republican,2024-01-28T18:08:30.730242,2024-03-13T22:03:05.360698
55440,poor,Elaine Bennett,Alyssa Reese,2250,shoulder,see,2024-05-21T22:53:27.281221,2024-02-10T06:03:37.204163
82056,line,Dr. Charles Lamb DVM,Sandra Barnett,2234,data,operation,2023-06-30T08:13:19.451705,2024-07-05T03:23:42.259940
70223,least,Stephen Wells,Michael Pacheco,2572,actually,stuff,2023-05-29T00:42:49.001427,2024-07-24T10:24:43.286440
12420,baby,Karen Cochran,Margaret Davis,462,wind,detail,2024-08-19T00:26:32.741041,2024-12-19T23:52:36.432741
72443,price,Eddie Smith,Raymond Mccormick,2699,movement,build,2024-01-08T05:06:10.709584,2024-12-18T02:58:12.508505
15337,effect,Amy Morgan,Colleen Myers,696,perhaps,brother,2024-09-29T18:55:35.434514,2024-12-03T07:23:39.804808
47616,market,Amanda Foster,Jessica Wilson,3016,of,hold,2024-07-24T04:03:35.295513,2024-12-25T15:00:03.041823
25610,boy,Omar Singh,Katherine Torres,2181,would,take,2023-12-21T10:22:54.906113,2025-01-17T02:22:38.356668
55381,drop,Cody White,Mitchell Gonzalez,2319,still,then,2024-03-18T04:28:00.045148,2024-04-02T09:27:44.984194
40570,box,Alyssa Black,Meghan Riley,940,reason,book,2023-09-29T01:40:42.768461,2024-02-03T12:51:21.039459
6905,information,Kevin Clark,Patrick Carr,404,according,finish,2023-02-10T14:34:54.353564,2024-11-29T05:01:55.861840
26169,month,Kerri Reyes,Dennis Smith,727,move,debate,2023-07-02T23:35:49.772478,2025-01-04T09:33:47.399400
19656,official,Brandon Ramirez,Cassandra Torres,3272,agency,behind,2024-12-26T23:42:45.865262,2024-12-18T16:52:44.967191
29572,professional,Nathaniel Hensley,Taylor Morales,1979,four,television,2023-12-31T12:04:39.272791,2024-11-12T14:53:08.258056
37193,power,Jennifer Skinner,John Brown,3231,message,off,2023-11-07T18:23:18.717935,2024-04-14T17:45:41.594495
91458,respond,Elizabeth Farmer,Tanner Newman,3303,this,blood,2023-11-20T15:18:06.083216,2024-02-29T19:39:53.085175
55633,live,Jasmine Clements,Mitchell Moran,2035,write,turn,2024-06-17T16:12:07.675481,2024-04-18T20:04:07.345876
18176,election,Andrew Moon,Briana Alvarado,1588,city,there,2023-01-27T09:11:08.335191,2025-01-11T20:30:26.990896
46359,money,Hannah Pugh,Robert Wise,256,staff,political,2024-06-16T12:34:51.730129,2024-10-21T17:34:06.779238
17765,building,Karen Archer,Stephanie Howard,3178,always,report,2023-10-15T15:14:47.476848,2024-06-26T08:43:56.103007
83847,quickly,Cody Powell,Patricia Murray,3592,street,during,2024-09-19T05:03:24.099129,2024-07-01T09:29:47.416348
650,its,Bryan Sullivan,Dr. Laura Rose,3035,five,cover,2023-03-11T18:37:10.018194,2024-03-26T11:32:43.587382
3605,throughout,Anthony Lester,Tina Martin,2840,party,during,2024-08-03T09:06:27.355569,2024-06-29T10:19:07.324398
5801,remain,Allison Griffin,Teresa Turner,104,sit,door,2023-05-28T09:08:59.101043,2024-02-15T16:23:09.078902
32600,recognize,Tara Hernandez,Charles Henry,2566,station,write,2024-08-24T16:59:44.012486,2024-01-27T07:23:15.771491
8071,road,Heather Bates,Stephanie Singh,412,not,paper,2024-07-01T07:29:06.151762,2024-06-18T14:03:25.140155
6145,treatment,Kelli Graham,Sara Buckley,2304,chance,security,2024-03-27T21:32:20.948557,2024-10-26T00:10:16.976490
45360,Mrs,Jordan Leon,Steven Bradley,3416,direction,necessary,2024-02-21T21:52:15.011538,2024-04-13T12:56:41.320698
58177,table,Jason Molina,William Todd,614,these,performance,2023-12-08T08:06:59.197985,2024-05-21T19:10:04.933084
46153,perhaps,Christina Miller,Carol Davis,1780,usually,share,2024-01-23T07:09:45.115830,2024-03-11T03:24:11.848095
65184,report,Bobby Cole,Peter Anderson,868,seven,low,2023-03-21T11:00:47.973426,2024-10-27T20:31:01.417100
37545,course,Paula Weber,Michelle Russell,373,night,nice,2024-03-19T23:33:46.887020,2024-09-28T08:35:24.002439
87281,probably,Colleen Bowen,Phillip Carter,622,social,individual,2024-08-04T09:01:26.585438,2024-05-24T11:30:55.620265
35801,special,Brian Mckinney,Evelyn Johnston,1567,number,music,2023-06-08T22:50:58.419109,2024-11-30T14:25:30.414590
9205,not,Christopher Powell,James James,2631,short,first,2023-07-10T14:53:39.047277,2024-05-25T11:44:48.348204
78266,answer,Susan Glover,Justin Smith,556,though,modern,2023-12-27T02:04:33.878203,2024-05-12T18:40:35.795140
79470,record,Brandon Ware,Timothy Anderson,3144,method,wrong,2023-06-05T02:26:41.421674,2024-03-13T20:54:05.958300
95760,specific,Ronald Winters,Eric Bell,2064,mean,appear,2024-11-21T19:16:09.253475,2024-09-10T03:01:40.444054
85477,opportunity,Thomas Cruz,Dr. Timothy Duncan,2803,store,represent,2024-05-10T00:09:51.744837,2024-05-14T10:59:11.237544
51198,avoid,Dr. Robert Williams MD,Nina Fletcher,2790,his,yeah,2023-07-02T22:16:32.682744,2024-02-10T02:43:14.821045
3778,just,Debbie Brown,Amber Stevens,2016,serve,husband,2024-02-23T16:51:08.616108,2024-05-15T09:00:19.883565
48570,alone,Jessica Myers,Jeffrey Thompson,1356,system,present,2024-02-04T14:05:28.426259,2024-06-23T01:33:47.063442
64198,better,Kathy Riddle,Jennifer Clark,1976,enough,land,2023-11-10T02:01:56.151583,2024-08-26T22:04:55.884600
38744,sea,Nicole Hill,Tara Gutierrez,1175,marriage,artist,2023-12-14T13:27:58.695922,2024-10-08T13:29:59.493821
93939,account,Brandy Hinton,Amy Chang,656,rate,artist,2024-04-26T08:11:22.842799,2024-11-10T08:15:54.485726
20961,end,Monica Copeland,Michael Taylor,3227,state,federal,2024-07-21T21:56:33.271265,2024-06-30T04:22:24.538656
78833,business,Veronica Johnston,Courtney Marshall,379,ball,perhaps,2024-10-26T03:59:02.437757,2024-01-27T00:50:21.468689
18501,main,Tim Colon,Harold Smith,1112,step,cultural,2023-09-23T01:25:12.300416,2024-05-09T23:25:57.822408
41154,section,Rita Gutierrez,Stephanie Padilla,363,house,project,2023-05-29T11:33:29.326196,2024-02-02T00:06:25.560428
97552,page,Zachary Cook,Lori Lucas,1935,one,wife,2023-10-31T07:07:08.071505,2024-07-18T01:03:02.664845
68467,rate,Lawrence Cummings,Kayla Roberts,1329,vote,data,2024-07-01T03:27:56.709900,2024-11-08T02:32:56.932758
21688,hair,Susan Flores,Amanda Williams,1930,current,concern,2023-06-22T02:04:13.112734,2024-04-14T17:21:05.972611
37246,ever,Ann Martinez,Stephanie Woodward,868,start,rate,2024-09-29T15:18:06.857593,2024-03-15T21:51:48.300636
74710,just,Brian Sexton,Brandon Bowen,1757,difference,yet,2024-12-15T05:42:10.626533,2024-06-26T08:59:20.621555
96874,popular,Daniel Mckinney,Austin Wood,3276,executive,tell,2024-01-29T06:44:44.769738,2024-12-08T09:30:33.301984
31135,meet,Martha Nelson,Jeremy Ramirez,396,far,product,2024-03-10T09:19:08.314993,2024-05-21T01:52:48.976024
98296,career,Daniel Crawford,Jodi Ford,1825,for,plant,2023-04-13T12:19:41.438107,2024-07-12T01:28:15.660182
28506,least,Melanie Oconnor,Sean Gray,657,entire,water,2023-09-14T08:59:34.416097,2024-04-09T17:47:06.786530
2910,for,Joel Spears,John Brown,2869,however,international,2024-06-12T17:47:15.456562,2025-01-15T03:16:18.325793
86503,foreign,Michael Romero,Dawn Lindsey,410,half,represent,2023-09-25T12:35:28.020466,2024-05-04T17:18:57.367656
90734,second,Sean Herrera,Jasmine Reynolds,1420,bed,operation,2024-11-08T10:33:01.366007,2024-10-08T23:59:14.113414
67804,generation,Melissa Jones,Charles Jones,1322,see,past,2023-10-03T01:00:13.640493,2024-11-22T05:29:53.112376
68332,position,David Walters,Jessica Weaver,3123,draw,check,2023-09-29T07:05:15.944425,2024-09-03T20:40:41.427779
49469,edge,Norman Nelson,Jacqueline Clark,779,theory,vote,2024-11-08T02:05:25.623152,2024-06-29T17:19:48.724602
44736,weight,Kathleen Ayala,Brian Perry,163,would,act,2024-05-10T17:58:31.280925,2025-01-07T19:31:48.017822
4172,moment,Jacob Hall,Christine Russo,907,us,professional,2023-12-13T08:24:58.850140,2024-08-23T18:47:38.884720
99294,material,Matthew Davis,Mr. Bradley Collins,2122,war,visit,2023-07-09T02:23:38.366338,2024-04-13T18:39:04.950132
74201,billion,Gregory Woodard,Marissa Mcintosh,3271,seem,music,2024-01-11T21:05:23.995914,2024-12-24T08:38:35.778424
59163,them,Connor Alexander,Stephanie Duran,3091,pull,cause,2023-04-12T13:46:13.951910,2024-06-26T06:51:56.382417
45472,style,Jeffrey Mcmillan,Paul Melton,3222,professional,president,2024-04-30T00:41:31.252541,2024-09-16T18:33:55.694380
5378,decision,Sarah Walsh,James Allen,2839,start,still,2024-09-26T07:59:14.945573,2024-11-20T04:36:45.722199
31017,evening,Cindy Beltran,Michael Harris,1177,must,fill,2024-12-08T07:59:51.799538,2025-01-03T15:46:41.399896
41792,where,Jeffrey Cobb,Teresa Brown,1557,eye,story,2023-03-13T05:42:10.841077,2024-04-25T07:28:47.908314
90625,owner,Colleen Park,Paul Stuart,2996,six,before,2023-10-06T05:19:20.671106,2024-11-10T08:26:03.418857
41719,state,Michael Rodriguez,Kimberly Anderson,2515,south,debate,2024-07-17T02:11:43.232793,2025-01-21T00:25:11.251425
81158,others,Jessica Wright,Elizabeth Colon,2922,from,film,2024-11-19T15:09:02.935023,2024-04-06T20:00:11.496220
79361,send,Vanessa King,Samantha Stout,3429,much,raise,2025-01-01T01:54:58.062588,2024-07-03T04:15:26.262248
6789,wait,Joseph Burnett,Kimberly Martinez,239,theory,onto,2023-10-05T16:46:49.583137,2024-05-26T00:36:53.531858
39319,race,Kristin Moore,Luis Evans,2897,dinner,lose,2023-06-30T14:49:40.294240,2024-05-28T16:16:40.622760
9482,language,Sandra Weeks,Jerry Pena,3201,blue,number,2024-05-24T05:45:30.299884,2024-06-16T14:39:29.786599
62716,expert,Mark Burke,Tracy Robles,2115,here,believe,2024-01-26T22:16:17.263084,2024-08-20T21:19:24.941948
29829,owner,Heather Taylor,Gerald Myers,1307,live,require,2024-06-14T03:01:24.087191,2024-03-07T12:35:33.232562
94188,none,Jeremy Garcia,Robin Black,1981,idea,while,2024-10-19T02:17:31.625330,2024-06-21T02:47:33.755087
17799,step,Michelle Marshall,Carl James,1965,real,anyone,2023-10-04T10:53:18.315452,2024-04-09T03:28:04.482438
28572,provide,Melissa Harmon,Tracy Martin,1046,want,social,2023-04-10T19:25:51.706415,2024-07-20T17:50:42.637102
21236,gas,Dustin Schmitt,William Houston,565,until,continue,2023-09-14T13:29:35.745285,2024-06-14T13:43:56.996033
92099,speak,Dr. Crystal Poole,Jacqueline Bush,2096,factor,star,2023-09-29T10:29:23.348474,2024-08-22T19:34:25.066782
3293,quality,Michelle Padilla,Lindsay Russell,1284,term,trade,2024-08-05T05:27:55.755721,2024-05-29T18:24:22.975003
39630,air,Pamela Keller,Randall Walters,2803,medical,Mr,2024-03-12T20:23:18.288080,2024-08-18T15:43:27.168921
36183,same,Courtney Randall,Jesse Campbell,1251,operation,community,2023-01-27T15:15:05.379844,2025-01-02T22:48:51.435428
95224,hope,Paul Russell,Jessica Smith,2915,edge,us,2024-09-23T00:56:14.829803,2024-02-17T21:02:42.394139
52197,cultural,Lori Schmitt,Katie Johnson,1256,say,three,2023-09-06T20:28:48.015000,2024-03-08T16:18:50.780846
38152,smile,Debra Thomas,Aaron Johnson,566,person,fire,2024-01-26T16:23:19.385783,2024-05-22T02:50:42.251780
91653,no,Ashley Valentine,Brandon Thompson,583,our,mind,2024-10-24T11:24:56.678567,2024-05-12T12:21:31.766526
59043,serious,Travis Anderson,Edwin Martinez,3093,so,nature,2023-05-02T23:00:14.315345,2025-01-14T22:32:34.016105
40948,same,Karen Lin,Travis Howard,2676,meeting,line,2023-05-14T09:02:50.949640,2024-07-31T17:35:02.072735
11521,activity,Christopher Conley,Ronald Carter,371,view,behind,2023-12-24T16:58:19.097596,2024-06-10T20:01:17.740977
32976,real,Kelly Smith,Christopher Rocha,1731,field,road,2024-10-24T18:39:26.582386,2024-04-25T15:27:29.347969
88926,station,Rachel Fernandez,Brandy Nelson,2854,ago,positive,2023-03-29T13:43:51.846427,2024-10-27T13:12:04.838296
24506,various,Jennifer George,Brian Barnes,539,leave,represent,2024-03-31T05:32:18.199328,2024-07-08T17:00:40.121557
72095,clearly,Sara King,Christopher Smith,700,local,fall,2024-09-08T15:21:16.136049,2024-12-16T21:06:31.468663
14988,whatever,Paul Hall,Darrell Lee,2224,production,rock,2024-02-28T02:24:03.086102,2024-06-16T15:17:02.045897
95284,really,Robert Becker,Samantha Munoz,2438,vote,dinner,2023-12-24T14:11:32.632865,2024-06-15T13:46:17.304583
36299,baby,Stacey West,Anthony Gonzalez,3488,factor,whose,2023-04-06T11:48:23.436369,2024-08-16T16:17:57.668227
26734,receive,Joseph Ward,Michael Lewis,3224,miss,from,2023-06-15T08:23:42.105728,2024-05-15T10:28:48.107026
82878,process,Erin King,Candace Wise,1126,send,body,2024-09-03T06:36:41.811680,2024-06-26T04:10:36.955715
50845,forward,Ricky Martinez,Christopher Mcgee,1998,another,stop,2023-11-22T05:32:25.581086,2024-06-15T22:21:49.977076
28961,recent,Daniel Hicks,Katie Martin,1733,figure,charge,2024-11-16T11:31:10.903885,2024-11-06T21:21:26.786119
70402,however,Kathy Hunt,Sarah Goodwin,3290,thousand,rest,2024-06-22T16:07:25.228581,2024-08-25T02:28:23.575934
84702,pretty,David Robinson,Barbara Reynolds,2582,become,especially,2023-07-22T18:49:26.626475,2024-03-13T01:44:07.222601
61708,war,Sean Prince,Cynthia Williams,3364,market,them,2025-01-25T12:44:43.904452,2024-08-03T00:58:36.863789
21786,little,George Rivera,Sydney Ruiz,731,walk,end,2024-10-15T22:59:34.844805,2024-01-28T13:00:33.070159
71056,your,Shane Brown,Teresa Harris,2483,by,television,2024-04-11T17:20:31.587668,2024-04-14T17:21:22.941857
5815,arm,Adam Holmes,Jonathan Shaw,3287,certainly,spend,2023-10-19T16:35:49.335157,2024-05-11T13:02:51.661982
27381,TV,Jessica Johnson,Christopher Roberts,2107,fill,across,2023-04-21T22:27:07.524694,2024-05-20T11:55:31.413548
12375,administration,Jennifer Leblanc,Crystal Cooper,1991,local,big,2023-07-13T05:16:52.737732,2024-10-08T20:15:35.968848
27564,institution,Thomas Wilson,Amber Wade,3273,edge,generation,2024-02-16T13:55:09.445202,2025-01-02T15:57:14.466422
80123,need,Joseph Beck,David Stephens,2587,style,per,2024-09-29T13:59:19.075768,2025-01-16T13:19:07.940037
19474,tax,John Foster,Jacob Woods,2849,defense,move,2024-04-26T01:46:29.802360,2024-10-22T17:12:35.831419
29733,worker,Cole Figueroa,Nicholas Kaiser,382,oil,natural,2024-08-31T14:59:16.483183,2024-08-03T13:04:20.169586
42099,million,Jacqueline Burns,Zachary Alvarado,2328,sign,reason,2023-06-18T19:53:44.004654,2024-01-29T23:16:43.545965
75920,possible,Jackson Everett,Frances Douglas,437,instead,about,2024-04-02T06:21:34.057724,2024-06-09T19:11:45.480658
92787,myself,Jesus Gonzalez,Ashley Parks,2431,live,energy,2023-02-24T08:08:36.964107,2024-03-10T09:12:37.966801
28393,thing,William Thomas,Calvin Boone,932,act,experience,2023-12-12T23:31:49.721708,2024-05-27T17:56:53.210264
46106,democratic,Joseph Andrews,Cynthia Carrillo,2223,Mrs,new,2023-06-15T07:06:18.407213,2024-09-23T15:39:46.353107
28358,charge,Christina Day,Michelle Garrison,994,project,girl,2023-04-14T08:54:57.421641,2024-10-19T12:31:51.412697
66802,sort,Larry Dorsey,Dana Martin,57,behind,choice,2024-06-28T10:17:41.032450,2024-07-09T23:25:39.673750
15296,one,Melissa Mason,Riley Hinton,2784,item,how,2023-10-03T17:15:43.242262,2024-04-16T14:01:32.885427
82297,pick,Douglas Wilson,Diamond Bentley,285,age,anything,2024-03-12T02:51:57.749158,2024-02-12T13:08:56.889312
1416,human,Jennifer Cox,Craig Huff,1818,maybe,leg,2024-06-05T06:42:44.182782,2024-05-11T02:31:09.350737
7952,his,Cynthia Adams,Mary Lopez,28,begin,Republican,2023-11-04T03:35:27.495055,2024-08-02T10:32:31.869200
80917,most,James Jackson,Michael Powell,3221,other,threat,2024-08-14T11:23:20.438246,2025-01-08T22:49:58.795066
45427,notice,Jennifer Hancock,Michael Jones,1907,player,question,2024-10-26T10:36:35.439071,2024-12-08T10:23:40.052292
65849,knowledge,Dana Smith,Karen Brady,864,small,group,2023-12-03T03:38:54.203218,2024-07-23T17:37:37.884661
29890,scientist,Walter Rodriguez,Brandon Oneill,3445,five,respond,2023-05-13T17:00:58.543317,2024-08-18T03:44:27.955009
75856,whatever,Alex Duffy,Joe Brooks,2820,magazine,sure,2023-06-11T20:38:42.961233,2024-02-28T14:55:33.905376
30696,rise,Tanya Garcia,Stephen Thompson,989,according,if,2023-05-09T14:05:02.048746,2024-11-26T18:45:29.896021
5996,sort,Dr. Tyler Brown,Jason Coleman,1855,will,goal,2023-03-16T06:08:35.717521,2024-07-28T01:45:15.784174
86054,quite,Jeffrey Mendoza,Heather Smith,1350,benefit,authority,2023-04-05T11:05:07.307578,2024-02-20T01:12:23.383075
92840,lay,Jennifer Lee,Angel Foster,1952,laugh,no,2023-08-13T15:43:36.800948,2024-05-24T06:56:25.314661
82679,hit,Michelle Oliver,Tara Lee,1950,someone,speak,2023-11-14T21:33:18.814051,2024-03-10T10:35:57.536942
62317,tonight,Samantha Gray,Bridget Austin,2243,film,music,2024-06-25T09:49:44.675784,2024-05-17T03:02:44.048050
28367,pressure,Pamela Bauer,Jeremiah Gonzalez,319,air,song,2024-10-07T21:44:50.703126,2024-06-11T10:55:38.999057
32631,girl,William Brown,Dwayne Morris,3240,cup,evidence,2023-03-29T20:29:09.669318,2024-09-04T22:26:33.629866
83178,public,Dominique Ruiz,David Reed,2362,seat,the,2024-12-06T00:18:13.260256,2024-10-24T20:22:06.783967
33101,detail,Phillip Hernandez,Gina Ross,3557,with,foreign,2023-05-16T13:30:43.939764,2024-10-02T18:01:37.364208
49153,team,Christina Williams,Megan Smith,92,than,firm,2023-05-12T01:51:09.618791,2024-10-11T06:10:24.169361
49829,western,Gregory Johnston,Edward Palmer,2367,owner,couple,2023-08-21T08:13:15.326398,2024-08-16T23:06:49.405908
60884,clear,Natalie Washington,Elizabeth Jordan,856,science,final,2024-10-17T05:36:46.058969,2024-12-05T01:26:55.334849
20483,some,Greg Carlson,Amanda Pearson,301,will,nature,2023-08-11T09:57:12.908062,2024-02-18T10:31:24.651597
8678,beautiful,Devon Thompson,Kenneth Wilkerson,3409,especially,white,2024-05-03T18:01:52.777767,2024-03-10T21:34:49.051728
10159,without,James Goodwin,Brandy Smith,813,admit,bag,2024-04-17T13:16:06.100293,2024-10-13T11:44:07.458693
29699,majority,Joshua Liu,William Yu,193,strategy,reality,2023-10-11T06:59:55.085935,2024-04-28T22:22:41.587864
64440,public,Tristan Sanders,Kenneth Sims,659,drop,everybody,2023-08-03T19:43:01.216074,2024-10-24T21:00:43.269262
35958,half,Ronnie Harris,Mark Lopez,2339,event,then,2024-03-05T12:09:04.231400,2024-03-15T05:06:51.326426
78342,college,Jeffery Hamilton,Andrew Davis,572,accept,stand,2024-11-17T21:35:42.497961,2024-08-22T14:37:24.096534
92408,where,David Mitchell,Ryan Mccarthy,3097,business,throughout,2024-01-10T15:42:00.159081,2025-01-25T12:37:56.193805
58014,learn,Mark Short,Matthew Morgan,257,main,glass,2023-11-09T04:55:47.593557,2024-02-21T02:20:38.401047
18442,almost,Amy Mathews,Ronald Martin,1111,community,blood,2023-09-17T10:44:29.532861,2024-10-30T15:32:24.094475
78501,education,Jordan Turner,Megan Williams,334,manage,your,2023-05-28T10:59:29.258866,2024-12-28T15:16:49.080705
18322,avoid,Phillip Jimenez,Roberto Jones,979,color,remain,2024-06-14T11:43:41.758837,2024-02-07T20:36:20.413691
44263,wide,Ryan Patterson,Kayla Chambers,1894,successful,two,2023-07-13T02:49:16.972317,2024-04-06T23:40:20.424626
34961,half,Adam Dixon,Cynthia Lamb,2209,thought,imagine,2023-09-13T23:49:57.380883,2024-06-30T02:34:00.685834
60194,guy,Marcus Lloyd,Christian Johnson,866,list,start,2025-01-03T14:08:51.948817,2024-12-09T16:56:57.091246
85546,day,Ana Hill,Jennifer Reynolds,3102,eat,live,2024-03-15T14:17:43.655103,2024-05-10T02:06:21.264240
94711,believe,Monica Jenkins,Lynn Wright,1783,business,season,2024-05-17T16:23:05.876797,2024-09-19T12:50:35.861084
71547,president,Fernando Williams,Troy French,3321,hot,way,2023-06-04T00:07:03.182315,2024-01-31T02:52:05.414293
69117,partner,Frances Livingston,Timothy Wilson,780,bad,senior,2023-04-09T01:56:53.193554,2024-11-08T11:39:23.771788
89312,treatment,Stephen Hernandez,Ryan Coleman,2578,almost,plant,2023-11-08T17:38:52.221848,2024-09-25T08:57:01.714894
51551,describe,David Snyder,Kelly Villanueva,3561,military,character,2024-02-27T09:00:51.416430,2024-12-01T15:32:06.694792
28281,able,Caitlyn Nichols,Darren Bennett,2088,lay,culture,2023-10-14T12:25:04.240550,2024-05-01T04:39:07.847100
11816,rule,Crystal Woods,Amy Wright,2407,door,son,2023-11-02T14:43:42.185181,2024-05-03T07:28:08.652148
19869,history,Peter Barker,Sierra Robertson,1888,sort,full,2024-04-20T08:30:08.632276,2024-10-13T06:26:48.612128
7500,red,John Reyes,Robert Cruz,618,long,wait,2024-10-07T09:41:34.492313,2024-05-02T05:45:13.482251
55212,eat,Jennifer Luna,Maria Aguilar,2348,begin,trial,2024-07-26T20:24:19.350808,2024-07-27T15:16:54.194916
30744,he,Vanessa Walls,Robert Ward,989,charge,which,2024-07-19T09:46:07.056227,2024-04-18T19:35:27.480107
41768,time,Bradley Williams,Stephanie Montgomery,1434,once,cause,2024-04-24T16:45:01.193702,2024-03-11T01:42:40.693064
485,health,Albert French,Amanda Chavez,437,lawyer,book,2024-07-21T21:30:27.137924,2024-06-04T04:41:48.398852
48702,spend,Sarah Cox,Jennifer Mason,1853,better,hour,2024-04-25T10:29:53.186560,2024-02-23T11:12:22.616764
29252,artist,Katherine Hawkins,Christina Miles,283,food,but,2023-11-04T06:27:14.412526,2024-03-27T07:53:23.274838
90180,such,Patrick Foster,Katrina Parrish,1687,relationship,wait,2024-08-14T10:23:22.186208,2024-12-25T18:13:52.768444
21580,land,Stephen Anderson,Rachel Powell,1905,single,moment,2023-06-08T12:06:09.711075,2024-05-19T03:33:40.193021
73631,energy,Amber Gonzales,Morgan Oconnor,989,campaign,determine,2024-08-16T20:51:03.066482,2024-08-19T04:28:06.432832
30990,morning,Ashley Weber,David Pacheco MD,2633,mother,hear,2023-03-21T08:39:56.417569,2024-05-04T21:55:47.415147
14791,your,Michael Martin DDS,Jason Benson,1912,whole,which,2023-11-14T02:45:57.587209,2024-10-18T01:13:27.420239
7848,evidence,Troy Gonzalez,Jacob Ortega,2406,response,choice,2023-02-03T04:01:13.463665,2024-04-24T10:48:20.371501
506,moment,Caitlin Rogers,Karen Ferguson,730,pressure,front,2024-12-12T14:25:01.183143,2024-12-26T06:33:34.939282
45400,tell,Kevin Brewer,Rebecca Williams,2151,organization,teach,2023-02-09T02:13:36.257447,2024-11-03T21:02:38.943269
80511,most,Glenn Ritter,Rebecca Carpenter,2828,personal,economy,2023-11-07T03:43:56.047150,2024-05-08T13:50:55.066090
26456,quite,Sue Carpenter,Hunter Wall,848,another,direction,2025-01-01T23:20:22.103746,2025-01-17T20:06:19.089206
50658,prepare,Carla Roach,Tracy Sanchez,3302,opportunity,democratic,2023-06-20T02:57:21.712842,2024-05-13T00:41:51.624232
4855,seven,Amanda Moore,Tamara Reilly,3292,head,hold,2023-11-10T23:44:47.321602,2024-09-24T15:49:18.929386
41544,music,Amber Horton,Lindsey Smith,938,final,foreign,2023-08-17T20:52:43.598908,2024-06-30T19:34:00.055611
57031,technology,Mrs. Alyssa Bowen MD,Rebecca Baker,2897,conference,reflect,2023-10-06T02:59:31.128524,2024-06-01T12:40:11.667176
55566,we,Alyssa Hoover,Jasmine Walton,1493,ball,letter,2025-01-23T23:40:32.123085,2024-03-09T09:20:33.473550
76509,knowledge,Kelly Chen,Chad Reynolds,2783,wonder,around,2024-10-25T09:04:32.473046,2024-11-09T00:57:12.875814
27809,necessary,Samantha Campbell,Caroline Watson,1766,ahead,rate,2023-09-20T15:07:05.851749,2024-09-05T22:16:56.906287
92538,challenge,Donald Durham,Austin Fernandez,3414,light,agent,2023-05-19T12:57:52.760422,2024-10-01T20:42:25.936465
76088,inside,David Ross,Maxwell Sims,1706,teach,feeling,2023-07-13T00:17:50.626011,2024-05-17T08:29:04.988481
65066,check,Ronald Farrell,Gregory Hernandez,2056,return,up,2023-02-09T12:15:15.809381,2024-09-19T18:40:26.791687
60935,world,Brandy Wallace,Charles Oneal,132,walk,wind,2023-11-18T22:49:59.492311,2025-01-13T14:35:42.839185
47071,region,Michele Reyes,Todd Smith,1698,key,accept,2024-03-25T18:34:18.601576,2025-01-13T09:09:47.382521
81676,laugh,Jason Baker,Patricia Nelson,911,deal,best,2024-09-10T15:05:29.194103,2024-03-29T02:10:33.866270
99222,risk,Scott Alvarez,Charles Ewing,443,affect,cup,2023-12-28T09:13:00.178946,2024-01-29T06:03:52.966816
37585,responsibility,Alice Deleon,Manuel Suarez,975,could,hear,2023-07-31T09:32:32.220404,2024-09-12T19:04:29.258978
85428,carry,Audrey Palmer,Sean Cortez,1955,particularly,return,2023-08-01T09:29:23.705360,2024-06-22T17:25:15.234820
24694,sea,Angela Dominguez,Erica Gutierrez,1982,truth,look,2024-03-10T11:28:56.490812,2024-03-21T20:38:42.056072
12262,teach,Emily Acosta,Franklin Berry,345,throughout,scene,2023-06-19T17:47:34.624148,2024-09-29T19:52:09.292014
57524,nothing,Michael Grant MD,William Clements,2751,young,pick,2024-09-14T00:16:46.856267,2024-06-19T10:28:24.990254
53713,service,Tammy Edwards,Michael Ortiz,3267,source,reduce,2023-09-22T21:06:09.127043,2024-08-15T12:23:12.313611
84302,condition,Brittany Williams,Alexis Bush,3596,worry,fall,2023-03-24T03:34:33.393409,2024-02-25T04:31:28.326337
74662,oil,Diane Newman,Hunter Stafford,372,but,end,2023-05-01T00:11:16.633251,2024-12-06T06:35:57.597700
17436,often,Grant Jackson,Timothy Atkinson,1800,peace,black,2024-12-03T04:33:19.301684,2024-11-14T10:20:28.398362
62831,fine,George Bush,Julie Schwartz,1223,type,likely,2023-12-25T19:51:41.562957,2025-01-22T19:51:04.124475
67766,day,Anita Mack,Janet Francis,2558,citizen,space,2024-03-23T08:52:25.688133,2025-01-05T20:04:07.851332
10730,will,Rachel King,Craig Williams,476,expect,student,2024-02-25T17:46:26.322791,2025-01-06T16:36:56.993887
41780,thus,Emily Roberts,Zachary Conner,115,its,bill,2024-11-16T13:53:42.963177,2024-10-08T22:36:45.045090
50666,senior,Greg Rodriguez,David George,2700,again,teach,2025-01-03T17:10:21.977025,2024-09-01T20:09:39.790921
93363,with,Cody Aguirre,Justin Davis,917,both,improve,2024-07-02T13:46:29.183466,2024-08-15T01:46:45.311420
67739,money,Sean Shea,Alexander Richardson,1783,audience,walk,2023-06-04T22:55:15.226743,2024-08-23T00:45:17.493063
10445,long,Ernest Woodward,Alicia Coleman,938,go,per,2024-05-28T23:27:41.029499,2024-02-10T22:34:07.346207
27797,operation,Jason Moore,Phillip Vasquez,1417,life,sound,2023-08-07T23:27:14.920270,2024-10-22T23:32:38.210342
