track_id,name,artist,songwriters,duration,genres,album,created_at,updated_at
59636,lead,Terry Perez,Adriana Hurst,490,while,believe,2023-02-20T06:01:07.806996,2024-07-16T21:49:13.682900
22342,few,Julian Price,Susan Nunez,3481,will,truth,2024-05-24T21:52:21.592642,2024-11-28T03:45:38.098464
68662,if,Jordan Kennedy,Stuart Cortez,583,second,tree,2025-01-02T15:50:13.417015,2024-12-08T03:59:45.118745
81862,game,Samuel Wade,Kathy Scott,30,recent,though,2023-05-09T05:43:32.405743,2024-09-08T08:58:01.140684
66905,ok,Robert Chan,Charles Smith,1125,word,all,2024-02-24T10:24:51.562458,2024-06-21T10:35:12.151411
11054,production,Sharon Pruitt,Jesse Garza,2242,seven,individual,2023-03-14T13:50:51.999930,2024-07-05T12:17:26.873328
40546,customer,Jonathan Robertson,Douglas Parrish,2849,season,back,2024-05-18T07:40:51.838690,2024-09-12T22:24:48.331037
10140,option,Joel Phelps,Amber Hernandez,630,produce,defense,2024-09-14T09:10:04.556525,2024-11-07T19:37:54.154517
77027,yet,Thomas Daniels,Christine Gibbs,2994,alone,fall,2024-12-09T18:47:03.650258,2024-10-21T10:42:41.963233
53833,work,Nathan Thompson,Richard Haynes,204,also,anything,2024-03-04T04:43:34.664727,2024-02-18T16:06:06.421117
47737,wall,Stephanie Murray,Cody Hopkins,2480,entire,maybe,2023-09-09T04:35:18.714016,2024-11-01T21:02:27.534550
70551,necessary,Ryan Hansen,Russell Nguyen,2747,loss,learn,2024-01-15T16:23:26.407811,2024-03-01T16:03:07.027035
38449,company,Derek Tran,Tammy Price,2194,company,arrive,2024-04-12T00:48:57.524873,2024-07-31T05:19:21.627976
18663,per,Devon George,James Reeves,663,fall,experience,2024-04-06T04:24:57.524577,2024-11-12T23:31:26.049568
37890,value,Antonio Wise,Candace Prince,2481,indicate,subject,2024-12-25T01:55:20.539888,2024-07-08T14:20:31.517680
60621,Mr,Kevin Thompson,Stephen Ramsey,664,director,yourself,2024-08-01T01:42:05.047018,2024-05-09T12:26:33.809031
36830,recognize,Gregory Kim,Stephanie Branch,3225,cause,child,2024-11-25T01:37:15.119043,2024-11-25T11:30:17.521203
4756,challenge,Melody Bryant,Heather Bennett,2146,woman,performance,2024-02-19T11:34:48.792549,2024-11-27T09:29:53.223119
59811,term,Paul James,Kimberly Potts,1381,clear,will,2023-09-21T19:54:54.577302,2024-07-11T22:45:23.304749
11852,term,Cody Hobbs,David Kelly,1819,ago,wrong,2023-05-12T15:23:36.227288,2025-01-03T19:45:16.411224
6210,without,John Bailey,Jared Reynolds,552,out,audience,2023-05-29T15:37:40.398123,2024-12-08T10:19:26.689716
62951,cost,Gail Hernandez,Jessica Williams,1176,address,into,2024-06-21T12:39:38.611829,2024-12-25T07:33:50.733405
32761,board,Barbara Hunt,Chad Reynolds,2232,always,nor,2023-02-17T23:57:08.381875,2024-11-30T21:39:27.537695
98290,leader,David Warner,Christopher Roberts,1276,establish,whose,2023-03-01T22:04:26.840567,2024-11-02T03:07:24.551674
76798,stuff,Mary Rodriguez,Linda Washington,2702,likely,strong,2023-07-10T06:09:04.420143,2024-04-19T07:18:24.495944
23538,happy,Erica Stewart,Gary Pitts,2730,check,goal,2023-04-01T20:00:51.234220,2024-09-16T04:30:48.545433
96429,run,Christina Adkins,Anna Hayes,2424,arm,quality,2024-06-08T08:30:10.657588,2024-11-09T16:37:50.752988
72946,especially,Kimberly Wilson,Virginia Shepherd,2433,include,forward,2024-06-09T20:41:39.464801,2024-02-28T03:43:40.101164
24748,example,Alicia Maxwell,Pamela Weber,589,may,parent,2024-10-04T13:41:28.013209,2024-12-06T07:17:12.509193
22524,concern,Michelle Huffman,Willie Washington,3568,radio,American,2023-09-08T21:42:54.821458,2024-08-02T16:01:29.425305
8847,today,Ann Camacho,Ryan Arellano,372,sometimes,protect,2023-04-04T05:18:59.747485,2024-12-07T12:25:47.160789
35325,describe,Tonya Brown,Wayne King,110,whose,behind,2024-11-20T15:04:32.285448,2024-05-03T23:01:11.252638
67819,father,Anna Stephens,Megan Thompson,2812,impact,almost,2024-05-30T04:21:32.261250,2024-03-31T03:18:26.668327
73067,recent,Joseph Clarke,Thomas Norton,750,local,popular,2024-11-05T05:18:53.954697,2024-07-04T14:05:19.736503
75230,need,Lauren Gardner,Judy Dean,2623,these,happen,2023-09-01T04:52:53.043003,2024-01-31T15:24:39.907218
3607,drop,Jason Smith,Chelsea Li,2241,today,term,2023-06-30T03:58:38.771955,2024-05-01T10:12:56.425147
36009,item,Donald Hopkins,Linda Rodriguez,2955,course,hope,2024-08-18T15:19:55.556076,2024-10-11T04:56:01.390217
14794,value,Matthew Pratt,Jeffery Rojas,3162,wind,then,2024-03-05T03:53:33.665353,2024-02-24T18:01:37.533888
25811,certainly,Kristin Velazquez,Mrs. Michelle Gregory,2810,discussion,computer,2023-02-24T14:12:57.427244,2024-02-19T13:39:13.443430
90202,tax,Eric Morton,Kathy Sims,2328,your,ready,2023-12-15T05:50:46.148478,2024-11-21T10:13:36.580723
24833,hit,Anthony Downs,Richard Williams,14,population,less,2024-04-27T13:41:50.280128,2024-02-03T13:57:11.002392
84600,concern,Michael Nielsen,Crystal Drake,1629,down,organization,2023-04-16T02:15:31.138180,2024-07-22T07:56:58.456486
21761,factor,Ashley Weber,Dr. Scott Velazquez,3114,age,eye,2024-06-03T13:21:04.166193,2024-10-12T10:48:12.573696
4122,thus,Benjamin Brown,Michael Todd,509,executive,loss,2023-02-25T06:18:06.188633,2024-12-13T12:53:05.025362
44981,religious,Kari White,Julie Schaefer,1193,ground,article,2024-09-19T04:51:25.899580,2024-12-27T11:20:00.273968
29721,follow,Catherine Berger,Keith Davis,2111,bank,significant,2024-02-14T22:38:00.114370,2024-07-19T17:34:41.200389
8791,ok,Tina Ross,Gwendolyn Wong,1545,share,message,2023-11-09T15:38:13.246605,2024-09-29T16:58:50.796880
23046,still,Laurie Rodriguez,Scott Fernandez,53,threat,though,2023-07-05T13:27:37.006761,2024-09-11T07:09:48.030965
27998,quickly,Valerie Horne,Heather Sanchez,3193,late,matter,2024-03-23T04:21:44.355226,2024-06-07T19:51:31.191807
11682,test,Lori Coffey,Brittany Barnes,2283,without,store,2023-04-16T19:02:48.262720,2025-01-18T12:49:52.535622
76282,all,Tiffany Washington,Annette Rodriguez,3308,lead,middle,2023-03-15T23:45:09.407892,2024-04-19T19:32:17.393071
63002,above,Cassandra Johnston,Tammy Collins,1947,note,what,2024-10-19T10:26:29.852749,2024-07-26T06:31:26.378647
54071,it,George Medina,Peter Jennings,2191,field,charge,2025-01-01T00:12:21.732875,2024-06-17T05:15:45.253213
53500,name,William Carter,Austin Meyer,1608,how,represent,2023-11-30T11:20:01.712734,2024-11-14T04:09:50.991495
25238,significant,Jeffrey Ramos,Jennifer Harris,2438,management,piece,2024-05-01T15:15:18.987323,2024-11-11T08:14:31.092931
96601,traditional,Nicole Romero,Walter Owens,1999,reason,today,2023-05-09T14:42:51.952312,2024-03-27T04:57:40.590995
72835,religious,Patricia Campbell,Angela Solomon,1365,before,despite,2024-11-16T04:09:41.039910,2024-08-28T12:07:42.095359
5063,mention,Keith Williams,John Frazier,1070,treat,friend,2024-07-03T13:15:34.231546,2024-12-07T16:06:16.970831
62447,talk,Kelsey Kim,Christopher Allen,1649,figure,eight,2023-12-23T00:30:52.796106,2024-07-01T20:41:36.164589
17546,fill,Danielle Alvarado,John Perry,2786,mouth,until,2025-01-06T10:47:51.976976,2024-05-29T00:33:38.806165
57509,other,David Johnson,Eric Wilson,1758,stage,collection,2024-06-03T20:16:48.716896,2024-06-14T10:37:22.048256
77577,serve,Shane Dawson,Theresa Griffin,2694,at,appear,2023-11-14T17:24:36.298257,2024-08-07T12:46:14.914685
49530,treatment,Amanda Mercer,Joseph Deleon,3008,poor,force,2024-06-28T16:44:22.136921,2024-07-10T03:41:36.067879
87625,past,Bryan Walsh,Stacey Cardenas,2317,trial,step,2024-06-14T22:00:39.227373,2025-01-15T14:18:29.630952
31400,board,Anthony Gordon,Kelsey Heath,1036,daughter,concern,2024-02-11T22:15:10.365752,2024-05-03T07:15:25.577533
79529,leave,Richard Green,Richard Schneider,2237,remain,difficult,2023-07-22T23:55:47.810140,2024-12-28T13:59:39.309620
97644,rise,Daniel Martinez,Dakota Gregory,827,story,area,2024-05-19T05:31:23.003345,2024-05-20T08:01:35.051743
15476,create,Bradley Wilson,Bobby Petty,3276,short,effort,2023-11-01T14:21:07.422174,2024-02-14T23:38:50.888457
29804,market,Michael Wilson,Tracy Williams,329,store,inside,2023-05-30T13:14:29.210049,2024-12-15T14:34:53.937981
90034,answer,Brooke King,Diane Phillips,566,structure,claim,2023-12-24T05:36:59.784468,2024-08-24T09:28:42.628882
76790,others,Joseph Cuevas,Denise Valencia,2258,ever,clear,2023-03-14T11:26:56.126941,2024-09-21T08:05:27.051712
14908,while,Erik Holloway,Traci Case,3183,mean,matter,2024-07-28T20:13:06.774484,2024-12-04T16:05:35.103946
38607,debate,Erica James,Brandon Levy,729,meet,crime,2023-01-30T22:48:54.901875,2024-11-22T08:17:06.801412
25672,maybe,Gina Barry,Brian Rodgers,1482,cover,black,2024-12-17T21:22:33.168316,2024-07-28T13:26:18.529868
94610,food,Jasmine Baker,Debbie Lee,3200,buy,Mrs,2024-10-06T05:50:51.663216,2024-10-06T19:31:16.663288
15827,region,Kathleen Melendez,Heather Berger,1881,speak,agency,2024-07-13T10:30:47.952623,2024-06-30T20:57:19.351134
40170,run,Jacob Velasquez,Melissa Montgomery,1210,charge,never,2024-08-30T05:20:27.530252,2024-03-13T04:24:04.083507
28783,data,Edward Smith,Daniel Hernandez,2401,enjoy,senior,2023-12-06T11:45:45.434077,2025-01-08T06:20:19.402016
62660,fish,Andrea Craig,Cheyenne Hall,2504,million,spend,2023-12-04T04:50:28.541465,2024-08-30T08:04:19.649937
77726,sound,Scott Schwartz,Michele Gutierrez,694,carry,remain,2023-08-01T00:19:18.479066,2024-01-25T18:54:13.347660
74954,floor,Lori Schneider,Douglas Leon,557,military,write,2023-05-10T22:31:28.076872,2024-01-28T21:22:43.786315
1914,task,Anthony Bishop,Mark Stevens,3007,significant,break,2024-03-31T08:23:09.232762,2024-07-28T01:10:10.415268
60688,wish,Megan Weaver,Jeff Phillips,733,measure,peace,2024-02-02T00:51:03.512420,2024-12-04T04:49:46.618913
77006,film,Douglas Morrow,Robin Morgan,1273,produce,more,2023-03-02T12:47:04.529179,2024-10-27T07:38:23.876546
74445,though,Andrew Howell,Kimberly Schmidt,2731,traditional,could,2024-03-15T00:04:54.181854,2024-08-11T12:15:46.230862
46299,full,Sonya Ferguson,Donald White,621,husband,site,2024-05-01T11:39:21.177681,2025-01-16T16:26:02.001860
13520,organization,Rachel Macdonald,Lisa Adkins,1910,certainly,apply,2024-04-22T21:46:09.964633,2024-10-10T05:20:55.146852
71408,politics,Luis Griffin,David Miller,150,second,capital,2023-11-01T10:06:06.015688,2024-11-19T20:45:16.025907
83924,write,Leah Clarke,Renee Kemp,2252,director,near,2024-06-13T21:07:42.132720,2024-07-24T09:15:29.010008
51413,leader,Mr. Timothy Williams,Daniel Welch,114,his,that,2023-05-17T19:38:40.083559,2024-09-16T12:25:58.041704
39040,alone,Donald Warren,Alan Davis,1921,eight,garden,2023-12-29T11:54:54.698731,2024-07-25T15:08:42.219527
62428,half,Melissa Wheeler,Jordan Ramos,1421,kitchen,national,2023-02-26T18:28:49.197465,2024-10-22T13:41:47.600071
11504,maintain,Theresa York,Nicholas Hill,208,peace,red,2024-10-28T02:00:18.273729,2024-05-26T14:25:24.935124
51996,billion,Stacy Wells,Rachael Miller,3117,Democrat,able,2024-06-23T18:45:42.650431,2024-04-08T10:00:11.399159
8394,try,Jasmine Grant PhD,Allen Lopez,2737,myself,exactly,2023-04-04T03:39:33.308848,2024-06-03T02:35:37.825308
17641,dream,Sherri Brown,Tiffany Paul,1640,person,middle,2024-09-29T12:24:49.680554,2024-04-30T06:43:54.499667
2943,write,Gregory Curry,Logan Hicks,942,wear,catch,2023-04-30T15:49:26.762858,2024-10-31T08:42:27.462928
51100,father,Joshua Brown,Erica Pham,2174,these,type,2024-06-18T20:53:39.566832,2024-08-25T23:32:14.172996
14827,Mrs,Savannah Shaw,James Mccoy,1065,economic,rule,2023-05-23T14:48:12.050637,2024-05-15T09:16:29.649341
69325,nation,Dr. Thomas Macias,Kristina Jones,651,attorney,candidate,2023-06-03T21:24:34.543919,2024-09-12T01:55:56.528991
47143,method,Charles Nunez,Richard Simpson,1179,along,food,2024-10-16T02:33:33.944973,2024-03-24T03:20:21.734610
92358,result,Andrew Hanson,Alexander Mckay,963,produce,design,2024-04-29T00:55:50.839669,2024-06-04T23:45:12.074285
34449,far,Charles Salazar,Cheryl Lee,853,require,want,2024-10-12T19:19:03.415259,2024-03-06T16:08:55.777929
62469,necessary,Henry Leon,Jonathan Carter,1370,smile,player,2024-04-05T14:00:06.620955,2024-09-18T02:24:42.200731
53078,step,Bryan Joseph,Jason Wright,565,leader,may,2023-11-29T04:30:02.771516,2024-05-20T07:48:46.588506
62300,for,Bradley Steele,Jennifer Daniels,528,traditional,despite,2024-05-27T20:54:02.780352,2024-05-08T01:53:18.338055
51744,remain,Christine Stone,Duane Cain,2476,wish,same,2024-05-18T22:44:32.753929,2024-05-24T06:48:23.500021
87498,fill,Joseph Harrell,Donna Duncan,1893,follow,spend,2024-03-01T05:34:48.130792,2024-06-21T02:18:46.742993
52497,through,James Cross,Gabriel Robinson,3339,three,someone,2024-11-07T07:27:32.751800,2024-01-26T00:07:40.747572
38546,though,Deborah Schmitt,Joseph Lewis,3451,factor,guy,2024-01-23T21:02:31.834223,2024-10-30T03:58:58.733819
21357,than,Sarah Thompson,Keith Moore,3245,he,now,2023-02-15T01:43:37.780921,2024-08-14T10:31:10.890189
23244,final,Sharon Chavez,Ricky Ryan,1565,half,call,2023-11-19T04:32:06.278469,2024-12-09T22:36:27.595091
4452,part,Elizabeth Spears,Joseph Vance,2477,kid,or,2023-05-23T11:56:34.647077,2024-04-04T08:23:19.951025
33334,own,Phillip Long,William Morgan,765,quality,board,2023-12-16T15:28:57.181022,2024-06-04T19:00:58.661738
52926,after,Kimberly Kim,Isaiah Mason,2229,wall,list,2024-02-24T06:32:53.135421,2025-01-10T07:31:40.914409
64590,write,Nichole Hale,Carrie Oliver MD,2843,someone,to,2024-01-28T23:25:17.861499,2024-03-09T00:08:25.598285
54244,she,Omar Williams,Dawn Cruz,883,other,and,2023-10-05T14:24:54.001317,2024-08-01T23:40:50.359158
51828,ten,Justin Davis,Mrs. Shelly Baker,3295,wind,provide,2023-07-23T18:43:34.027257,2024-04-26T06:36:50.699677
54280,our,Mark Meza,Kimberly Hampton,2108,industry,place,2023-11-01T15:50:12.606077,2024-10-31T21:39:05.327754
3,son,Michelle Hawkins,Wayne Taylor,2393,particular,else,2024-09-19T17:31:06.444101,2024-02-07T21:19:30.041791
58884,audience,Andrew Wilson,Dr. Lisa Nixon,3210,center,us,2023-06-06T02:24:41.703628,2025-01-21T12:56:14.925797
8240,best,Adam Mason,Tyler Suarez,1045,property,offer,2023-03-24T11:36:28.205326,2024-05-26T13:25:27.186864
42698,realize,Shannon Moore,Gabriel Brown,3255,financial,rise,2024-05-18T11:47:08.720765,2024-08-14T22:20:17.858391
91413,tree,Joseph Sanchez,Shelby Douglas,1306,responsibility,have,2024-03-10T07:26:57.262517,2024-03-31T19:52:35.961916
60277,fill,Judy Wallace,Sandra Jones,2113,easy,sit,2024-01-09T20:07:10.687063,2024-01-29T13:09:30.753339
13172,east,Laura Henry,Rachel Phillips,3087,maybe,from,2024-07-02T00:51:58.137926,2025-01-07T06:25:12.741685
10332,fly,Juan Dennis,Jennifer Welch,3065,situation,free,2023-02-08T02:19:35.169529,2024-10-13T12:14:48.699901
8176,opportunity,Vickie Moore,Gabriela Lopez,489,in,force,2024-11-21T03:19:41.670033,2024-12-09T23:31:11.110484
20006,south,Jerry Fuentes,Paula Adams,2175,school,detail,2024-09-09T00:35:16.746658,2024-10-20T15:44:00.446886
21046,respond,Steven Lopez,Erika Lambert,2023,although,owner,2024-02-09T15:47:23.142962,2024-03-26T14:03:17.400850
47742,increase,Mrs. Alyssa Gonzales,David Calhoun,2360,clear,technology,2023-11-11T01:25:17.798544,2024-05-21T23:21:12.800340
47452,yeah,William Carroll,Mario Young,3031,source,entire,2024-10-04T02:23:19.845003,2024-12-10T11:12:50.731962
31664,understand,Jodi Brown,Samantha Hawkins,860,major,same,2023-08-19T00:46:49.672465,2024-03-20T00:20:32.446594
76610,record,Brittany Jimenez,Laura Martin,3591,modern,design,2023-09-08T04:27:11.413221,2024-10-02T04:45:10.077161
85064,everything,Nicholas Burch,Steven Mayer,2603,spend,summer,2023-03-21T04:41:29.718372,2024-02-29T09:42:10.032832
15381,candidate,Paul Davis,Mary Howard,3081,modern,them,2024-03-04T19:23:34.784242,2024-12-24T07:05:41.195765
80668,take,Samantha Adams,Gregory Holland,2110,finish,tree,2024-05-14T17:53:56.857292,2024-04-07T05:44:43.924103
30997,hit,Dr. Angela West,Denise Contreras,2265,mother,available,2024-05-27T08:03:09.663686,2024-04-09T07:54:10.464441
19442,many,Laura Beard,Adriana Crane,1411,second,letter,2023-04-08T08:18:44.957908,2024-11-11T11:14:20.865735
13486,throughout,Lawrence Davis,Gina Wilkerson,1442,commercial,myself,2024-09-10T21:45:23.082282,2024-07-09T07:38:42.144445
74681,break,Michael Bowers,Denise Hall MD,2621,see,successful,2024-07-01T13:28:47.043255,2024-09-28T11:43:24.755148
48988,option,Lisa Anthony,Steven Brown,1334,determine,increase,2024-10-15T23:31:56.555059,2024-10-02T01:11:23.205404
52635,another,Steven Williams,Donna Underwood,894,use,clear,2023-08-22T14:21:51.455530,2024-10-01T16:50:19.511591
50414,well,Elizabeth Madden MD,Joseph Webster,2366,they,social,2024-10-26T23:14:31.731198,2024-11-26T16:55:15.543195
56602,relate,Kimberly Lopez,Marc Sampson,3479,market,each,2024-01-18T07:44:11.029062,2024-11-06T21:18:27.924394
20364,fall,Barbara Henry,James Vazquez,607,sing,religious,2023-03-08T15:51:36.450819,2024-02-27T05:18:40.171382
89482,into,Eric Cox,Gregory Baldwin,235,employee,environmental,2023-12-16T06:19:31.063067,2024-03-11T13:11:56.842896
4438,ready,Daniel Allen,Cristian Weber,1295,beyond,economic,2024-04-08T21:20:43.997610,2024-09-07T10:38:47.690932
51376,tell,Mary Johnson,Thomas Holmes,1818,increase,administration,2024-04-20T16:04:30.257001,2024-03-08T20:19:47.295635
11662,born,Dr. Bradley Koch,Samantha Sloan,2154,your,point,2023-05-05T17:25:47.551874,2024-11-23T07:53:13.864325
41000,detail,Kevin Brandt,Michael George,2098,than,read,2023-12-26T01:12:09.593982,2024-12-31T00:07:29.743415
34522,quality,Kenneth Rhodes,Teresa Brooks,821,direction,institution,2024-06-23T11:43:54.335320,2024-07-29T07:26:42.918813
27147,nice,Daniel Hernandez,Jackie Williamson,2437,rock,raise,2023-05-02T05:22:42.172555,2024-11-08T04:20:20.507857
49837,people,Daniel West,Emily Miller,1929,meeting,main,2023-04-27T23:00:22.759098,2024-05-26T09:00:09.317304
60356,local,Amber Bush,Sandra Fisher,23,here,loss,2023-05-09T19:06:19.178753,2024-09-14T16:58:00.670892
82210,expect,Lawrence Carr,Seth Ellis,1114,process,reveal,2023-12-25T07:20:48.334034,2024-08-28T17:09:11.544539
70097,outside,Alexander Ford,Amanda Ballard,2829,wife,turn,2024-10-27T03:37:59.949916,2024-08-07T03:16:01.246722
28881,prepare,Casey Graham,Regina Kim,2531,center,similar,2024-09-28T15:12:27.330466,2024-06-28T13:41:39.381826
10972,state,Joyce Kramer,Shannon Haley,2311,admit,age,2024-12-27T19:37:10.398163,2024-01-27T13:23:24.415369
19892,through,Kim Smith,Rebecca Davenport,2346,laugh,several,2024-09-16T06:48:21.472601,2024-05-25T05:59:52.698723
87174,quickly,Rebecca Espinoza,Ronnie Cox,912,effect,have,2023-09-28T09:58:25.493926,2024-05-07T23:07:26.480439
28106,trouble,Stephanie Wood,David Carson,3101,represent,wait,2024-06-23T04:01:05.497531,2024-04-25T12:37:47.338256
76484,response,Mark Byrd,Matthew Bell,1854,agency,born,2024-12-27T03:01:20.144990,2024-07-29T03:26:13.945076
61382,agree,Jenna Morales,Donna Rivera,1732,today,none,2023-04-24T02:43:29.212310,2024-11-21T01:08:41.593723
76243,physical,Brian Walton,Benjamin Lewis,362,chair,quality,2024-11-01T20:53:50.035718,2024-11-15T03:56:27.444710
69118,suffer,Robyn Jimenez,Rachel Norman,2940,far,while,2023-04-19T00:47:44.262181,2025-01-21T15:14:21.191102
39865,way,Ms. Stephanie Duncan,Kendra Hawkins,38,six,level,2024-07-16T11:15:36.964515,2024-06-13T21:15:35.994993
64154,they,Andrew Edwards,Nancy Hayes,653,region,stage,2023-06-19T16:45:25.604409,2024-09-22T06:20:58.110854
77654,soon,Steven Roberts,Kevin Parsons,40,if,plant,2024-12-26T01:21:31.173189,2024-03-11T19:54:37.640599
69189,standard,Felicia Chapman,Joe Wilson,2720,up,mean,2024-05-06T01:53:31.743808,2024-02-04T05:28:54.626200
22684,ground,Gary Stewart,Amy Farley,666,wonder,role,2024-10-09T02:59:55.825078,2024-12-21T18:10:02.246321
89132,these,Christopher Gill,Daniel Garrett,733,suggest,thank,2023-08-02T21:34:02.576534,2024-04-03T03:46:23.477598
11938,line,Sarah Tapia,Mrs. Jessica Collins,50,personal,similar,2024-11-02T11:25:42.289390,2024-06-10T13:30:05.771856
43770,become,Elizabeth Ward,Krystal Dixon,2575,real,often,2023-04-22T03:30:41.600396,2024-11-07T12:12:37.255501
70058,out,Samuel Carney,Becky Sims,3376,cultural,yes,2025-01-06T08:54:27.995019,2024-05-12T21:38:55.763534
80745,ok,Gabrielle Hall,Annette Meadows,1882,argue,home,2024-12-01T05:52:27.819441,2024-09-15T00:47:02.877191
71140,beat,Andrea Johnson,Joshua Stone,2249,as,report,2023-10-12T13:46:37.551862,2024-06-03T23:39:16.109634
68975,past,Alan Woodard,Ricky Smith,3244,green,window,2024-11-04T08:15:51.295531,2024-06-07T10:02:45.541956
18070,finally,John Moyer,Matthew Humphrey,177,middle,sea,2024-12-27T13:47:10.925395,2024-06-02T00:41:42.294577
89177,box,Amanda Richards,Crystal Wilson,1755,difference,man,2023-09-17T06:26:50.449983,2024-02-21T09:41:42.286055
55088,fish,Michelle Allen,Michelle Wheeler,2257,attorney,way,2024-10-27T16:27:10.405413,2024-08-22T04:54:43.930926
82493,organization,Veronica Gardner,Daniel Cherry,890,not,my,2023-05-28T20:33:13.981495,2024-10-24T04:10:45.879580
26395,past,Lindsey Thompson,Mary Rodriguez,63,cold,fast,2024-01-31T17:54:53.622278,2024-10-12T05:17:56.627258
42985,also,Kimberly Mason,Lisa Gillespie,3438,news,one,2024-08-07T01:29:46.910746,2024-08-28T16:52:03.666092
58466,administration,Anne Williams,Christopher Greene,2399,relate,describe,2023-08-21T05:42:43.865227,2024-05-04T20:04:56.856472
68319,black,Christopher Kelley PhD,Wendy Davis,2271,deep,sort,2024-04-19T13:20:26.840629,2024-08-29T10:45:56.572218
19694,meet,Michele Barrett,Christopher Doyle,3514,run,fund,2024-02-06T07:07:05.148891,2025-01-11T03:31:06.530758
76098,fact,Jeffrey Hinton,Erica Mullen,2479,source,half,2023-04-01T02:47:16.749825,2024-11-21T10:28:01.950279
74848,can,Emily Clark,Kayla Mckinney,1268,against,cause,2024-09-13T18:42:03.891276,2024-08-03T12:23:44.265733
97851,analysis,Julia Howard,Brian Jackson,207,school,east,2023-07-25T03:46:29.112926,2024-02-26T17:50:49.175705
31929,region,Jack Bowen,Dawn Davis,1084,process,blue,2024-10-29T10:05:34.403045,2024-11-27T14:10:49.098215
99201,project,Anna Griffith,Lauren Perez,945,physical,with,2024-11-19T05:17:48.127136,2024-09-03T23:23:38.112727
89464,she,Rodney Olson,Stephen Taylor,414,study,suggest,2024-08-14T17:32:22.985940,2024-04-23T21:46:00.063694
34926,popular,Edward Mccullough,Rebecca Davis,789,avoid,because,2023-11-10T13:13:56.562768,2024-04-07T20:18:31.602924
72091,do,Joshua Cantu,Richard Long,2375,maintain,marriage,2024-05-16T12:15:39.559288,2024-06-12T16:45:59.077301
72159,door,Andre Flores,Kelsey Tucker,2594,probably,set,2024-03-30T05:08:30.641373,2024-12-19T17:46:10.257468
87695,professional,Janice Rodgers,Jennifer Carlson,2676,capital,drug,2024-08-07T18:48:54.932750,2024-05-30T01:56:43.252742
94224,instead,Shelly Pham,James Harris,2552,today,begin,2024-10-05T14:23:50.403701,2024-05-15T01:36:19.128642
390,full,Samuel Bush,Rachel Snyder,2402,identify,process,2023-03-04T08:39:39.866469,2024-04-25T04:22:52.773586
97307,tell,Katherine Hughes,Clifford Adams,2389,adult,kind,2023-10-27T03:02:44.508205,2024-05-05T07:48:25.018039
28457,evening,David Turner,Rachel Smith,3519,find,bit,2024-09-25T04:40:44.675671,2024-09-27T07:43:14.429888
95737,control,Michael Riley,Michael Garcia,2823,likely,organization,2023-06-14T23:21:13.297401,2024-08-02T13:33:09.579603
52486,support,Lauren Hall,Joshua Gray,392,contain,billion,2024-08-29T03:25:42.838882,2024-04-28T15:51:14.422657
70980,guy,Kimberly Cox,Robert Torres,1656,concern,large,2024-03-14T01:02:17.296308,2024-04-07T00:45:39.885415
49229,phone,Hunter Harris,Elizabeth Tran,1564,relate,good,2023-05-20T20:41:55.217247,2024-08-28T07:34:45.871703
88026,almost,Brian Mitchell,Kevin Jennings,430,leave,fear,2024-12-15T11:20:58.118352,2024-11-07T02:39:41.568746
21247,good,Eric Lewis,Allison Keith,753,author,already,2024-09-21T23:40:34.107157,2024-02-17T06:45:09.221382
2386,also,Julie Murray,Timothy Allen,1724,heavy,success,2023-05-28T14:03:38.897265,2024-07-11T11:03:35.582566
29800,drug,Dylan Owen,Paige Rose,156,letter,gun,2024-10-09T00:32:36.009054,2025-01-22T20:14:30.272230
4479,deep,Carl Lee,Kathy Brown,2684,piece,form,2024-06-25T06:46:11.405138,2025-01-04T10:39:40.355939
3085,thank,Edwin Summers,Theresa Ewing,2262,expect,discussion,2023-02-28T01:37:46.280074,2024-08-02T13:07:36.269165
44302,practice,Whitney Kim,Linda Whitehead,111,organization,teacher,2023-04-14T18:31:07.852394,2024-11-25T10:32:26.438967
90438,product,Natalie Herman,Jeffery Allen,700,if,phone,2024-07-26T22:58:54.258538,2024-08-19T09:30:47.321412
12959,property,Jennifer Foster,Taylor Vincent,3205,similar,something,2023-08-31T20:25:42.027576,2024-10-14T20:35:31.600516
17204,late,Craig Edwards,James Matthews,220,hope,past,2024-12-10T04:54:01.696838,2024-12-10T07:56:17.199167
93278,tree,George Meyer,Christopher Morris,2697,build,close,2023-05-17T01:46:25.795552,2024-07-21T21:27:11.260174
78521,dark,Monica Stokes,Kyle Hayes,3310,claim,increase,2024-11-24T00:35:32.867446,2024-08-31T22:38:03.096205
90971,family,Dominic Scott,Kimberly Collins,504,entire,newspaper,2024-08-25T02:23:55.089855,2024-07-23T23:22:04.215726
32849,building,Terry Bruce,Karen Thomas,329,simple,about,2024-11-21T20:50:59.417503,2024-09-26T09:01:36.557824
1833,agent,Michael Lynch,Christy Baker,1785,one,voice,2023-08-05T13:04:54.366222,2024-09-19T02:54:40.693204
35915,husband,Michelle Reese,Kelly Clarke,755,myself,trial,2024-07-30T23:58:28.549827,2024-06-13T03:10:29.029478
29265,five,Joseph Larson,Robert Trujillo,672,rate,live,2024-06-14T19:44:51.952962,2024-05-18T12:29:21.027376
38459,garden,Chris Smith,Timothy Kline,2278,attack,Mr,2024-07-31T06:59:28.308339,2024-09-06T05:49:47.773736
39126,institution,Linda Castro,Zachary Hartman,1183,together,board,2024-10-30T02:47:30.758197,2025-01-10T10:06:05.538665
74210,herself,Jessica Gallegos,Thomas Hart,2317,production,when,2025-01-13T17:33:19.732365,2024-12-07T04:13:46.293041
70834,often,Gregory Rivera,Eric Murphy,1781,western,stuff,2023-11-26T22:43:44.173474,2024-11-16T05:21:02.695885
63693,test,Amanda Miller,Vincent Martinez,1953,past,least,2024-11-17T00:55:16.121193,2024-11-16T16:31:39.377249
48039,trade,Karen Roberts,Maria Huber,1181,write,how,2024-02-17T20:57:35.710593,2024-06-22T20:16:23.567950
17943,hit,Holly Miller,Deborah Randall,2204,rate,factor,2024-12-18T10:21:47.530309,2024-05-15T02:46:01.831949
80798,easy,Richard Stewart,Edward Jenkins,1767,still,relationship,2023-07-28T15:29:32.783179,2024-08-03T19:08:27.110645
44705,region,Lucas Lee,Ryan Singh,52,gas,arrive,2024-05-25T00:18:33.616343,2024-12-30T06:32:55.009638
67447,choice,Lucas Curry,Debra Johnson,1355,drive,movement,2023-04-06T02:16:51.645155,2025-01-21T10:25:33.419958
48155,discuss,Kevin Zamora,Michael Lozano,1492,eye,worker,2023-03-22T14:13:46.542573,2024-05-30T00:28:45.907610
70474,surface,Jeremy Carter,Cynthia Roach,2138,than,response,2024-03-16T17:57:20.348935,2024-03-27T08:39:16.315037
20951,by,Jenna Weeks,Mitchell Harris,1241,help,respond,2024-12-18T17:12:30.850017,2024-03-16T23:32:13.615644
78994,thank,Timothy Parker,Dawn Sloan,2055,receive,top,2024-12-28T20:39:30.562626,2025-01-12T10:27:04.700769
69767,fire,John Daniel,Sharon Johnson,1515,clearly,another,2023-06-22T19:17:05.249044,2024-02-13T01:01:50.160677
88787,situation,Roger Kennedy,Shawn Tran,2091,road,toward,2023-01-25T05:39:19.842493,2024-07-15T10:07:32.775203
94321,movement,Jonathan Faulkner,Oscar Vega,3299,home,training,2023-11-30T23:18:39.929034,2024-11-11T07:06:38.273339
48355,suddenly,Julie Murray,Robert Goodwin,123,technology,difficult,2024-06-15T19:31:02.977882,2024-05-06T11:07:34.050736
77152,teach,Thomas Ali,Brandon Roth,226,put,behind,2023-07-21T03:10:39.738139,2024-04-01T14:50:45.085451
52530,wife,Nancy Wagner,Darren Moore,776,recognize,stuff,2023-12-06T07:07:18.639867,2024-09-25T04:34:32.187047
72818,spring,Elizabeth Golden,Dr. Maureen Richardson,2352,but,mother,2024-01-14T12:21:39.718499,2024-07-07T13:21:10.764030
55327,reveal,Jorge Rodriguez,Veronica Price,992,institution,occur,2024-06-16T18:13:01.936284,2024-09-11T17:03:49.183314
59273,use,Brenda Richards,Pamela Wilson,2193,there,contain,2024-10-06T03:18:09.381258,2024-08-04T10:34:11.482373
99250,news,Ernest Austin,Anthony Nash,541,minute,nation,2023-09-25T18:22:56.461981,2024-11-20T18:19:53.343752
76775,blue,Oscar Rodriguez,Emily Duncan,969,investment,former,2023-12-26T02:54:50.732719,2024-11-27T10:00:28.433731
18104,sound,James Lopez,Andrea Freeman,2523,be,television,2024-05-11T09:03:08.677187,2024-12-22T17:59:30.946979
22253,message,Krystal Mann,Valerie Munoz,1818,whose,read,2024-02-28T22:52:30.030678,2024-02-09T17:42:13.964033
14476,similar,Christopher Brown,Cory Walter,1595,detail,day,2024-09-17T22:10:45.199865,2024-02-12T11:45:16.241437
75038,pretty,Mrs. Beverly Martin MD,Charles Smith,3334,born,wait,2023-11-07T02:01:17.134840,2024-11-30T09:27:52.784799
42250,ability,Kelsey Lynch,Andrew Smith,912,project,himself,2024-04-27T02:53:19.428975,2024-07-22T16:10:32.236192
26847,while,Jason Mcmahon,Susan Jones,2173,language,address,2023-03-23T11:41:23.741647,2024-04-22T12:26:03.303287
81430,say,Melinda Goodman,Richard Johnson,2195,until,school,2023-02-17T09:30:44.687373,2024-07-04T13:37:20.635373
8426,part,Jonathan Guerra,Alyssa Thomas,192,agreement,whose,2023-07-03T10:52:16.341262,2024-04-15T11:02:14.548598
64425,mind,Richard Simon,Meghan Evans,2583,relationship,just,2023-12-18T12:57:38.177609,2024-05-15T17:04:47.351995
28779,especially,Robin Willis,Wanda Davidson,50,north,enjoy,2024-08-25T04:00:23.760679,2024-03-26T12:15:15.816795
48290,risk,Ruth Charles,Zachary Burke,1430,one,mention,2024-02-14T21:09:49.809404,2024-09-08T08:05:00.039785
24782,whether,Aaron Tyler,Pamela Hopkins,3318,people,clear,2023-11-12T06:42:08.121493,2024-06-19T12:36:27.426792
34814,its,Scott Webb,Micheal Johnson,2205,big,grow,2024-03-14T12:06:35.026972,2024-11-02T20:07:18.180253
29986,describe,Thomas Page,Samuel Watson,3003,board,real,2024-11-22T23:06:08.871978,2024-05-19T16:26:53.121618
86299,hundred,Norma Taylor,Dr. Teresa Martin MD,414,town,something,2024-12-06T12:47:24.628774,2024-05-26T11:17:15.028444
73314,only,John Evans,Ashley Harvey,2783,religious,bring,2023-01-30T18:17:49.809339,2024-07-12T08:06:50.248638
51019,affect,Laura Ruiz,Richard Long,1829,artist,change,2024-09-04T14:45:29.571612,2024-03-29T04:39:37.537963
32184,after,Brett Goodwin,Tammy Alexander,1489,require,benefit,2024-10-02T02:10:53.460802,2024-10-03T23:38:53.687599
29108,anyone,Kayla Johnson,Kayla Rodriguez,2389,baby,when,2024-06-22T20:40:37.698637,2024-05-02T02:25:38.523872
61713,really,Ashley Bray,Taylor Smith,697,unit,production,2023-03-04T06:36:01.256167,2024-12-15T04:19:13.147388
79475,fact,Megan Marshall,Brian Gay,1241,plan,forget,2023-06-01T13:21:53.713139,2024-10-03T10:33:13.627918
62599,statement,Joshua Nguyen,Victoria Mccullough,1721,way,maintain,2023-04-29T22:59:45.031397,2024-07-03T00:47:12.818961
2235,there,Kiara Mckay,Karina Lane,2855,wrong,thus,2024-12-12T00:55:38.798692,2024-04-30T16:38:48.423800
98508,right,Gregory Allen,Vanessa Murphy,1447,network,however,2023-10-30T04:53:58.800200,2024-08-30T22:28:06.520125
42555,room,Judy Harper,Alyssa Ray,2187,budget,company,2023-09-01T19:53:39.499309,2024-07-06T07:36:27.322157
98050,face,Robert Wise,Alexis Burke,1223,relate,job,2024-08-21T00:34:30.077774,2024-02-23T23:29:00.096553
97812,food,Danielle Hamilton,Brandon Clay,2001,evening,hand,2023-04-20T03:30:36.680512,2024-03-25T18:41:54.752857
59593,worry,Harry Wang,Adam Richardson,1336,minute,spend,2023-12-19T19:51:55.398360,2024-07-24T00:04:45.347356
40990,fear,Holly Wolfe,Amanda Johnson,3300,situation,bank,2024-07-04T13:56:02.914890,2024-08-15T00:46:07.783797
24170,Congress,Brett Castro,Larry Fletcher,2351,anyone,answer,2024-10-25T16:03:44.084906,2025-01-24T08:03:59.697417
81029,go,Chelsea Gibson,Terrance Jackson,2791,carry,point,2023-12-08T19:29:53.886060,2024-02-28T10:29:43.165322
45328,probably,Kaylee Vasquez,Susan Chan,1615,meet,indicate,2023-08-15T23:32:28.056690,2025-01-20T14:10:33.804523
61264,dream,Richard Rosales,Angela Baird,2390,prevent,teach,2023-03-21T19:02:51.341762,2024-11-26T11:02:15.849685
35724,control,Gary Salazar,Amber Wheeler,1095,move,because,2024-08-14T04:31:55.582946,2024-12-04T17:25:52.046366
82640,once,Timothy Johnson,Austin Rodriguez MD,1762,could,worry,2023-08-13T23:41:09.680854,2024-03-19T22:29:27.585651
86915,each,Leslie Kemp,John Morrison,1209,street,increase,2024-06-26T14:36:50.614662,2025-01-13T08:05:17.968434
56980,tend,Michelle Smith,Judy Sanchez,201,store,street,2023-09-05T07:52:52.137624,2024-12-30T18:31:18.113238
55488,American,Zachary Davis,Todd Harris,3226,everything,strong,2023-06-01T23:23:30.209949,2024-07-27T23:42:53.982472
42183,goal,Mark Brown,Justin Benson,935,fund,hair,2025-01-07T14:01:43.134029,2024-06-21T18:06:32.776276
38247,appear,Kathryn Morales,Sara Jackson,3559,coach,no,2023-11-07T01:39:45.115345,2024-07-23T09:46:48.342609
75427,late,Whitney Parks,Collin Lewis,3101,model,there,2024-10-06T12:41:38.379982,2024-06-12T19:08:12.786140
71777,garden,Kathy Campos,Ashley Green,358,tree,doctor,2023-11-08T11:49:12.842154,2024-07-07T05:09:58.454155
26759,research,William Dunlap,Mary Bennett,2038,here,job,2023-03-30T07:07:16.274590,2024-09-05T16:44:13.228933
50871,method,Matthew Jackson MD,Melissa Cooper,1234,whom,kitchen,2023-09-23T16:36:50.843334,2024-01-30T21:04:59.872768
19083,wait,Anthony Schneider,Kyle Morgan,2014,cultural,dream,2024-12-11T05:08:02.810753,2024-02-01T21:29:41.872848
39792,down,Elizabeth Jones,Jeff Ramos,857,technology,continue,2024-05-29T18:03:20.005018,2025-01-24T02:46:11.106457
18420,hospital,Harold Brown,Melissa Reed,2172,level,item,2024-10-14T05:07:39.849343,2024-05-25T13:58:40.812141
22184,value,Joshua Oneal,Jeanette Garcia,3589,significant,laugh,2023-08-04T15:23:46.116699,2024-12-05T23:19:48.761575
5504,similar,Melissa Rosales,Jorge Sanders,259,idea,similar,2024-06-24T05:01:58.346714,2024-02-04T18:09:59.933544
45414,away,Brandon Wilcox,Tiffany Stein,3563,its,card,2024-04-28T20:12:42.410437,2024-04-08T20:20:24.406725
39575,two,Cathy Lamb,Randall Flynn,2967,research,history,2024-06-16T07:52:16.832844,2024-07-17T03:10:25.208770
90349,wrong,Jenna Rose,Joseph Campbell,3047,sing,edge,2023-11-14T19:38:39.112258,2024-08-03T01:02:50.109538
3188,training,Stephen Martinez,John Larson,1775,effect,who,2023-12-12T14:34:23.213457,2025-01-14T18:13:43.246516
30784,meeting,Nicole Castillo,William Armstrong,1083,usually,college,2024-08-10T20:58:51.972589,2025-01-23T04:43:23.538074
78737,treat,Charles Wong,Olivia Stafford,1384,sort,their,2024-05-18T09:53:51.317753,2024-11-28T11:21:59.655620
12308,learn,Kyle Young,David Howard,627,task,down,2023-07-28T18:04:48.139996,2024-03-14T02:48:21.948855
92184,seat,Joshua White,John Williams,371,know,at,2023-09-28T06:14:25.881275,2024-01-27T01:36:25.483523
74550,soon,Matthew Norris,Billy Sharp,1986,charge,middle,2023-08-08T03:52:28.398326,2024-10-24T12:03:38.188424
5115,line,Anna Lowery,Susan Sims,1645,prove,also,2023-02-28T16:43:12.789591,2024-09-10T04:43:35.398910
23502,window,Natasha Thomas,Ashley Flores,247,opportunity,approach,2023-06-27T14:45:58.294273,2024-03-16T07:50:35.224335
58183,specific,Matthew Davis,Danielle Johnson,3121,account,newspaper,2024-05-31T07:13:33.694558,2024-06-05T04:24:41.174739
92044,high,David Hebert,Tracy Ramos,1379,next,yourself,2023-03-30T08:20:28.637570,2024-07-01T00:11:07.532880
20989,six,April Mercado,Ryan York,367,follow,push,2024-12-16T09:49:42.095772,2024-12-16T18:07:45.976063
80310,adult,Heather Ortiz,Heather Miller,1572,commercial,TV,2023-11-16T06:23:12.795913,2024-06-24T16:35:54.281466
38878,respond,Eric Wright,Travis Cole,2932,I,citizen,2024-06-26T22:32:24.061994,2024-10-01T22:57:34.051857
11739,ball,Jonathan Perez,Wendy Bowers DVM,1705,ever,blood,2024-02-26T04:39:23.002509,2024-12-06T19:10:59.889999
55455,partner,Ashley Delgado,Christopher Mcneil,3397,fear,remain,2024-09-21T04:52:37.809427,2024-11-29T16:10:01.274410
75946,finish,Cody Haynes,Jason Blake,3363,serve,thing,2023-11-27T21:12:09.715476,2024-02-17T14:26:25.837045
95535,score,Peggy Taylor,Larry Price,1051,whatever,large,2024-10-03T07:39:28.096973,2024-02-16T19:58:48.187080
15587,class,Daniel Weber,John Rodriguez,1707,daughter,project,2023-05-06T13:33:50.047343,2024-12-24T06:41:07.316765
70644,price,Brenda Myers,Elizabeth Santana,3484,student,teacher,2024-03-26T09:37:12.685053,2024-05-01T04:33:43.635104
26587,standard,Travis Stewart,Nicole Hall,861,in,time,2023-03-17T22:49:52.177886,2024-12-07T00:34:52.879288
16359,compare,Zoe Brown,Stephanie Lopez,3460,art,chair,2024-10-18T01:42:35.244308,2024-02-15T14:07:17.119840
3182,care,Karina Mcbride,Kristen Krueger,1788,structure,writer,2023-10-19T02:07:01.194212,2024-10-24T15:05:40.213076
4032,night,Tammy Willis DDS,Joy Fuller,610,up,message,2024-10-06T23:29:20.436595,2024-03-31T22:55:56.643852
33913,admit,Amy Coleman,Dawn Lin,119,better,mean,2024-11-17T15:39:02.603841,2024-05-11T23:07:56.063990
96185,fine,Kelly Vincent,Jennifer French,2256,surface,party,2023-05-09T09:50:12.868713,2024-03-31T13:59:54.783823
44150,size,Kathy Franklin,Scott Foster,375,coach,experience,2023-10-22T14:29:37.323747,2024-07-10T19:43:51.803183
9193,film,Sheryl Delacruz,Michael Williams,654,early,enjoy,2024-01-04T18:54:51.657585,2024-05-08T11:26:51.518734
4808,art,Brittney Rodriguez,Eric Navarro,1075,man,news,2024-05-18T16:56:31.612359,2024-11-19T12:59:56.548200
36778,believe,Michael Moore,Christopher Wall,3444,door,trouble,2023-09-24T01:25:17.826897,2024-08-29T05:02:27.387381
12435,spring,Selena Myers,Elizabeth Marshall,2437,economy,year,2023-06-17T22:49:22.084996,2024-06-04T11:18:51.150842
65652,mouth,David Wilson,Keith Edwards,633,follow,benefit,2023-02-11T10:29:07.696022,2024-03-29T18:55:09.984250
91545,certain,Lisa Stevenson,Jasmin Miller,2686,above,dog,2023-09-19T12:40:57.911535,2024-05-14T05:42:27.516378
652,sure,Jeffrey Harris,Ms. Brenda Miller,456,three,toward,2024-02-19T11:43:57.447958,2024-03-02T16:40:22.650761
72449,any,Jeremy Beck,Pamela Moon,1564,couple,hard,2023-05-25T09:44:03.023583,2024-04-27T00:43:52.077574
60772,world,Margaret Ferguson,Angela Lawson,2992,class,beat,2024-09-14T11:51:25.742178,2025-01-11T19:37:17.927032
99107,detail,Jason Bradley,John Barr,3480,success,listen,2024-06-16T03:00:49.051497,2024-05-06T15:28:42.704292
66794,hard,John Byrd,Kelsey Garcia,1587,present,scientist,2024-11-08T21:47:20.353720,2024-05-21T13:41:39.150883
26530,no,Stephanie Cummings,Jose Carroll,891,school,industry,2024-07-10T21:08:21.635310,2024-10-01T20:47:32.279108
57766,behavior,James Mora,Kelly Lee,2180,continue,particularly,2024-12-16T03:44:25.450771,2024-12-11T06:18:08.904566
35322,sense,Crystal Webb,Jennifer Lloyd,2719,purpose,floor,2023-08-02T08:07:29.768142,2024-11-26T17:52:07.036381
54910,some,Linda May,Ryan Graves,1257,society,modern,2024-07-30T11:48:54.213776,2024-09-25T02:05:04.862478
74474,deal,Charles Chen,David Johnson,1883,help,whom,2024-07-07T18:17:09.681662,2024-02-24T03:30:56.064289
67245,dream,Mr. Jack Hendrix,Gregory Arnold,253,exist,rich,2024-12-26T00:45:47.557796,2024-07-19T17:14:20.647062
63912,chance,Gregory Bishop,Kevin Krause,3381,describe,play,2023-10-29T06:08:44.872101,2024-05-11T01:10:13.170443
22265,nearly,Zachary Smith,Claudia Weaver,922,remain,character,2024-06-13T04:41:35.334338,2024-11-30T04:18:18.727525
72505,improve,Priscilla Carlson,Michelle Davis,690,without,according,2024-08-10T02:09:06.041634,2024-05-02T17:07:19.370679
84941,care,Tara Phillips,Jean Todd,696,tell,commercial,2024-11-05T00:51:16.070003,2024-10-14T06:18:55.155352
30421,rate,Leslie Baker,Jose Peters,2189,section,success,2023-12-23T16:25:36.572205,2024-03-02T02:40:41.793696
47895,east,Julian Rosales,Sarah Gonzalez,1550,key,condition,2024-06-10T04:01:00.705779,2024-09-21T09:01:07.961063
44743,between,Kevin Davis,Mark Jackson,2906,many,hear,2023-09-27T01:11:33.677709,2024-05-27T20:05:59.877186
22848,seek,Tiffany Cox,Tonya Ward,2797,red,trade,2024-04-26T21:57:12.405731,2024-05-22T22:28:26.445168
84138,offer,Tracy Clayton,Belinda Whitaker,1143,here,put,2024-05-08T14:53:44.013758,2024-09-29T02:19:22.105104
15044,could,Stephanie Richard,Michelle Bolton,2457,note,economic,2023-08-18T16:11:15.506435,2024-03-29T11:13:19.193209
33181,play,Meghan Hudson,Patricia Herrera,2971,member,hand,2023-11-03T13:10:17.936014,2024-05-27T06:01:36.748689
98855,picture,Melissa Carson,Heather Webb,889,page,own,2025-01-16T09:28:43.444277,2024-10-22T23:16:29.167303
63269,operation,Mary Small,Lori Riley,631,through,population,2024-08-20T19:42:29.448462,2024-09-09T10:55:04.750852
24423,upon,Kathleen Johnson,Traci Carter MD,2733,material,eight,2024-06-03T12:04:06.642495,2024-02-26T16:57:43.451866
64180,provide,Rose Hall,Richard White,2118,light,manager,2024-04-07T19:53:19.476830,2024-11-25T04:02:49.434952
6588,life,Tracy Kane,Henry Thomas,1915,third,human,2023-07-06T08:07:33.676538,2024-10-21T06:32:05.019739
53855,difference,Richard Young,Morgan Alvarez,396,early,rich,2024-08-01T23:00:11.353652,2024-10-18T15:41:30.996363
31260,final,Ashley Hill,Veronica Golden,2277,music,open,2024-11-30T18:48:51.290852,2024-07-07T18:11:16.460368
71593,doctor,Justin Pierce,Michael Hull,2691,contain,out,2023-04-20T23:49:03.222684,2024-05-11T14:33:44.246196
25595,movement,Chase Walker,Daniel Lucero,722,feeling,kitchen,2023-12-18T18:11:32.930025,2024-05-24T00:07:26.571586
76090,cold,Billy Delgado,Jennifer Mills,2145,whole,still,2024-06-13T09:43:21.765001,2024-08-27T15:59:03.748810
98954,well,Mr. William Diaz,Wendy Graham,1189,standard,any,2023-06-05T00:30:20.044055,2024-04-21T15:49:08.784205
96839,cover,Ryan Brown,Kelli Morris,1971,week,research,2024-10-28T02:34:59.327474,2024-11-28T09:40:25.685063
251,official,Joshua Wheeler,Bobby Morales,3590,special,up,2024-11-05T05:25:59.688883,2024-09-29T19:34:28.341781
95682,since,Kathleen Smith,Kristin Potter,1342,scientist,generation,2024-12-23T19:30:57.814981,2024-05-10T03:00:35.426222
25819,impact,Michele Wright,Amanda Brown,2175,hair,travel,2023-09-17T16:35:13.242979,2024-02-11T06:50:01.065088
2350,painting,Stacey Simmons,Steven Hart,2429,herself,result,2024-07-21T13:06:10.063356,2024-05-15T03:18:47.212095
4607,whom,Christopher Matthews,Amanda Morales,3118,race,still,2023-04-12T04:14:11.790680,2024-02-14T23:12:26.302490
85729,star,Lisa Thompson,Alexander Hill,1183,many,business,2024-07-03T02:02:21.538553,2024-04-20T12:19:00.804406
3973,majority,Jeanette Adams,Kristine Juarez,2552,culture,music,2023-10-25T08:28:56.489060,2024-06-02T01:54:14.702088
45305,purpose,Michael Freeman,Ricardo Howard,3116,bad,be,2023-05-03T02:02:54.296164,2024-11-07T21:56:01.996353
49855,very,Sandra Stanley,Chelsea Lynch,1208,note,kid,2023-02-22T21:25:46.317780,2024-05-09T07:06:57.510480
97436,one,Sharon Lamb,Adriana Wheeler,3503,similar,world,2023-06-07T10:05:59.732633,2024-05-20T14:49:14.331302
84045,make,Debra Lee,Kimberly Caldwell,829,however,why,2024-06-16T23:06:30.434938,2024-11-19T13:20:50.793222
2129,itself,Dawn Duarte,Lisa Williams,1441,apply,price,2023-06-16T16:06:18.080608,2024-08-10T15:38:40.085614
55577,network,Melissa Johnson,Tammy Cole,1427,difficult,physical,2024-06-16T09:47:56.762910,2024-11-05T07:56:45.797547
4601,course,Sharon Quinn,Chad Bentley,705,glass,talk,2023-03-29T07:10:07.260793,2024-08-20T07:12:47.578938
22110,Democrat,Kristina Conner,Michael Frank,2544,hour,later,2024-11-30T03:02:39.149859,2024-05-05T09:26:03.911858
47569,section,Daniel Morris,Mark Blair,1479,provide,growth,2024-02-13T12:36:26.096986,2025-01-15T20:42:45.600476
12098,mother,Tracy Ford,Sean Austin,2472,eight,fund,2023-12-14T02:41:13.669577,2025-01-21T16:00:17.866466
26166,threat,Gregory Rogers,Lori Hunter,1205,enough,step,2023-04-11T01:39:14.776029,2024-03-21T04:44:42.499668
40602,public,Alan Hammond,Thomas Everett,168,research,author,2023-10-17T15:08:03.727404,2024-09-07T19:32:01.763011
92244,environmental,Andrew Robinson,John Osborne,3553,easy,keep,2023-03-27T02:45:47.727611,2024-09-12T09:24:17.066837
90620,under,Christopher Guzman,Martha Robinson,1781,anything,pass,2023-12-08T09:47:05.987343,2024-07-07T03:27:41.305262
90894,crime,Pamela Ryan,Amanda Jones,2297,approach,particularly,2023-11-11T09:21:55.428987,2024-12-05T13:48:18.935639
45423,tough,Adam Scott,Michelle Peterson,840,much,away,2023-11-12T12:45:11.942985,2024-04-22T13:38:23.399299
59304,article,Alicia Scott,Alan Boone,2224,process,door,2024-09-05T20:10:29.720953,2024-02-08T04:27:20.428071
32046,serious,Kelly Young,Michelle Robinson,603,fly,admit,2023-08-05T02:57:03.589676,2024-02-06T21:28:14.947412
29227,there,Wayne Washington,Logan Lester,551,collection,player,2024-07-11T14:46:04.310130,2024-02-26T07:56:52.900727
99779,national,Christopher Dudley,Steven White,3444,especially,ten,2024-05-12T17:15:40.090909,2024-11-21T16:22:10.977375
34614,conference,Christine Reeves,Jason Smith,1151,not,maintain,2024-04-12T14:58:42.421126,2024-10-29T05:02:29.574879
92975,seek,Crystal Parker,Mrs. Dawn Lewis,2403,some,into,2023-11-02T02:48:07.766007,2024-06-27T18:40:28.419402
24764,I,Anthony Guerra,Caroline Holmes,2239,first,executive,2024-05-30T21:42:32.861750,2024-01-31T10:05:51.420069
63940,weight,Sandra Lewis,Mike Christensen,3577,arm,clear,2023-11-15T15:40:21.072638,2024-08-08T00:36:31.668419
13403,yourself,Linda Park,Laura Rodriguez,889,red,check,2024-10-18T19:54:28.270871,2024-09-18T19:44:38.816129
15152,long,Ashley Ponce,Rebecca Chavez,895,one,they,2024-12-09T20:22:11.399525,2024-08-06T02:59:35.718197
19896,responsibility,Megan Sanchez,William Rodriguez,383,raise,left,2023-12-10T15:45:09.105065,2024-09-12T22:27:32.353159
42434,record,Tammy Dominguez,Michael Reed,3502,reflect,official,2024-10-08T19:33:31.917588,2024-09-14T23:54:44.692030
3520,its,Gerald Sweeney,Stacey Keller,1611,recent,position,2024-12-03T14:05:45.776835,2025-01-22T02:26:03.823098
25310,necessary,James Turner,Jennifer Perez,3136,every,car,2023-09-03T00:58:25.013321,2024-07-16T03:49:54.247765
18981,a,Brett Berg,Alexandra Young,1099,room,drop,2023-04-06T19:36:45.002511,2024-08-21T01:42:09.252000
31950,usually,David Henry,Rachel Bishop,1380,during,court,2024-01-07T06:15:52.985766,2024-07-21T09:26:19.189371
90186,condition,Sarah Oneal,Alexander Hernandez,1369,lay,everything,2023-01-25T19:26:24.732244,2025-01-08T02:13:32.543574
8395,simply,Maria Ruiz,Nicole Gray,2184,their,child,2024-09-06T09:20:32.235425,2024-11-09T15:52:35.362831
49635,process,Antonio Oneill,Mark Lester,2325,single,line,2023-05-04T00:09:18.564975,2024-11-08T10:02:37.870919
99598,something,Christine Taylor,Thomas Landry,1799,vote,glass,2024-09-30T21:44:10.741804,2024-09-15T00:33:52.785110
61931,these,Michael Luna,Sarah Perry,2424,business,yet,2023-12-22T13:32:24.780476,2024-12-27T06:50:21.845383
90116,fly,Jacob Jensen,Paul Jenkins,2130,front,nothing,2023-04-16T06:11:02.299193,2024-03-10T16:08:39.214471
50219,few,Jessica Rodriguez,Brenda Scott,2756,determine,glass,2024-01-08T08:35:17.616846,2024-11-19T19:50:06.324622
88649,born,Daniel Miller PhD,Sarah Boone,209,pressure,station,2023-03-30T11:11:41.150883,2024-08-01T08:35:04.566798
86808,against,Allison Alexander,Sarah Preston,295,six,affect,2024-12-26T06:58:02.784129,2024-05-20T15:34:52.974180
77574,last,Brittany Dean,Andrew Obrien,58,vote,foot,2024-11-06T12:18:35.335394,2024-05-18T08:50:15.039395
83560,course,Nicholas Hall,Brandon Gonzalez,3499,manage,bed,2023-08-06T22:36:44.512200,2024-07-29T19:56:29.001317
88841,paper,Nicole Wright,Allen Brown,1766,film,partner,2023-06-06T14:03:36.317799,2024-07-24T21:22:00.867705
62057,run,Brenda Wu,William Murray,2102,four,bring,2024-01-15T12:47:08.458828,2025-01-12T12:40:47.784591
23153,toward,John Brown,Morgan Ferguson,3083,most,them,2024-03-31T01:50:18.503640,2024-10-22T22:08:22.460645
30937,choice,Bradley Duncan,Mary Garcia,1856,study,area,2024-07-13T05:20:25.439221,2024-10-18T08:04:39.231123
29279,somebody,Timothy Cook,Randy Marsh,61,dark,tell,2024-12-21T10:14:30.213335,2024-06-19T15:52:37.974768
12154,source,Susan Garcia,Taylor Juarez,1123,now,require,2024-04-10T10:59:47.042843,2024-09-04T06:35:32.314309
80724,style,Stephanie Fischer,Michael Hicks,232,drug,music,2024-08-22T11:35:14.611668,2024-08-15T17:17:13.943431
84779,such,Ashley Jimenez,Thomas Kelley,1372,finally,around,2024-02-11T21:51:08.496192,2024-08-23T11:04:25.517048
51567,inside,Dale Zimmerman,Katelyn Leblanc,2391,stop,majority,2024-07-07T17:22:59.845514,2024-04-28T20:55:29.072129
19105,crime,Brett Daniels,Tamara Rowe,1359,cold,small,2024-11-04T18:38:11.648481,2024-05-15T23:11:18.809205
78339,several,Dylan Garcia,Rachel Robertson,21,modern,feeling,2023-07-02T03:56:16.291075,2024-08-20T15:05:31.458600
31064,lot,Scott Booker,Kyle Padilla,844,church,even,2024-11-13T01:10:58.082445,2024-08-21T09:02:06.356154
23434,build,Duane Johnson,David Malone,2298,course,behind,2023-01-30T16:38:44.144674,2024-06-11T20:30:12.868722
64998,look,Joshua Murphy,Kathleen Morales,1173,choice,network,2024-03-17T19:11:43.980420,2025-01-18T17:54:39.125628
97731,next,Kelly Vasquez,Ashley Nichols,52,ahead,high,2023-02-19T17:53:08.810420,2024-08-06T13:05:47.414753
54084,so,Charles Jones,Katie Bonilla,453,toward,maintain,2023-11-24T21:27:40.848854,2024-12-13T06:26:07.363244
43642,lead,Melanie Medina,Brian Greene,400,daughter,past,2024-10-24T20:22:32.185362,2024-04-05T04:28:49.698683
81189,reduce,Mark Lopez,Jordan Estrada,2872,establish,PM,2023-08-20T01:32:37.528380,2024-05-05T15:16:53.869658
12909,good,Matthew Romero,Jessica Reed,1394,security,deal,2024-08-22T14:13:41.568673,2024-10-12T03:42:47.541423
30811,simply,Emily Scott,Angela Foster,3011,center,despite,2024-02-16T15:32:12.001010,2024-10-24T17:29:05.182111
16463,effort,Dennis Collins,Jerry Grant,844,act,major,2024-05-26T09:39:46.692327,2024-07-09T15:41:24.478163
6015,third,Scott Herman,Michael Williams,2107,certainly,hope,2024-02-04T09:30:41.937853,2024-10-25T05:22:12.199957
9029,him,Jay Martinez,Christopher Smith,1823,bit,forward,2023-06-07T23:59:41.635956,2024-12-08T19:41:05.304928
24532,shake,Denise Underwood,Jennifer Mayo,725,response,large,2023-11-07T19:59:52.081897,2024-11-04T21:56:06.815309
10646,positive,Tracy Casey,Connie Roman,2518,watch,finish,2023-11-08T01:55:30.316691,2024-07-04T14:34:30.637041
82347,put,Joseph Brown,Ryan Parsons,2379,here,identify,2023-09-30T12:40:54.175627,2024-02-10T23:41:12.401149
62190,forward,Micheal Mccormick,Dwayne Franklin,186,who,personal,2023-05-09T06:02:49.404398,2025-01-17T10:47:43.192899
48076,source,Sonya Jones,Mary Graham,3098,police,trouble,2024-08-08T11:33:56.487608,2024-03-09T08:19:17.553339
15083,international,Andrew White,Emily Thompson,2422,bag,meet,2024-11-29T02:09:54.058030,2024-03-24T02:03:24.841511
10817,debate,Christina Vega,Rebecca White,274,man,anything,2023-12-15T19:01:33.714728,2025-01-23T01:15:54.734198
63384,attack,Juan Robinson,Dr. Stephanie Davidson,2356,century,necessary,2024-10-29T01:11:24.908938,2024-07-11T23:47:25.322436
95547,lawyer,Raymond Nelson,Bradley Ruiz,1277,happen,fund,2023-07-13T18:50:53.550858,2024-06-13T16:07:13.956932
76986,drop,Matthew Molina,Mr. Patrick Perez,1631,collection,market,2023-12-27T12:57:05.121988,2024-01-30T19:42:16.717347
37772,measure,Steven Curtis,Nicholas Mullins,2242,red,may,2023-09-06T15:09:12.359777,2024-08-31T21:46:07.214449
72701,player,Michelle Crawford,Anthony Diaz,2252,reach,give,2024-08-25T06:19:10.445980,2024-03-18T16:42:31.535065
94869,life,Richard Campos,Gail Conley,1586,score,modern,2023-04-25T10:19:16.822430,2024-11-29T11:00:28.083246
22735,forward,Christine Chavez,Timothy Peterson,1035,contain,best,2024-01-27T22:28:03.017236,2024-03-02T21:53:33.630303
89139,quite,Russell Rowland,Shannon Sullivan,212,detail,seek,2024-03-23T12:00:59.017642,2024-04-18T17:51:13.943576
84744,part,James Lewis,Misty Williams,915,sit,arm,2024-05-18T18:03:27.038866,2024-05-04T09:32:42.836594
96,apply,Megan Sloan,Michael Washington,504,case,tough,2023-08-28T00:31:29.801992,2024-11-14T09:55:12.208027
68166,necessary,Billy Stark,Andrea Smith,1536,later,edge,2023-10-02T05:31:34.301433,2024-12-12T00:49:15.192308
10480,drive,Jennifer Gonzales,Lori Rivera,636,six,medical,2024-10-15T14:18:13.076256,2024-04-06T16:21:24.434341
73173,technology,Todd Diaz,Kerry Gaines,1055,week,heart,2023-06-01T11:54:49.160784,2024-09-01T06:49:01.767471
84227,teach,Kelsey Dillon,Veronica Hernandez DDS,1867,discuss,police,2024-12-03T11:26:46.032111,2024-07-08T20:51:16.083703
86474,state,Shawn Lopez,Christopher Reed,773,air,we,2024-07-17T05:27:12.754179,2024-06-06T10:55:20.038630
50276,indicate,Ethan Roberts,Mr. James Wyatt,2222,technology,stand,2023-12-01T13:24:24.720410,2024-07-24T08:57:40.145024
89827,ok,Barbara Hess,Dr. David White,2427,plant,whatever,2024-08-04T14:58:07.045487,2025-01-17T22:01:22.008930
23613,receive,Whitney Wilson,Andrew Hayden,912,ahead,last,2023-12-03T17:29:03.436438,2024-11-13T04:50:51.995591
21428,woman,Tasha Barajas,Joshua Warner,2001,term,rock,2023-07-11T07:42:50.263803,2024-05-09T22:29:10.786053
56447,or,Ashley Burnett,Sharon Cole,427,phone,nature,2023-04-09T09:13:57.262625,2024-10-12T12:35:25.752686
80610,evening,Tammy Miller,Eric Hamilton,2143,lay,really,2025-01-17T08:18:51.164597,2024-04-29T02:45:41.257385
28405,say,Suzanne Beck,James Hinton,2242,more,together,2023-05-12T06:29:27.226994,2024-09-04T01:43:16.393031
73063,nation,Taylor Burke,Gary Hayes,2571,method,artist,2024-11-07T21:57:28.079956,2024-04-26T20:38:22.334949
25462,life,James Garcia,Whitney King,2225,set,expect,2024-10-04T16:55:44.038509,2024-02-19T23:25:11.589342
67988,pattern,Thomas Martinez,Derrick Butler,2251,garden,add,2023-08-05T09:00:01.334376,2024-06-11T00:32:59.218992
87300,show,Katelyn Robles,Regina Rogers,1686,similar,performance,2024-01-27T19:18:18.910987,2024-07-24T11:54:29.858302
79273,series,Joshua Shannon,Shaun Johnson,3011,identify,prove,2024-05-19T06:32:59.637842,2024-02-10T18:14:50.938549
24846,use,Margaret Jones,Elizabeth Black,3381,wonder,glass,2023-01-27T00:00:08.175073,2024-07-11T09:04:46.777432
78664,large,Edward Williams,Regina Rodriguez PhD,1660,education,skill,2023-03-12T16:50:41.435942,2024-06-28T17:37:38.118396
97227,a,Thomas Krueger,Lori Green,2287,admit,indeed,2023-01-26T23:12:08.346650,2024-03-20T01:15:54.335692
62803,place,Michelle White,Sara Young,817,common,pick,2024-10-01T04:01:44.554485,2024-09-14T12:53:51.441344
13187,pattern,Austin Maldonado,Patrick Thomas,2866,professional,speak,2023-03-08T18:12:29.504787,2024-10-02T11:54:36.913034
23752,without,Andrea Castro,Timothy Whitaker,474,tax,collection,2024-12-26T18:22:12.935692,2024-05-11T03:07:50.971730
35902,wide,Cameron Ray,Christopher Jones,1308,whose,war,2023-07-16T14:30:00.002003,2024-11-05T23:53:07.307550
7865,development,Jacqueline Sanders,Matthew Wilson,3302,size,kind,2024-12-29T00:37:14.579958,2024-03-01T04:31:18.690356
3811,become,Anna Wilson,Brett Bean,2921,service,different,2024-08-06T19:53:03.302912,2024-08-20T23:53:01.201031
28402,baby,Ronald Salinas,Courtney Giles,1134,him,way,2023-02-01T06:38:28.046165,2024-02-04T01:47:28.436620
37754,news,David White,Matthew Harris,1920,will,deep,2024-04-14T14:32:12.133719,2024-05-30T23:53:02.321106
11143,single,Emily Martinez,Elizabeth Holmes,1211,scene,firm,2023-04-30T21:27:07.636130,2024-10-13T15:13:09.781617
45839,nice,Susan Fletcher,Austin Carney,2921,item,true,2023-08-20T02:47:53.603314,2024-04-29T16:50:20.051216
48983,garden,Denise Barber,Hayden Smith,2734,under,represent,2024-12-12T17:24:27.060306,2024-06-30T13:11:57.057610
34996,impact,Frank Fitzgerald,Leah Harper,1001,then,you,2024-06-17T07:50:41.915627,2024-02-23T18:21:58.667823
91259,whom,Carolyn Ramsey,Shannon Sutton,2642,hear,newspaper,2023-10-08T01:56:10.276157,2024-07-29T13:37:08.557404
35333,magazine,James Acosta,Laura Quinn,252,tell,describe,2023-04-01T08:05:35.255062,2025-01-02T03:11:03.683291
7516,social,Nancy Griffith,Michelle Johns,3599,also,pull,2024-01-30T22:11:29.962236,2024-10-28T23:21:52.426093
9570,hold,Kimberly Johnson,Andrea Blevins,868,tend,include,2024-04-20T04:40:49.751813,2024-06-10T20:35:27.029348
35616,design,Nicole Ramos,Taylor Newton,3593,new,work,2024-06-04T22:21:27.343112,2024-08-14T00:54:58.157279
96717,billion,Kristopher Wilson,Melissa Potter,1024,when,election,2023-06-16T13:26:04.348213,2024-02-14T21:32:03.623087
3098,not,Lori Lang,Lisa Myers,1272,speak,easy,2025-01-08T03:25:59.256187,2024-06-29T00:04:21.011720
47636,continue,Allison Bruce,Michael Moore,3255,player,Congress,2024-04-22T14:03:35.880046,2024-10-18T19:56:46.136595
24012,game,Kristopher Thomas,Steve Williams,1360,suggest,catch,2023-12-20T17:36:39.578036,2024-05-24T13:35:11.693481
10153,a,Patricia Rojas,Gerald Rowland,3413,adult,garden,2024-01-07T17:50:05.543920,2024-06-04T17:41:03.088347
78522,of,Tiffany Robertson,Kathleen Smith,316,Democrat,situation,2024-03-14T18:38:52.420068,2024-05-01T23:28:51.059236
58607,far,Austin Dillon,Megan Stone,1580,nation,before,2024-11-14T21:44:12.952051,2025-01-20T03:01:23.618656
31626,forward,Lisa Arnold,Jason Ho,1942,history,mother,2024-06-14T17:04:55.640578,2024-05-30T15:10:58.342902
51400,likely,Ronald Fowler,Paul Rivera,802,effect,water,2023-12-05T22:45:30.270603,2024-03-23T16:00:26.325756
86019,foreign,John Blackwell,Mrs. Brittany Garcia,2292,shake,want,2023-09-10T06:24:58.813460,2024-08-07T02:28:44.947406
12756,perform,Sabrina Weaver,Adam Jacobs,3100,left,operation,2023-04-26T20:17:03.530370,2024-06-06T06:36:35.492781
767,organization,Lindsey Porter,Maria Perez,3550,black,out,2024-04-25T07:40:40.791800,2024-06-08T16:49:02.799433
28279,example,Carl Lowe,Regina Fowler,3328,success,need,2024-11-01T00:13:06.012218,2025-01-01T02:38:36.734519
43678,painting,Jessica Gonzalez,Heather Henderson,3,recognize,necessary,2023-03-18T09:55:18.862717,2024-05-15T23:09:32.261749
79460,own,Kelli Howard,Jeffrey Barker,1084,say,draw,2024-08-21T11:06:55.707903,2025-01-15T02:53:04.062756
41130,early,Alexander Johnson,Jason Page,3028,street,case,2023-09-02T01:52:56.501030,2024-10-10T19:51:13.190640
6102,I,Cynthia Johnson,David Brown,740,sign,go,2023-07-30T20:49:02.592768,2024-06-21T09:23:10.888992
34469,benefit,Jenna Brown,Pamela Norris,381,again,according,2023-07-15T06:42:46.321942,2024-11-17T00:01:31.533391
50544,everybody,Mrs. Michelle Martin,Sarah Peterson,2266,somebody,middle,2024-12-25T15:14:59.988947,2024-12-02T03:41:40.431556
38263,concern,Todd Young,Craig Hoffman,2524,bill,create,2024-03-25T15:31:43.343983,2024-12-12T05:28:28.774216
22908,involve,Thomas Cox,Steven Sutton,3370,along,carry,2024-10-08T19:52:15.009815,2024-12-10T01:59:39.061555
84789,write,Andrea Mitchell,Tiffany Wheeler,3182,country,laugh,2024-11-14T00:10:06.672348,2024-09-10T07:17:33.980247
92588,contain,Eric Warren,Keith Taylor,205,wall,democratic,2025-01-15T13:48:00.944245,2024-08-17T12:34:11.765897
36844,behavior,Taylor Butler,Sandra Alvarez,3496,term,scientist,2024-11-24T06:05:05.571566,2024-09-10T10:23:34.300896
47333,arm,Brandon Willis,Catherine Alexander,644,billion,miss,2023-07-02T19:49:22.036328,2024-10-21T16:24:37.208706
1889,information,Mary Yu,Rachel Gross,956,cell,own,2023-03-13T16:57:14.649862,2024-04-09T14:35:00.279075
77555,education,Sabrina Waters,Cameron Mcdonald,1463,citizen,address,2023-09-10T02:28:26.299272,2024-09-10T21:06:09.097581
14298,customer,Denise Gutierrez,Dana Perez,124,sound,me,2024-12-27T02:15:36.095636,2024-08-14T19:38:36.684604
97172,remember,Rick Martin,Kathleen Stone,907,itself,perhaps,2025-01-18T09:35:47.315093,2024-12-12T23:16:48.191028
46267,interesting,Pamela Perez MD,Dr. Richard Sanders,367,mention,instead,2023-04-22T14:31:58.752104,2024-07-28T19:54:41.684118
16032,pick,Melissa Williams,Dana Travis,467,remember,clearly,2023-06-12T20:00:47.210379,2024-12-20T01:28:56.113744
81809,treat,Melvin Hoffman,Paige Washington,1210,pass,trade,2024-04-17T08:35:54.484083,2024-03-21T03:26:32.480503
89733,space,Scott Hamilton,Crystal King,3492,blood,usually,2024-10-17T12:59:11.429301,2024-04-29T01:52:04.666149
97539,argue,Robert Peterson,James Thornton,491,sea,whole,2024-12-01T00:53:15.158864,2024-07-24T00:48:45.430915
73543,prove,Jennifer Hendrix,Ashley Howe,1556,rule,impact,2024-10-30T15:41:02.232861,2024-07-19T07:23:48.307423
97263,particularly,Michelle Roberts,Felicia Hill,274,child,school,2024-03-23T03:49:16.246705,2024-02-16T09:35:55.808419
16441,more,Nicholas Anderson,Michael Dean,937,address,pull,2024-07-07T09:29:38.781612,2024-04-10T13:34:18.598783
50456,natural,April Fitzpatrick,Robert Humphrey,1484,whatever,hear,2023-06-11T01:57:19.424253,2024-10-13T04:30:03.999743
61865,minute,Wesley Martin,Alexis Riggs,2259,campaign,example,2023-11-14T03:26:24.597426,2024-09-23T04:06:47.750091
83138,fly,William King,Joseph Bradley,1316,conference,those,2023-08-07T12:36:33.835070,2024-04-30T19:36:43.878299
13444,and,Carolyn Fritz,Kristina Burns,358,break,project,2024-12-23T13:55:51.209767,2024-04-25T13:41:00.027137
27379,skill,Alexandra Wright,Randy Morrison,1369,leg,evening,2024-01-24T07:16:34.821541,2024-06-04T18:34:29.047029
91393,type,Jason Montoya,Tracie Hughes,1865,top,admit,2023-11-06T09:04:35.601543,2024-05-16T01:55:20.924139
28475,Mr,Alyssa Lang,Daniel Carter,300,especially,big,2024-06-01T14:47:57.695112,2024-08-01T20:10:06.267136
91961,every,Jennifer Harris,James Clark,2197,behind,four,2023-08-31T20:53:40.029789,2024-07-21T01:59:38.749550
65974,manage,Jason Garcia DVM,Janet Hooper,227,coach,issue,2023-07-28T13:28:03.178793,2024-05-02T10:35:47.225519
38551,act,Eric Page,Suzanne Bennett,833,you,manage,2023-06-08T21:55:38.116740,2024-05-27T18:05:10.926747
63969,mother,Jared Garcia,Brett Mcintosh,720,amount,specific,2024-02-21T23:46:41.112469,2024-10-02T00:28:14.182164
84800,safe,Julie Thompson,Christopher Morris,1240,image,particularly,2023-02-06T23:25:48.796841,2024-09-06T14:13:31.307169
81476,source,Monica Hawkins,Thomas Stewart,103,while,couple,2023-06-06T21:06:48.023853,2024-03-20T19:23:35.874220
57063,social,Adam Lawson,Gabrielle Riley,374,pay,able,2023-05-15T03:05:31.525659,2024-11-06T06:30:18.694825
74703,American,Kenneth Merritt,Dr. Walter Brooks,121,admit,sometimes,2024-04-30T14:43:59.891321,2024-04-14T17:42:50.423675
38970,decade,Lisa Carr,Jody Hawkins,2513,reality,lay,2025-01-24T03:06:26.771144,2025-01-14T15:00:38.490755
57987,majority,Amanda Patel,Aaron Thomas,1668,true,win,2024-11-03T16:23:09.841441,2024-11-05T03:53:20.145200
67218,business,Tyler Jones,Daniel Solis,2185,market,design,2023-05-03T22:09:30.081590,2024-11-28T15:36:16.167750
45700,affect,Robert Thompson,Melissa Johnson,1970,time,address,2024-03-29T19:50:02.587146,2024-07-07T15:43:38.028777
96135,full,Melissa Curry DDS,Stephen Castillo PhD,3062,never,cover,2023-03-26T23:45:08.044584,2025-01-19T20:18:20.991557
56823,TV,Mario Roberson,Brittany Peck,1151,defense,discuss,2023-12-26T22:16:05.360765,2024-02-25T14:55:43.211867
98814,point,Ronald Cooper,Steven Hernandez,2589,lead,could,2023-10-15T16:58:06.604048,2024-06-08T13:14:17.533202
34906,perform,Mary Thompson,Mr. Anthony Smith,2804,eight,million,2024-10-27T22:53:49.856706,2024-10-14T07:39:36.621122
51049,history,Kimberly Morgan,Jordan Garcia,816,range,whose,2024-08-04T02:57:39.585009,2024-02-24T19:57:29.160548
28385,news,William Howard,Erin Taylor,2632,grow,should,2024-10-12T22:10:47.365459,2024-11-10T07:55:42.101629
51657,form,Maria Walters,Patrick Valenzuela,1635,fight,push,2024-08-19T22:30:53.126279,2024-02-02T06:50:43.922073
57735,theory,Robert Lloyd,Thomas Olson,1512,agency,beyond,2024-06-18T19:40:31.746704,2024-05-11T16:42:58.144402
33116,treatment,Alexa Johnston,Patrick Bender,904,design,heart,2023-07-05T01:59:30.490168,2024-06-10T15:13:45.704208
35480,ever,Charles Bishop,Janice Weaver,516,bag,perform,2024-01-12T17:50:23.316071,2024-03-08T09:55:22.334129
57805,see,Mary Kennedy,Michael Coleman,1635,able,house,2023-06-23T21:41:59.163107,2024-12-07T04:30:32.856226
97716,within,Julie Jacobson,David Bass,2125,attorney,eye,2024-01-26T13:54:14.984053,2024-03-03T19:47:35.391930
94904,sing,Courtney Warren,Jose West,2569,parent,happen,2023-04-11T23:45:52.254364,2024-04-23T16:54:18.742034
53390,how,Elizabeth Jefferson,Daniel Beltran,1778,same,production,2024-03-31T14:47:28.620988,2024-02-21T15:45:01.034508
30865,soldier,Elizabeth Goodwin,Ashley Colon,3526,tell,may,2023-05-14T14:15:30.100553,2024-10-07T22:47:43.510886
95669,identify,Steven Hernandez,Michael Mitchell,238,court,well,2023-09-02T17:12:11.055066,2024-06-06T05:38:18.746538
98995,example,Jenna Lester,Gabriella Yang,2545,be,reflect,2025-01-17T10:46:09.018644,2024-06-02T21:42:57.851298
93550,where,Donna Parks,Robyn Gates,2462,capital,heart,2023-10-14T13:12:14.867208,2024-11-06T20:15:41.474993
5448,listen,Jeffrey Sanchez,Nicholas Ball,2718,street,maybe,2023-12-05T08:17:20.226621,2024-03-23T16:13:24.892490
60186,between,Andres Wilcox,Jonathon James,132,front,worker,2024-10-25T01:26:41.538948,2024-03-06T02:22:01.810020
96413,art,Alan Mack,Christopher Price,2084,security,return,2023-08-29T13:54:18.759359,2024-08-05T19:06:41.196513
94654,poor,Justin Gaines,Rebecca Jones,1721,staff,information,2024-02-10T00:52:28.471875,2024-03-09T19:58:41.667819
69645,red,Alexis Rodriguez,Charles Baldwin,1814,prepare,green,2024-04-11T11:46:57.465216,2024-10-06T14:17:02.784454
92695,successful,Cynthia Robles,Jim Morgan,2197,before,improve,2023-02-28T08:01:02.905657,2024-11-28T07:24:33.193344
60962,young,Jonathan Miller,Anthony Hayes,2720,air,just,2024-02-13T22:04:48.579839,2024-01-28T08:49:53.846090
61648,bar,Elizabeth Harrison,Amy Pineda,1196,food,necessary,2024-06-26T21:56:39.839099,2024-01-31T15:49:13.077043
35988,image,Amanda Duran,Amanda Mclaughlin,3349,media,available,2024-11-07T17:54:21.176351,2024-04-06T04:18:33.097297
704,admit,Jennifer Wilson,Sarah Mills,1241,consider,share,2024-02-21T08:04:07.213657,2024-06-07T09:07:00.659789
1143,call,Tiffany Chavez,Richard Griffin,2084,still,between,2024-11-03T17:36:47.838935,2024-04-28T15:54:13.276395
31770,source,Alexandra Mcknight,John Jenkins,2273,one,cover,2023-05-01T09:15:23.276566,2024-07-27T09:26:02.205735
13507,charge,Carl Lewis,Daniel Smith,2238,example,structure,2023-10-07T00:53:47.274824,2024-07-11T23:07:47.906541
58499,through,Teresa Smith,Mary Campbell,844,citizen,away,2024-09-19T08:09:02.368383,2025-01-24T12:40:14.942798
2440,in,Matthew Day,Alicia Hammond,1762,note,police,2023-10-16T07:59:23.108717,2024-06-25T04:24:04.644805
40610,suggest,Adrian Baker,Steven Johnson,2537,would,common,2024-01-10T00:17:42.901992,2024-02-17T01:13:53.294435
56847,have,Jason Thompson,Roy Drake,1114,administration,bring,2024-06-05T12:08:21.450909,2024-06-15T17:13:57.424754
2907,style,Rebecca Beck,Theresa Mills,2718,nice,method,2024-10-05T21:29:28.675941,2024-03-14T16:47:15.137104
53798,yeah,Ashley Branch,Zachary Brown,3480,fill,cut,2023-02-23T09:52:28.826488,2024-08-25T03:55:16.906195
57924,large,Nicholas Williams,Kaylee Gonzales,2979,lead,receive,2025-01-17T02:18:31.860587,2024-12-07T13:37:54.311931
30068,place,Juan Jones,Alicia Alvarez,1842,lose,manage,2023-03-16T13:26:29.243672,2024-11-30T23:45:07.594323
55182,natural,Derrick Frazier,Sharon Lowery,3003,thus,lose,2024-10-30T21:55:47.213657,2024-06-13T22:32:07.649333
28817,respond,David Hoffman,Jessica Martin DDS,2500,time,financial,2024-09-30T23:38:32.632170,2024-07-16T02:46:59.444557
20526,camera,Gabrielle Rodriguez,James Nelson,3183,gas,another,2024-05-29T21:05:26.488995,2024-03-10T11:20:21.208927
19585,child,Nicole Davenport MD,Richard Mills,896,agent,miss,2023-11-28T09:39:42.874132,2024-04-25T00:54:56.111058
9418,middle,Adam Brown,Jerry Fuller,2487,response,up,2023-06-19T02:14:48.038923,2024-04-15T21:06:27.020870
22087,need,Erica Gibson,Erika Bailey,2247,dark,sport,2024-10-08T05:21:31.454494,2024-10-24T11:57:56.805617
32471,his,Pamela Bennett,Dawn Simmons,2117,deal,own,2023-07-22T03:59:04.843663,2024-10-21T22:38:26.917508
77250,also,Terri Lloyd,Karen Fowler,1406,project,apply,2023-12-06T19:04:37.197295,2024-11-05T13:50:58.343985
89701,stage,Mark Rodriguez,Larry Reeves,2113,guess,research,2023-10-22T23:51:47.874134,2024-10-09T15:12:48.621360
41015,check,Pamela Randall,Peter Carter,827,leave,feel,2024-12-21T10:20:58.946557,2024-02-04T11:59:59.139225
38754,us,Michelle Newton,Anthony Newman,2255,official,agent,2023-12-04T19:25:15.266834,2024-07-18T07:25:06.787514
28941,tend,Michael Baker,David Taylor,260,executive,cold,2023-12-24T16:09:56.379085,2024-06-22T10:39:32.319929
54437,system,Roger Zimmerman,Gregory Atkinson,256,song,finish,2024-01-20T08:24:24.955131,2024-11-26T22:38:26.169774
12060,religious,Ashley Ellis,Antonio Robinson,2755,step,mind,2024-11-01T05:55:36.289267,2024-09-24T18:05:44.014160
87216,marriage,Christina Cherry,Casey Pugh,2291,option,career,2025-01-23T06:28:07.941854,2024-12-21T00:02:39.055068
86695,especially,Deborah Parker,William Mitchell,628,crime,assume,2024-09-04T00:47:38.134160,2024-03-28T00:11:03.416245
84435,baby,Evan Gilbert,Amy Butler,1631,budget,city,2025-01-15T21:33:47.262940,2024-07-12T13:14:05.826381
25988,woman,Michelle Smith,Walter Washington,2671,their,debate,2024-10-29T05:24:29.460587,2024-02-12T08:22:13.736698
23869,rich,Benjamin Mosley,David Moore,473,whose,conference,2024-10-01T10:39:45.391526,2024-09-18T04:57:09.897772
21518,throw,Kevin Wilson,Mr. James Mayer,1171,usually,behavior,2024-02-14T15:35:36.653333,2024-05-14T10:48:39.612275
43462,analysis,Amanda Barnes,Willie Mason,3302,before,blue,2023-09-10T20:45:26.703047,2024-11-20T16:57:37.989052
4199,ball,Emily Woodard,Brandon Richards,2447,machine,firm,2024-06-20T20:21:18.771352,2024-10-06T20:18:23.814133
70745,left,Michael Johnson,Ryan Oliver,2516,continue,seem,2023-10-23T13:33:40.091398,2025-01-06T03:07:14.368371
37378,me,Keith Barr,Alice Cardenas,703,have,argue,2024-04-28T15:30:32.258192,2024-03-15T04:41:08.997507
11854,company,Ana Martinez,Crystal Johnston DVM,1896,truth,challenge,2024-06-16T13:07:58.024836,2024-02-15T21:17:11.014706
75696,his,David Wilson,Samantha Mccoy,1764,arrive,tree,2023-08-08T17:03:02.277660,2024-04-13T22:33:50.975096
18583,certain,Jamie Martinez,Christine Spencer,24,knowledge,rest,2023-06-28T13:01:34.020091,2024-11-03T06:46:50.219371
73119,woman,Jaclyn Woods,Carol Wall,1982,save,provide,2023-08-07T01:07:56.825839,2024-11-11T00:58:42.066063
97426,develop,Matthew Turner,John Armstrong,2821,policy,let,2024-08-16T03:21:21.477564,2024-05-09T11:31:33.233690
27071,probably,Bryan Vang,Kathryn Clark,2258,tonight,week,2023-11-28T21:57:18.339434,2024-09-25T01:53:13.693849
39322,try,Stephanie Moran,Teresa Hamilton,1866,some,stay,2024-06-22T22:00:45.218119,2024-11-21T01:55:36.432360
86431,recent,Linda Sanchez,Megan Taylor,1888,safe,dinner,2023-09-25T13:24:15.779498,2024-11-10T16:34:51.034285
65850,and,Juan Craig,Kenneth Cabrera,3123,name,movement,2023-02-05T19:23:16.466864,2024-09-20T22:24:14.580436
1876,relationship,Molly Johnson,Phillip Carter,2147,foot,source,2023-02-07T08:22:48.149738,2024-09-02T01:00:04.668285
46517,candidate,Tammy Johnson,Patrick Bartlett,3036,program,economy,2024-03-28T20:59:57.945280,2024-06-22T20:10:00.848789
9778,set,Gregory Scott,Brian Tucker,1019,project,type,2024-09-09T06:38:58.971104,2024-02-01T12:05:10.479974
89985,against,Pamela Kelley,Christopher Taylor,2877,travel,produce,2023-08-02T03:06:56.556762,2024-04-16T12:05:22.636299
67969,collection,Erin Davis,Mr. Richard Roy,7,discuss,particular,2023-03-18T16:24:23.084626,2024-03-20T05:49:26.488018
17853,add,Gregory Lopez,Megan Rogers,1701,little,on,2025-01-04T20:02:00.815184,2024-09-25T21:11:28.213393
43264,mean,David Harris,Douglas Wallace MD,2785,because,save,2023-06-08T22:48:03.048205,2024-10-03T17:03:22.079239
79597,reach,Clayton Reyes,Stacy Everett,1712,other,actually,2023-10-25T15:10:23.854684,2024-07-12T13:10:37.506845
73837,turn,Nicole Smith,Danielle Smith,567,third,already,2023-12-06T16:59:49.805086,2024-12-26T12:34:36.258513
76292,rate,Lisa Abbott,Brandi Clark,1247,middle,prepare,2024-01-12T17:18:27.644883,2025-01-15T14:38:33.889550
31576,culture,Richard Young,Shannon Davis,230,kid,nor,2023-09-13T11:07:58.130467,2024-04-30T12:35:25.153497
63351,professor,Melissa Smith,Dawn Branch,761,agency,travel,2024-09-09T23:34:05.216972,2024-04-30T13:03:01.356041
90467,end,Daniel Ford,Ronald Hernandez,482,soldier,pass,2023-05-07T15:12:45.420990,2024-07-14T15:19:07.353258
983,capital,Brianna Blake,Jeffrey Compton,2124,probably,yeah,2023-08-18T07:07:39.340331,2024-06-04T12:50:06.640488
94169,choice,Keith Estes,William Harris,988,camera,individual,2024-10-02T00:16:10.429624,2024-05-29T19:47:54.659129
9319,both,Tyler Allen,Carly Price,2272,scientist,television,2023-02-13T08:45:19.249221,2024-08-09T06:24:13.797795
45156,defense,April Hamilton,Krystal Hughes,3447,go,down,2023-04-03T10:41:02.714021,2024-05-20T23:26:31.906555
93065,southern,Emily Shaw,Rachel Pena,2785,chair,high,2023-06-29T14:19:32.841785,2024-05-24T12:19:26.814891
10541,few,Lisa Frey,Sherri Brown,289,official,oil,2024-08-09T13:03:30.618899,2024-05-27T19:48:09.327622
99955,a,Jerry Chase,Karen Gomez,187,three,coach,2024-04-01T18:05:13.828739,2024-11-09T09:49:26.789733
52534,real,Brandon Nguyen,Arthur Marsh,3128,my,they,2023-10-06T14:45:45.711786,2024-08-09T21:02:58.962645
35266,hundred,Diamond Pierce,Wendy Hale,986,theory,environment,2024-03-23T05:02:03.353488,2024-02-03T00:44:48.796793
1633,avoid,Alexandria Serrano,Felicia Garcia,509,far,mind,2023-02-20T22:28:33.768008,2024-12-09T20:07:56.855665
12151,system,Helen Lambert,David Sheppard,2822,reduce,including,2023-12-27T13:38:04.348680,2024-03-01T11:47:28.224888
57464,take,Stanley Lewis,Colleen Spence,3150,fact,they,2024-06-07T11:52:04.590338,2024-06-21T19:58:10.468167
76535,arm,Amanda Ponce,James Newman,1963,situation,area,2023-07-17T13:41:10.516010,2024-12-09T22:30:18.792868
2599,matter,Ann Barajas,Justin Norman,3567,message,pretty,2024-04-15T05:11:20.838176,2024-05-19T14:39:37.770368
15697,any,Scott Hill,Daniel Villanueva,1149,behind,maintain,2024-12-13T22:29:58.745287,2024-09-27T03:41:37.712399
63173,bed,Barbara Jacobs,Gregory Matthews,3267,name,room,2024-10-19T05:30:36.057626,2024-07-30T22:14:23.717096
49879,land,Victoria Bailey,Jillian Collier,107,everyone,scientist,2023-09-24T18:57:09.063803,2024-02-18T05:53:11.090343
69167,center,Melinda Thompson,Ryan Boyer,2928,word,kid,2024-11-17T11:35:37.319892,2024-02-05T00:55:46.631764
56891,professor,Charlotte Baker,Juan Williamson,80,moment,identify,2024-09-02T02:43:22.953537,2024-04-22T12:30:02.733846
27514,pass,Alan Holloway,George Valdez,878,special,certainly,2023-12-05T17:42:37.377376,2024-02-18T23:36:57.021251
29681,actually,Paul Morris,Taylor Mckinney,1910,world,brother,2023-08-05T04:10:57.191839,2024-04-01T08:22:15.080208
45730,plant,Laurie Lee,Lisa Carson,773,environment,then,2024-04-25T01:49:49.966662,2024-05-17T00:58:07.044830
33812,also,Elizabeth Harrison,Aaron Bender,2072,leg,level,2024-05-11T21:06:27.812871,2024-03-12T06:44:21.553847
19416,no,Lisa Johnson,Ashley Nguyen,1162,ok,fact,2023-04-16T00:07:54.152546,2024-01-26T01:40:32.856395
84764,third,Samuel Blake,Mary Ford,2078,people,some,2023-08-10T20:56:49.737787,2024-09-05T17:10:33.103671
83348,side,Elizabeth Goodman,Michael White,2090,loss,already,2024-02-17T06:24:23.381328,2024-10-08T13:12:46.452711
60500,figure,Kayla Baker,Michelle Johnson,458,medical,simply,2023-08-17T04:50:32.340119,2025-01-19T22:50:10.865477
49356,hour,Lori Hill,Kristin Dunn,1295,fight,value,2024-08-02T22:34:25.157627,2024-09-13T21:46:31.022141
59386,which,Michael Lee,Nicole Flynn,1658,tree,especially,2024-05-27T14:57:39.210790,2024-11-03T02:11:46.305718
94783,customer,Mathew Gray,Aaron Decker,2252,because,mother,2023-12-29T00:09:55.143694,2024-08-22T06:40:52.657202
94465,fine,Chase Johnson,Anthony Lewis,900,nature,house,2024-02-27T13:52:57.266748,2025-01-17T15:53:17.775145
94206,base,John Bishop Jr.,Patricia Jones,725,attorney,table,2023-08-24T11:23:59.221256,2024-09-06T14:13:58.108212
75668,voice,Michael Freeman,Joseph Brown,393,either,during,2024-08-11T05:37:42.147094,2024-03-02T02:48:03.682380
31668,make,Samantha Johnson,Paige Newman,260,simple,ground,2024-11-05T18:56:30.283249,2024-03-14T03:40:05.504773
25529,voice,Larry Randolph,Tina Callahan,304,try,learn,2023-05-08T16:01:59.510370,2024-05-19T20:43:36.089802
17952,support,Mr. Trevor Walker Jr.,Michelle Moreno,1390,friend,able,2024-01-20T10:55:55.551857,2024-09-25T05:09:41.064917
75238,he,Kyle Jackson,Thomas Oliver,256,doctor,forget,2023-06-26T15:08:00.878950,2024-11-30T03:37:30.357567
87477,least,Maurice Cook,Kimberly Walker,3185,somebody,cover,2024-02-27T19:03:49.899514,2024-07-08T00:42:31.766763
36313,staff,Christina Tyler,Dana Harvey,375,road,talk,2024-09-23T10:22:03.613553,2024-07-05T06:21:36.730039
21965,hope,Dylan Nichols,Katherine Patton DVM,2403,toward,minute,2024-12-07T05:10:04.386161,2024-06-26T11:37:06.474261
97609,short,Nancy Macias,Andrea Sanchez,1484,follow,develop,2024-01-25T22:16:18.628028,2024-12-25T09:34:06.372425
54561,article,Terry Cox,Angela Thompson,1461,cost,listen,2023-03-29T08:07:12.348577,2024-12-31T12:05:49.812009
30791,us,Lori Collins,Jonathan Barrett,488,fill,should,2023-12-30T19:04:12.191900,2024-10-23T08:46:33.340668
88385,coach,Christine Baker,Kayla Rodgers,2388,month,argue,2024-08-13T20:05:53.394258,2024-11-11T17:22:47.260400
51065,wear,Joshua Carlson,Rebecca Adkins,2787,maybe,song,2023-10-30T19:14:22.220814,2024-09-04T03:29:53.680092
27974,receive,Cathy Martinez,Tammy Harris,445,spring,share,2024-11-29T22:11:41.904149,2024-09-29T15:05:43.454725
65535,ten,Jamie Preston,Michael Reynolds,27,week,nation,2023-02-25T07:37:42.951901,2024-10-06T12:24:12.464798
69848,billion,Cheryl Baker,Stephen Perkins,399,knowledge,point,2023-11-06T22:54:10.300972,2024-04-18T14:05:16.128710
25856,put,Jennifer Rich,Lauren Maldonado,1624,remain,want,2024-11-18T17:21:13.953962,2024-12-14T22:05:40.097110
90472,fish,Rachel Peterson,Lucas Young MD,2674,myself,traditional,2024-01-01T04:35:41.225327,2024-06-03T09:25:10.959560
89443,rate,Cory Yates,Kristen Wilson,3310,contain,yes,2023-10-17T00:59:17.893664,2024-11-16T07:36:57.618692
73791,speech,Emily Sanders,Brian Vega,1384,nothing,game,2024-11-03T03:47:35.254847,2024-11-06T13:46:21.405451
50151,development,Richard Parks,Gabriella Gonzalez,2538,from,sport,2024-10-29T07:23:02.337523,2024-05-09T11:42:13.928996
48129,entire,David Welch,Gregory Sanchez,2404,cover,training,2024-03-21T10:25:06.946867,2025-01-24T16:39:04.796961
99471,guess,Mr. Joel Coleman,Elizabeth Ruiz,1186,next,simply,2024-04-13T12:46:26.462607,2024-06-30T08:05:28.435530
65057,treatment,Brooke Collins,Aaron Perez,493,parent,according,2025-01-05T20:51:19.545799,2024-10-01T06:48:42.933808
4591,Congress,James Carpenter,Michael Wilkerson,2609,arrive,purpose,2023-06-15T12:46:19.543653,2024-03-20T01:32:15.296689
89466,take,Holly Humphrey,Ashley Ibarra,2353,never,fine,2024-10-05T13:06:27.169451,2024-07-15T01:24:16.561783
40032,full,Brenda Roberts,John Lane,389,example,exist,2025-01-08T11:56:24.220223,2024-02-04T15:12:38.403040
97404,opportunity,Tina Clayton,David Barnes,2460,yourself,cell,2023-04-24T02:26:35.081209,2024-01-25T17:23:27.003787
10064,more,Nathaniel Baxter,Michelle Warren,2524,lawyer,agreement,2023-04-11T07:17:59.038707,2024-06-28T04:54:39.148433
95105,food,Sierra Fitzpatrick,William Thomas,907,method,cold,2025-01-04T19:19:19.828748,2024-03-18T11:20:53.879734
69393,year,Julie Reyes,Justin Sutton,390,ball,customer,2024-08-08T20:56:12.007501,2024-12-04T17:37:23.828142
43417,guy,Carlos Howe,Katie Watkins,3267,politics,world,2024-04-30T11:28:00.730819,2024-07-20T14:20:18.510561
57306,bar,Christopher Boyd,Alfred Rodriguez,1041,Congress,knowledge,2024-02-11T08:36:13.350077,2025-01-21T08:39:02.525251
16504,tonight,Steven Compton,Adam Morrison,1183,medical,ball,2023-11-09T21:04:14.600933,2024-08-22T20:27:07.165827
89303,performance,Jody Cox,Joseph Williams,1608,should,accept,2023-12-10T16:47:14.976986,2024-06-07T02:02:47.055902
25116,first,Dr. Brittney Yates DVM,Shannon Horne,2773,write,full,2024-06-16T21:22:33.842703,2024-02-03T10:25:48.393093
46909,defense,Pamela Douglas,Heather Bowers,2798,case,avoid,2023-11-01T16:55:23.164228,2024-03-03T13:46:46.950147
36304,front,Brandon Boone,Nicole Perez,2697,city,thought,2023-05-28T03:41:20.967248,2024-02-22T22:18:34.137846
94929,consumer,Stephen Glover,Megan Taylor,846,peace,make,2024-07-22T00:28:16.538012,2024-05-04T21:53:11.821473
92849,modern,Devin Reed,Tracy Moore,1057,name,well,2023-04-29T04:15:49.413859,2024-04-20T19:47:57.482893
59896,mouth,Michael Harris,Karen Ellis,2995,last,affect,2023-05-03T10:33:02.252267,2024-12-08T19:47:30.074592
94366,anyone,Christina Oneal,Anthony Simmons,2907,pressure,low,2024-09-27T01:44:03.424984,2025-01-12T00:22:12.095659
15774,nature,John Clark,Patrick Pruitt,1744,mother,the,2024-02-26T17:35:28.430497,2024-02-24T03:38:03.366427
61228,government,Candace Atkins,Mr. Franklin Hull,522,race,son,2024-10-01T05:05:05.681386,2024-05-06T07:29:47.401665
87161,society,Amanda Thompson,Rebekah Carrillo,731,business,business,2024-07-23T12:03:37.573098,2024-05-21T12:47:56.182749
95224,whatever,Beth Valenzuela,Lisa Marsh,89,chance,behind,2024-03-16T08:40:46.432500,2024-11-20T04:47:21.124401
94882,statement,Jocelyn Walker,Robert Melendez,3144,list,law,2024-06-14T23:08:51.462503,2024-04-28T21:58:20.572566
84270,space,Daniel Bird,Robert Obrien,1325,power,success,2024-06-02T09:43:11.045459,2024-08-16T17:37:52.334989
20945,office,Kyle Hawkins,Brian Hood,2902,mean,kid,2024-05-30T23:44:06.909078,2024-03-16T22:08:24.547825
88490,every,Mary Young,Dustin Byrd,2319,in,where,2024-11-02T20:47:54.632294,2024-10-16T13:29:56.748853
5522,should,Debra Flores,Michael Gibson MD,654,Democrat,fill,2024-03-16T04:21:54.437266,2024-11-09T09:17:36.967571
11878,box,Carlos Dennis,Jessica Holder,721,enough,meeting,2024-10-30T18:57:54.583921,2024-05-02T08:07:29.222257
73669,blood,Elizabeth Mendez,Stephanie Rivera,2726,space,debate,2024-01-25T05:07:00.967357,2024-07-02T17:53:56.031586
6729,early,Karen Cole,Richard Wilson,2576,eat,know,2024-06-10T19:43:19.150252,2024-08-22T06:08:16.393439
41455,store,Rebecca Kennedy,Catherine Guerra,281,month,control,2023-09-16T09:17:36.321523,2024-08-11T12:20:48.438178
27529,cold,Carla Anderson,David Hampton,2525,soon,writer,2024-04-18T15:11:41.847047,2025-01-05T15:55:14.444963
13927,door,Sergio Price,Dr. Thomas Watson,2840,series,mother,2024-04-03T22:06:35.082865,2024-04-12T08:54:42.172426
96163,Mrs,Wayne Jimenez,Lisa Decker,2759,indeed,young,2023-11-28T06:34:16.231543,2024-06-19T02:42:12.755719
56082,well,Mrs. Wendy Crawford,Jennifer Holmes,1144,director,cost,2024-09-10T08:14:33.363538,2024-04-06T13:32:29.464757
9809,our,Beth Erickson,Dr. Jesus Hart,2757,floor,although,2024-12-22T10:07:49.666479,2024-07-14T04:26:57.442127
40863,rise,Suzanne Williams,Whitney Bond,3111,about,chair,2023-12-05T02:31:22.820163,2024-10-01T22:58:48.478003
53589,red,Valerie Pace,Daniel Thompson,2013,nearly,computer,2024-08-12T00:13:53.714191,2024-11-08T19:26:29.321105
8357,travel,Erica Allen,Daniel Chase,645,notice,difficult,2024-09-25T06:11:04.844471,2024-08-12T23:59:45.260230
37691,deep,Steven Brandt,Kimberly Gutierrez,759,land,no,2023-08-14T05:36:16.670409,2024-01-26T23:56:56.615535
74217,American,Leslie Walsh,Lisa Oliver,1627,force,week,2023-05-06T08:22:01.191027,2024-09-26T09:28:38.491663
90494,degree,Melissa Moore,Margaret Myers,3586,staff,seven,2024-02-29T22:51:46.628350,2024-07-10T17:28:35.090903
39067,new,Joseph Black,Lisa Armstrong,1073,west,president,2023-06-07T20:41:11.123972,2024-08-05T14:34:41.113800
23568,include,Debbie Watson,Peter Faulkner,1953,improve,improve,2023-10-08T14:22:41.960217,2024-04-30T01:01:33.545398
14168,wear,Thomas Miller,Christopher Robinson,2411,matter,wide,2023-04-01T04:06:34.731539,2024-03-22T20:18:39.622943
94320,term,Lisa Robles,Michael Becker,770,but,safe,2024-12-02T08:55:10.063478,2024-07-01T11:01:54.319719
45843,step,Kaitlyn Hunt,James Curtis,1233,throughout,perform,2023-09-27T08:55:04.149945,2024-11-20T06:24:05.008904
58554,require,Brooke Wong,Patricia Henry,761,position,avoid,2024-11-14T15:00:41.445781,2024-05-26T12:02:27.467844
79469,everything,Maria Miller,Joshua Petty,651,young,issue,2023-11-24T15:35:20.742020,2024-04-06T05:19:17.294127
88915,must,Mr. Jeffrey Rice Jr.,Timothy Stone,1786,bad,call,2024-06-02T15:49:08.849452,2024-02-15T23:42:06.138778
91468,option,Zachary Thornton,Michael Chan DVM,3290,for,various,2024-01-26T01:27:38.967650,2024-07-06T04:14:23.791147
85520,I,Samantha Ryan,Richard Davis,970,factor,ever,2024-07-04T07:54:38.876384,2024-11-17T15:18:51.878904
81698,mouth,Michelle Thompson,Shelia Rivera,1440,subject,later,2024-04-17T18:45:14.723055,2024-10-25T15:23:36.282896
14812,smile,Krystal Suarez,Victoria Meyer,2391,tree,choose,2024-08-24T05:47:10.896462,2024-04-26T14:44:35.934206
52437,few,Laurie Mitchell,John Davis,3070,seek,push,2023-12-05T05:26:00.150877,2024-10-23T07:18:06.972280
16704,church,Jason Carter,Crystal Cowan,3414,cover,partner,2024-05-23T19:33:30.398396,2024-06-30T10:20:04.915147
99198,foot,Eric Wood,Lance Miller,2783,blood,feel,2024-03-02T21:19:43.258735,2024-10-08T13:24:36.345798
26906,stand,Shane Henderson,Paul Love MD,1641,move,detail,2023-11-16T09:02:40.949929,2024-09-22T05:58:08.190917
37061,age,Rebecca Hancock,Steven Turner,1611,factor,land,2024-07-17T13:46:28.762870,2025-01-23T17:46:22.855006
14312,grow,Joseph Norman,Taylor Cummings,545,those,camera,2023-02-05T20:19:34.257892,2024-09-07T17:05:20.546649
58495,power,Mr. Dennis Vasquez MD,Mark Andersen,108,environment,what,2023-04-25T15:15:04.487544,2024-09-18T20:43:39.733478
50804,stay,Kyle Sanchez,Rebecca Carpenter,1634,of,network,2024-07-07T06:56:03.708948,2025-01-23T20:27:17.405090
60288,conference,Nathan Colon,Blake Houston,911,training,possible,2024-08-11T18:06:39.240238,2024-10-19T23:33:02.374498
69756,get,Mark Wright,Natasha Johnson,1618,after,section,2023-02-09T03:19:22.532033,2024-06-04T07:09:07.997437
6576,respond,Melanie Moore,Samuel Miller,2639,ground,strategy,2024-02-16T14:48:02.544398,2024-08-14T12:35:08.831849
68194,check,Michele Sparks,Joseph Pineda,3096,threat,number,2024-08-27T02:44:43.641279,2024-02-07T13:39:47.596042
77359,born,Deborah Clark,Philip Mercado,2634,spring,no,2023-02-16T00:47:52.502316,2024-05-15T06:25:28.649152
18769,experience,Brandy Edwards,Michael Henderson,903,next,director,2023-05-27T02:11:12.088760,2024-10-20T01:44:04.733183
31414,company,Olivia Diaz,Richard Padilla,118,accept,not,2023-05-23T20:58:33.763534,2024-10-15T23:56:19.951457
53515,western,Matthew Yang,Theresa Palmer,2205,worker,hour,2024-05-20T13:25:54.875549,2024-01-29T03:38:47.372777
38325,fire,Robert Hamilton,Holly Mcgee,296,term,report,2023-04-05T18:13:20.667644,2025-01-19T15:19:45.711094
79127,decision,Joseph Scott,Samantha Collins,661,would,already,2024-12-18T22:25:57.633780,2024-04-27T09:25:02.097280
37419,skill,Kendra Thompson,Roberta Mack,1721,available,lay,2024-08-10T22:11:52.178390,2024-09-12T02:06:00.718387
2880,head,Rachel Cordova PhD,Zachary Sparks,27,film,resource,2023-02-11T07:36:21.127039,2025-01-08T17:47:57.969378
57181,late,Julia Miller,Elizabeth Bowers,3372,break,campaign,2024-10-03T04:27:23.583539,2024-04-17T16:40:14.747149
86739,relationship,Matthew Lewis,Cheryl Rangel,1103,population,less,2023-06-22T05:51:21.387980,2024-03-11T11:08:51.096501
96980,drug,George Graham,Eduardo Burke,2027,major,win,2024-09-15T04:55:55.547809,2024-12-20T20:04:30.493099
29568,house,Joshua Hurst,Nichole Jones,48,raise,yet,2023-02-25T16:39:04.611894,2024-12-16T14:32:27.798556
57277,race,Benjamin Thomas,Amber Mcguire,1670,claim,somebody,2024-09-12T09:51:03.385160,2025-01-11T22:11:15.598802
74554,building,Timothy West,Melissa Burke,1959,oil,rise,2024-10-28T17:51:23.660827,2024-07-09T14:58:51.304329
18016,represent,Harold Hamilton,Jimmy Brewer,910,movie,window,2023-09-26T05:34:08.736950,2024-03-16T02:20:10.946391
18925,skill,Melissa Ruiz DDS,Tracy Reed,1033,option,example,2023-07-12T09:23:36.262739,2024-06-19T02:28:19.156841
19477,under,Luis Cunningham,Donna Johnson,3210,letter,story,2023-11-17T00:49:01.204754,2024-12-24T00:02:52.561281
21639,adult,Tanner Gomez,Richard Johnson MD,2596,building,compare,2024-07-22T09:46:24.519828,2024-12-01T17:15:01.825246
49333,heart,Martha Mckinney,Lisa Patterson,3568,easy,knowledge,2024-10-18T06:48:02.636464,2024-03-16T03:59:03.859699
81489,sell,Nicole Gibson,Jessica Marshall,3260,old,do,2023-04-05T13:48:17.116343,2024-10-17T08:08:17.576346
9389,some,Paul Hendricks,Benjamin Black,948,late,set,2023-05-21T06:17:25.899957,2024-07-19T14:16:36.115026
1488,good,Jeremiah Whitney,Autumn Thompson,2998,show,carry,2023-06-14T17:04:50.869312,2024-02-28T10:16:54.550875
87232,evidence,Sherry Barrett,Bryan Waters,1529,education,toward,2023-10-17T18:04:24.131580,2024-02-28T11:44:20.334688
33942,animal,Alexis Pruitt,Michael Kelley,1740,a,early,2023-02-19T16:26:45.415468,2024-06-24T19:42:50.841948
47049,ever,Eileen Espinoza,Kayla Moore,1641,yourself,Mrs,2023-05-05T23:44:32.438031,2024-07-16T02:59:41.621873
45002,soldier,Jeremy Roberts,Nathan Copeland,1385,consumer,staff,2024-09-24T00:06:31.696770,2024-11-07T20:50:17.049443
59577,grow,Jill Palmer,Mark Jordan,307,fine,music,2023-06-23T17:42:55.417238,2024-02-24T08:02:31.527173
79033,generation,Patricia Morrison,Dakota Hughes,2803,ok,TV,2024-12-17T02:00:04.595556,2024-09-01T14:46:01.224013
2233,half,Daniel Collins,Joseph Elliott,2863,above,visit,2024-11-26T01:53:09.161566,2024-07-03T05:03:20.945974
10313,tend,Wanda Tapia,Joan Rodriguez,1817,weight,hospital,2024-05-16T05:03:43.467607,2024-07-03T19:35:13.560453
63145,quickly,Michael Hall,Lisa Robinson,1322,certainly,star,2023-10-24T19:27:54.581502,2024-02-22T13:49:16.955926
76587,wind,Kristin Black,Beverly Whitney,2865,into,situation,2023-06-15T23:17:57.311295,2024-10-24T15:25:22.247241
91598,nothing,Jacqueline Chandler,Ethan Ruiz,2117,support,use,2024-11-27T08:45:54.499884,2024-06-12T22:34:32.568748
8429,his,Heather Bradshaw,Kevin Mitchell,1609,word,positive,2023-07-07T17:47:56.107088,2024-08-31T08:45:44.213616
13734,health,Jerry Hill,Robin Simpson,1863,high,item,2024-01-25T14:51:52.791438,2024-06-16T21:56:34.961967
87522,safe,Christopher Guerrero,Charles Morrison,3198,than,use,2024-02-11T01:47:34.578306,2024-10-31T00:58:05.317553
42987,customer,Travis Cardenas,Matthew Case,995,finish,mention,2024-09-01T20:40:03.041162,2024-01-29T05:04:59.416218
74799,research,Kathy Crawford,Eric Melendez MD,2365,because,act,2023-07-15T16:48:33.161304,2024-09-21T20:26:04.816446
98598,sense,Christine Harrison,Stacy Edwards,890,measure,site,2023-04-16T03:58:32.178253,2024-05-20T21:11:25.921184
17725,start,Amy Mccall,Kathryn Hicks,1560,clearly,cover,2023-07-27T16:59:13.940631,2024-09-15T11:58:11.613376
40149,wait,Miss Ashley Walters DDS,Laura Rodriguez,450,like,service,2024-08-08T20:46:23.910171,2024-05-04T08:02:50.816971
26338,address,Brian Davis,Helen Adkins,2603,popular,likely,2024-06-21T04:10:15.607000,2025-01-14T17:11:03.646401
97330,image,Victoria Eaton,Larry Lane,3344,reason,see,2024-01-23T14:41:58.655640,2024-03-22T10:16:31.937479
89732,better,Michael Larson,Jesse Brown,3394,brother,hope,2024-11-10T04:13:34.288071,2024-09-16T11:46:32.652569
55645,strong,Robert Brown,Dalton Cook,2873,pattern,create,2024-06-24T15:34:09.508264,2024-03-17T23:08:13.605452
27140,chance,Veronica Payne,Jeffrey Roberts,332,his,stop,2023-09-03T16:32:10.658592,2024-04-13T23:17:56.863046
78959,nor,Debra Hansen,Kyle Sanders,931,large,artist,2024-08-26T06:17:29.504337,2024-04-03T13:53:44.512393
94336,turn,Melissa Watkins,Tamara Wall,590,benefit,time,2023-10-03T02:50:49.903492,2024-06-26T07:40:34.602433
97799,add,Daniel Richards,Michael Owens,3573,learn,word,2024-03-03T08:55:40.944297,2024-03-20T19:35:45.163787
95461,return,Jill Stephens,Ariana Gill,447,tell,everything,2024-12-03T16:53:44.531180,2024-10-09T05:45:46.288981
69057,room,Jessica White,Jacob Brown,984,floor,move,2024-12-03T20:15:23.413333,2024-11-28T21:05:54.657044
25775,American,Roberta Richardson,Jonathan Swanson,1110,right,black,2023-05-25T14:31:40.936764,2024-07-07T21:20:16.653391
3152,second,Ricky Mcdaniel,Aimee Hughes,3521,rich,because,2024-11-30T23:40:30.664800,2024-06-18T11:22:19.367850
69304,newspaper,Natalie Oneal,Christine Lambert,2777,agree,tough,2023-05-30T15:50:48.985468,2024-07-20T19:57:48.806136
45782,citizen,Dwayne Horton,Sydney Watson,3469,cup,cold,2023-10-17T07:37:46.220579,2024-09-19T01:03:54.568251
97944,size,Alexander Johnson,David Baker,2266,figure,sea,2024-12-25T17:59:10.637354,2024-08-30T16:22:14.319510
73302,coach,Mr. Jeremy Woods,Travis Wong,2302,budget,really,2023-08-29T18:23:34.141194,2024-09-05T03:21:46.707262
67676,memory,Mary Downs,Brenda Ford,84,situation,home,2024-09-10T16:18:31.209872,2024-08-15T13:00:46.196011
95243,themselves,Mrs. Roberta Conley,Anthony Patel,2401,produce,direction,2024-05-21T18:59:38.024554,2024-06-21T20:10:12.129695
40284,team,Hannah Whitaker,Dana Hart,911,so,look,2023-12-17T11:47:12.579118,2024-02-20T21:00:39.323539
54522,choose,Susan Brown,Nathan Fletcher,3099,western,letter,2024-08-03T23:37:51.758607,2024-12-30T08:45:44.463454
76172,act,Sean Wood,Noah Dalton,656,house,policy,2024-10-24T20:19:19.047694,2024-02-11T13:48:01.828429
36081,space,Samuel Campbell,Adam Soto,2718,book,religious,2024-06-27T06:21:04.741244,2024-11-13T23:44:13.384951
9739,car,Crystal Martinez,Michelle Smith,1077,assume,writer,2024-02-21T13:37:29.110018,2024-03-22T12:02:39.720543
12559,here,Michael Anderson,Cindy Smith,871,mother,newspaper,2023-10-15T20:16:25.398312,2024-03-23T04:32:43.717524
71933,past,Jerry Leon,Rose Torres,3296,rich,instead,2024-09-04T09:39:47.566710,2024-07-20T03:45:39.125681
29944,trial,Jennifer Rodriguez,Tricia Watkins,1650,inside,perform,2024-10-06T19:16:02.179272,2024-05-23T19:52:17.021297
31089,see,Brian Barton,Jennifer Stephens,1250,act,tonight,2025-01-01T06:49:51.342477,2024-10-23T04:57:33.247496
24171,have,Mariah Fitzgerald,Meredith Martinez,2363,moment,many,2023-02-04T18:12:11.388489,2024-08-09T02:30:28.567333
8663,who,Kelly Riggs,Hannah Gonzalez,1557,have,couple,2024-04-28T02:01:03.856457,2024-07-15T22:42:12.231541
90889,daughter,John Jones,Ian Pope,1025,increase,thus,2024-11-16T09:29:57.942849,2024-07-11T09:04:14.337835
60893,everyone,James Hammond,Jacqueline Holder,445,land,member,2024-09-23T01:26:05.881619,2024-03-11T10:20:11.759836
54820,lead,Christopher Crosby,Brian Gray,565,him,decide,2024-07-28T09:14:18.520987,2024-09-09T14:25:43.309575
22485,prove,Michael Castillo,Ryan Taylor,3002,bag,movement,2023-09-09T04:50:50.563365,2024-06-16T05:25:34.073792
86267,let,Marisa Delgado,Travis Miller,3510,performance,toward,2023-02-05T12:34:47.146607,2024-08-14T19:40:38.190278
81672,away,Jennifer Ramirez,Jeremy Jordan,3307,wall,me,2024-12-05T20:30:53.803059,2024-12-14T05:01:36.750201
4273,for,William Ortiz,James Miller,3325,evidence,enjoy,2024-11-18T06:58:36.040797,2024-04-23T14:49:33.809826
20321,simple,Tamara Stewart,Alan Hull,1990,bring,suddenly,2024-04-28T04:07:50.525093,2024-03-21T00:27:40.153668
90836,whatever,Eric Miller,Phillip Sanders,111,painting,agency,2024-07-13T08:27:43.142820,2024-05-17T07:46:00.522340
74998,their,Dr. Brittany Cortez,Kimberly Garcia,2391,contain,man,2024-01-02T02:06:53.870292,2024-03-03T04:29:32.129995
27873,several,Bryan Stevens,Sara Bradford,1241,approach,although,2023-07-18T14:55:32.753685,2024-11-13T11:55:23.546252
67778,goal,Grace Bailey,Sarah Robles,2404,religious,fear,2024-03-01T16:22:31.477299,2024-05-29T06:32:00.021454
70991,create,Cynthia Branch,James Brooks,1620,view,tell,2023-06-09T23:23:24.332033,2024-01-28T13:10:24.050776
13815,practice,Kathryn Williams,Zachary Lopez,1844,court,send,2024-07-01T10:08:34.867580,2024-10-23T14:22:06.390685
95742,once,Brandon Chandler,Daniel Carter,2198,fine,draw,2024-11-05T02:47:09.323087,2024-12-26T18:37:51.470790
63995,wish,Jason Snow,Juan Woods,2803,subject,particularly,2023-07-24T14:38:35.170067,2024-09-04T12:17:31.864425
94386,source,John Mills,Herbert Mitchell,2012,girl,natural,2023-06-27T08:57:04.783878,2024-06-17T07:27:46.594352
63430,pressure,Jonathan Yates,Shawn Nguyen,2405,low,friend,2024-11-25T01:48:14.509934,2024-10-11T00:39:19.607510
93617,soon,Jaime Rose,Kathryn Butler,883,value,book,2024-08-19T23:35:27.909343,2024-10-08T21:07:38.184248
31920,job,Teresa Wilson,Darrell Vargas,946,well,movie,2023-12-22T10:38:24.611697,2024-11-01T23:56:53.453942
58473,wrong,Belinda Smith,Tammy Leonard,2692,view,possible,2024-04-27T21:16:56.995539,2024-10-02T06:54:07.472365
68173,stuff,Dr. Tommy Kelly DDS,Mr. Andrew Evans,2221,size,lose,2024-05-10T07:38:44.553273,2024-11-08T18:08:13.141568
27156,seek,Jose Larson,Scott Lewis,555,own,guy,2024-03-05T00:25:02.623283,2024-03-30T19:02:42.451313
58557,minute,Derrick Murphy,Christopher Gill,3086,send,house,2024-06-09T13:03:20.171610,2024-11-19T04:08:59.754416
86307,guess,Matthew Gomez,Andrew Wilson,1002,trouble,use,2025-01-10T12:28:53.500028,2024-06-07T12:54:51.476117
24998,wrong,Natalie Thompson,James Reid,1365,tree,suffer,2024-08-31T18:43:47.264892,2024-11-03T09:57:12.413266
22420,soon,Susan Watson,Tina Landry,1255,role,race,2023-05-31T12:55:26.051655,2024-07-12T04:07:58.637929
67796,couple,Alison Sullivan,Thomas Fuentes,676,paper,dog,2024-07-14T20:31:11.384331,2024-09-11T15:09:26.975528
39354,today,John Davis,Derek Armstrong,3082,look,picture,2024-02-11T20:19:24.331451,2024-05-14T21:38:10.209690
99982,you,Erin Martinez,Sarah Cox,2829,energy,may,2024-10-08T13:19:58.735126,2024-10-17T07:40:01.787504
56319,its,David Shepherd,Maxwell Pineda,979,money,speech,2023-11-20T21:56:49.560231,2024-11-07T17:55:25.619822
95985,become,Natalie Harris,Jean Garcia,3323,lot,certainly,2023-08-30T06:32:25.567038,2024-03-28T04:44:12.228308
22086,sign,Tammy Werner,Russell Adkins,933,join,skin,2023-03-18T04:32:52.488557,2024-08-09T12:19:47.500496
44685,worker,Melissa Barnes,Dylan Johnson,1502,skill,TV,2023-12-13T13:05:19.239847,2024-10-10T07:27:54.407257
62106,history,Taylor Salazar,Adrian Phillips,1406,attack,particular,2024-03-29T14:56:26.183523,2024-05-20T20:33:07.718251
60034,hard,Roger Hudson,Colleen Baker,1911,board,million,2023-02-06T01:04:37.184993,2024-08-17T02:09:55.933368
68145,old,Vincent Moreno,Glenda Levy,1049,final,hundred,2023-08-17T10:17:00.512593,2024-04-18T23:57:15.570457
52255,hard,William Miller,James Bridges,582,also,today,2025-01-23T17:56:36.494740,2024-12-13T22:44:44.688575
84298,us,Mitchell Barton,Jacob Flynn,110,successful,well,2024-08-01T11:05:22.716555,2025-01-14T14:53:19.995450
42146,treatment,Valerie Estrada,Morgan Wilson,3076,factor,someone,2023-06-17T08:01:38.847876,2024-05-04T04:40:37.312014
41760,current,Marcus Moore,James Collins,2670,sit,white,2024-12-09T21:22:43.827658,2024-05-29T15:55:34.806322
1955,all,Christopher Sanchez,Alexa Ellis,941,maybe,political,2023-06-29T07:21:38.176576,2024-02-05T03:02:43.787918
91769,now,Jennifer Riley,Lori Baker,1839,challenge,effect,2023-06-12T18:44:57.198314,2024-12-26T10:54:46.500989
17618,difference,Daniel Murray,Jacob Hughes,2297,tend,rock,2024-12-04T05:18:04.377007,2024-03-04T04:11:54.975911
29068,bill,Sean Castillo,James Young,1676,president,century,2023-11-25T11:49:15.169159,2024-05-24T11:36:35.519117
41100,form,Sarah Palmer,Robert Mcfarland,1471,sometimes,source,2023-06-20T07:23:02.814227,2024-11-30T18:55:15.793624
35184,others,Jessica Osborne,Courtney Robinson,539,prepare,book,2024-08-27T05:52:31.393364,2024-06-02T06:28:20.405930
26103,risk,Sylvia Smith,Brittney Turner,563,charge,learn,2024-03-05T14:57:13.272886,2024-09-30T23:33:38.937759
48967,yourself,Paul Williamson,Linda Phillips,1447,establish,allow,2024-06-29T11:43:39.983415,2024-05-18T16:39:25.986238
28417,fact,Rachel Knox,Melissa Rose,1365,raise,group,2024-10-25T08:56:58.297728,2024-06-23T17:26:48.776361
32950,young,Gene Hernandez,Sharon Park,129,plant,civil,2023-04-10T11:15:54.334068,2024-09-13T23:51:56.987018
76506,way,Monique Schmitt,Lisa Sanchez,1398,president,common,2024-07-21T22:23:01.955353,2024-02-24T00:02:40.239383
67917,about,Lucas Hernandez,Linda Alvarado,2071,house,adult,2024-07-04T22:30:47.136273,2024-11-29T11:41:24.501697
584,however,Jeanne Burns,Christina Ellis,208,from,military,2024-05-30T21:03:45.017195,2024-12-29T14:54:14.298851
75711,including,Amy Winters,Juan Caldwell,2122,show,which,2023-12-22T10:50:29.230025,2024-06-11T22:10:59.744774
29562,along,Jessica Wu,Caroline Clark,291,just,few,2024-02-24T23:52:12.656254,2024-03-09T18:20:50.230408
36073,military,Alicia Morales,Abigail Good,908,general,experience,2023-05-05T22:22:45.460179,2024-12-04T14:45:59.204704
14018,wonder,Edward Guzman,Brittany Wheeler,758,line,question,2023-11-11T12:45:18.742330,2024-07-05T20:24:49.912710
14350,attention,Laurie Levy,Jason Weaver,7,stage,month,2023-11-20T11:38:31.663851,2024-12-07T12:08:00.047892
79933,financial,Cody Bautista,Larry Martin,419,vote,light,2024-03-02T10:38:48.906751,2024-09-01T04:22:37.240566
55435,require,Patrick Williams,Kenneth Smith,2793,around,claim,2023-04-24T18:22:24.176572,2024-08-03T14:48:58.150961
22999,measure,Michael Green,James Hogan,771,business,important,2023-02-10T17:38:21.914890,2024-11-15T17:39:41.102809
14898,protect,Christine Fritz,Anthony Noble,1271,company,person,2023-09-27T09:34:13.549369,2024-08-26T08:08:52.547773
29445,main,John Tran,Kristi Shannon,817,stock,mission,2023-03-16T20:47:33.442536,2024-06-06T16:15:49.112157
64358,she,Stacey Mooney,Megan Hebert,2077,all,ability,2024-10-18T21:28:46.887542,2024-02-09T11:44:12.921489
9952,data,Shannon Mahoney,Rachel Zhang,516,trouble,consumer,2023-12-22T16:29:27.934138,2024-03-04T01:22:20.458363
81731,special,Stephanie Gibson,Kelly Vega,3363,nearly,peace,2024-12-26T15:39:36.416160,2024-09-10T15:16:54.586032
64083,attack,Meghan Franco,Erin Jones,489,bank,tough,2024-04-21T12:04:23.153159,2024-08-31T21:37:50.298522
22211,crime,Paul Hall,Luis Simmons,3569,reduce,individual,2025-01-11T18:26:32.411821,2024-04-19T21:53:20.001215
18748,series,Erin Brown,Joshua Johnson,1435,discover,marriage,2023-10-22T23:22:50.317964,2024-06-24T05:15:31.349107
82570,seem,Scott Patton,Lindsay Murphy,3435,former,message,2024-03-27T06:57:00.957703,2024-02-23T05:53:17.271797
47004,fact,Stephanie Smith,David Edwards,2006,best,picture,2024-07-24T01:12:45.361967,2024-04-09T11:38:26.144469
38636,next,Catherine Martin,Timothy Martinez,2620,war,base,2023-03-01T22:59:08.828566,2024-12-21T11:08:18.113531
12342,life,Patricia Parker,Tiffany Brooks,991,two,drop,2024-06-09T13:34:23.798820,2024-05-13T23:27:14.159182
27443,capital,Travis Prince,Samuel Eaton,748,should,international,2024-08-30T00:11:50.189256,2024-09-05T06:18:39.461666
30646,maybe,Amanda Morales,Jackson Shaffer,1757,after,human,2023-08-05T07:27:31.686351,2024-09-08T18:50:53.938007
44825,meet,Charles Russell,Christian Lewis,652,this,least,2024-04-28T03:01:36.758661,2024-07-24T22:44:55.932766
55721,hospital,Luis Gomez,Christopher Smith,2343,sing,technology,2024-06-02T23:33:35.032454,2024-10-13T14:42:58.847903
16292,cup,Paula Byrd,Kristin Miller,1279,else,set,2023-10-22T05:17:07.903298,2024-10-19T15:56:55.261074
8962,leg,James Carter,Alfred Smith,2752,especially,third,2023-02-22T20:40:58.618568,2024-09-06T07:46:36.965675
59693,minute,Francisco Huffman,Michelle Sanders,2147,they,positive,2024-03-21T03:10:54.267075,2024-06-08T16:06:33.150763
62949,we,Dylan Rocha,Anita Poole,2233,blood,light,2024-08-31T20:04:06.278013,2024-08-10T12:21:26.327692
68245,try,Jacob Alexander,Elizabeth Hebert,102,manage,thus,2023-04-23T14:05:10.376079,2024-12-26T01:23:09.927215
66664,assume,James Shannon,Michael Gordon,2547,move,eye,2023-12-29T23:02:10.043140,2024-05-30T11:41:30.417603
3250,against,Susan Flores,Stephanie Greene,426,consumer,pretty,2025-01-19T12:44:49.005069,2024-06-23T11:11:22.504311
76687,long,Jacqueline Jimenez,Robert Ellis,1947,television,born,2023-02-07T10:38:22.694488,2025-01-17T06:18:19.409135
12619,manage,Stephen Gonzalez,Bryan Montoya,2210,large,far,2023-05-06T15:35:17.200818,2024-06-17T09:57:04.430879
30355,must,Brian Harvey,Christopher Taylor,3111,lawyer,process,2023-02-13T03:13:49.252320,2024-08-30T18:05:14.844931
71088,become,Michelle Young,Kristopher Roth,516,real,amount,2024-07-11T06:49:21.397738,2024-11-05T22:09:18.911581
75004,stage,Abigail Peters,Zachary Sherman,3400,mother,name,2023-01-25T07:36:09.330051,2024-11-10T07:19:37.411560
93902,that,Carrie Holt,Nicholas Meyer,3309,real,shoulder,2023-05-28T14:04:39.705757,2024-07-18T20:11:44.299000
8149,even,Elizabeth Bailey,Marc Gibson,1333,finally,writer,2024-01-25T05:52:55.845410,2024-08-03T08:27:44.297674
38266,wish,Tiffany Hardy,Richard Caldwell,1846,have,safe,2023-05-12T03:31:23.651372,2024-04-03T18:00:07.734170
75120,enough,Robert Le,Lisa Harris,654,if,husband,2024-08-07T08:03:10.883560,2025-01-20T00:43:45.988202
79314,three,Alicia Pierce,Jennifer Hall,1746,herself,he,2024-09-28T15:06:05.902201,2024-04-04T14:32:47.064782
65700,exist,Amanda Cox,Joseph Benson,1756,technology,second,2023-06-19T04:34:06.494416,2025-01-20T18:41:44.453877
43794,charge,Cynthia Curtis,Samantha Pennington,1073,involve,main,2023-02-21T05:08:36.303029,2024-03-12T22:16:27.658864
56779,despite,Tiffany Sanchez,Courtney Miller,158,each,act,2024-01-10T19:15:56.983897,2024-10-30T02:40:03.258767
7037,moment,Jason Maynard,Paul Castaneda,1416,more,down,2023-05-03T10:15:46.406188,2024-03-31T07:55:28.093958
49593,ten,Seth Stone,Maria Whitney,2815,follow,live,2023-11-01T07:21:49.863989,2024-10-16T06:49:33.758764
87961,fast,Mason Mcpherson,Crystal Melton,2630,general,cold,2024-10-21T09:08:09.795612,2024-10-17T08:35:25.672909
3853,about,Erin Calhoun,Michael Bradley,3440,Republican,office,2023-08-10T15:22:32.116736,2024-12-13T22:28:09.616512
94121,real,Trevor House,Andrew Morgan,1296,her,hot,2023-12-14T23:58:27.257340,2024-11-11T01:24:56.366684
60607,suggest,Leslie Lynch,Annette Jones,996,space,leg,2024-04-23T16:44:25.180832,2024-07-01T14:38:45.230233
63626,local,Robert Irwin,Kristen Clark,1947,agency,skin,2024-12-08T03:30:06.157425,2024-01-30T23:08:24.491545
37605,allow,Scott Tanner,Donald Martin,1148,cell,idea,2024-11-30T09:59:43.261932,2024-09-16T19:36:30.428089
59007,argue,Elizabeth Villa,Terri Smith,1544,outside,offer,2024-09-10T20:07:52.565658,2024-09-04T03:11:35.620622
16625,early,Robin Yang,Dylan Schneider,2597,tell,religious,2024-12-17T09:12:27.368059,2024-07-22T09:00:07.763944
42761,expert,Christopher Hood,Steven Quinn,824,summer,society,2024-12-26T02:45:26.288484,2024-05-23T10:58:46.552315
38822,front,Daniel Carr,Bryan Williams,452,feeling,by,2024-12-29T17:13:30.616081,2024-09-07T21:58:37.409955
18072,radio,Jamie Keith,Luis Brown,1554,audience,worry,2023-03-18T18:24:09.261716,2024-10-27T20:41:01.300313
86871,most,Kurt Lowery,Jacob Fisher,118,surface,social,2024-07-12T13:33:45.250265,2024-09-20T01:12:37.502531
65611,TV,William Campbell,Dawn Simmons,1698,west,growth,2023-05-02T22:07:05.121380,2024-11-11T13:34:42.041674
93011,public,Kristen Small,Jessica Randall,2941,class,power,2024-06-28T22:42:40.917479,2024-10-22T18:58:48.699367
7090,various,Julia Perkins,Brian Kelley,2664,we,contain,2025-01-10T05:48:20.719750,2024-04-01T21:08:29.593544
99967,large,Roberto Williams,Nicole Park,583,TV,company,2023-02-21T05:16:10.806622,2024-03-20T01:55:14.754025
45277,stock,Kelly Hodges,Michael Ballard,2459,top,such,2023-08-20T03:27:08.043139,2024-11-27T03:46:28.573343
23806,staff,Ronald Stanley,Amy Rodriguez,207,debate,push,2023-07-04T01:50:09.647191,2024-09-29T05:42:28.333231
68805,marriage,Pedro Silva,Justin Williams,2335,bank,fund,2023-05-21T02:51:31.582801,2024-09-10T21:36:36.703431
13993,college,Oscar Chan,William Thompson,2734,the,view,2024-01-19T10:02:34.830533,2024-06-29T21:50:31.535343
59632,less,Heidi Miranda,Cory Hall,2878,cold,agent,2024-05-26T03:34:43.961357,2024-05-22T05:14:01.241169
28606,only,Linda Rodriguez,Mark Johnson,2302,billion,late,2023-07-04T13:35:49.073148,2024-07-31T19:35:21.235010
26195,thank,Morgan Peters,Vanessa Smith,933,culture,over,2024-02-24T22:17:30.757635,2024-03-27T23:56:59.513352
78736,drive,Yolanda Mcdaniel,Nichole Kennedy,2342,tend,after,2024-09-11T10:04:30.661130,2024-12-07T16:14:36.069690
85208,young,Barbara Russell,Richard Jones,866,wife,two,2023-02-18T21:38:05.168264,2024-05-07T20:12:02.661302
90678,interesting,Kevin Erickson,Michelle Townsend,2918,produce,hospital,2024-03-08T15:00:39.157351,2024-05-24T06:24:33.007671
59188,week,Bernard Hart,Richard Holmes,1102,fly,third,2023-03-13T00:00:19.455482,2024-04-18T04:55:17.472155
73782,her,Michael Edwards,Michelle Perry,269,table,wide,2024-02-23T20:14:08.367013,2024-11-25T04:49:47.820257
29372,region,Stacy Bradford,Emily Smith,1214,PM,his,2023-07-27T13:04:21.324023,2024-02-13T03:16:54.055229
60341,data,Jessica Mejia,Michael Hammond,3026,already,shoulder,2024-12-07T13:36:02.329671,2024-03-14T02:21:33.985419
82828,big,Tyler Horn,Morgan Williams,1362,performance,character,2024-05-07T11:10:18.585770,2024-06-20T05:04:56.849500
81717,each,Mason Smith,Justin Galloway,1552,reduce,ask,2025-01-09T20:24:32.126976,2024-04-28T06:37:27.210755
80788,among,Karen Cross,Elizabeth Pierce,2157,dinner,resource,2024-10-09T23:49:42.827739,2024-03-27T08:39:22.550086
80690,major,Joseph Levy,Lori Jones,2449,particularly,everything,2024-02-26T12:46:01.547591,2024-07-19T01:45:18.092955
48318,rate,Michael Price,Amy Sandoval,195,police,somebody,2024-05-11T12:14:16.269216,2024-12-21T05:56:35.828751
47393,run,Rebecca Griffin,Henry Walls,2238,easy,money,2024-08-29T00:21:58.178363,2024-02-06T07:19:55.142261
61259,value,Barbara Johnson,Todd Lopez,2655,room,carry,2024-02-04T05:32:08.439900,2024-04-07T08:18:44.024642
29958,feeling,Tyler Roberson,Robin Reese,546,language,mention,2023-02-01T06:39:38.451628,2024-12-15T05:36:16.681949
35542,down,Jeffery Hester,Lauren Chandler,1772,continue,ready,2024-02-09T16:33:28.500499,2024-08-30T12:22:21.246184
46013,record,David Kennedy,Maxwell Miller,609,late,speech,2024-09-29T13:48:14.485534,2024-04-01T08:08:19.262924
46703,over,Robert Frank,Michael Ramirez,9,them,like,2023-04-19T17:54:17.159318,2024-08-12T22:10:52.675554
70529,treat,Juan Marshall,Cheryl Reed,2457,hold,set,2024-06-14T19:42:53.080997,2024-10-21T21:04:58.725751
88353,at,Brittany Lewis,Sheri Torres,2691,major,difficult,2024-09-11T14:37:09.039814,2024-07-01T11:46:10.989839
10038,cut,Alice Fletcher,Justin Dalton,364,member,road,2025-01-02T10:34:06.235954,2024-02-27T22:10:47.141372
6278,represent,Nathan Chapman,Katherine Baker,2608,serious,some,2024-06-16T16:58:57.197357,2024-04-30T21:27:09.923527
41576,loss,Allison Wheeler,Rodney Lewis,1999,lose,would,2024-06-28T14:07:09.276690,2024-09-18T06:29:06.828301
21406,test,Sara Moore,Monica Weaver,593,record,mean,2024-09-09T22:57:19.172728,2024-12-29T13:17:44.074007
62657,training,Zachary Pugh,Jaime Raymond,330,administration,dog,2024-09-13T05:54:37.469287,2024-08-26T02:31:46.702776
49791,list,Ms. Christine Strong,Zachary Farmer,168,walk,seem,2024-04-12T18:54:10.859580,2024-03-23T04:39:32.442242
44928,business,Haley Torres,Bobby Walton,2602,sometimes,green,2023-11-01T18:54:31.562204,2024-11-21T06:07:13.715426
29867,six,Michele Garcia,Brandon Richard,2910,travel,soon,2024-03-09T01:58:41.090365,2024-06-30T05:20:50.552471
34180,officer,Kathleen Norton,Richard Malone,2169,cause,concern,2024-05-17T23:50:29.734134,2025-01-01T03:45:22.852620
59319,rate,Lucas Dunn,Curtis Jones,2197,fish,especially,2024-03-02T15:55:14.417083,2024-08-10T21:57:54.544912
96031,war,Kevin Underwood,Katherine Smith,1130,certainly,each,2023-08-26T23:32:22.824827,2024-03-28T11:28:15.298080
3522,feel,Linda Brown,Catherine Allen,3148,our,coach,2023-10-30T05:25:39.572393,2024-02-11T09:07:43.256284
72911,kid,Christopher Wilkinson,Yvette Dixon,3002,read,finish,2024-05-22T10:57:06.823069,2024-10-18T14:04:02.063271
76835,son,Edwin Campbell,Philip Buck,2988,alone,number,2023-11-21T09:00:26.031774,2024-08-11T16:09:53.213382
19620,get,Joshua West,Lauren Hill,3188,deal,a,2023-11-24T11:25:12.333541,2024-10-11T01:44:59.640628
12368,concern,Nicholas Shields,Ian Rodriguez,2609,know,eight,2024-12-06T08:29:07.043163,2024-02-21T01:05:29.291925
74948,improve,William Ellis,Samuel Greene,3258,while,ok,2024-12-21T01:21:46.518817,2024-02-29T15:16:26.313791
68102,indeed,Joseph Hopkins,Laura White,711,couple,moment,2024-12-30T14:08:26.654483,2024-12-15T18:00:56.111433
58670,involve,Karl Ramsey,Sara Morales,1946,movie,candidate,2023-03-20T22:57:32.576127,2025-01-10T02:59:09.680916
77613,your,Denise Jackson,Michael Mills,3151,sit,development,2023-04-10T04:55:00.703698,2024-02-20T18:12:52.952476
42952,possible,Steven Young,Edwin Stewart,3165,strategy,car,2023-02-04T13:44:40.327904,2024-10-24T11:05:12.477449
67477,girl,Sheena Gonzalez,Jennifer Webb,1700,growth,entire,2023-03-25T22:40:42.346245,2024-11-11T07:23:36.342962
907,main,Edward Mccoy,Javier Sloan,1649,test,range,2024-10-03T15:01:07.590761,2024-06-07T08:30:42.017128
66840,red,Jennifer Mccarthy,Stacy Jenkins,1103,public,bed,2024-03-29T10:25:40.746908,2024-06-09T00:57:37.190372
93117,through,Briana Fletcher,Jessica Miller DDS,1860,receive,summer,2023-06-16T02:27:57.443923,2024-08-11T22:46:56.087023
95825,coach,Brandon Ortega,Daniel Vance,1286,age,nothing,2023-04-02T11:32:15.864403,2024-01-29T02:45:06.174112
26293,fill,Stacie Blankenship,Sharon Middleton,1440,edge,let,2024-05-27T09:50:28.126967,2024-07-31T21:31:14.297190
47300,already,Nicole Munoz,Mary Hunt,1743,report,cell,2023-07-15T05:24:58.474512,2024-10-17T06:23:06.834870
41529,nature,Mark Leblanc,William Gomez,2025,run,speak,2024-10-21T10:31:32.583600,2024-09-18T02:51:00.384419
52079,fast,Brianna Stephens,Donna Barrett,638,discussion,third,2023-12-30T21:23:31.787333,2024-10-21T04:24:55.308652
50743,someone,Wyatt Eaton,Mike Wright,2308,well,sound,2023-09-05T16:35:02.965309,2024-04-19T03:32:04.774310
77385,final,Jacob Meyer,Anthony Moses,920,beyond,call,2024-06-13T14:33:39.872579,2024-08-12T01:17:44.337478
