user_id,song_id,created_at,updated_at
64043,61136,2025-01-08T15:59:27.543106,2025-04-23T23:34:15.627492
64043,97724,2025-01-08T15:59:27.543106,2025-04-23T23:34:15.627492
64043,34669,2025-01-08T15:59:27.543106,2025-04-23T23:34:15.627492
64043,46069,2025-01-08T15:59:27.543106,2025-04-23T23:34:15.627492
64043,81458,2025-01-08T15:59:27.543106,2025-04-23T23:34:15.627492
41377,90710,2024-02-11T20:46:01.850596,2024-11-17T12:06:58.081958
41377,33810,2024-02-11T20:46:01.850596,2024-11-17T12:06:58.081958
41377,91131,2024-02-11T20:46:01.850596,2024-11-17T12:06:58.081958
41377,59386,2024-02-11T20:46:01.850596,2024-11-17T12:06:58.081958
41377,76857,2024-02-11T20:46:01.850596,2024-11-17T12:06:58.081958
5828,60487,2024-04-24T06:14:49.727597,2025-01-13T04:22:36.171670
5828,59910,2024-04-24T06:14:49.727597,2025-01-13T04:22:36.171670
5828,62866,2024-04-24T06:14:49.727597,2025-01-13T04:22:36.171670
5828,94049,2024-04-24T06:14:49.727597,2025-01-13T04:22:36.171670
5828,6212,2024-04-24T06:14:49.727597,2025-01-13T04:22:36.171670
14040,95707,2024-09-18T06:44:20.713159,2025-07-05T18:52:16.413879
14040,80897,2024-09-18T06:44:20.713159,2025-07-05T18:52:16.413879
14040,69526,2024-09-18T06:44:20.713159,2025-07-05T18:52:16.413879
14040,10607,2024-09-18T06:44:20.713159,2025-07-05T18:52:16.413879
14040,22108,2024-09-18T06:44:20.713159,2025-07-05T18:52:16.413879
49245,75361,2025-04-05T19:42:23.935449,2025-08-21T11:26:18.200443
49245,79805,2025-04-05T19:42:23.935449,2025-08-21T11:26:18.200443
49245,17577,2025-04-05T19:42:23.935449,2025-08-21T11:26:18.200443
49245,60729,2025-04-05T19:42:23.935449,2025-08-21T11:26:18.200443
49245,97023,2025-04-05T19:42:23.935449,2025-08-21T11:26:18.200443
63123,93539,2024-05-21T03:51:17.801963,2024-12-22T21:33:16.631680
63123,88739,2024-05-21T03:51:17.801963,2024-12-22T21:33:16.631680
63123,20732,2024-05-21T03:51:17.801963,2024-12-22T21:33:16.631680
63123,6498,2024-05-21T03:51:17.801963,2024-12-22T21:33:16.631680
63123,96316,2024-05-21T03:51:17.801963,2024-12-22T21:33:16.631680
37204,10429,2024-09-05T02:04:40.492284,2025-06-12T09:12:40.388628
37204,55605,2024-09-05T02:04:40.492284,2025-06-12T09:12:40.388628
37204,50403,2024-09-05T02:04:40.492284,2025-06-12T09:12:40.388628
37204,56767,2024-09-05T02:04:40.492284,2025-06-12T09:12:40.388628
37204,69526,2024-09-05T02:04:40.492284,2025-06-12T09:12:40.388628
2800,77099,2025-03-01T17:05:44.972344,2025-06-13T20:56:03.126832
2800,5762,2025-03-01T17:05:44.972344,2025-06-13T20:56:03.126832
2800,56359,2025-03-01T17:05:44.972344,2025-06-13T20:56:03.126832
2800,25383,2025-03-01T17:05:44.972344,2025-06-13T20:56:03.126832
2800,25782,2025-03-01T17:05:44.972344,2025-06-13T20:56:03.126832
15984,64585,2025-06-09T01:23:18.627275,2025-06-25T13:15:59.915987
15984,5759,2025-06-09T01:23:18.627275,2025-06-25T13:15:59.915987
15984,2489,2025-06-09T01:23:18.627275,2025-06-25T13:15:59.915987
15984,77025,2025-06-09T01:23:18.627275,2025-06-25T13:15:59.915987
15984,3936,2025-06-09T01:23:18.627275,2025-06-25T13:15:59.915987
40355,14737,2023-08-26T02:50:38.754697,2024-05-14T22:56:25.113615
40355,78240,2023-08-26T02:50:38.754697,2024-05-14T22:56:25.113615
40355,23859,2023-08-26T02:50:38.754697,2024-05-14T22:56:25.113615
40355,81387,2023-08-26T02:50:38.754697,2024-05-14T22:56:25.113615
40355,93017,2023-08-26T02:50:38.754697,2024-05-14T22:56:25.113615
10834,31564,2024-09-04T17:19:27.972194,2025-05-17T02:38:16.860056
10834,52005,2024-09-04T17:19:27.972194,2025-05-17T02:38:16.860056
10834,23378,2024-09-04T17:19:27.972194,2025-05-17T02:38:16.860056
10834,84583,2024-09-04T17:19:27.972194,2025-05-17T02:38:16.860056
10834,8597,2024-09-04T17:19:27.972194,2025-05-17T02:38:16.860056
21863,84219,2025-05-07T14:11:01.204223,2025-05-20T22:00:06.904658
21863,6042,2025-05-07T14:11:01.204223,2025-05-20T22:00:06.904658
21863,49916,2025-05-07T14:11:01.204223,2025-05-20T22:00:06.904658
21863,23305,2025-05-07T14:11:01.204223,2025-05-20T22:00:06.904658
21863,71026,2025-05-07T14:11:01.204223,2025-05-20T22:00:06.904658
97823,51289,2023-11-03T05:30:56.758859,2025-01-11T23:06:37.691322
97823,64116,2023-11-03T05:30:56.758859,2025-01-11T23:06:37.691322
97823,80126,2023-11-03T05:30:56.758859,2025-01-11T23:06:37.691322
97823,80879,2023-11-03T05:30:56.758859,2025-01-11T23:06:37.691322
97823,32785,2023-11-03T05:30:56.758859,2025-01-11T23:06:37.691322
11916,48258,2025-04-24T03:12:33.824606,2025-04-28T23:40:10.850239
11916,61697,2025-04-24T03:12:33.824606,2025-04-28T23:40:10.850239
11916,54057,2025-04-24T03:12:33.824606,2025-04-28T23:40:10.850239
11916,84351,2025-04-24T03:12:33.824606,2025-04-28T23:40:10.850239
11916,87309,2025-04-24T03:12:33.824606,2025-04-28T23:40:10.850239
26314,675,2023-12-15T21:28:55.571702,2024-08-20T12:20:58.621228
26314,45216,2023-12-15T21:28:55.571702,2024-08-20T12:20:58.621228
26314,77457,2023-12-15T21:28:55.571702,2024-08-20T12:20:58.621228
26314,54797,2023-12-15T21:28:55.571702,2024-08-20T12:20:58.621228
26314,78780,2023-12-15T21:28:55.571702,2024-08-20T12:20:58.621228
63237,17729,2024-02-01T08:52:47.400018,2024-05-25T17:43:46.811682
63237,60146,2024-02-01T08:52:47.400018,2024-05-25T17:43:46.811682
63237,10285,2024-02-01T08:52:47.400018,2024-05-25T17:43:46.811682
63237,63581,2024-02-01T08:52:47.400018,2024-05-25T17:43:46.811682
63237,84351,2024-02-01T08:52:47.400018,2024-05-25T17:43:46.811682
20475,46709,2023-09-02T02:29:15.679836,2023-12-22T18:38:25.769312
20475,83822,2023-09-02T02:29:15.679836,2023-12-22T18:38:25.769312
20475,74785,2023-09-02T02:29:15.679836,2023-12-22T18:38:25.769312
20475,65610,2023-09-02T02:29:15.679836,2023-12-22T18:38:25.769312
20475,87421,2023-09-02T02:29:15.679836,2023-12-22T18:38:25.769312
56037,92469,2023-10-26T15:24:09.251062,2024-11-13T19:53:19.089354
56037,10285,2023-10-26T15:24:09.251062,2024-11-13T19:53:19.089354
56037,34694,2023-10-26T15:24:09.251062,2024-11-13T19:53:19.089354
56037,76487,2023-10-26T15:24:09.251062,2024-11-13T19:53:19.089354
56037,16618,2023-10-26T15:24:09.251062,2024-11-13T19:53:19.089354
96562,52005,2025-06-18T03:54:21.441627,2025-08-16T15:05:27.301808
96562,97711,2025-06-18T03:54:21.441627,2025-08-16T15:05:27.301808
96562,42240,2025-06-18T03:54:21.441627,2025-08-16T15:05:27.301808
96562,86436,2025-06-18T03:54:21.441627,2025-08-16T15:05:27.301808
96562,55921,2025-06-18T03:54:21.441627,2025-08-16T15:05:27.301808
85444,66039,2024-09-16T09:51:04.449893,2024-12-10T21:39:31.262244
85444,6593,2024-09-16T09:51:04.449893,2024-12-10T21:39:31.262244
85444,9412,2024-09-16T09:51:04.449893,2024-12-10T21:39:31.262244
85444,8592,2024-09-16T09:51:04.449893,2024-12-10T21:39:31.262244
85444,71186,2024-09-16T09:51:04.449893,2024-12-10T21:39:31.262244
86661,86137,2023-10-26T12:21:34.959363,2024-05-01T17:58:33.716931
86661,75387,2023-10-26T12:21:34.959363,2024-05-01T17:58:33.716931
86661,89519,2023-10-26T12:21:34.959363,2024-05-01T17:58:33.716931
86661,27955,2023-10-26T12:21:34.959363,2024-05-01T17:58:33.716931
86661,31202,2023-10-26T12:21:34.959363,2024-05-01T17:58:33.716931
294,63067,2025-06-27T02:20:03.221678,2025-07-15T15:26:10.288506
294,16554,2025-06-27T02:20:03.221678,2025-07-15T15:26:10.288506
294,77077,2025-06-27T02:20:03.221678,2025-07-15T15:26:10.288506
294,65610,2025-06-27T02:20:03.221678,2025-07-15T15:26:10.288506
294,81644,2025-06-27T02:20:03.221678,2025-07-15T15:26:10.288506
83220,28098,2025-01-04T23:02:57.544770,2025-05-15T00:16:11.164556
83220,97930,2025-01-04T23:02:57.544770,2025-05-15T00:16:11.164556
83220,13814,2025-01-04T23:02:57.544770,2025-05-15T00:16:11.164556
83220,81666,2025-01-04T23:02:57.544770,2025-05-15T00:16:11.164556
83220,30137,2025-01-04T23:02:57.544770,2025-05-15T00:16:11.164556
97863,26832,2025-01-16T09:03:07.998593,2025-06-13T03:16:11.267291
97863,5177,2025-01-16T09:03:07.998593,2025-06-13T03:16:11.267291
97863,4767,2025-01-16T09:03:07.998593,2025-06-13T03:16:11.267291
97863,10607,2025-01-16T09:03:07.998593,2025-06-13T03:16:11.267291
97863,56851,2025-01-16T09:03:07.998593,2025-06-13T03:16:11.267291
83518,54499,2024-07-09T02:12:42.634993,2024-12-11T16:05:08.401887
83518,11375,2024-07-09T02:12:42.634993,2024-12-11T16:05:08.401887
83518,95791,2024-07-09T02:12:42.634993,2024-12-11T16:05:08.401887
83518,42348,2024-07-09T02:12:42.634993,2024-12-11T16:05:08.401887
83518,29204,2024-07-09T02:12:42.634993,2024-12-11T16:05:08.401887
77611,24448,2024-05-26T17:35:09.855260,2025-07-10T02:44:14.738240
77611,34238,2024-05-26T17:35:09.855260,2025-07-10T02:44:14.738240
77611,67175,2024-05-26T17:35:09.855260,2025-07-10T02:44:14.738240
77611,30205,2024-05-26T17:35:09.855260,2025-07-10T02:44:14.738240
77611,44736,2024-05-26T17:35:09.855260,2025-07-10T02:44:14.738240
83624,60729,2023-09-05T01:26:08.282557,2023-10-23T00:48:06.420060
83624,30137,2023-09-05T01:26:08.282557,2023-10-23T00:48:06.420060
83624,11375,2023-09-05T01:26:08.282557,2023-10-23T00:48:06.420060
83624,30212,2023-09-05T01:26:08.282557,2023-10-23T00:48:06.420060
83624,39283,2023-09-05T01:26:08.282557,2023-10-23T00:48:06.420060
20336,87536,2024-12-12T12:26:28.829706,2024-12-30T17:00:35.893086
20336,41483,2024-12-12T12:26:28.829706,2024-12-30T17:00:35.893086
20336,67896,2024-12-12T12:26:28.829706,2024-12-30T17:00:35.893086
20336,42813,2024-12-12T12:26:28.829706,2024-12-30T17:00:35.893086
20336,59884,2024-12-12T12:26:28.829706,2024-12-30T17:00:35.893086
44336,7677,2023-09-03T12:30:59.831476,2025-05-01T00:42:41.257477
44336,69796,2023-09-03T12:30:59.831476,2025-05-01T00:42:41.257477
44336,93577,2023-09-03T12:30:59.831476,2025-05-01T00:42:41.257477
44336,998,2023-09-03T12:30:59.831476,2025-05-01T00:42:41.257477
44336,64163,2023-09-03T12:30:59.831476,2025-05-01T00:42:41.257477
84453,5110,2024-11-07T02:02:25.073483,2025-07-15T04:39:34.473162
84453,55128,2024-11-07T02:02:25.073483,2025-07-15T04:39:34.473162
84453,87421,2024-11-07T02:02:25.073483,2025-07-15T04:39:34.473162
84453,27635,2024-11-07T02:02:25.073483,2025-07-15T04:39:34.473162
84453,47117,2024-11-07T02:02:25.073483,2025-07-15T04:39:34.473162
26441,38537,2023-12-27T07:37:03.666437,2025-02-15T01:57:03.442565
26441,18977,2023-12-27T07:37:03.666437,2025-02-15T01:57:03.442565
26441,52412,2023-12-27T07:37:03.666437,2025-02-15T01:57:03.442565
26441,61697,2023-12-27T07:37:03.666437,2025-02-15T01:57:03.442565
26441,42173,2023-12-27T07:37:03.666437,2025-02-15T01:57:03.442565
25706,89087,2024-04-16T12:30:02.295891,2024-11-18T07:14:00.049750
25706,88628,2024-04-16T12:30:02.295891,2024-11-18T07:14:00.049750
25706,28468,2024-04-16T12:30:02.295891,2024-11-18T07:14:00.049750
25706,53800,2024-04-16T12:30:02.295891,2024-11-18T07:14:00.049750
25706,65019,2024-04-16T12:30:02.295891,2024-11-18T07:14:00.049750
73827,65193,2024-07-16T14:10:34.291349,2024-07-22T21:39:37.529442
73827,79805,2024-07-16T14:10:34.291349,2024-07-22T21:39:37.529442
73827,97773,2024-07-16T14:10:34.291349,2024-07-22T21:39:37.529442
73827,13734,2024-07-16T14:10:34.291349,2024-07-22T21:39:37.529442
73827,16799,2024-07-16T14:10:34.291349,2024-07-22T21:39:37.529442
85687,96151,2025-08-09T06:23:12.777098,2025-08-09T08:53:44.306670
85687,16802,2025-08-09T06:23:12.777098,2025-08-09T08:53:44.306670
85687,34238,2025-08-09T06:23:12.777098,2025-08-09T08:53:44.306670
85687,4854,2025-08-09T06:23:12.777098,2025-08-09T08:53:44.306670
85687,71471,2025-08-09T06:23:12.777098,2025-08-09T08:53:44.306670
44977,94968,2023-09-28T01:39:32.423597,2024-10-13T17:27:05.702143
44977,49765,2023-09-28T01:39:32.423597,2024-10-13T17:27:05.702143
44977,15496,2023-09-28T01:39:32.423597,2024-10-13T17:27:05.702143
44977,16802,2023-09-28T01:39:32.423597,2024-10-13T17:27:05.702143
44977,7583,2023-09-28T01:39:32.423597,2024-10-13T17:27:05.702143
31630,59861,2025-01-15T00:16:04.024188,2025-02-18T23:10:01.056674
31630,61130,2025-01-15T00:16:04.024188,2025-02-18T23:10:01.056674
31630,88285,2025-01-15T00:16:04.024188,2025-02-18T23:10:01.056674
31630,57395,2025-01-15T00:16:04.024188,2025-02-18T23:10:01.056674
31630,55743,2025-01-15T00:16:04.024188,2025-02-18T23:10:01.056674
6438,10947,2025-03-16T23:19:43.847603,2025-07-28T21:32:27.276974
6438,33705,2025-03-16T23:19:43.847603,2025-07-28T21:32:27.276974
6438,52005,2025-03-16T23:19:43.847603,2025-07-28T21:32:27.276974
6438,43544,2025-03-16T23:19:43.847603,2025-07-28T21:32:27.276974
6438,1105,2025-03-16T23:19:43.847603,2025-07-28T21:32:27.276974
57688,68060,2025-07-22T07:54:58.521106,2025-08-03T10:19:28.203372
57688,96838,2025-07-22T07:54:58.521106,2025-08-03T10:19:28.203372
57688,44565,2025-07-22T07:54:58.521106,2025-08-03T10:19:28.203372
57688,77683,2025-07-22T07:54:58.521106,2025-08-03T10:19:28.203372
57688,998,2025-07-22T07:54:58.521106,2025-08-03T10:19:28.203372
27994,52330,2024-06-18T09:15:22.874843,2025-05-04T02:41:50.592375
27994,55194,2024-06-18T09:15:22.874843,2025-05-04T02:41:50.592375
27994,84167,2024-06-18T09:15:22.874843,2025-05-04T02:41:50.592375
27994,96052,2024-06-18T09:15:22.874843,2025-05-04T02:41:50.592375
27994,83288,2024-06-18T09:15:22.874843,2025-05-04T02:41:50.592375
45102,53035,2025-07-09T14:27:07.332232,2025-08-07T21:07:06.400219
45102,68416,2025-07-09T14:27:07.332232,2025-08-07T21:07:06.400219
45102,97957,2025-07-09T14:27:07.332232,2025-08-07T21:07:06.400219
45102,74832,2025-07-09T14:27:07.332232,2025-08-07T21:07:06.400219
45102,84934,2025-07-09T14:27:07.332232,2025-08-07T21:07:06.400219
9123,53929,2025-04-17T04:39:13.240888,2025-06-18T05:07:49.837403
9123,74187,2025-04-17T04:39:13.240888,2025-06-18T05:07:49.837403
9123,52005,2025-04-17T04:39:13.240888,2025-06-18T05:07:49.837403
9123,34669,2025-04-17T04:39:13.240888,2025-06-18T05:07:49.837403
9123,70934,2025-04-17T04:39:13.240888,2025-06-18T05:07:49.837403
78054,11441,2023-09-24T14:37:43.395929,2024-09-08T19:12:52.328476
78054,10126,2023-09-24T14:37:43.395929,2024-09-08T19:12:52.328476
78054,31115,2023-09-24T14:37:43.395929,2024-09-08T19:12:52.328476
78054,11996,2023-09-24T14:37:43.395929,2024-09-08T19:12:52.328476
78054,2832,2023-09-24T14:37:43.395929,2024-09-08T19:12:52.328476
67322,27873,2024-08-20T19:57:00.691715,2025-02-16T16:57:19.938168
67322,85224,2024-08-20T19:57:00.691715,2025-02-16T16:57:19.938168
67322,33867,2024-08-20T19:57:00.691715,2025-02-16T16:57:19.938168
67322,12226,2024-08-20T19:57:00.691715,2025-02-16T16:57:19.938168
67322,45216,2024-08-20T19:57:00.691715,2025-02-16T16:57:19.938168
50728,61555,2024-06-19T13:07:45.334324,2024-09-10T23:40:52.316852
50728,65019,2024-06-19T13:07:45.334324,2024-09-10T23:40:52.316852
50728,50053,2024-06-19T13:07:45.334324,2024-09-10T23:40:52.316852
50728,43699,2024-06-19T13:07:45.334324,2024-09-10T23:40:52.316852
50728,5919,2024-06-19T13:07:45.334324,2024-09-10T23:40:52.316852
11065,94290,2024-11-17T02:32:11.112853,2025-01-08T17:39:37.356056
11065,78020,2024-11-17T02:32:11.112853,2025-01-08T17:39:37.356056
11065,33810,2024-11-17T02:32:11.112853,2025-01-08T17:39:37.356056
11065,91068,2024-11-17T02:32:11.112853,2025-01-08T17:39:37.356056
11065,55660,2024-11-17T02:32:11.112853,2025-01-08T17:39:37.356056
38900,25782,2025-08-01T18:54:04.730457,2025-08-09T07:47:11.431515
38900,97554,2025-08-01T18:54:04.730457,2025-08-09T07:47:11.431515
38900,95437,2025-08-01T18:54:04.730457,2025-08-09T07:47:11.431515
38900,60729,2025-08-01T18:54:04.730457,2025-08-09T07:47:11.431515
38900,22113,2025-08-01T18:54:04.730457,2025-08-09T07:47:11.431515
92779,43276,2024-07-13T11:18:41.202137,2025-07-22T11:47:16.211261
92779,29095,2024-07-13T11:18:41.202137,2025-07-22T11:47:16.211261
92779,93020,2024-07-13T11:18:41.202137,2025-07-22T11:47:16.211261
92779,44241,2024-07-13T11:18:41.202137,2025-07-22T11:47:16.211261
92779,9451,2024-07-13T11:18:41.202137,2025-07-22T11:47:16.211261
64117,81836,2024-10-31T23:06:03.239010,2025-05-12T22:26:53.647567
64117,66441,2024-10-31T23:06:03.239010,2025-05-12T22:26:53.647567
64117,50921,2024-10-31T23:06:03.239010,2025-05-12T22:26:53.647567
64117,52780,2024-10-31T23:06:03.239010,2025-05-12T22:26:53.647567
64117,50977,2024-10-31T23:06:03.239010,2025-05-12T22:26:53.647567
33312,58049,2023-10-21T00:24:11.716094,2025-05-10T05:06:21.829911
33312,90304,2023-10-21T00:24:11.716094,2025-05-10T05:06:21.829911
33312,53122,2023-10-21T00:24:11.716094,2025-05-10T05:06:21.829911
33312,48991,2023-10-21T00:24:11.716094,2025-05-10T05:06:21.829911
33312,19891,2023-10-21T00:24:11.716094,2025-05-10T05:06:21.829911
16125,58471,2024-12-23T13:06:57.034313,2025-03-11T08:06:48.338372
16125,53387,2024-12-23T13:06:57.034313,2025-03-11T08:06:48.338372
16125,63441,2024-12-23T13:06:57.034313,2025-03-11T08:06:48.338372
16125,52330,2024-12-23T13:06:57.034313,2025-03-11T08:06:48.338372
16125,87016,2024-12-23T13:06:57.034313,2025-03-11T08:06:48.338372
28087,21324,2025-08-06T21:14:41.025120,2025-08-20T13:58:53.830495
28087,19417,2025-08-06T21:14:41.025120,2025-08-20T13:58:53.830495
28087,11982,2025-08-06T21:14:41.025120,2025-08-20T13:58:53.830495
28087,27482,2025-08-06T21:14:41.025120,2025-08-20T13:58:53.830495
28087,11994,2025-08-06T21:14:41.025120,2025-08-20T13:58:53.830495
72008,79987,2024-05-07T00:29:41.393939,2025-04-28T14:07:15.367105
72008,13055,2024-05-07T00:29:41.393939,2025-04-28T14:07:15.367105
72008,97554,2024-05-07T00:29:41.393939,2025-04-28T14:07:15.367105
72008,91817,2024-05-07T00:29:41.393939,2025-04-28T14:07:15.367105
72008,77497,2024-05-07T00:29:41.393939,2025-04-28T14:07:15.367105
35818,47478,2024-11-04T07:14:38.101506,2025-03-07T00:29:11.955972
35818,59873,2024-11-04T07:14:38.101506,2025-03-07T00:29:11.955972
35818,51289,2024-11-04T07:14:38.101506,2025-03-07T00:29:11.955972
35818,87381,2024-11-04T07:14:38.101506,2025-03-07T00:29:11.955972
35818,58049,2024-11-04T07:14:38.101506,2025-03-07T00:29:11.955972
59672,48202,2024-03-05T12:42:56.574988,2025-08-19T20:49:51.911937
59672,53800,2024-03-05T12:42:56.574988,2025-08-19T20:49:51.911937
59672,22108,2024-03-05T12:42:56.574988,2025-08-19T20:49:51.911937
59672,93893,2024-03-05T12:42:56.574988,2025-08-19T20:49:51.911937
59672,91817,2024-03-05T12:42:56.574988,2025-08-19T20:49:51.911937
9064,67217,2024-04-28T15:48:56.862398,2025-08-07T22:28:04.838656
9064,20429,2024-04-28T15:48:56.862398,2025-08-07T22:28:04.838656
9064,75361,2024-04-28T15:48:56.862398,2025-08-07T22:28:04.838656
9064,52412,2024-04-28T15:48:56.862398,2025-08-07T22:28:04.838656
9064,51296,2024-04-28T15:48:56.862398,2025-08-07T22:28:04.838656
95414,9451,2025-05-16T08:06:40.730344,2025-06-15T06:20:59.226951
95414,14737,2025-05-16T08:06:40.730344,2025-06-15T06:20:59.226951
95414,72351,2025-05-16T08:06:40.730344,2025-06-15T06:20:59.226951
95414,52334,2025-05-16T08:06:40.730344,2025-06-15T06:20:59.226951
95414,85471,2025-05-16T08:06:40.730344,2025-06-15T06:20:59.226951
6476,2728,2023-11-14T09:01:02.671816,2023-12-03T22:42:18.032975
6476,16802,2023-11-14T09:01:02.671816,2023-12-03T22:42:18.032975
6476,12522,2023-11-14T09:01:02.671816,2023-12-03T22:42:18.032975
6476,85471,2023-11-14T09:01:02.671816,2023-12-03T22:42:18.032975
6476,32594,2023-11-14T09:01:02.671816,2023-12-03T22:42:18.032975
1873,78307,2023-09-24T19:54:09.529719,2024-07-18T02:41:20.258006
1873,66920,2023-09-24T19:54:09.529719,2024-07-18T02:41:20.258006
1873,92609,2023-09-24T19:54:09.529719,2024-07-18T02:41:20.258006
1873,64163,2023-09-24T19:54:09.529719,2024-07-18T02:41:20.258006
1873,60146,2023-09-24T19:54:09.529719,2024-07-18T02:41:20.258006
37313,81410,2024-05-16T11:08:15.819252,2024-08-26T08:16:49.965578
37313,32122,2024-05-16T11:08:15.819252,2024-08-26T08:16:49.965578
37313,24979,2024-05-16T11:08:15.819252,2024-08-26T08:16:49.965578
37313,91138,2024-05-16T11:08:15.819252,2024-08-26T08:16:49.965578
37313,29204,2024-05-16T11:08:15.819252,2024-08-26T08:16:49.965578
65609,14147,2024-03-02T06:47:54.666038,2025-02-18T04:32:16.963397
65609,50053,2024-03-02T06:47:54.666038,2025-02-18T04:32:16.963397
65609,81486,2024-03-02T06:47:54.666038,2025-02-18T04:32:16.963397
65609,13148,2024-03-02T06:47:54.666038,2025-02-18T04:32:16.963397
65609,39083,2024-03-02T06:47:54.666038,2025-02-18T04:32:16.963397
66266,9644,2024-11-15T11:37:05.258773,2025-02-08T03:37:52.439249
66266,41966,2024-11-15T11:37:05.258773,2025-02-08T03:37:52.439249
66266,21142,2024-11-15T11:37:05.258773,2025-02-08T03:37:52.439249
66266,18977,2024-11-15T11:37:05.258773,2025-02-08T03:37:52.439249
66266,19030,2024-11-15T11:37:05.258773,2025-02-08T03:37:52.439249
24475,90885,2023-12-31T18:57:27.579349,2024-01-07T21:01:48.579899
24475,39927,2023-12-31T18:57:27.579349,2024-01-07T21:01:48.579899
24475,50541,2023-12-31T18:57:27.579349,2024-01-07T21:01:48.579899
24475,70660,2023-12-31T18:57:27.579349,2024-01-07T21:01:48.579899
24475,22113,2023-12-31T18:57:27.579349,2024-01-07T21:01:48.579899
74341,87536,2023-09-01T01:44:00.961895,2024-04-10T12:37:08.250173
74341,14074,2023-09-01T01:44:00.961895,2024-04-10T12:37:08.250173
74341,32729,2023-09-01T01:44:00.961895,2024-04-10T12:37:08.250173
74341,28983,2023-09-01T01:44:00.961895,2024-04-10T12:37:08.250173
74341,83598,2023-09-01T01:44:00.961895,2024-04-10T12:37:08.250173
15535,23305,2024-12-21T06:11:33.823632,2025-06-09T09:53:19.588252
15535,86182,2024-12-21T06:11:33.823632,2025-06-09T09:53:19.588252
15535,77615,2024-12-21T06:11:33.823632,2025-06-09T09:53:19.588252
15535,46399,2024-12-21T06:11:33.823632,2025-06-09T09:53:19.588252
15535,19833,2024-12-21T06:11:33.823632,2025-06-09T09:53:19.588252
14015,44736,2024-10-04T11:43:40.112977,2025-07-09T13:15:01.763906
14015,90793,2024-10-04T11:43:40.112977,2025-07-09T13:15:01.763906
14015,24448,2024-10-04T11:43:40.112977,2025-07-09T13:15:01.763906
14015,39064,2024-10-04T11:43:40.112977,2025-07-09T13:15:01.763906
14015,34726,2024-10-04T11:43:40.112977,2025-07-09T13:15:01.763906
3367,76751,2024-08-09T23:30:44.014349,2024-10-25T18:38:26.845044
3367,8517,2024-08-09T23:30:44.014349,2024-10-25T18:38:26.845044
3367,62662,2024-08-09T23:30:44.014349,2024-10-25T18:38:26.845044
3367,25275,2024-08-09T23:30:44.014349,2024-10-25T18:38:26.845044
3367,42565,2024-08-09T23:30:44.014349,2024-10-25T18:38:26.845044
15673,89965,2024-06-23T10:49:33.061726,2025-05-21T19:08:41.621727
15673,78727,2024-06-23T10:49:33.061726,2025-05-21T19:08:41.621727
15673,3569,2024-06-23T10:49:33.061726,2025-05-21T19:08:41.621727
15673,65433,2024-06-23T10:49:33.061726,2025-05-21T19:08:41.621727
15673,51289,2024-06-23T10:49:33.061726,2025-05-21T19:08:41.621727
14458,98658,2025-06-27T19:53:49.296605,2025-07-09T17:58:17.580220
14458,36947,2025-06-27T19:53:49.296605,2025-07-09T17:58:17.580220
14458,20771,2025-06-27T19:53:49.296605,2025-07-09T17:58:17.580220
14458,80976,2025-06-27T19:53:49.296605,2025-07-09T17:58:17.580220
14458,48759,2025-06-27T19:53:49.296605,2025-07-09T17:58:17.580220
5928,23618,2024-03-29T12:19:48.366893,2025-05-25T07:06:22.934739
5928,48991,2024-03-29T12:19:48.366893,2025-05-25T07:06:22.934739
5928,8592,2024-03-29T12:19:48.366893,2025-05-25T07:06:22.934739
5928,63882,2024-03-29T12:19:48.366893,2025-05-25T07:06:22.934739
5928,2832,2024-03-29T12:19:48.366893,2025-05-25T07:06:22.934739
1829,63882,2025-06-08T04:22:10.030420,2025-07-18T23:47:03.316089
1829,71400,2025-06-08T04:22:10.030420,2025-07-18T23:47:03.316089
1829,72351,2025-06-08T04:22:10.030420,2025-07-18T23:47:03.316089
1829,31178,2025-06-08T04:22:10.030420,2025-07-18T23:47:03.316089
1829,56359,2025-06-08T04:22:10.030420,2025-07-18T23:47:03.316089
99231,89956,2025-05-05T23:57:00.999036,2025-05-26T13:58:34.200716
99231,58427,2025-05-05T23:57:00.999036,2025-05-26T13:58:34.200716
99231,32105,2025-05-05T23:57:00.999036,2025-05-26T13:58:34.200716
99231,75361,2025-05-05T23:57:00.999036,2025-05-26T13:58:34.200716
99231,2619,2025-05-05T23:57:00.999036,2025-05-26T13:58:34.200716
24689,59285,2023-12-14T20:42:28.686488,2024-09-12T05:31:44.152380
24689,70972,2023-12-14T20:42:28.686488,2024-09-12T05:31:44.152380
24689,51485,2023-12-14T20:42:28.686488,2024-09-12T05:31:44.152380
24689,19891,2023-12-14T20:42:28.686488,2024-09-12T05:31:44.152380
24689,87445,2023-12-14T20:42:28.686488,2024-09-12T05:31:44.152380
82351,36894,2024-11-30T03:29:02.570205,2024-12-01T17:11:53.685754
82351,59861,2024-11-30T03:29:02.570205,2024-12-01T17:11:53.685754
82351,51546,2024-11-30T03:29:02.570205,2024-12-01T17:11:53.685754
82351,84583,2024-11-30T03:29:02.570205,2024-12-01T17:11:53.685754
82351,47129,2024-11-30T03:29:02.570205,2024-12-01T17:11:53.685754
26230,86436,2025-07-24T19:34:39.956872,2025-08-16T13:52:37.922223
26230,21142,2025-07-24T19:34:39.956872,2025-08-16T13:52:37.922223
26230,24930,2025-07-24T19:34:39.956872,2025-08-16T13:52:37.922223
26230,34644,2025-07-24T19:34:39.956872,2025-08-16T13:52:37.922223
26230,90885,2025-07-24T19:34:39.956872,2025-08-16T13:52:37.922223
40003,63441,2025-07-15T11:23:41.369303,2025-07-31T02:31:34.975192
40003,96622,2025-07-15T11:23:41.369303,2025-07-31T02:31:34.975192
40003,5392,2025-07-15T11:23:41.369303,2025-07-31T02:31:34.975192
40003,75186,2025-07-15T11:23:41.369303,2025-07-31T02:31:34.975192
40003,681,2025-07-15T11:23:41.369303,2025-07-31T02:31:34.975192
32207,78697,2023-08-27T07:35:52.748920,2025-07-11T00:13:45.045250
32207,37672,2023-08-27T07:35:52.748920,2025-07-11T00:13:45.045250
32207,20743,2023-08-27T07:35:52.748920,2025-07-11T00:13:45.045250
32207,34281,2023-08-27T07:35:52.748920,2025-07-11T00:13:45.045250
32207,23712,2023-08-27T07:35:52.748920,2025-07-11T00:13:45.045250
45847,80517,2024-12-28T15:27:22.559500,2025-03-15T06:53:42.042047
45847,46772,2024-12-28T15:27:22.559500,2025-03-15T06:53:42.042047
45847,14984,2024-12-28T15:27:22.559500,2025-03-15T06:53:42.042047
45847,34173,2024-12-28T15:27:22.559500,2025-03-15T06:53:42.042047
45847,10429,2024-12-28T15:27:22.559500,2025-03-15T06:53:42.042047
79403,50053,2024-11-27T23:49:11.468756,2024-12-11T16:39:53.690625
79403,22450,2024-11-27T23:49:11.468756,2024-12-11T16:39:53.690625
79403,16720,2024-11-27T23:49:11.468756,2024-12-11T16:39:53.690625
79403,33810,2024-11-27T23:49:11.468756,2024-12-11T16:39:53.690625
79403,23941,2024-11-27T23:49:11.468756,2024-12-11T16:39:53.690625
86651,68656,2024-11-01T21:08:23.326276,2025-06-10T21:37:25.052737
86651,53800,2024-11-01T21:08:23.326276,2025-06-10T21:37:25.052737
86651,44119,2024-11-01T21:08:23.326276,2025-06-10T21:37:25.052737
86651,23410,2024-11-01T21:08:23.326276,2025-06-10T21:37:25.052737
86651,17729,2024-11-01T21:08:23.326276,2025-06-10T21:37:25.052737
57082,75387,2024-04-07T10:17:18.124645,2025-05-14T17:32:40.709417
57082,49982,2024-04-07T10:17:18.124645,2025-05-14T17:32:40.709417
57082,45210,2024-04-07T10:17:18.124645,2025-05-14T17:32:40.709417
57082,94049,2024-04-07T10:17:18.124645,2025-05-14T17:32:40.709417
57082,41275,2024-04-07T10:17:18.124645,2025-05-14T17:32:40.709417
34677,18000,2023-10-04T01:28:12.460909,2025-03-12T10:06:12.823301
34677,76242,2023-10-04T01:28:12.460909,2025-03-12T10:06:12.823301
34677,45714,2023-10-04T01:28:12.460909,2025-03-12T10:06:12.823301
34677,73015,2023-10-04T01:28:12.460909,2025-03-12T10:06:12.823301
34677,33087,2023-10-04T01:28:12.460909,2025-03-12T10:06:12.823301
6133,49144,2024-12-28T11:27:37.788324,2025-05-19T22:48:35.402005
6133,85430,2024-12-28T11:27:37.788324,2025-05-19T22:48:35.402005
6133,29325,2024-12-28T11:27:37.788324,2025-05-19T22:48:35.402005
6133,38835,2024-12-28T11:27:37.788324,2025-05-19T22:48:35.402005
6133,33639,2024-12-28T11:27:37.788324,2025-05-19T22:48:35.402005
11860,71990,2024-12-29T09:46:57.830483,2025-02-27T13:32:32.678683
11860,78727,2024-12-29T09:46:57.830483,2025-02-27T13:32:32.678683
11860,84981,2024-12-29T09:46:57.830483,2025-02-27T13:32:32.678683
11860,40063,2024-12-29T09:46:57.830483,2025-02-27T13:32:32.678683
11860,46201,2024-12-29T09:46:57.830483,2025-02-27T13:32:32.678683
81703,73311,2024-02-24T04:10:44.809673,2025-08-08T06:42:20.699076
81703,31546,2024-02-24T04:10:44.809673,2025-08-08T06:42:20.699076
81703,33856,2024-02-24T04:10:44.809673,2025-08-08T06:42:20.699076
81703,54696,2024-02-24T04:10:44.809673,2025-08-08T06:42:20.699076
81703,68692,2024-02-24T04:10:44.809673,2025-08-08T06:42:20.699076
44048,85539,2025-03-03T20:54:50.574672,2025-08-14T10:23:34.118762
44048,75850,2025-03-03T20:54:50.574672,2025-08-14T10:23:34.118762
44048,95707,2025-03-03T20:54:50.574672,2025-08-14T10:23:34.118762
44048,79661,2025-03-03T20:54:50.574672,2025-08-14T10:23:34.118762
44048,63179,2025-03-03T20:54:50.574672,2025-08-14T10:23:34.118762
33924,80869,2024-06-19T19:48:27.065388,2025-06-29T06:45:50.075752
33924,14524,2024-06-19T19:48:27.065388,2025-06-29T06:45:50.075752
33924,43418,2024-06-19T19:48:27.065388,2025-06-29T06:45:50.075752
33924,74187,2024-06-19T19:48:27.065388,2025-06-29T06:45:50.075752
33924,67574,2024-06-19T19:48:27.065388,2025-06-29T06:45:50.075752
4733,97554,2024-02-06T15:39:19.622375,2025-05-02T08:03:48.925004
4733,81227,2024-02-06T15:39:19.622375,2025-05-02T08:03:48.925004
4733,54907,2024-02-06T15:39:19.622375,2025-05-02T08:03:48.925004
4733,39927,2024-02-06T15:39:19.622375,2025-05-02T08:03:48.925004
4733,73625,2024-02-06T15:39:19.622375,2025-05-02T08:03:48.925004
31709,55623,2023-08-31T15:49:24.046804,2024-10-01T07:12:22.272844
31709,98473,2023-08-31T15:49:24.046804,2024-10-01T07:12:22.272844
31709,21616,2023-08-31T15:49:24.046804,2024-10-01T07:12:22.272844
31709,41978,2023-08-31T15:49:24.046804,2024-10-01T07:12:22.272844
31709,56201,2023-08-31T15:49:24.046804,2024-10-01T07:12:22.272844
15901,99118,2025-04-27T05:52:39.670766,2025-07-10T09:14:48.572865
15901,95791,2025-04-27T05:52:39.670766,2025-07-10T09:14:48.572865
15901,69303,2025-04-27T05:52:39.670766,2025-07-10T09:14:48.572865
15901,28431,2025-04-27T05:52:39.670766,2025-07-10T09:14:48.572865
15901,40025,2025-04-27T05:52:39.670766,2025-07-10T09:14:48.572865
7365,30721,2024-06-12T05:52:26.932439,2024-08-03T20:47:20.989599
7365,67574,2024-06-12T05:52:26.932439,2024-08-03T20:47:20.989599
7365,20006,2024-06-12T05:52:26.932439,2024-08-03T20:47:20.989599
7365,10429,2024-06-12T05:52:26.932439,2024-08-03T20:47:20.989599
7365,22706,2024-06-12T05:52:26.932439,2024-08-03T20:47:20.989599
87428,57371,2024-03-19T13:32:09.025959,2025-08-17T17:20:57.903773
87428,55525,2024-03-19T13:32:09.025959,2025-08-17T17:20:57.903773
87428,71471,2024-03-19T13:32:09.025959,2025-08-17T17:20:57.903773
87428,13574,2024-03-19T13:32:09.025959,2025-08-17T17:20:57.903773
87428,37878,2024-03-19T13:32:09.025959,2025-08-17T17:20:57.903773
67284,51296,2024-07-08T14:47:13.595793,2025-01-06T01:16:47.861106
67284,95879,2024-07-08T14:47:13.595793,2025-01-06T01:16:47.861106
67284,68003,2024-07-08T14:47:13.595793,2025-01-06T01:16:47.861106
67284,83857,2024-07-08T14:47:13.595793,2025-01-06T01:16:47.861106
67284,16807,2024-07-08T14:47:13.595793,2025-01-06T01:16:47.861106
60306,7669,2024-10-18T12:08:58.941619,2025-06-07T08:11:39.419408
60306,23319,2024-10-18T12:08:58.941619,2025-06-07T08:11:39.419408
60306,12271,2024-10-18T12:08:58.941619,2025-06-07T08:11:39.419408
60306,32175,2024-10-18T12:08:58.941619,2025-06-07T08:11:39.419408
60306,9292,2024-10-18T12:08:58.941619,2025-06-07T08:11:39.419408
8849,92853,2024-01-26T19:05:47.008424,2025-07-18T16:59:53.367507
8849,77683,2024-01-26T19:05:47.008424,2025-07-18T16:59:53.367507
8849,67217,2024-01-26T19:05:47.008424,2025-07-18T16:59:53.367507
8849,68431,2024-01-26T19:05:47.008424,2025-07-18T16:59:53.367507
8849,92866,2024-01-26T19:05:47.008424,2025-07-18T16:59:53.367507
41418,39283,2024-01-08T14:03:20.097067,2025-03-29T10:19:39.073913
41418,33876,2024-01-08T14:03:20.097067,2025-03-29T10:19:39.073913
41418,12299,2024-01-08T14:03:20.097067,2025-03-29T10:19:39.073913
41418,11941,2024-01-08T14:03:20.097067,2025-03-29T10:19:39.073913
41418,18448,2024-01-08T14:03:20.097067,2025-03-29T10:19:39.073913
49411,12360,2024-12-24T21:58:51.982912,2025-07-20T03:37:41.395853
49411,96052,2024-12-24T21:58:51.982912,2025-07-20T03:37:41.395853
49411,27853,2024-12-24T21:58:51.982912,2025-07-20T03:37:41.395853
49411,17377,2024-12-24T21:58:51.982912,2025-07-20T03:37:41.395853
49411,74024,2024-12-24T21:58:51.982912,2025-07-20T03:37:41.395853
86428,71801,2024-09-20T08:28:32.761917,2025-07-31T11:22:05.242693
86428,62426,2024-09-20T08:28:32.761917,2025-07-31T11:22:05.242693
86428,24792,2024-09-20T08:28:32.761917,2025-07-31T11:22:05.242693
86428,44519,2024-09-20T08:28:32.761917,2025-07-31T11:22:05.242693
86428,85224,2024-09-20T08:28:32.761917,2025-07-31T11:22:05.242693
66872,61684,2024-07-24T13:25:24.521895,2025-07-27T05:49:54.245603
66872,91250,2024-07-24T13:25:24.521895,2025-07-27T05:49:54.245603
66872,9427,2024-07-24T13:25:24.521895,2025-07-27T05:49:54.245603
66872,74106,2024-07-24T13:25:24.521895,2025-07-27T05:49:54.245603
66872,79607,2024-07-24T13:25:24.521895,2025-07-27T05:49:54.245603
58500,80723,2025-01-25T16:09:46.778244,2025-06-24T01:02:11.473166
58500,33856,2025-01-25T16:09:46.778244,2025-06-24T01:02:11.473166
58500,23043,2025-01-25T16:09:46.778244,2025-06-24T01:02:11.473166
58500,78697,2025-01-25T16:09:46.778244,2025-06-24T01:02:11.473166
58500,60348,2025-01-25T16:09:46.778244,2025-06-24T01:02:11.473166
91944,69303,2024-07-22T00:52:19.039912,2025-02-11T14:50:56.304462
91944,87016,2024-07-22T00:52:19.039912,2025-02-11T14:50:56.304462
91944,35001,2024-07-22T00:52:19.039912,2025-02-11T14:50:56.304462
91944,61801,2024-07-22T00:52:19.039912,2025-02-11T14:50:56.304462
91944,95791,2024-07-22T00:52:19.039912,2025-02-11T14:50:56.304462
61980,93539,2024-07-07T20:22:31.280489,2025-07-09T00:00:30.888602
61980,2564,2024-07-07T20:22:31.280489,2025-07-09T00:00:30.888602
61980,84981,2024-07-07T20:22:31.280489,2025-07-09T00:00:30.888602
61980,86070,2024-07-07T20:22:31.280489,2025-07-09T00:00:30.888602
61980,86972,2024-07-07T20:22:31.280489,2025-07-09T00:00:30.888602
58283,7477,2025-08-11T15:15:58.365733,2025-08-20T12:54:11.843214
58283,93347,2025-08-11T15:15:58.365733,2025-08-20T12:54:11.843214
58283,47017,2025-08-11T15:15:58.365733,2025-08-20T12:54:11.843214
58283,13973,2025-08-11T15:15:58.365733,2025-08-20T12:54:11.843214
58283,57371,2025-08-11T15:15:58.365733,2025-08-20T12:54:11.843214
24856,60977,2024-07-16T21:48:36.537680,2024-08-29T00:16:27.939626
24856,3213,2024-07-16T21:48:36.537680,2024-08-29T00:16:27.939626
24856,94759,2024-07-16T21:48:36.537680,2024-08-29T00:16:27.939626
24856,71801,2024-07-16T21:48:36.537680,2024-08-29T00:16:27.939626
24856,16618,2024-07-16T21:48:36.537680,2024-08-29T00:16:27.939626
64690,29248,2025-07-01T17:35:10.458531,2025-07-23T17:00:34.220783
64690,7297,2025-07-01T17:35:10.458531,2025-07-23T17:00:34.220783
64690,13313,2025-07-01T17:35:10.458531,2025-07-23T17:00:34.220783
64690,8592,2025-07-01T17:35:10.458531,2025-07-23T17:00:34.220783
64690,58427,2025-07-01T17:35:10.458531,2025-07-23T17:00:34.220783
24405,55742,2024-07-13T03:08:57.808185,2025-06-04T06:37:17.336205
24405,8055,2024-07-13T03:08:57.808185,2025-06-04T06:37:17.336205
24405,92989,2024-07-13T03:08:57.808185,2025-06-04T06:37:17.336205
24405,81227,2024-07-13T03:08:57.808185,2025-06-04T06:37:17.336205
24405,19833,2024-07-13T03:08:57.808185,2025-06-04T06:37:17.336205
6582,34644,2025-05-03T07:35:02.644823,2025-06-13T11:38:55.834754
6582,60207,2025-05-03T07:35:02.644823,2025-06-13T11:38:55.834754
6582,52419,2025-05-03T07:35:02.644823,2025-06-13T11:38:55.834754
6582,18000,2025-05-03T07:35:02.644823,2025-06-13T11:38:55.834754
6582,55455,2025-05-03T07:35:02.644823,2025-06-13T11:38:55.834754
98688,54383,2024-05-31T18:38:00.953410,2025-02-26T12:15:51.839617
98688,44984,2024-05-31T18:38:00.953410,2025-02-26T12:15:51.839617
98688,71142,2024-05-31T18:38:00.953410,2025-02-26T12:15:51.839617
98688,99055,2024-05-31T18:38:00.953410,2025-02-26T12:15:51.839617
98688,7908,2024-05-31T18:38:00.953410,2025-02-26T12:15:51.839617
41473,33810,2024-07-11T15:41:14.101553,2025-07-20T21:12:52.809792
41473,46709,2024-07-11T15:41:14.101553,2025-07-20T21:12:52.809792
41473,11785,2024-07-11T15:41:14.101553,2025-07-20T21:12:52.809792
41473,74832,2024-07-11T15:41:14.101553,2025-07-20T21:12:52.809792
41473,75330,2024-07-11T15:41:14.101553,2025-07-20T21:12:52.809792
28422,13973,2024-07-12T12:14:23.686428,2025-06-17T22:32:39.557122
28422,7449,2024-07-12T12:14:23.686428,2025-06-17T22:32:39.557122
28422,25383,2024-07-12T12:14:23.686428,2025-06-17T22:32:39.557122
28422,73074,2024-07-12T12:14:23.686428,2025-06-17T22:32:39.557122
28422,16807,2024-07-12T12:14:23.686428,2025-06-17T22:32:39.557122
91906,54076,2024-04-10T16:08:24.024772,2025-02-09T04:12:35.449000
91906,80723,2024-04-10T16:08:24.024772,2025-02-09T04:12:35.449000
91906,49607,2024-04-10T16:08:24.024772,2025-02-09T04:12:35.449000
91906,16799,2024-04-10T16:08:24.024772,2025-02-09T04:12:35.449000
91906,80897,2024-04-10T16:08:24.024772,2025-02-09T04:12:35.449000
57932,11785,2025-06-19T04:15:19.739784,2025-08-05T10:07:04.223508
57932,95842,2025-06-19T04:15:19.739784,2025-08-05T10:07:04.223508
57932,19030,2025-06-19T04:15:19.739784,2025-08-05T10:07:04.223508
57932,92853,2025-06-19T04:15:19.739784,2025-08-05T10:07:04.223508
57932,60729,2025-06-19T04:15:19.739784,2025-08-05T10:07:04.223508
84600,48282,2024-07-05T14:40:59.736204,2025-04-03T18:23:19.082028
84600,13973,2024-07-05T14:40:59.736204,2025-04-03T18:23:19.082028
84600,35,2024-07-05T14:40:59.736204,2025-04-03T18:23:19.082028
84600,675,2024-07-05T14:40:59.736204,2025-04-03T18:23:19.082028
84600,47559,2024-07-05T14:40:59.736204,2025-04-03T18:23:19.082028
35277,26832,2023-12-09T06:36:43.159213,2024-03-19T18:33:26.803325
35277,24448,2023-12-09T06:36:43.159213,2024-03-19T18:33:26.803325
35277,52780,2023-12-09T06:36:43.159213,2024-03-19T18:33:26.803325
35277,65870,2023-12-09T06:36:43.159213,2024-03-19T18:33:26.803325
35277,45346,2023-12-09T06:36:43.159213,2024-03-19T18:33:26.803325
63219,61540,2023-12-29T22:35:10.482610,2024-06-08T13:00:10.216890
63219,17577,2023-12-29T22:35:10.482610,2024-06-08T13:00:10.216890
63219,45216,2023-12-29T22:35:10.482610,2024-06-08T13:00:10.216890
63219,95842,2023-12-29T22:35:10.482610,2024-06-08T13:00:10.216890
63219,28539,2023-12-29T22:35:10.482610,2024-06-08T13:00:10.216890
90557,47117,2023-10-16T04:40:04.967655,2024-10-11T18:32:07.512014
90557,5919,2023-10-16T04:40:04.967655,2024-10-11T18:32:07.512014
90557,36947,2023-10-16T04:40:04.967655,2024-10-11T18:32:07.512014
90557,85493,2023-10-16T04:40:04.967655,2024-10-11T18:32:07.512014
90557,10922,2023-10-16T04:40:04.967655,2024-10-11T18:32:07.512014
49206,9060,2024-11-04T14:22:37.519875,2025-02-01T04:29:31.994185
49206,84934,2024-11-04T14:22:37.519875,2025-02-01T04:29:31.994185
49206,51278,2024-11-04T14:22:37.519875,2025-02-01T04:29:31.994185
49206,72163,2024-11-04T14:22:37.519875,2025-02-01T04:29:31.994185
49206,7392,2024-11-04T14:22:37.519875,2025-02-01T04:29:31.994185
95360,93347,2023-09-06T08:32:51.657231,2025-08-05T13:42:41.496234
95360,75387,2023-09-06T08:32:51.657231,2025-08-05T13:42:41.496234
95360,51485,2023-09-06T08:32:51.657231,2025-08-05T13:42:41.496234
95360,3936,2023-09-06T08:32:51.657231,2025-08-05T13:42:41.496234
95360,81644,2023-09-06T08:32:51.657231,2025-08-05T13:42:41.496234
48198,88902,2023-08-29T19:26:02.880895,2024-04-12T23:40:12.736042
48198,46746,2023-08-29T19:26:02.880895,2024-04-12T23:40:12.736042
48198,97930,2023-08-29T19:26:02.880895,2024-04-12T23:40:12.736042
48198,35001,2023-08-29T19:26:02.880895,2024-04-12T23:40:12.736042
48198,1309,2023-08-29T19:26:02.880895,2024-04-12T23:40:12.736042
21739,51056,2024-08-20T21:59:13.546012,2024-09-13T02:07:52.961396
21739,28983,2024-08-20T21:59:13.546012,2024-09-13T02:07:52.961396
21739,94290,2024-08-20T21:59:13.546012,2024-09-13T02:07:52.961396
21739,73334,2024-08-20T21:59:13.546012,2024-09-13T02:07:52.961396
21739,68656,2024-08-20T21:59:13.546012,2024-09-13T02:07:52.961396
31625,33639,2024-01-29T06:34:19.248617,2024-10-20T22:10:58.917011
31625,61540,2024-01-29T06:34:19.248617,2024-10-20T22:10:58.917011
31625,60331,2024-01-29T06:34:19.248617,2024-10-20T22:10:58.917011
31625,59729,2024-01-29T06:34:19.248617,2024-10-20T22:10:58.917011
31625,63067,2024-01-29T06:34:19.248617,2024-10-20T22:10:58.917011
55625,75895,2024-02-16T04:03:05.561973,2024-09-08T21:52:01.679530
55625,41854,2024-02-16T04:03:05.561973,2024-09-08T21:52:01.679530
55625,9584,2024-02-16T04:03:05.561973,2024-09-08T21:52:01.679530
55625,44714,2024-02-16T04:03:05.561973,2024-09-08T21:52:01.679530
55625,46768,2024-02-16T04:03:05.561973,2024-09-08T21:52:01.679530
60598,81678,2024-05-04T04:39:09.030308,2024-07-07T06:49:23.084091
60598,58427,2024-05-04T04:39:09.030308,2024-07-07T06:49:23.084091
60598,33087,2024-05-04T04:39:09.030308,2024-07-07T06:49:23.084091
60598,63789,2024-05-04T04:39:09.030308,2024-07-07T06:49:23.084091
60598,92888,2024-05-04T04:39:09.030308,2024-07-07T06:49:23.084091
52809,1939,2023-10-15T07:54:05.245768,2024-04-15T13:48:39.124956
52809,6340,2023-10-15T07:54:05.245768,2024-04-15T13:48:39.124956
52809,95485,2023-10-15T07:54:05.245768,2024-04-15T13:48:39.124956
52809,78658,2023-10-15T07:54:05.245768,2024-04-15T13:48:39.124956
52809,20006,2023-10-15T07:54:05.245768,2024-04-15T13:48:39.124956
14985,69526,2024-01-24T20:54:35.945055,2024-12-21T21:03:08.891280
14985,11851,2024-01-24T20:54:35.945055,2024-12-21T21:03:08.891280
14985,86472,2024-01-24T20:54:35.945055,2024-12-21T21:03:08.891280
14985,84091,2024-01-24T20:54:35.945055,2024-12-21T21:03:08.891280
14985,94029,2024-01-24T20:54:35.945055,2024-12-21T21:03:08.891280
18094,8509,2024-05-09T11:44:30.784827,2025-05-03T04:51:16.279562
18094,76291,2024-05-09T11:44:30.784827,2025-05-03T04:51:16.279562
18094,69526,2024-05-09T11:44:30.784827,2025-05-03T04:51:16.279562
18094,86182,2024-05-09T11:44:30.784827,2025-05-03T04:51:16.279562
18094,65714,2024-05-09T11:44:30.784827,2025-05-03T04:51:16.279562
83920,18000,2024-09-08T06:43:58.027402,2024-11-13T03:38:43.321350
83920,71042,2024-09-08T06:43:58.027402,2024-11-13T03:38:43.321350
83920,97773,2024-09-08T06:43:58.027402,2024-11-13T03:38:43.321350
83920,31115,2024-09-08T06:43:58.027402,2024-11-13T03:38:43.321350
83920,76487,2024-09-08T06:43:58.027402,2024-11-13T03:38:43.321350
28747,21142,2024-05-12T20:57:05.477171,2025-06-07T10:48:23.714307
28747,22877,2024-05-12T20:57:05.477171,2025-06-07T10:48:23.714307
28747,94290,2024-05-12T20:57:05.477171,2025-06-07T10:48:23.714307
28747,91063,2024-05-12T20:57:05.477171,2025-06-07T10:48:23.714307
28747,28112,2024-05-12T20:57:05.477171,2025-06-07T10:48:23.714307
41683,95791,2025-03-12T23:30:48.294486,2025-07-09T05:52:54.375656
41683,73625,2025-03-12T23:30:48.294486,2025-07-09T05:52:54.375656
41683,77099,2025-03-12T23:30:48.294486,2025-07-09T05:52:54.375656
41683,19293,2025-03-12T23:30:48.294486,2025-07-09T05:52:54.375656
41683,22450,2025-03-12T23:30:48.294486,2025-07-09T05:52:54.375656
42843,93313,2025-04-21T22:09:32.911268,2025-07-22T05:08:13.120091
42843,62196,2025-04-21T22:09:32.911268,2025-07-22T05:08:13.120091
42843,23319,2025-04-21T22:09:32.911268,2025-07-22T05:08:13.120091
42843,18820,2025-04-21T22:09:32.911268,2025-07-22T05:08:13.120091
42843,6108,2025-04-21T22:09:32.911268,2025-07-22T05:08:13.120091
75969,66271,2024-07-09T19:15:21.665739,2025-03-29T15:48:26.480394
75969,24792,2024-07-09T19:15:21.665739,2025-03-29T15:48:26.480394
75969,7669,2024-07-09T19:15:21.665739,2025-03-29T15:48:26.480394
75969,51157,2024-07-09T19:15:21.665739,2025-03-29T15:48:26.480394
75969,55194,2024-07-09T19:15:21.665739,2025-03-29T15:48:26.480394
54319,35373,2025-08-12T19:04:16.040279,2025-08-21T19:34:48.607126
54319,69303,2025-08-12T19:04:16.040279,2025-08-21T19:34:48.607126
54319,86472,2025-08-12T19:04:16.040279,2025-08-21T19:34:48.607126
54319,43821,2025-08-12T19:04:16.040279,2025-08-21T19:34:48.607126
54319,3011,2025-08-12T19:04:16.040279,2025-08-21T19:34:48.607126
1962,23319,2024-06-15T21:20:42.814079,2025-03-29T01:13:46.111797
1962,20732,2024-06-15T21:20:42.814079,2025-03-29T01:13:46.111797
1962,9561,2024-06-15T21:20:42.814079,2025-03-29T01:13:46.111797
1962,85310,2024-06-15T21:20:42.814079,2025-03-29T01:13:46.111797
1962,83317,2024-06-15T21:20:42.814079,2025-03-29T01:13:46.111797
85546,93963,2023-10-21T14:59:14.095512,2024-10-31T17:21:44.419745
85546,49607,2023-10-21T14:59:14.095512,2024-10-31T17:21:44.419745
85546,23640,2023-10-21T14:59:14.095512,2024-10-31T17:21:44.419745
85546,14737,2023-10-21T14:59:14.095512,2024-10-31T17:21:44.419745
85546,53035,2023-10-21T14:59:14.095512,2024-10-31T17:21:44.419745
94674,93587,2024-01-30T04:57:37.187218,2024-07-03T14:12:48.137238
94674,91131,2024-01-30T04:57:37.187218,2024-07-03T14:12:48.137238
94674,6256,2024-01-30T04:57:37.187218,2024-07-03T14:12:48.137238
94674,97759,2024-01-30T04:57:37.187218,2024-07-03T14:12:48.137238
94674,61250,2024-01-30T04:57:37.187218,2024-07-03T14:12:48.137238
94128,77615,2024-10-05T02:13:28.779964,2025-06-29T11:23:48.228855
94128,31563,2024-10-05T02:13:28.779964,2025-06-29T11:23:48.228855
94128,79184,2024-10-05T02:13:28.779964,2025-06-29T11:23:48.228855
94128,58083,2024-10-05T02:13:28.779964,2025-06-29T11:23:48.228855
94128,11254,2024-10-05T02:13:28.779964,2025-06-29T11:23:48.228855
81595,54550,2024-11-12T12:59:14.466389,2025-08-17T16:38:36.836669
81595,17494,2024-11-12T12:59:14.466389,2025-08-17T16:38:36.836669
81595,23618,2024-11-12T12:59:14.466389,2025-08-17T16:38:36.836669
81595,63179,2024-11-12T12:59:14.466389,2025-08-17T16:38:36.836669
81595,39576,2024-11-12T12:59:14.466389,2025-08-17T16:38:36.836669
88070,10922,2025-05-24T06:26:37.624935,2025-07-22T03:14:23.354751
88070,42568,2025-05-24T06:26:37.624935,2025-07-22T03:14:23.354751
88070,27221,2025-05-24T06:26:37.624935,2025-07-22T03:14:23.354751
88070,60642,2025-05-24T06:26:37.624935,2025-07-22T03:14:23.354751
88070,85493,2025-05-24T06:26:37.624935,2025-07-22T03:14:23.354751
93308,52419,2025-05-15T15:15:02.640150,2025-05-19T13:27:22.520178
93308,998,2025-05-15T15:15:02.640150,2025-05-19T13:27:22.520178
93308,87637,2025-05-15T15:15:02.640150,2025-05-19T13:27:22.520178
93308,49916,2025-05-15T15:15:02.640150,2025-05-19T13:27:22.520178
93308,72351,2025-05-15T15:15:02.640150,2025-05-19T13:27:22.520178
28770,71375,2024-12-07T03:07:53.576077,2025-01-21T04:56:54.031140
28770,72409,2024-12-07T03:07:53.576077,2025-01-21T04:56:54.031140
28770,15829,2024-12-07T03:07:53.576077,2025-01-21T04:56:54.031140
28770,43276,2024-12-07T03:07:53.576077,2025-01-21T04:56:54.031140
28770,29325,2024-12-07T03:07:53.576077,2025-01-21T04:56:54.031140
50914,7908,2024-06-15T21:07:13.024310,2024-08-07T01:46:14.173960
50914,34173,2024-06-15T21:07:13.024310,2024-08-07T01:46:14.173960
50914,44119,2024-06-15T21:07:13.024310,2024-08-07T01:46:14.173960
50914,77313,2024-06-15T21:07:13.024310,2024-08-07T01:46:14.173960
50914,58427,2024-06-15T21:07:13.024310,2024-08-07T01:46:14.173960
19153,10285,2023-12-15T20:36:07.725276,2024-04-19T01:23:45.284540
19153,96151,2023-12-15T20:36:07.725276,2024-04-19T01:23:45.284540
19153,89087,2023-12-15T20:36:07.725276,2024-04-19T01:23:45.284540
19153,15829,2023-12-15T20:36:07.725276,2024-04-19T01:23:45.284540
19153,60994,2023-12-15T20:36:07.725276,2024-04-19T01:23:45.284540
34746,81757,2024-04-03T15:27:38.062604,2025-02-07T01:20:11.424080
34746,30813,2024-04-03T15:27:38.062604,2025-02-07T01:20:11.424080
34746,59729,2024-04-03T15:27:38.062604,2025-02-07T01:20:11.424080
34746,3195,2024-04-03T15:27:38.062604,2025-02-07T01:20:11.424080
34746,85856,2024-04-03T15:27:38.062604,2025-02-07T01:20:11.424080
4549,81486,2024-09-20T02:45:26.311889,2025-05-16T19:15:29.362148
4549,73015,2024-09-20T02:45:26.311889,2025-05-16T19:15:29.362148
4549,18202,2024-09-20T02:45:26.311889,2025-05-16T19:15:29.362148
4549,5759,2024-09-20T02:45:26.311889,2025-05-16T19:15:29.362148
4549,30813,2024-09-20T02:45:26.311889,2025-05-16T19:15:29.362148
27020,81410,2023-10-07T04:17:43.163830,2024-11-13T12:47:52.161590
27020,47137,2023-10-07T04:17:43.163830,2024-11-13T12:47:52.161590
27020,32105,2023-10-07T04:17:43.163830,2024-11-13T12:47:52.161590
27020,83822,2023-10-07T04:17:43.163830,2024-11-13T12:47:52.161590
27020,91208,2023-10-07T04:17:43.163830,2024-11-13T12:47:52.161590
39774,62426,2025-06-03T10:16:47.520869,2025-08-01T04:51:14.545906
39774,57178,2025-06-03T10:16:47.520869,2025-08-01T04:51:14.545906
39774,50977,2025-06-03T10:16:47.520869,2025-08-01T04:51:14.545906
39774,30212,2025-06-03T10:16:47.520869,2025-08-01T04:51:14.545906
39774,55525,2025-06-03T10:16:47.520869,2025-08-01T04:51:14.545906
31961,54076,2023-11-22T18:16:05.494138,2024-02-05T07:56:28.344320
31961,39283,2023-11-22T18:16:05.494138,2024-02-05T07:56:28.344320
31961,38474,2023-11-22T18:16:05.494138,2024-02-05T07:56:28.344320
31961,40063,2023-11-22T18:16:05.494138,2024-02-05T07:56:28.344320
31961,16003,2023-11-22T18:16:05.494138,2024-02-05T07:56:28.344320
13019,38793,2024-06-04T03:16:21.570572,2024-10-03T20:01:34.861099
13019,65019,2024-06-04T03:16:21.570572,2024-10-03T20:01:34.861099
13019,54499,2024-06-04T03:16:21.570572,2024-10-03T20:01:34.861099
13019,4168,2024-06-04T03:16:21.570572,2024-10-03T20:01:34.861099
13019,48759,2024-06-04T03:16:21.570572,2024-10-03T20:01:34.861099
32511,71410,2023-08-28T21:43:26.727005,2024-10-12T09:40:36.428064
32511,77267,2023-08-28T21:43:26.727005,2024-10-12T09:40:36.428064
32511,23712,2023-08-28T21:43:26.727005,2024-10-12T09:40:36.428064
32511,66014,2023-08-28T21:43:26.727005,2024-10-12T09:40:36.428064
32511,22464,2023-08-28T21:43:26.727005,2024-10-12T09:40:36.428064
19742,94968,2024-11-15T12:30:54.235786,2025-02-25T05:16:34.901520
19742,26334,2024-11-15T12:30:54.235786,2025-02-25T05:16:34.901520
19742,33639,2024-11-15T12:30:54.235786,2025-02-25T05:16:34.901520
19742,12360,2024-11-15T12:30:54.235786,2025-02-25T05:16:34.901520
19742,18154,2024-11-15T12:30:54.235786,2025-02-25T05:16:34.901520
71815,11982,2024-11-01T09:12:18.917438,2025-07-24T05:05:52.343766
71815,87926,2024-11-01T09:12:18.917438,2025-07-24T05:05:52.343766
71815,28112,2024-11-01T09:12:18.917438,2025-07-24T05:05:52.343766
71815,97773,2024-11-01T09:12:18.917438,2025-07-24T05:05:52.343766
71815,27071,2024-11-01T09:12:18.917438,2025-07-24T05:05:52.343766
31657,74832,2024-07-31T20:32:36.073552,2025-04-02T07:16:05.492960
31657,70723,2024-07-31T20:32:36.073552,2025-04-02T07:16:05.492960
31657,23305,2024-07-31T20:32:36.073552,2025-04-02T07:16:05.492960
31657,12756,2024-07-31T20:32:36.073552,2025-04-02T07:16:05.492960
31657,79041,2024-07-31T20:32:36.073552,2025-04-02T07:16:05.492960
49413,86137,2025-03-07T07:21:19.632843,2025-08-04T03:35:53.588903
49413,23941,2025-03-07T07:21:19.632843,2025-08-04T03:35:53.588903
49413,59635,2025-03-07T07:21:19.632843,2025-08-04T03:35:53.588903
49413,50053,2025-03-07T07:21:19.632843,2025-08-04T03:35:53.588903
49413,74024,2025-03-07T07:21:19.632843,2025-08-04T03:35:53.588903
79278,71801,2023-12-15T23:13:47.898473,2025-02-01T20:01:48.861405
79278,60642,2023-12-15T23:13:47.898473,2025-02-01T20:01:48.861405
79278,46333,2023-12-15T23:13:47.898473,2025-02-01T20:01:48.861405
79278,44565,2023-12-15T23:13:47.898473,2025-02-01T20:01:48.861405
79278,59729,2023-12-15T23:13:47.898473,2025-02-01T20:01:48.861405
37822,97398,2023-08-28T20:42:26.771406,2025-07-11T16:12:14.356639
37822,10285,2023-08-28T20:42:26.771406,2025-07-11T16:12:14.356639
37822,43855,2023-08-28T20:42:26.771406,2025-07-11T16:12:14.356639
37822,11563,2023-08-28T20:42:26.771406,2025-07-11T16:12:14.356639
37822,16802,2023-08-28T20:42:26.771406,2025-07-11T16:12:14.356639
75859,91956,2023-12-07T04:07:14.220198,2024-04-12T05:10:22.299734
75859,83081,2023-12-07T04:07:14.220198,2024-04-12T05:10:22.299734
75859,28431,2023-12-07T04:07:14.220198,2024-04-12T05:10:22.299734
75859,13148,2023-12-07T04:07:14.220198,2024-04-12T05:10:22.299734
75859,89519,2023-12-07T04:07:14.220198,2024-04-12T05:10:22.299734
43172,33705,2024-04-20T23:48:53.246613,2024-11-20T16:38:55.800316
43172,3011,2024-04-20T23:48:53.246613,2024-11-20T16:38:55.800316
43172,65072,2024-04-20T23:48:53.246613,2024-11-20T16:38:55.800316
43172,3844,2024-04-20T23:48:53.246613,2024-11-20T16:38:55.800316
43172,65040,2024-04-20T23:48:53.246613,2024-11-20T16:38:55.800316
70128,91544,2024-01-24T21:14:38.150781,2024-11-25T20:06:57.443511
70128,48282,2024-01-24T21:14:38.150781,2024-11-25T20:06:57.443511
70128,21142,2024-01-24T21:14:38.150781,2024-11-25T20:06:57.443511
70128,43699,2024-01-24T21:14:38.150781,2024-11-25T20:06:57.443511
70128,71649,2024-01-24T21:14:38.150781,2024-11-25T20:06:57.443511
75946,31564,2024-03-22T06:39:28.701885,2024-06-03T08:53:39.557065
75946,97323,2024-03-22T06:39:28.701885,2024-06-03T08:53:39.557065
75946,22708,2024-03-22T06:39:28.701885,2024-06-03T08:53:39.557065
75946,95316,2024-03-22T06:39:28.701885,2024-06-03T08:53:39.557065
75946,88708,2024-03-22T06:39:28.701885,2024-06-03T08:53:39.557065
4989,80035,2025-02-28T01:09:13.616806,2025-08-13T21:25:32.985276
4989,61697,2025-02-28T01:09:13.616806,2025-08-13T21:25:32.985276
4989,71410,2025-02-28T01:09:13.616806,2025-08-13T21:25:32.985276
4989,78780,2025-02-28T01:09:13.616806,2025-08-13T21:25:32.985276
4989,42568,2025-02-28T01:09:13.616806,2025-08-13T21:25:32.985276
76578,92922,2024-10-28T08:44:26.268267,2025-03-11T17:21:56.067836
76578,23305,2024-10-28T08:44:26.268267,2025-03-11T17:21:56.067836
76578,91956,2024-10-28T08:44:26.268267,2025-03-11T17:21:56.067836
76578,47017,2024-10-28T08:44:26.268267,2025-03-11T17:21:56.067836
76578,55366,2024-10-28T08:44:26.268267,2025-03-11T17:21:56.067836
85577,59542,2024-06-07T22:35:24.369317,2025-08-07T19:59:20.965633
85577,28468,2024-06-07T22:35:24.369317,2025-08-07T19:59:20.965633
85577,16003,2024-06-07T22:35:24.369317,2025-08-07T19:59:20.965633
85577,87536,2024-06-07T22:35:24.369317,2025-08-07T19:59:20.965633
85577,63043,2024-06-07T22:35:24.369317,2025-08-07T19:59:20.965633
99337,52330,2024-06-14T12:47:42.159816,2025-03-04T07:21:10.797579
99337,32711,2024-06-14T12:47:42.159816,2025-03-04T07:21:10.797579
99337,66039,2024-06-14T12:47:42.159816,2025-03-04T07:21:10.797579
99337,2732,2024-06-14T12:47:42.159816,2025-03-04T07:21:10.797579
99337,22105,2024-06-14T12:47:42.159816,2025-03-04T07:21:10.797579
42717,68416,2024-03-01T18:57:58.169744,2025-05-10T14:28:06.946245
42717,89519,2024-03-01T18:57:58.169744,2025-05-10T14:28:06.946245
42717,1715,2024-03-01T18:57:58.169744,2025-05-10T14:28:06.946245
42717,5919,2024-03-01T18:57:58.169744,2025-05-10T14:28:06.946245
42717,24792,2024-03-01T18:57:58.169744,2025-05-10T14:28:06.946245
97552,82202,2023-09-02T11:16:28.196694,2024-10-12T20:00:59.251392
97552,79661,2023-09-02T11:16:28.196694,2024-10-12T20:00:59.251392
97552,12360,2023-09-02T11:16:28.196694,2024-10-12T20:00:59.251392
97552,31178,2023-09-02T11:16:28.196694,2024-10-12T20:00:59.251392
97552,38201,2023-09-02T11:16:28.196694,2024-10-12T20:00:59.251392
63639,98658,2024-05-24T10:18:20.706829,2025-07-26T05:37:37.027417
63639,73334,2024-05-24T10:18:20.706829,2025-07-26T05:37:37.027417
63639,13148,2024-05-24T10:18:20.706829,2025-07-26T05:37:37.027417
63639,6108,2024-05-24T10:18:20.706829,2025-07-26T05:37:37.027417
63639,32598,2024-05-24T10:18:20.706829,2025-07-26T05:37:37.027417
65365,22932,2024-08-14T13:00:10.601671,2025-02-03T01:11:27.706186
65365,20395,2024-08-14T13:00:10.601671,2025-02-03T01:11:27.706186
65365,37397,2024-08-14T13:00:10.601671,2025-02-03T01:11:27.706186
65365,7392,2024-08-14T13:00:10.601671,2025-02-03T01:11:27.706186
65365,9850,2024-08-14T13:00:10.601671,2025-02-03T01:11:27.706186
28958,12853,2024-09-17T10:23:32.975573,2024-12-25T21:50:54.870246
28958,84091,2024-09-17T10:23:32.975573,2024-12-25T21:50:54.870246
28958,90070,2024-09-17T10:23:32.975573,2024-12-25T21:50:54.870246
28958,9644,2024-09-17T10:23:32.975573,2024-12-25T21:50:54.870246
28958,65019,2024-09-17T10:23:32.975573,2024-12-25T21:50:54.870246
84092,30460,2025-08-18T14:28:12.745233,2025-08-22T03:20:29.248575
84092,20006,2025-08-18T14:28:12.745233,2025-08-22T03:20:29.248575
84092,81410,2025-08-18T14:28:12.745233,2025-08-22T03:20:29.248575
84092,17068,2025-08-18T14:28:12.745233,2025-08-22T03:20:29.248575
84092,67217,2025-08-18T14:28:12.745233,2025-08-22T03:20:29.248575
91977,71801,2025-08-04T09:23:38.604588,2025-08-12T09:16:46.882855
91977,72246,2025-08-04T09:23:38.604588,2025-08-12T09:16:46.882855
91977,62151,2025-08-04T09:23:38.604588,2025-08-12T09:16:46.882855
91977,45326,2025-08-04T09:23:38.604588,2025-08-12T09:16:46.882855
91977,89087,2025-08-04T09:23:38.604588,2025-08-12T09:16:46.882855
89030,76857,2025-07-17T18:33:39.587754,2025-08-07T08:08:27.005501
89030,2619,2025-07-17T18:33:39.587754,2025-08-07T08:08:27.005501
89030,17729,2025-07-17T18:33:39.587754,2025-08-07T08:08:27.005501
89030,65870,2025-07-17T18:33:39.587754,2025-08-07T08:08:27.005501
89030,41978,2025-07-17T18:33:39.587754,2025-08-07T08:08:27.005501
73296,84351,2024-03-29T19:38:37.715917,2024-08-19T06:34:50.378160
73296,34644,2024-03-29T19:38:37.715917,2024-08-19T06:34:50.378160
73296,63441,2024-03-29T19:38:37.715917,2024-08-19T06:34:50.378160
73296,60146,2024-03-29T19:38:37.715917,2024-08-19T06:34:50.378160
73296,37397,2024-03-29T19:38:37.715917,2024-08-19T06:34:50.378160
41495,76634,2023-12-03T00:22:37.079267,2025-06-15T00:26:46.939181
41495,25712,2023-12-03T00:22:37.079267,2025-06-15T00:26:46.939181
41495,43699,2023-12-03T00:22:37.079267,2025-06-15T00:26:46.939181
41495,75895,2023-12-03T00:22:37.079267,2025-06-15T00:26:46.939181
41495,31115,2023-12-03T00:22:37.079267,2025-06-15T00:26:46.939181
3819,39927,2024-11-27T09:19:30.521334,2025-02-21T21:57:33.114216
3819,86055,2024-11-27T09:19:30.521334,2025-02-21T21:57:33.114216
3819,92853,2024-11-27T09:19:30.521334,2025-02-21T21:57:33.114216
3819,14225,2024-11-27T09:19:30.521334,2025-02-21T21:57:33.114216
3819,97711,2024-11-27T09:19:30.521334,2025-02-21T21:57:33.114216
76757,21143,2024-03-26T10:51:52.803278,2025-06-20T20:48:11.079633
76757,61076,2024-03-26T10:51:52.803278,2025-06-20T20:48:11.079633
76757,12226,2024-03-26T10:51:52.803278,2025-06-20T20:48:11.079633
76757,13547,2024-03-26T10:51:52.803278,2025-06-20T20:48:11.079633
76757,54057,2024-03-26T10:51:52.803278,2025-06-20T20:48:11.079633
91392,20743,2024-08-27T04:30:13.286968,2024-11-14T20:07:26.611962
91392,92469,2024-08-27T04:30:13.286968,2024-11-14T20:07:26.611962
91392,10371,2024-08-27T04:30:13.286968,2024-11-14T20:07:26.611962
91392,85856,2024-08-27T04:30:13.286968,2024-11-14T20:07:26.611962
91392,61044,2024-08-27T04:30:13.286968,2024-11-14T20:07:26.611962
45622,66271,2024-02-16T05:41:35.372846,2024-07-24T17:45:45.540443
45622,65097,2024-02-16T05:41:35.372846,2024-07-24T17:45:45.540443
45622,77615,2024-02-16T05:41:35.372846,2024-07-24T17:45:45.540443
45622,70596,2024-02-16T05:41:35.372846,2024-07-24T17:45:45.540443
45622,64324,2024-02-16T05:41:35.372846,2024-07-24T17:45:45.540443
3428,6593,2023-11-05T19:42:52.464585,2023-12-21T16:26:09.833076
3428,99055,2023-11-05T19:42:52.464585,2023-12-21T16:26:09.833076
3428,50738,2023-11-05T19:42:52.464585,2023-12-21T16:26:09.833076
3428,54076,2023-11-05T19:42:52.464585,2023-12-21T16:26:09.833076
3428,52780,2023-11-05T19:42:52.464585,2023-12-21T16:26:09.833076
70929,93893,2023-09-22T12:19:57.432146,2025-04-27T00:05:37.084817
70929,48759,2023-09-22T12:19:57.432146,2025-04-27T00:05:37.084817
70929,77077,2023-09-22T12:19:57.432146,2025-04-27T00:05:37.084817
70929,88708,2023-09-22T12:19:57.432146,2025-04-27T00:05:37.084817
70929,83341,2023-09-22T12:19:57.432146,2025-04-27T00:05:37.084817
47194,94905,2023-11-15T17:53:31.699401,2024-04-05T00:33:24.573834
47194,76857,2023-11-15T17:53:31.699401,2024-04-05T00:33:24.573834
47194,84219,2023-11-15T17:53:31.699401,2024-04-05T00:33:24.573834
47194,8509,2023-11-15T17:53:31.699401,2024-04-05T00:33:24.573834
47194,87016,2023-11-15T17:53:31.699401,2024-04-05T00:33:24.573834
4388,58427,2024-12-30T00:40:36.899180,2025-02-05T14:14:05.509650
4388,11444,2024-12-30T00:40:36.899180,2025-02-05T14:14:05.509650
4388,31564,2024-12-30T00:40:36.899180,2025-02-05T14:14:05.509650
4388,26692,2024-12-30T00:40:36.899180,2025-02-05T14:14:05.509650
4388,71410,2024-12-30T00:40:36.899180,2025-02-05T14:14:05.509650
95857,46284,2024-11-30T19:56:15.153858,2025-05-19T13:51:06.223194
95857,62866,2024-11-30T19:56:15.153858,2025-05-19T13:51:06.223194
95857,19108,2024-11-30T19:56:15.153858,2025-05-19T13:51:06.223194
95857,3753,2024-11-30T19:56:15.153858,2025-05-19T13:51:06.223194
95857,38201,2024-11-30T19:56:15.153858,2025-05-19T13:51:06.223194
32089,20743,2024-08-01T14:41:49.436736,2025-04-23T11:10:57.269569
32089,47559,2024-08-01T14:41:49.436736,2025-04-23T11:10:57.269569
32089,43855,2024-08-01T14:41:49.436736,2025-04-23T11:10:57.269569
32089,39741,2024-08-01T14:41:49.436736,2025-04-23T11:10:57.269569
32089,41483,2024-08-01T14:41:49.436736,2025-04-23T11:10:57.269569
96882,77025,2024-06-03T13:38:15.402239,2025-08-21T06:30:59.044720
96882,10238,2024-06-03T13:38:15.402239,2025-08-21T06:30:59.044720
96882,87309,2024-06-03T13:38:15.402239,2025-08-21T06:30:59.044720
96882,17068,2024-06-03T13:38:15.402239,2025-08-21T06:30:59.044720
96882,12683,2024-06-03T13:38:15.402239,2025-08-21T06:30:59.044720
69316,97933,2025-08-09T13:38:55.174555,2025-08-11T13:06:38.808460
69316,90135,2025-08-09T13:38:55.174555,2025-08-11T13:06:38.808460
69316,59884,2025-08-09T13:38:55.174555,2025-08-11T13:06:38.808460
69316,74832,2025-08-09T13:38:55.174555,2025-08-11T13:06:38.808460
69316,40063,2025-08-09T13:38:55.174555,2025-08-11T13:06:38.808460
64568,44519,2024-08-22T17:39:47.728558,2024-09-06T04:03:26.339104
64568,44119,2024-08-22T17:39:47.728558,2024-09-06T04:03:26.339104
64568,88159,2024-08-22T17:39:47.728558,2024-09-06T04:03:26.339104
64568,44714,2024-08-22T17:39:47.728558,2024-09-06T04:03:26.339104
64568,22108,2024-08-22T17:39:47.728558,2024-09-06T04:03:26.339104
19291,90710,2024-08-18T07:30:16.018438,2024-11-21T22:08:25.927399
19291,79184,2024-08-18T07:30:16.018438,2024-11-21T22:08:25.927399
19291,94522,2024-08-18T07:30:16.018438,2024-11-21T22:08:25.927399
19291,64163,2024-08-18T07:30:16.018438,2024-11-21T22:08:25.927399
19291,41245,2024-08-18T07:30:16.018438,2024-11-21T22:08:25.927399
82855,81486,2024-04-25T13:17:35.178100,2024-07-04T03:13:31.818727
82855,46201,2024-04-25T13:17:35.178100,2024-07-04T03:13:31.818727
82855,79805,2024-04-25T13:17:35.178100,2024-07-04T03:13:31.818727
82855,65892,2024-04-25T13:17:35.178100,2024-07-04T03:13:31.818727
82855,12360,2024-04-25T13:17:35.178100,2024-07-04T03:13:31.818727
40295,93577,2025-03-04T23:44:33.966778,2025-06-19T02:19:35.413661
40295,5110,2025-03-04T23:44:33.966778,2025-06-19T02:19:35.413661
40295,42813,2025-03-04T23:44:33.966778,2025-06-19T02:19:35.413661
40295,77488,2025-03-04T23:44:33.966778,2025-06-19T02:19:35.413661
40295,33876,2025-03-04T23:44:33.966778,2025-06-19T02:19:35.413661
40210,3739,2025-07-12T15:35:13.811922,2025-08-03T11:57:40.047674
40210,49297,2025-07-12T15:35:13.811922,2025-08-03T11:57:40.047674
40210,10607,2025-07-12T15:35:13.811922,2025-08-03T11:57:40.047674
40210,33552,2025-07-12T15:35:13.811922,2025-08-03T11:57:40.047674
40210,99061,2025-07-12T15:35:13.811922,2025-08-03T11:57:40.047674
93790,92866,2024-01-28T11:21:04.401231,2025-03-13T19:58:20.462977
93790,77025,2024-01-28T11:21:04.401231,2025-03-13T19:58:20.462977
93790,75330,2024-01-28T11:21:04.401231,2025-03-13T19:58:20.462977
93790,73015,2024-01-28T11:21:04.401231,2025-03-13T19:58:20.462977
93790,64163,2024-01-28T11:21:04.401231,2025-03-13T19:58:20.462977
81110,86137,2023-09-30T16:21:47.027530,2024-09-11T19:12:27.682790
81110,98797,2023-09-30T16:21:47.027530,2024-09-11T19:12:27.682790
81110,45498,2023-09-30T16:21:47.027530,2024-09-11T19:12:27.682790
81110,51296,2023-09-30T16:21:47.027530,2024-09-11T19:12:27.682790
81110,13625,2023-09-30T16:21:47.027530,2024-09-11T19:12:27.682790
73541,80918,2024-09-11T02:01:15.894403,2025-02-18T16:33:39.621241
73541,97023,2024-09-11T02:01:15.894403,2025-02-18T16:33:39.621241
73541,79805,2024-09-11T02:01:15.894403,2025-02-18T16:33:39.621241
73541,86919,2024-09-11T02:01:15.894403,2025-02-18T16:33:39.621241
73541,18348,2024-09-11T02:01:15.894403,2025-02-18T16:33:39.621241
66181,36947,2025-01-07T23:53:39.932996,2025-02-06T20:40:18.353687
66181,28098,2025-01-07T23:53:39.932996,2025-02-06T20:40:18.353687
66181,83592,2025-01-07T23:53:39.932996,2025-02-06T20:40:18.353687
66181,66210,2025-01-07T23:53:39.932996,2025-02-06T20:40:18.353687
66181,96890,2025-01-07T23:53:39.932996,2025-02-06T20:40:18.353687
548,87381,2025-04-21T12:08:56.894654,2025-04-24T11:08:34.328788
548,11300,2025-04-21T12:08:56.894654,2025-04-24T11:08:34.328788
548,11412,2025-04-21T12:08:56.894654,2025-04-24T11:08:34.328788
548,15829,2025-04-21T12:08:56.894654,2025-04-24T11:08:34.328788
548,71224,2025-04-21T12:08:56.894654,2025-04-24T11:08:34.328788
79882,61555,2023-10-10T02:39:00.842856,2025-03-30T15:58:15.696288
79882,20395,2023-10-10T02:39:00.842856,2025-03-30T15:58:15.696288
79882,22187,2023-10-10T02:39:00.842856,2025-03-30T15:58:15.696288
79882,28983,2023-10-10T02:39:00.842856,2025-03-30T15:58:15.696288
79882,1192,2023-10-10T02:39:00.842856,2025-03-30T15:58:15.696288
56165,53387,2025-01-27T19:29:07.800140,2025-05-14T23:23:05.794307
56165,88759,2025-01-27T19:29:07.800140,2025-05-14T23:23:05.794307
56165,7651,2025-01-27T19:29:07.800140,2025-05-14T23:23:05.794307
56165,61697,2025-01-27T19:29:07.800140,2025-05-14T23:23:05.794307
56165,24425,2025-01-27T19:29:07.800140,2025-05-14T23:23:05.794307
62336,35,2024-06-25T08:00:48.834852,2024-07-24T10:20:18.500529
62336,21149,2024-06-25T08:00:48.834852,2024-07-24T10:20:18.500529
62336,2462,2024-06-25T08:00:48.834852,2024-07-24T10:20:18.500529
62336,18154,2024-06-25T08:00:48.834852,2024-07-24T10:20:18.500529
62336,20459,2024-06-25T08:00:48.834852,2024-07-24T10:20:18.500529
86847,65610,2024-07-14T13:20:57.609582,2024-11-13T11:17:15.791676
86847,30205,2024-07-14T13:20:57.609582,2024-11-13T11:17:15.791676
86847,11982,2024-07-14T13:20:57.609582,2024-11-13T11:17:15.791676
86847,10607,2024-07-14T13:20:57.609582,2024-11-13T11:17:15.791676
86847,95017,2024-07-14T13:20:57.609582,2024-11-13T11:17:15.791676
29515,80897,2024-02-26T12:59:22.306097,2024-07-20T09:59:46.203086
29515,27938,2024-02-26T12:59:22.306097,2024-07-20T09:59:46.203086
29515,94726,2024-02-26T12:59:22.306097,2024-07-20T09:59:46.203086
29515,57193,2024-02-26T12:59:22.306097,2024-07-20T09:59:46.203086
29515,12360,2024-02-26T12:59:22.306097,2024-07-20T09:59:46.203086
47468,22877,2024-02-12T16:06:24.840752,2025-07-06T18:11:14.173664
47468,23941,2024-02-12T16:06:24.840752,2025-07-06T18:11:14.173664
47468,19833,2024-02-12T16:06:24.840752,2025-07-06T18:11:14.173664
47468,26644,2024-02-12T16:06:24.840752,2025-07-06T18:11:14.173664
47468,76472,2024-02-12T16:06:24.840752,2025-07-06T18:11:14.173664
10876,55743,2024-05-21T18:56:21.891271,2025-04-04T07:54:02.405995
10876,67614,2024-05-21T18:56:21.891271,2025-04-04T07:54:02.405995
10876,83857,2024-05-21T18:56:21.891271,2025-04-04T07:54:02.405995
10876,54907,2024-05-21T18:56:21.891271,2025-04-04T07:54:02.405995
10876,59836,2024-05-21T18:56:21.891271,2025-04-04T07:54:02.405995
56919,2329,2023-12-27T20:30:19.547076,2024-05-27T20:06:29.005772
56919,45498,2023-12-27T20:30:19.547076,2024-05-27T20:06:29.005772
56919,51455,2023-12-27T20:30:19.547076,2024-05-27T20:06:29.005772
56919,61130,2023-12-27T20:30:19.547076,2024-05-27T20:06:29.005772
56919,19471,2023-12-27T20:30:19.547076,2024-05-27T20:06:29.005772
60386,30246,2025-06-03T02:00:35.438425,2025-07-18T15:45:15.549072
60386,7041,2025-06-03T02:00:35.438425,2025-07-18T15:45:15.549072
60386,75387,2025-06-03T02:00:35.438425,2025-07-18T15:45:15.549072
60386,98473,2025-06-03T02:00:35.438425,2025-07-18T15:45:15.549072
60386,40720,2025-06-03T02:00:35.438425,2025-07-18T15:45:15.549072
78821,89956,2025-07-08T01:58:49.174625,2025-07-25T12:14:50.410946
78821,12853,2025-07-08T01:58:49.174625,2025-07-25T12:14:50.410946
78821,85310,2025-07-08T01:58:49.174625,2025-07-25T12:14:50.410946
78821,85493,2025-07-08T01:58:49.174625,2025-07-25T12:14:50.410946
78821,81082,2025-07-08T01:58:49.174625,2025-07-25T12:14:50.410946
15160,80897,2025-06-29T08:13:32.132175,2025-07-17T01:50:56.452317
15160,84928,2025-06-29T08:13:32.132175,2025-07-17T01:50:56.452317
15160,12299,2025-06-29T08:13:32.132175,2025-07-17T01:50:56.452317
15160,48223,2025-06-29T08:13:32.132175,2025-07-17T01:50:56.452317
15160,51041,2025-06-29T08:13:32.132175,2025-07-17T01:50:56.452317
8452,97773,2024-12-01T06:41:44.776242,2025-05-23T10:06:26.901956
8452,4708,2024-12-01T06:41:44.776242,2025-05-23T10:06:26.901956
8452,6108,2024-12-01T06:41:44.776242,2025-05-23T10:06:26.901956
8452,99816,2024-12-01T06:41:44.776242,2025-05-23T10:06:26.901956
8452,10126,2024-12-01T06:41:44.776242,2025-05-23T10:06:26.901956
34660,91068,2024-10-23T21:44:20.224511,2024-12-21T17:03:15.777878
34660,84934,2024-10-23T21:44:20.224511,2024-12-21T17:03:15.777878
34660,37212,2024-10-23T21:44:20.224511,2024-12-21T17:03:15.777878
34660,59729,2024-10-23T21:44:20.224511,2024-12-21T17:03:15.777878
34660,8,2024-10-23T21:44:20.224511,2024-12-21T17:03:15.777878
16605,15127,2024-01-07T09:47:57.516863,2025-03-01T22:43:30.898684
16605,87222,2024-01-07T09:47:57.516863,2025-03-01T22:43:30.898684
16605,80126,2024-01-07T09:47:57.516863,2025-03-01T22:43:30.898684
16605,95791,2024-01-07T09:47:57.516863,2025-03-01T22:43:30.898684
16605,4854,2024-01-07T09:47:57.516863,2025-03-01T22:43:30.898684
29110,95124,2024-07-03T20:52:40.977291,2024-10-10T13:51:48.902234
29110,49821,2024-07-03T20:52:40.977291,2024-10-10T13:51:48.902234
29110,85430,2024-07-03T20:52:40.977291,2024-10-10T13:51:48.902234
29110,23859,2024-07-03T20:52:40.977291,2024-10-10T13:51:48.902234
29110,74196,2024-07-03T20:52:40.977291,2024-10-10T13:51:48.902234
38082,77457,2023-11-07T09:12:45.825711,2024-11-17T17:45:40.822349
38082,21616,2023-11-07T09:12:45.825711,2024-11-17T17:45:40.822349
38082,40374,2023-11-07T09:12:45.825711,2024-11-17T17:45:40.822349
38082,55536,2023-11-07T09:12:45.825711,2024-11-17T17:45:40.822349
38082,86919,2023-11-07T09:12:45.825711,2024-11-17T17:45:40.822349
18186,34795,2024-03-02T22:18:32.948654,2024-04-19T23:43:43.104190
18186,83598,2024-03-02T22:18:32.948654,2024-04-19T23:43:43.104190
18186,25934,2024-03-02T22:18:32.948654,2024-04-19T23:43:43.104190
18186,52148,2024-03-02T22:18:32.948654,2024-04-19T23:43:43.104190
18186,96151,2024-03-02T22:18:32.948654,2024-04-19T23:43:43.104190
80568,38537,2025-03-18T20:28:30.244361,2025-04-18T18:33:16.962461
80568,11475,2025-03-18T20:28:30.244361,2025-04-18T18:33:16.962461
80568,43376,2025-03-18T20:28:30.244361,2025-04-18T18:33:16.962461
80568,38835,2025-03-18T20:28:30.244361,2025-04-18T18:33:16.962461
80568,63067,2025-03-18T20:28:30.244361,2025-04-18T18:33:16.962461
40119,42568,2023-08-26T02:51:40.471827,2025-04-18T21:21:09.567772
40119,51289,2023-08-26T02:51:40.471827,2025-04-18T21:21:09.567772
40119,20006,2023-08-26T02:51:40.471827,2025-04-18T21:21:09.567772
40119,40256,2023-08-26T02:51:40.471827,2025-04-18T21:21:09.567772
40119,30721,2023-08-26T02:51:40.471827,2025-04-18T21:21:09.567772
34127,53230,2024-08-24T09:47:31.964217,2024-10-21T18:41:14.107280
34127,32594,2024-08-24T09:47:31.964217,2024-10-21T18:41:14.107280
34127,48202,2024-08-24T09:47:31.964217,2024-10-21T18:41:14.107280
34127,97323,2024-08-24T09:47:31.964217,2024-10-21T18:41:14.107280
34127,20732,2024-08-24T09:47:31.964217,2024-10-21T18:41:14.107280
1191,80918,2025-04-09T00:11:12.030715,2025-05-29T18:51:58.524616
1191,12683,2025-04-09T00:11:12.030715,2025-05-29T18:51:58.524616
1191,6256,2025-04-09T00:11:12.030715,2025-05-29T18:51:58.524616
1191,62253,2025-04-09T00:11:12.030715,2025-05-29T18:51:58.524616
1191,66894,2025-04-09T00:11:12.030715,2025-05-29T18:51:58.524616
64004,84086,2024-11-08T10:45:23.786766,2025-05-12T05:50:14.792462
64004,28098,2024-11-08T10:45:23.786766,2025-05-12T05:50:14.792462
64004,89087,2024-11-08T10:45:23.786766,2025-05-12T05:50:14.792462
64004,92585,2024-11-08T10:45:23.786766,2025-05-12T05:50:14.792462
64004,60977,2024-11-08T10:45:23.786766,2025-05-12T05:50:14.792462
89526,92955,2025-03-20T19:13:23.347133,2025-07-19T03:03:01.470472
89526,27635,2025-03-20T19:13:23.347133,2025-07-19T03:03:01.470472
89526,37672,2025-03-20T19:13:23.347133,2025-07-19T03:03:01.470472
89526,87421,2025-03-20T19:13:23.347133,2025-07-19T03:03:01.470472
89526,18468,2025-03-20T19:13:23.347133,2025-07-19T03:03:01.470472
1419,41245,2024-06-22T11:54:19.298900,2025-04-29T14:21:31.251038
1419,16799,2024-06-22T11:54:19.298900,2025-04-29T14:21:31.251038
1419,99973,2024-06-22T11:54:19.298900,2025-04-29T14:21:31.251038
1419,89956,2024-06-22T11:54:19.298900,2025-04-29T14:21:31.251038
1419,60436,2024-06-22T11:54:19.298900,2025-04-29T14:21:31.251038
73689,22706,2023-10-08T06:25:11.953824,2025-04-08T20:41:54.763143
73689,59176,2023-10-08T06:25:11.953824,2025-04-08T20:41:54.763143
73689,63070,2023-10-08T06:25:11.953824,2025-04-08T20:41:54.763143
73689,76623,2023-10-08T06:25:11.953824,2025-04-08T20:41:54.763143
73689,41966,2023-10-08T06:25:11.953824,2025-04-08T20:41:54.763143
54099,42927,2025-06-14T08:35:40.102661,2025-07-25T14:04:06.096751
54099,2564,2025-06-14T08:35:40.102661,2025-07-25T14:04:06.096751
54099,29537,2025-06-14T08:35:40.102661,2025-07-25T14:04:06.096751
54099,34530,2025-06-14T08:35:40.102661,2025-07-25T14:04:06.096751
54099,27071,2025-06-14T08:35:40.102661,2025-07-25T14:04:06.096751
72046,59910,2024-05-07T07:09:49.093647,2024-10-02T19:09:31.365002
72046,80288,2024-05-07T07:09:49.093647,2024-10-02T19:09:31.365002
72046,33087,2024-05-07T07:09:49.093647,2024-10-02T19:09:31.365002
72046,71186,2024-05-07T07:09:49.093647,2024-10-02T19:09:31.365002
72046,47850,2024-05-07T07:09:49.093647,2024-10-02T19:09:31.365002
61199,56851,2025-01-11T12:58:10.378702,2025-03-05T18:45:34.185058
61199,25934,2025-01-11T12:58:10.378702,2025-03-05T18:45:34.185058
61199,12522,2025-01-11T12:58:10.378702,2025-03-05T18:45:34.185058
61199,34761,2025-01-11T12:58:10.378702,2025-03-05T18:45:34.185058
61199,45326,2025-01-11T12:58:10.378702,2025-03-05T18:45:34.185058
56882,55462,2025-06-06T01:16:17.971948,2025-06-25T22:34:32.609056
56882,91068,2025-06-06T01:16:17.971948,2025-06-25T22:34:32.609056
56882,66441,2025-06-06T01:16:17.971948,2025-06-25T22:34:32.609056
56882,7477,2025-06-06T01:16:17.971948,2025-06-25T22:34:32.609056
56882,81905,2025-06-06T01:16:17.971948,2025-06-25T22:34:32.609056
85119,9989,2024-11-18T06:03:44.419859,2025-06-05T16:11:35.409689
85119,63070,2024-11-18T06:03:44.419859,2025-06-05T16:11:35.409689
85119,88159,2024-11-18T06:03:44.419859,2025-06-05T16:11:35.409689
85119,34530,2024-11-18T06:03:44.419859,2025-06-05T16:11:35.409689
85119,11375,2024-11-18T06:03:44.419859,2025-06-05T16:11:35.409689
3579,71142,2024-07-25T17:29:59.278184,2024-08-15T02:24:47.477279
3579,2329,2024-07-25T17:29:59.278184,2024-08-15T02:24:47.477279
3579,8830,2024-07-25T17:29:59.278184,2024-08-15T02:24:47.477279
3579,28112,2024-07-25T17:29:59.278184,2024-08-15T02:24:47.477279
3579,65911,2024-07-25T17:29:59.278184,2024-08-15T02:24:47.477279
23679,67125,2024-10-16T15:22:53.887196,2024-11-08T13:07:34.682182
23679,87016,2024-10-16T15:22:53.887196,2024-11-08T13:07:34.682182
23679,35,2024-10-16T15:22:53.887196,2024-11-08T13:07:34.682182
23679,54076,2024-10-16T15:22:53.887196,2024-11-08T13:07:34.682182
23679,42240,2024-10-16T15:22:53.887196,2024-11-08T13:07:34.682182
35250,86070,2024-12-07T17:07:28.105292,2025-01-15T03:38:12.672578
35250,67614,2024-12-07T17:07:28.105292,2025-01-15T03:38:12.672578
35250,89087,2024-12-07T17:07:28.105292,2025-01-15T03:38:12.672578
35250,41483,2024-12-07T17:07:28.105292,2025-01-15T03:38:12.672578
35250,32175,2024-12-07T17:07:28.105292,2025-01-15T03:38:12.672578
46905,68431,2025-05-23T08:33:20.708583,2025-08-06T03:48:11.083239
46905,33705,2025-05-23T08:33:20.708583,2025-08-06T03:48:11.083239
46905,8,2025-05-23T08:33:20.708583,2025-08-06T03:48:11.083239
46905,39083,2025-05-23T08:33:20.708583,2025-08-06T03:48:11.083239
46905,2489,2025-05-23T08:33:20.708583,2025-08-06T03:48:11.083239
5758,76970,2023-09-22T22:43:07.228202,2024-06-21T15:37:19.020649
5758,76591,2023-09-22T22:43:07.228202,2024-06-21T15:37:19.020649
5758,55387,2023-09-22T22:43:07.228202,2024-06-21T15:37:19.020649
5758,71410,2023-09-22T22:43:07.228202,2024-06-21T15:37:19.020649
5758,21142,2023-09-22T22:43:07.228202,2024-06-21T15:37:19.020649
30013,96151,2024-04-10T09:46:23.993890,2024-07-23T23:41:15.433486
30013,65948,2024-04-10T09:46:23.993890,2024-07-23T23:41:15.433486
30013,14278,2024-04-10T09:46:23.993890,2024-07-23T23:41:15.433486
30013,32175,2024-04-10T09:46:23.993890,2024-07-23T23:41:15.433486
30013,15127,2024-04-10T09:46:23.993890,2024-07-23T23:41:15.433486
53945,95017,2023-10-22T15:01:55.314180,2024-01-23T19:37:02.590736
53945,31563,2023-10-22T15:01:55.314180,2024-01-23T19:37:02.590736
53945,9427,2023-10-22T15:01:55.314180,2024-01-23T19:37:02.590736
53945,42927,2023-10-22T15:01:55.314180,2024-01-23T19:37:02.590736
53945,8597,2023-10-22T15:01:55.314180,2024-01-23T19:37:02.590736
7514,45346,2025-05-06T05:01:38.486084,2025-06-08T10:29:19.788009
7514,71914,2025-05-06T05:01:38.486084,2025-06-08T10:29:19.788009
7514,76751,2025-05-06T05:01:38.486084,2025-06-08T10:29:19.788009
7514,17729,2025-05-06T05:01:38.486084,2025-06-08T10:29:19.788009
7514,87445,2025-05-06T05:01:38.486084,2025-06-08T10:29:19.788009
49624,17385,2025-06-29T11:25:35.186788,2025-08-19T20:13:15.271982
49624,92282,2025-06-29T11:25:35.186788,2025-08-19T20:13:15.271982
49624,93893,2025-06-29T11:25:35.186788,2025-08-19T20:13:15.271982
49624,7908,2025-06-29T11:25:35.186788,2025-08-19T20:13:15.271982
49624,7449,2025-06-29T11:25:35.186788,2025-08-19T20:13:15.271982
2126,78307,2023-12-10T03:36:47.718829,2025-04-20T14:13:58.830049
2126,55128,2023-12-10T03:36:47.718829,2025-04-20T14:13:58.830049
2126,94522,2023-12-10T03:36:47.718829,2025-04-20T14:13:58.830049
2126,60977,2023-12-10T03:36:47.718829,2025-04-20T14:13:58.830049
2126,97930,2023-12-10T03:36:47.718829,2025-04-20T14:13:58.830049
52195,25934,2025-03-17T14:53:43.007116,2025-04-26T18:21:11.166366
52195,59873,2025-03-17T14:53:43.007116,2025-04-26T18:21:11.166366
52195,43376,2025-03-17T14:53:43.007116,2025-04-26T18:21:11.166366
52195,73625,2025-03-17T14:53:43.007116,2025-04-26T18:21:11.166366
52195,64324,2025-03-17T14:53:43.007116,2025-04-26T18:21:11.166366
73547,79196,2024-02-09T14:28:33.387737,2025-06-10T11:50:31.731051
73547,89965,2024-02-09T14:28:33.387737,2025-06-10T11:50:31.731051
73547,18310,2024-02-09T14:28:33.387737,2025-06-10T11:50:31.731051
73547,79661,2024-02-09T14:28:33.387737,2025-06-10T11:50:31.731051
73547,71771,2024-02-09T14:28:33.387737,2025-06-10T11:50:31.731051
81495,30813,2023-11-21T14:30:20.383454,2025-05-19T00:20:02.469260
81495,74431,2023-11-21T14:30:20.383454,2025-05-19T00:20:02.469260
81495,39661,2023-11-21T14:30:20.383454,2025-05-19T00:20:02.469260
81495,83592,2023-11-21T14:30:20.383454,2025-05-19T00:20:02.469260
81495,80208,2023-11-21T14:30:20.383454,2025-05-19T00:20:02.469260
83933,18202,2025-01-23T11:50:36.916896,2025-06-26T02:12:25.929837
83933,80208,2025-01-23T11:50:36.916896,2025-06-26T02:12:25.929837
83933,59176,2025-01-23T11:50:36.916896,2025-06-26T02:12:25.929837
83933,9792,2025-01-23T11:50:36.916896,2025-06-26T02:12:25.929837
83933,86972,2025-01-23T11:50:36.916896,2025-06-26T02:12:25.929837
9868,89965,2023-08-31T14:25:51.682114,2025-06-26T15:51:40.888644
9868,82198,2023-08-31T14:25:51.682114,2025-06-26T15:51:40.888644
9868,61853,2023-08-31T14:25:51.682114,2025-06-26T15:51:40.888644
9868,49626,2023-08-31T14:25:51.682114,2025-06-26T15:51:40.888644
9868,32105,2023-08-31T14:25:51.682114,2025-06-26T15:51:40.888644
11738,4708,2024-10-31T23:49:28.475638,2025-02-28T07:51:13.944717
11738,57873,2024-10-31T23:49:28.475638,2025-02-28T07:51:13.944717
11738,47945,2024-10-31T23:49:28.475638,2025-02-28T07:51:13.944717
11738,84086,2024-10-31T23:49:28.475638,2025-02-28T07:51:13.944717
11738,4854,2024-10-31T23:49:28.475638,2025-02-28T07:51:13.944717
34219,15127,2024-01-25T01:26:09.706214,2025-06-06T05:16:32.390780
34219,29325,2024-01-25T01:26:09.706214,2025-06-06T05:16:32.390780
34219,91131,2024-01-25T01:26:09.706214,2025-06-06T05:16:32.390780
34219,88628,2024-01-25T01:26:09.706214,2025-06-06T05:16:32.390780
34219,23305,2024-01-25T01:26:09.706214,2025-06-06T05:16:32.390780
33353,63882,2024-09-18T20:46:36.850883,2025-03-30T23:42:15.067110
33353,28245,2024-09-18T20:46:36.850883,2025-03-30T23:42:15.067110
33353,22187,2024-09-18T20:46:36.850883,2025-03-30T23:42:15.067110
33353,61250,2024-09-18T20:46:36.850883,2025-03-30T23:42:15.067110
33353,67125,2024-09-18T20:46:36.850883,2025-03-30T23:42:15.067110
39548,6340,2023-10-02T08:50:23.582497,2024-01-25T19:47:11.308416
39548,79775,2023-10-02T08:50:23.582497,2024-01-25T19:47:11.308416
39548,27974,2023-10-02T08:50:23.582497,2024-01-25T19:47:11.308416
39548,16003,2023-10-02T08:50:23.582497,2024-01-25T19:47:11.308416
39548,5919,2023-10-02T08:50:23.582497,2024-01-25T19:47:11.308416
53607,6340,2025-02-09T02:19:46.451498,2025-05-31T18:52:20.879463
53607,32594,2025-02-09T02:19:46.451498,2025-05-31T18:52:20.879463
53607,63067,2025-02-09T02:19:46.451498,2025-05-31T18:52:20.879463
53607,77624,2025-02-09T02:19:46.451498,2025-05-31T18:52:20.879463
53607,84351,2025-02-09T02:19:46.451498,2025-05-31T18:52:20.879463
75236,74785,2024-09-13T21:51:57.675158,2025-02-19T17:35:11.942994
75236,8597,2024-09-13T21:51:57.675158,2025-02-19T17:35:11.942994
75236,10922,2024-09-13T21:51:57.675158,2025-02-19T17:35:11.942994
75236,75186,2024-09-13T21:51:57.675158,2025-02-19T17:35:11.942994
75236,42418,2024-09-13T21:51:57.675158,2025-02-19T17:35:11.942994
96639,2206,2024-03-22T23:27:26.830462,2025-04-04T10:53:01.312228
96639,73068,2024-03-22T23:27:26.830462,2025-04-04T10:53:01.312228
96639,52412,2024-03-22T23:27:26.830462,2025-04-04T10:53:01.312228
96639,57178,2024-03-22T23:27:26.830462,2025-04-04T10:53:01.312228
96639,46284,2024-03-22T23:27:26.830462,2025-04-04T10:53:01.312228
58927,56201,2024-08-06T08:55:09.887650,2024-09-02T17:38:28.773287
58927,14737,2024-08-06T08:55:09.887650,2024-09-02T17:38:28.773287
58927,2462,2024-08-06T08:55:09.887650,2024-09-02T17:38:28.773287
58927,15762,2024-08-06T08:55:09.887650,2024-09-02T17:38:28.773287
58927,22113,2024-08-06T08:55:09.887650,2024-09-02T17:38:28.773287
53881,11996,2024-06-07T17:08:31.758300,2024-08-16T06:45:08.694783
53881,86137,2024-06-07T17:08:31.758300,2024-08-16T06:45:08.694783
53881,34726,2024-06-07T17:08:31.758300,2024-08-16T06:45:08.694783
53881,70688,2024-06-07T17:08:31.758300,2024-08-16T06:45:08.694783
53881,75186,2024-06-07T17:08:31.758300,2024-08-16T06:45:08.694783
50924,60977,2025-08-19T04:07:08.096804,2025-08-19T23:42:51.635837
50924,1939,2025-08-19T04:07:08.096804,2025-08-19T23:42:51.635837
50924,39741,2025-08-19T04:07:08.096804,2025-08-19T23:42:51.635837
50924,59884,2025-08-19T04:07:08.096804,2025-08-19T23:42:51.635837
50924,54076,2025-08-19T04:07:08.096804,2025-08-19T23:42:51.635837
53162,81227,2024-03-03T11:02:05.102845,2024-09-01T09:03:48.881094
53162,66470,2024-03-03T11:02:05.102845,2024-09-01T09:03:48.881094
53162,78307,2024-03-03T11:02:05.102845,2024-09-01T09:03:48.881094
53162,54148,2024-03-03T11:02:05.102845,2024-09-01T09:03:48.881094
53162,18940,2024-03-03T11:02:05.102845,2024-09-01T09:03:48.881094
8955,5177,2024-04-07T15:17:45.468468,2025-01-15T13:52:15.881945
8955,92259,2024-04-07T15:17:45.468468,2025-01-15T13:52:15.881945
8955,57873,2024-04-07T15:17:45.468468,2025-01-15T13:52:15.881945
8955,99118,2024-04-07T15:17:45.468468,2025-01-15T13:52:15.881945
8955,40025,2024-04-07T15:17:45.468468,2025-01-15T13:52:15.881945
79207,91956,2024-05-08T16:12:32.139110,2025-08-12T01:47:23.275737
79207,20006,2024-05-08T16:12:32.139110,2025-08-12T01:47:23.275737
79207,35254,2024-05-08T16:12:32.139110,2025-08-12T01:47:23.275737
79207,41556,2024-05-08T16:12:32.139110,2025-08-12T01:47:23.275737
79207,52094,2024-05-08T16:12:32.139110,2025-08-12T01:47:23.275737
58061,93017,2025-05-19T11:41:54.746083,2025-06-10T03:26:40.396395
58061,36894,2025-05-19T11:41:54.746083,2025-06-10T03:26:40.396395
58061,89798,2025-05-19T11:41:54.746083,2025-06-10T03:26:40.396395
58061,18820,2025-05-19T11:41:54.746083,2025-06-10T03:26:40.396395
58061,85990,2025-05-19T11:41:54.746083,2025-06-10T03:26:40.396395
15648,56359,2024-10-30T08:17:43.988389,2025-07-22T02:10:15.648101
15648,35867,2024-10-30T08:17:43.988389,2025-07-22T02:10:15.648101
15648,45210,2024-10-30T08:17:43.988389,2025-07-22T02:10:15.648101
15648,13574,2024-10-30T08:17:43.988389,2025-07-22T02:10:15.648101
15648,77624,2024-10-30T08:17:43.988389,2025-07-22T02:10:15.648101
16562,27442,2025-02-10T12:08:46.037859,2025-06-26T19:16:29.718465
16562,23305,2025-02-10T12:08:46.037859,2025-06-26T19:16:29.718465
16562,3195,2025-02-10T12:08:46.037859,2025-06-26T19:16:29.718465
16562,11412,2025-02-10T12:08:46.037859,2025-06-26T19:16:29.718465
16562,43544,2025-02-10T12:08:46.037859,2025-06-26T19:16:29.718465
22041,71801,2024-09-10T00:32:57.288712,2025-06-03T02:03:34.140985
22041,87222,2024-09-10T00:32:57.288712,2025-06-03T02:03:34.140985
22041,1715,2024-09-10T00:32:57.288712,2025-06-03T02:03:34.140985
22041,90140,2024-09-10T00:32:57.288712,2025-06-03T02:03:34.140985
22041,80879,2024-09-10T00:32:57.288712,2025-06-03T02:03:34.140985
27519,95791,2025-05-06T08:47:13.712054,2025-06-05T06:27:38.306266
27519,91131,2025-05-06T08:47:13.712054,2025-06-05T06:27:38.306266
27519,22708,2025-05-06T08:47:13.712054,2025-06-05T06:27:38.306266
27519,44050,2025-05-06T08:47:13.712054,2025-06-05T06:27:38.306266
27519,83006,2025-05-06T08:47:13.712054,2025-06-05T06:27:38.306266
65089,80897,2023-12-19T15:48:00.027993,2024-10-06T06:21:00.571960
65089,60469,2023-12-19T15:48:00.027993,2024-10-06T06:21:00.571960
65089,33025,2023-12-19T15:48:00.027993,2024-10-06T06:21:00.571960
65089,64289,2023-12-19T15:48:00.027993,2024-10-06T06:21:00.571960
65089,32105,2023-12-19T15:48:00.027993,2024-10-06T06:21:00.571960
79368,39083,2025-06-11T05:16:54.236097,2025-06-27T10:29:03.523804
79368,77625,2025-06-11T05:16:54.236097,2025-06-27T10:29:03.523804
79368,10947,2025-06-11T05:16:54.236097,2025-06-27T10:29:03.523804
79368,31202,2025-06-11T05:16:54.236097,2025-06-27T10:29:03.523804
79368,26023,2025-06-11T05:16:54.236097,2025-06-27T10:29:03.523804
61539,48223,2023-09-21T23:56:07.691913,2024-06-02T00:37:58.528283
61539,55455,2023-09-21T23:56:07.691913,2024-06-02T00:37:58.528283
61539,14737,2023-09-21T23:56:07.691913,2024-06-02T00:37:58.528283
61539,56956,2023-09-21T23:56:07.691913,2024-06-02T00:37:58.528283
61539,34238,2023-09-21T23:56:07.691913,2024-06-02T00:37:58.528283
1503,7297,2024-03-22T16:52:30.529520,2025-08-01T12:05:10.015258
1503,16144,2024-03-22T16:52:30.529520,2025-08-01T12:05:10.015258
1503,44119,2024-03-22T16:52:30.529520,2025-08-01T12:05:10.015258
1503,87421,2024-03-22T16:52:30.529520,2025-08-01T12:05:10.015258
1503,50053,2024-03-22T16:52:30.529520,2025-08-01T12:05:10.015258
10086,92866,2023-10-15T15:04:12.441297,2024-01-29T04:01:43.204989
10086,14737,2023-10-15T15:04:12.441297,2024-01-29T04:01:43.204989
10086,23378,2023-10-15T15:04:12.441297,2024-01-29T04:01:43.204989
10086,46746,2023-10-15T15:04:12.441297,2024-01-29T04:01:43.204989
10086,61130,2023-10-15T15:04:12.441297,2024-01-29T04:01:43.204989
18301,52412,2024-06-23T23:52:05.379462,2024-11-07T20:44:16.577623
18301,31115,2024-06-23T23:52:05.379462,2024-11-07T20:44:16.577623
18301,35498,2024-06-23T23:52:05.379462,2024-11-07T20:44:16.577623
18301,90710,2024-06-23T23:52:05.379462,2024-11-07T20:44:16.577623
18301,60207,2024-06-23T23:52:05.379462,2024-11-07T20:44:16.577623
39184,51157,2024-09-08T15:28:21.542875,2025-06-05T13:10:15.529270
39184,70972,2024-09-08T15:28:21.542875,2025-06-05T13:10:15.529270
39184,10371,2024-09-08T15:28:21.542875,2025-06-05T13:10:15.529270
39184,19417,2024-09-08T15:28:21.542875,2025-06-05T13:10:15.529270
39184,81410,2024-09-08T15:28:21.542875,2025-06-05T13:10:15.529270
83261,44459,2024-12-11T09:55:11.657996,2025-05-11T19:11:51.367077
83261,17957,2024-12-11T09:55:11.657996,2025-05-11T19:11:51.367077
83261,80035,2024-12-11T09:55:11.657996,2025-05-11T19:11:51.367077
83261,87222,2024-12-11T09:55:11.657996,2025-05-11T19:11:51.367077
83261,41556,2024-12-11T09:55:11.657996,2025-05-11T19:11:51.367077
19738,70934,2023-09-11T22:47:16.156553,2024-09-10T20:26:35.372378
19738,97773,2023-09-11T22:47:16.156553,2024-09-10T20:26:35.372378
19738,12226,2023-09-11T22:47:16.156553,2024-09-10T20:26:35.372378
19738,30246,2023-09-11T22:47:16.156553,2024-09-10T20:26:35.372378
19738,77077,2023-09-11T22:47:16.156553,2024-09-10T20:26:35.372378
31326,79184,2025-08-08T00:36:16.326499,2025-08-17T18:37:43.464867
31326,79089,2025-08-08T00:36:16.326499,2025-08-17T18:37:43.464867
31326,37878,2025-08-08T00:36:16.326499,2025-08-17T18:37:43.464867
31326,37212,2025-08-08T00:36:16.326499,2025-08-17T18:37:43.464867
31326,39927,2025-08-08T00:36:16.326499,2025-08-17T18:37:43.464867
61190,4767,2025-01-06T22:17:45.629703,2025-02-05T23:21:05.094526
61190,43699,2025-01-06T22:17:45.629703,2025-02-05T23:21:05.094526
61190,66894,2025-01-06T22:17:45.629703,2025-02-05T23:21:05.094526
61190,46284,2025-01-06T22:17:45.629703,2025-02-05T23:21:05.094526
61190,62866,2025-01-06T22:17:45.629703,2025-02-05T23:21:05.094526
12646,10761,2024-01-28T09:08:04.267718,2024-08-24T06:58:39.241357
12646,10922,2024-01-28T09:08:04.267718,2024-08-24T06:58:39.241357
12646,7297,2024-01-28T09:08:04.267718,2024-08-24T06:58:39.241357
12646,59910,2024-01-28T09:08:04.267718,2024-08-24T06:58:39.241357
12646,8592,2024-01-28T09:08:04.267718,2024-08-24T06:58:39.241357
93594,87421,2023-11-08T15:18:15.085710,2025-03-15T04:28:53.938418
93594,69598,2023-11-08T15:18:15.085710,2025-03-15T04:28:53.938418
93594,72340,2023-11-08T15:18:15.085710,2025-03-15T04:28:53.938418
93594,95316,2023-11-08T15:18:15.085710,2025-03-15T04:28:53.938418
93594,91068,2023-11-08T15:18:15.085710,2025-03-15T04:28:53.938418
82633,11444,2023-12-30T00:54:51.634658,2025-05-17T16:22:05.487849
82633,25172,2023-12-30T00:54:51.634658,2025-05-17T16:22:05.487849
82633,25342,2023-12-30T00:54:51.634658,2025-05-17T16:22:05.487849
82633,50921,2023-12-30T00:54:51.634658,2025-05-17T16:22:05.487849
82633,70596,2023-12-30T00:54:51.634658,2025-05-17T16:22:05.487849
50806,39064,2024-04-17T02:13:42.005537,2025-07-03T11:26:32.852325
50806,26108,2024-04-17T02:13:42.005537,2025-07-03T11:26:32.852325
50806,55660,2024-04-17T02:13:42.005537,2025-07-03T11:26:32.852325
50806,79196,2024-04-17T02:13:42.005537,2025-07-03T11:26:32.852325
50806,44714,2024-04-17T02:13:42.005537,2025-07-03T11:26:32.852325
31794,43863,2023-12-19T20:59:28.909941,2025-06-01T23:29:26.335692
31794,43376,2023-12-19T20:59:28.909941,2025-06-01T23:29:26.335692
31794,20459,2023-12-19T20:59:28.909941,2025-06-01T23:29:26.335692
31794,68273,2023-12-19T20:59:28.909941,2025-06-01T23:29:26.335692
31794,88628,2023-12-19T20:59:28.909941,2025-06-01T23:29:26.335692
25280,7669,2024-08-20T17:44:12.493048,2024-09-18T08:24:08.023410
25280,88285,2024-08-20T17:44:12.493048,2024-09-18T08:24:08.023410
25280,11254,2024-08-20T17:44:12.493048,2024-09-18T08:24:08.023410
25280,14147,2024-08-20T17:44:12.493048,2024-09-18T08:24:08.023410
25280,38548,2024-08-20T17:44:12.493048,2024-09-18T08:24:08.023410
86897,36894,2024-01-15T00:26:33.914741,2024-12-26T22:48:26.725333
86897,1309,2024-01-15T00:26:33.914741,2024-12-26T22:48:26.725333
86897,8395,2024-01-15T00:26:33.914741,2024-12-26T22:48:26.725333
86897,54148,2024-01-15T00:26:33.914741,2024-12-26T22:48:26.725333
86897,77077,2024-01-15T00:26:33.914741,2024-12-26T22:48:26.725333
56012,44286,2024-05-11T07:08:55.797820,2024-06-13T01:53:09.411393
56012,1192,2024-05-11T07:08:55.797820,2024-06-13T01:53:09.411393
56012,53230,2024-05-11T07:08:55.797820,2024-06-13T01:53:09.411393
56012,2329,2024-05-11T07:08:55.797820,2024-06-13T01:53:09.411393
56012,61044,2024-05-11T07:08:55.797820,2024-06-13T01:53:09.411393
92166,66039,2023-10-23T04:59:56.322490,2025-01-30T01:10:37.048608
92166,66441,2023-10-23T04:59:56.322490,2025-01-30T01:10:37.048608
92166,2489,2023-10-23T04:59:56.322490,2025-01-30T01:10:37.048608
92166,15496,2023-10-23T04:59:56.322490,2025-01-30T01:10:37.048608
92166,74196,2023-10-23T04:59:56.322490,2025-01-30T01:10:37.048608
52818,24930,2024-10-02T01:27:34.507183,2025-07-21T13:36:39.633131
52818,32598,2024-10-02T01:27:34.507183,2025-07-21T13:36:39.633131
52818,97933,2024-10-02T01:27:34.507183,2025-07-21T13:36:39.633131
52818,49144,2024-10-02T01:27:34.507183,2025-07-21T13:36:39.633131
52818,68060,2024-10-02T01:27:34.507183,2025-07-21T13:36:39.633131
63568,26334,2023-10-13T17:47:00.689541,2023-12-07T20:02:57.020911
63568,4961,2023-10-13T17:47:00.689541,2023-12-07T20:02:57.020911
63568,2489,2023-10-13T17:47:00.689541,2023-12-07T20:02:57.020911
63568,52412,2023-10-13T17:47:00.689541,2023-12-07T20:02:57.020911
63568,47129,2023-10-13T17:47:00.689541,2023-12-07T20:02:57.020911
76918,45326,2024-07-18T14:04:43.312599,2025-02-20T20:00:35.899483
76918,39083,2024-07-18T14:04:43.312599,2025-02-20T20:00:35.899483
76918,51218,2024-07-18T14:04:43.312599,2025-02-20T20:00:35.899483
76918,89519,2024-07-18T14:04:43.312599,2025-02-20T20:00:35.899483
76918,65714,2024-07-18T14:04:43.312599,2025-02-20T20:00:35.899483
72350,6212,2024-09-13T12:57:35.709024,2024-10-02T04:30:35.813933
72350,90704,2024-09-13T12:57:35.709024,2024-10-02T04:30:35.813933
72350,46709,2024-09-13T12:57:35.709024,2024-10-02T04:30:35.813933
72350,45171,2024-09-13T12:57:35.709024,2024-10-02T04:30:35.813933
72350,60554,2024-09-13T12:57:35.709024,2024-10-02T04:30:35.813933
32646,37672,2025-06-17T13:11:35.104201,2025-08-14T19:52:25.935539
32646,28646,2025-06-17T13:11:35.104201,2025-08-14T19:52:25.935539
32646,46399,2025-06-17T13:11:35.104201,2025-08-14T19:52:25.935539
32646,51671,2025-06-17T13:11:35.104201,2025-08-14T19:52:25.935539
32646,6593,2025-06-17T13:11:35.104201,2025-08-14T19:52:25.935539
90714,93347,2024-07-13T13:55:22.660469,2024-11-28T03:46:45.112381
90714,44519,2024-07-13T13:55:22.660469,2024-11-28T03:46:45.112381
90714,43376,2024-07-13T13:55:22.660469,2024-11-28T03:46:45.112381
90714,22706,2024-07-13T13:55:22.660469,2024-11-28T03:46:45.112381
90714,42565,2024-07-13T13:55:22.660469,2024-11-28T03:46:45.112381
37978,4708,2024-03-29T02:15:43.413426,2025-05-18T23:59:32.683066
37978,71649,2024-03-29T02:15:43.413426,2025-05-18T23:59:32.683066
37978,56925,2024-03-29T02:15:43.413426,2025-05-18T23:59:32.683066
37978,46399,2024-03-29T02:15:43.413426,2025-05-18T23:59:32.683066
37978,53217,2024-03-29T02:15:43.413426,2025-05-18T23:59:32.683066
48032,8592,2023-09-14T00:03:35.072784,2024-09-22T05:07:37.679677
48032,23618,2023-09-14T00:03:35.072784,2024-09-22T05:07:37.679677
48032,20006,2023-09-14T00:03:35.072784,2024-09-22T05:07:37.679677
48032,51289,2023-09-14T00:03:35.072784,2024-09-22T05:07:37.679677
48032,46069,2023-09-14T00:03:35.072784,2024-09-22T05:07:37.679677
41256,42813,2024-05-08T22:57:22.824751,2024-11-09T17:12:38.122355
41256,9412,2024-05-08T22:57:22.824751,2024-11-09T17:12:38.122355
41256,64585,2024-05-08T22:57:22.824751,2024-11-09T17:12:38.122355
41256,39558,2024-05-08T22:57:22.824751,2024-11-09T17:12:38.122355
41256,56851,2024-05-08T22:57:22.824751,2024-11-09T17:12:38.122355
96197,8830,2025-05-04T21:42:34.053844,2025-07-24T09:12:52.011834
96197,80063,2025-05-04T21:42:34.053844,2025-07-24T09:12:52.011834
96197,29248,2025-05-04T21:42:34.053844,2025-07-24T09:12:52.011834
96197,53122,2025-05-04T21:42:34.053844,2025-07-24T09:12:52.011834
96197,97759,2025-05-04T21:42:34.053844,2025-07-24T09:12:52.011834
93896,23410,2023-10-06T05:21:33.714693,2024-05-22T21:01:36.284588
93896,43813,2023-10-06T05:21:33.714693,2024-05-22T21:01:36.284588
93896,63070,2023-10-06T05:21:33.714693,2024-05-22T21:01:36.284588
93896,27938,2023-10-06T05:21:33.714693,2024-05-22T21:01:36.284588
93896,73853,2023-10-06T05:21:33.714693,2024-05-22T21:01:36.284588
55408,62196,2024-07-08T00:19:00.247981,2024-07-19T06:39:25.305249
55408,99061,2024-07-08T00:19:00.247981,2024-07-19T06:39:25.305249
55408,81458,2024-07-08T00:19:00.247981,2024-07-19T06:39:25.305249
55408,68273,2024-07-08T00:19:00.247981,2024-07-19T06:39:25.305249
55408,67614,2024-07-08T00:19:00.247981,2024-07-19T06:39:25.305249
21809,66014,2024-08-22T15:07:35.321584,2025-04-18T15:14:37.000343
21809,92866,2024-08-22T15:07:35.321584,2025-04-18T15:14:37.000343
21809,77313,2024-08-22T15:07:35.321584,2025-04-18T15:14:37.000343
21809,57542,2024-08-22T15:07:35.321584,2025-04-18T15:14:37.000343
21809,84167,2024-08-22T15:07:35.321584,2025-04-18T15:14:37.000343
12335,13559,2024-06-21T16:41:57.858279,2025-07-30T07:29:52.968624
12335,11941,2024-06-21T16:41:57.858279,2025-07-30T07:29:52.968624
12335,18202,2024-06-21T16:41:57.858279,2025-07-30T07:29:52.968624
12335,62426,2024-06-21T16:41:57.858279,2025-07-30T07:29:52.968624
12335,67574,2024-06-21T16:41:57.858279,2025-07-30T07:29:52.968624
17093,18202,2024-11-12T12:04:19.905335,2025-05-28T18:43:53.738716
17093,3830,2024-11-12T12:04:19.905335,2025-05-28T18:43:53.738716
17093,12271,2024-11-12T12:04:19.905335,2025-05-28T18:43:53.738716
17093,32175,2024-11-12T12:04:19.905335,2025-05-28T18:43:53.738716
17093,98566,2024-11-12T12:04:19.905335,2025-05-28T18:43:53.738716
7030,80723,2024-02-07T11:53:30.565489,2025-03-05T20:40:40.590674
7030,68273,2024-02-07T11:53:30.565489,2025-03-05T20:40:40.590674
7030,66477,2024-02-07T11:53:30.565489,2025-03-05T20:40:40.590674
7030,22105,2024-02-07T11:53:30.565489,2025-03-05T20:40:40.590674
7030,96151,2024-02-07T11:53:30.565489,2025-03-05T20:40:40.590674
90247,28710,2024-01-20T09:12:20.510635,2025-03-06T20:25:06.373818
90247,44459,2024-01-20T09:12:20.510635,2025-03-06T20:25:06.373818
90247,56851,2024-01-20T09:12:20.510635,2025-03-06T20:25:06.373818
90247,80063,2024-01-20T09:12:20.510635,2025-03-06T20:25:06.373818
90247,14984,2024-01-20T09:12:20.510635,2025-03-06T20:25:06.373818
11665,93804,2024-10-04T18:23:35.808892,2024-11-22T15:06:21.005029
11665,95791,2024-10-04T18:23:35.808892,2024-11-22T15:06:21.005029
11665,61798,2024-10-04T18:23:35.808892,2024-11-22T15:06:21.005029
11665,77488,2024-10-04T18:23:35.808892,2024-11-22T15:06:21.005029
11665,6042,2024-10-04T18:23:35.808892,2024-11-22T15:06:21.005029
84460,66118,2023-12-06T23:11:15.039372,2024-11-14T12:11:51.182939
84460,53929,2023-12-06T23:11:15.039372,2024-11-14T12:11:51.182939
84460,60554,2023-12-06T23:11:15.039372,2024-11-14T12:11:51.182939
84460,32122,2023-12-06T23:11:15.039372,2024-11-14T12:11:51.182939
84460,50653,2023-12-06T23:11:15.039372,2024-11-14T12:11:51.182939
11374,70688,2024-10-16T19:40:21.830300,2025-03-04T20:55:20.250790
11374,18310,2024-10-16T19:40:21.830300,2025-03-04T20:55:20.250790
11374,44459,2024-10-16T19:40:21.830300,2025-03-04T20:55:20.250790
11374,73074,2024-10-16T19:40:21.830300,2025-03-04T20:55:20.250790
11374,39576,2024-10-16T19:40:21.830300,2025-03-04T20:55:20.250790
28597,90793,2024-03-03T01:37:48.081638,2024-05-18T14:35:15.543539
28597,52334,2024-03-03T01:37:48.081638,2024-05-18T14:35:15.543539
28597,24792,2024-03-03T01:37:48.081638,2024-05-18T14:35:15.543539
28597,67137,2024-03-03T01:37:48.081638,2024-05-18T14:35:15.543539
28597,90710,2024-03-03T01:37:48.081638,2024-05-18T14:35:15.543539
1418,56925,2024-09-17T19:29:00.777165,2025-01-26T11:36:45.060024
1418,70723,2024-09-17T19:29:00.777165,2025-01-26T11:36:45.060024
1418,5177,2024-09-17T19:29:00.777165,2025-01-26T11:36:45.060024
1418,34795,2024-09-17T19:29:00.777165,2025-01-26T11:36:45.060024
1418,90140,2024-09-17T19:29:00.777165,2025-01-26T11:36:45.060024
18081,90710,2024-02-13T21:59:17.729594,2025-06-10T09:05:58.586940
18081,30205,2024-02-13T21:59:17.729594,2025-06-10T09:05:58.586940
18081,55743,2024-02-13T21:59:17.729594,2025-06-10T09:05:58.586940
18081,41978,2024-02-13T21:59:17.729594,2025-06-10T09:05:58.586940
18081,60554,2024-02-13T21:59:17.729594,2025-06-10T09:05:58.586940
51702,77683,2024-03-11T05:41:12.763151,2025-05-11T04:48:21.043603
51702,88855,2024-03-11T05:41:12.763151,2025-05-11T04:48:21.043603
51702,51345,2024-03-11T05:41:12.763151,2025-05-11T04:48:21.043603
51702,8830,2024-03-11T05:41:12.763151,2025-05-11T04:48:21.043603
51702,65786,2024-03-11T05:41:12.763151,2025-05-11T04:48:21.043603
47873,12226,2025-03-14T12:37:13.570085,2025-03-21T13:11:14.238961
47873,98473,2025-03-14T12:37:13.570085,2025-03-21T13:11:14.238961
47873,19891,2025-03-14T12:37:13.570085,2025-03-21T13:11:14.238961
47873,93799,2025-03-14T12:37:13.570085,2025-03-21T13:11:14.238961
47873,93539,2025-03-14T12:37:13.570085,2025-03-21T13:11:14.238961
77060,67125,2025-05-13T22:47:51.083409,2025-07-04T22:20:01.996582
77060,54550,2025-05-13T22:47:51.083409,2025-07-04T22:20:01.996582
77060,27974,2025-05-13T22:47:51.083409,2025-07-04T22:20:01.996582
77060,79661,2025-05-13T22:47:51.083409,2025-07-04T22:20:01.996582
77060,42813,2025-05-13T22:47:51.083409,2025-07-04T22:20:01.996582
66671,95316,2024-07-04T21:52:03.157007,2025-06-20T23:32:58.299204
66671,62662,2024-07-04T21:52:03.157007,2025-06-20T23:32:58.299204
66671,76472,2024-07-04T21:52:03.157007,2025-06-20T23:32:58.299204
66671,41483,2024-07-04T21:52:03.157007,2025-06-20T23:32:58.299204
66671,55455,2024-07-04T21:52:03.157007,2025-06-20T23:32:58.299204
51617,29695,2024-01-28T18:15:08.119068,2025-04-13T03:10:16.563072
51617,14737,2024-01-28T18:15:08.119068,2025-04-13T03:10:16.563072
51617,89965,2024-01-28T18:15:08.119068,2025-04-13T03:10:16.563072
51617,10932,2024-01-28T18:15:08.119068,2025-04-13T03:10:16.563072
51617,59884,2024-01-28T18:15:08.119068,2025-04-13T03:10:16.563072
96339,5919,2023-11-21T12:40:29.076735,2024-03-21T12:37:46.436726
96339,51296,2023-11-21T12:40:29.076735,2024-03-21T12:37:46.436726
96339,76634,2023-11-21T12:40:29.076735,2024-03-21T12:37:46.436726
96339,65948,2023-11-21T12:40:29.076735,2024-03-21T12:37:46.436726
96339,82202,2023-11-21T12:40:29.076735,2024-03-21T12:37:46.436726
97371,83822,2024-09-28T12:35:44.934701,2025-07-16T03:12:16.628902
97371,4708,2024-09-28T12:35:44.934701,2025-07-16T03:12:16.628902
97371,73068,2024-09-28T12:35:44.934701,2025-07-16T03:12:16.628902
97371,9850,2024-09-28T12:35:44.934701,2025-07-16T03:12:16.628902
97371,51671,2024-09-28T12:35:44.934701,2025-07-16T03:12:16.628902
95714,11994,2025-02-22T08:46:28.463478,2025-08-06T18:46:05.623769
95714,13055,2025-02-22T08:46:28.463478,2025-08-06T18:46:05.623769
95714,31799,2025-02-22T08:46:28.463478,2025-08-06T18:46:05.623769
95714,81458,2025-02-22T08:46:28.463478,2025-08-06T18:46:05.623769
95714,30517,2025-02-22T08:46:28.463478,2025-08-06T18:46:05.623769
57835,56925,2025-06-02T07:01:42.500303,2025-08-18T18:26:40.206670
57835,89965,2025-06-02T07:01:42.500303,2025-08-18T18:26:40.206670
57835,35867,2025-06-02T07:01:42.500303,2025-08-18T18:26:40.206670
57835,45326,2025-06-02T07:01:42.500303,2025-08-18T18:26:40.206670
57835,60153,2025-06-02T07:01:42.500303,2025-08-18T18:26:40.206670
44451,8,2025-03-11T12:46:56.337761,2025-07-22T10:59:18.178588
44451,16720,2025-03-11T12:46:56.337761,2025-07-22T10:59:18.178588
44451,46768,2025-03-11T12:46:56.337761,2025-07-22T10:59:18.178588
44451,38835,2025-03-11T12:46:56.337761,2025-07-22T10:59:18.178588
44451,82228,2025-03-11T12:46:56.337761,2025-07-22T10:59:18.178588
27872,43023,2025-05-28T04:30:01.341675,2025-07-06T08:32:49.747995
27872,32711,2025-05-28T04:30:01.341675,2025-07-06T08:32:49.747995
27872,67137,2025-05-28T04:30:01.341675,2025-07-06T08:32:49.747995
27872,51485,2025-05-28T04:30:01.341675,2025-07-06T08:32:49.747995
27872,74106,2025-05-28T04:30:01.341675,2025-07-06T08:32:49.747995
95374,63067,2024-02-08T18:24:21.729712,2025-01-01T15:53:07.942961
95374,24979,2024-02-08T18:24:21.729712,2025-01-01T15:53:07.942961
95374,62818,2024-02-08T18:24:21.729712,2025-01-01T15:53:07.942961
95374,84086,2024-02-08T18:24:21.729712,2025-01-01T15:53:07.942961
95374,97759,2024-02-08T18:24:21.729712,2025-01-01T15:53:07.942961
82197,31807,2024-03-23T19:21:48.555003,2024-05-23T05:33:02.161349
82197,51546,2024-03-23T19:21:48.555003,2024-05-23T05:33:02.161349
82197,35254,2024-03-23T19:21:48.555003,2024-05-23T05:33:02.161349
82197,95995,2024-03-23T19:21:48.555003,2024-05-23T05:33:02.161349
82197,6549,2024-03-23T19:21:48.555003,2024-05-23T05:33:02.161349
52074,95879,2023-10-23T12:22:44.426005,2025-01-05T12:18:55.004443
52074,61641,2023-10-23T12:22:44.426005,2025-01-05T12:18:55.004443
52074,76970,2023-10-23T12:22:44.426005,2025-01-05T12:18:55.004443
52074,67070,2023-10-23T12:22:44.426005,2025-01-05T12:18:55.004443
52074,99816,2023-10-23T12:22:44.426005,2025-01-05T12:18:55.004443
23300,12299,2024-03-12T11:57:24.766338,2025-06-06T19:23:40.543878
23300,2515,2024-03-12T11:57:24.766338,2025-06-06T19:23:40.543878
23300,76487,2024-03-12T11:57:24.766338,2025-06-06T19:23:40.543878
23300,25383,2024-03-12T11:57:24.766338,2025-06-06T19:23:40.543878
23300,44714,2024-03-12T11:57:24.766338,2025-06-06T19:23:40.543878
43843,80897,2024-05-11T13:13:33.571186,2025-06-22T22:47:56.609735
43843,75850,2024-05-11T13:13:33.571186,2025-06-22T22:47:56.609735
43843,91068,2024-05-11T13:13:33.571186,2025-06-22T22:47:56.609735
43843,12360,2024-05-11T13:13:33.571186,2025-06-22T22:47:56.609735
43843,2206,2024-05-11T13:13:33.571186,2025-06-22T22:47:56.609735
73850,55462,2025-07-15T01:26:33.707299,2025-08-20T06:23:56.493122
73850,6212,2025-07-15T01:26:33.707299,2025-08-20T06:23:56.493122
73850,48991,2025-07-15T01:26:33.707299,2025-08-20T06:23:56.493122
73850,45216,2025-07-15T01:26:33.707299,2025-08-20T06:23:56.493122
73850,76487,2025-07-15T01:26:33.707299,2025-08-20T06:23:56.493122
87184,26692,2025-04-06T16:45:44.277348,2025-07-17T19:52:46.956881
87184,4597,2025-04-06T16:45:44.277348,2025-07-17T19:52:46.956881
87184,63070,2025-04-06T16:45:44.277348,2025-07-17T19:52:46.956881
87184,2832,2025-04-06T16:45:44.277348,2025-07-17T19:52:46.956881
87184,95707,2025-04-06T16:45:44.277348,2025-07-17T19:52:46.956881
34194,56851,2023-11-18T21:17:52.284667,2024-02-29T14:59:39.960667
34194,25342,2023-11-18T21:17:52.284667,2024-02-29T14:59:39.960667
34194,19417,2023-11-18T21:17:52.284667,2024-02-29T14:59:39.960667
34194,91956,2023-11-18T21:17:52.284667,2024-02-29T14:59:39.960667
34194,56956,2023-11-18T21:17:52.284667,2024-02-29T14:59:39.960667
7165,39283,2025-04-21T14:19:28.733880,2025-06-24T05:28:39.570043
7165,63581,2025-04-21T14:19:28.733880,2025-06-24T05:28:39.570043
7165,60436,2025-04-21T14:19:28.733880,2025-06-24T05:28:39.570043
7165,34761,2025-04-21T14:19:28.733880,2025-06-24T05:28:39.570043
7165,7297,2025-04-21T14:19:28.733880,2025-06-24T05:28:39.570043
34124,92853,2025-08-17T19:19:04.408103,2025-08-19T13:57:55.158619
34124,15048,2025-08-17T19:19:04.408103,2025-08-19T13:57:55.158619
34124,49297,2025-08-17T19:19:04.408103,2025-08-19T13:57:55.158619
34124,84583,2025-08-17T19:19:04.408103,2025-08-19T13:57:55.158619
34124,51296,2025-08-17T19:19:04.408103,2025-08-19T13:57:55.158619
97586,54797,2023-09-05T18:38:16.272944,2024-05-30T17:16:52.898065
97586,75186,2023-09-05T18:38:16.272944,2024-05-30T17:16:52.898065
97586,19471,2023-09-05T18:38:16.272944,2024-05-30T17:16:52.898065
97586,23859,2023-09-05T18:38:16.272944,2024-05-30T17:16:52.898065
97586,92469,2023-09-05T18:38:16.272944,2024-05-30T17:16:52.898065
53707,9292,2025-07-10T01:09:22.360522,2025-07-26T14:47:14.826089
53707,32598,2025-07-10T01:09:22.360522,2025-07-26T14:47:14.826089
53707,81082,2025-07-10T01:09:22.360522,2025-07-26T14:47:14.826089
53707,33867,2025-07-10T01:09:22.360522,2025-07-26T14:47:14.826089
53707,14737,2025-07-10T01:09:22.360522,2025-07-26T14:47:14.826089
97192,2902,2024-07-26T05:20:14.754565,2024-08-26T21:34:34.169924
97192,7441,2024-07-26T05:20:14.754565,2024-08-26T21:34:34.169924
97192,16671,2024-07-26T05:20:14.754565,2024-08-26T21:34:34.169924
97192,64116,2024-07-26T05:20:14.754565,2024-08-26T21:34:34.169924
97192,67137,2024-07-26T05:20:14.754565,2024-08-26T21:34:34.169924
6631,71673,2025-07-04T22:22:30.303851,2025-07-10T01:41:48.463334
6631,41978,2025-07-04T22:22:30.303851,2025-07-10T01:41:48.463334
6631,75850,2025-07-04T22:22:30.303851,2025-07-10T01:41:48.463334
6631,68273,2025-07-04T22:22:30.303851,2025-07-10T01:41:48.463334
6631,25383,2025-07-04T22:22:30.303851,2025-07-10T01:41:48.463334
33975,76487,2023-12-01T00:26:18.360871,2025-03-14T19:25:59.465197
33975,34530,2023-12-01T00:26:18.360871,2025-03-14T19:25:59.465197
33975,38548,2023-12-01T00:26:18.360871,2025-03-14T19:25:59.465197
33975,46788,2023-12-01T00:26:18.360871,2025-03-14T19:25:59.465197
33975,36216,2023-12-01T00:26:18.360871,2025-03-14T19:25:59.465197
23180,71224,2023-09-21T01:20:00.119518,2024-08-13T14:45:18.801119
23180,93347,2023-09-21T01:20:00.119518,2024-08-13T14:45:18.801119
23180,78240,2023-09-21T01:20:00.119518,2024-08-13T14:45:18.801119
23180,6108,2023-09-21T01:20:00.119518,2024-08-13T14:45:18.801119
23180,29325,2023-09-21T01:20:00.119518,2024-08-13T14:45:18.801119
53421,51455,2024-06-02T15:18:49.223529,2025-08-19T21:58:31.676887
53421,61044,2024-06-02T15:18:49.223529,2025-08-19T21:58:31.676887
53421,6537,2024-06-02T15:18:49.223529,2025-08-19T21:58:31.676887
53421,25383,2024-06-02T15:18:49.223529,2025-08-19T21:58:31.676887
53421,95791,2024-06-02T15:18:49.223529,2025-08-19T21:58:31.676887
22402,54499,2024-12-21T22:19:10.114911,2025-06-26T11:52:32.029485
22402,34322,2024-12-21T22:19:10.114911,2025-06-26T11:52:32.029485
22402,48915,2024-12-21T22:19:10.114911,2025-06-26T11:52:32.029485
22402,77625,2024-12-21T22:19:10.114911,2025-06-26T11:52:32.029485
22402,79041,2024-12-21T22:19:10.114911,2025-06-26T11:52:32.029485
34198,16802,2024-08-09T10:47:20.970111,2025-08-11T00:09:12.035322
34198,22105,2024-08-09T10:47:20.970111,2025-08-11T00:09:12.035322
34198,29248,2024-08-09T10:47:20.970111,2025-08-11T00:09:12.035322
34198,26644,2024-08-09T10:47:20.970111,2025-08-11T00:09:12.035322
34198,36798,2024-08-09T10:47:20.970111,2025-08-11T00:09:12.035322
79147,6161,2024-07-24T02:04:20.264400,2025-02-23T06:48:30.745507
79147,64585,2024-07-24T02:04:20.264400,2025-02-23T06:48:30.745507
79147,61044,2024-07-24T02:04:20.264400,2025-02-23T06:48:30.745507
79147,32105,2024-07-24T02:04:20.264400,2025-02-23T06:48:30.745507
79147,15829,2024-07-24T02:04:20.264400,2025-02-23T06:48:30.745507
3714,37616,2023-11-14T19:55:04.930389,2024-03-10T23:04:59.671844
3714,38548,2023-11-14T19:55:04.930389,2024-03-10T23:04:59.671844
3714,24425,2023-11-14T19:55:04.930389,2024-03-10T23:04:59.671844
3714,46788,2023-11-14T19:55:04.930389,2024-03-10T23:04:59.671844
3714,24653,2023-11-14T19:55:04.930389,2024-03-10T23:04:59.671844
41926,42565,2024-06-07T02:08:11.244226,2024-11-03T03:08:38.702671
41926,87284,2024-06-07T02:08:11.244226,2024-11-03T03:08:38.702671
41926,11475,2024-06-07T02:08:11.244226,2024-11-03T03:08:38.702671
41926,61684,2024-06-07T02:08:11.244226,2024-11-03T03:08:38.702671
41926,84981,2024-06-07T02:08:11.244226,2024-11-03T03:08:38.702671
49376,21143,2024-02-28T20:03:58.679538,2025-08-18T08:12:20.658615
49376,4168,2024-02-28T20:03:58.679538,2025-08-18T08:12:20.658615
49376,79942,2024-02-28T20:03:58.679538,2025-08-18T08:12:20.658615
49376,71771,2024-02-28T20:03:58.679538,2025-08-18T08:12:20.658615
49376,7651,2024-02-28T20:03:58.679538,2025-08-18T08:12:20.658615
4774,97930,2024-10-07T22:53:06.433024,2024-12-14T23:29:13.491860
4774,22708,2024-10-07T22:53:06.433024,2024-12-14T23:29:13.491860
4774,64865,2024-10-07T22:53:06.433024,2024-12-14T23:29:13.491860
4774,63067,2024-10-07T22:53:06.433024,2024-12-14T23:29:13.491860
4774,12360,2024-10-07T22:53:06.433024,2024-12-14T23:29:13.491860
15607,75922,2024-03-19T20:59:50.505727,2025-08-17T15:19:58.134308
15607,3569,2024-03-19T20:59:50.505727,2025-08-17T15:19:58.134308
15607,45216,2024-03-19T20:59:50.505727,2025-08-17T15:19:58.134308
15607,33087,2024-03-19T20:59:50.505727,2025-08-17T15:19:58.134308
15607,22450,2024-03-19T20:59:50.505727,2025-08-17T15:19:58.134308
80992,65664,2023-11-22T15:50:27.137260,2024-07-02T07:21:51.983942
80992,93577,2023-11-22T15:50:27.137260,2024-07-02T07:21:51.983942
80992,29537,2023-11-22T15:50:27.137260,2024-07-02T07:21:51.983942
80992,1105,2023-11-22T15:50:27.137260,2024-07-02T07:21:51.983942
80992,88855,2023-11-22T15:50:27.137260,2024-07-02T07:21:51.983942
6749,54471,2024-01-05T04:27:14.552215,2024-06-09T06:33:25.437955
6749,94726,2024-01-05T04:27:14.552215,2024-06-09T06:33:25.437955
6749,91068,2024-01-05T04:27:14.552215,2024-06-09T06:33:25.437955
6749,9451,2024-01-05T04:27:14.552215,2024-06-09T06:33:25.437955
6749,44241,2024-01-05T04:27:14.552215,2024-06-09T06:33:25.437955
22978,3195,2024-08-04T02:51:27.517310,2024-12-21T06:26:44.679173
22978,49896,2024-08-04T02:51:27.517310,2024-12-21T06:26:44.679173
22978,11847,2024-08-04T02:51:27.517310,2024-12-21T06:26:44.679173
22978,31499,2024-08-04T02:51:27.517310,2024-12-21T06:26:44.679173
22978,22105,2024-08-04T02:51:27.517310,2024-12-21T06:26:44.679173
41230,73334,2023-12-09T19:20:25.701827,2024-07-06T09:03:58.301610
41230,47559,2023-12-09T19:20:25.701827,2024-07-06T09:03:58.301610
41230,31499,2023-12-09T19:20:25.701827,2024-07-06T09:03:58.301610
41230,71042,2023-12-09T19:20:25.701827,2024-07-06T09:03:58.301610
41230,51789,2023-12-09T19:20:25.701827,2024-07-06T09:03:58.301610
82851,51218,2024-06-22T06:17:27.594797,2025-07-11T16:12:49.878390
82851,45326,2024-06-22T06:17:27.594797,2025-07-11T16:12:49.878390
82851,65610,2024-06-22T06:17:27.594797,2025-07-11T16:12:49.878390
82851,47850,2024-06-22T06:17:27.594797,2025-07-11T16:12:49.878390
82851,71471,2024-06-22T06:17:27.594797,2025-07-11T16:12:49.878390
79272,99973,2024-07-13T18:45:15.796884,2024-10-01T06:31:04.965908
79272,68003,2024-07-13T18:45:15.796884,2024-10-01T06:31:04.965908
79272,71186,2024-07-13T18:45:15.796884,2024-10-01T06:31:04.965908
79272,47559,2024-07-13T18:45:15.796884,2024-10-01T06:31:04.965908
79272,55387,2024-07-13T18:45:15.796884,2024-10-01T06:31:04.965908
1593,79196,2025-07-06T08:18:05.105795,2025-08-17T10:53:22.812620
1593,96295,2025-07-06T08:18:05.105795,2025-08-17T10:53:22.812620
1593,36293,2025-07-06T08:18:05.105795,2025-08-17T10:53:22.812620
1593,19471,2025-07-06T08:18:05.105795,2025-08-17T10:53:22.812620
1593,45498,2025-07-06T08:18:05.105795,2025-08-17T10:53:22.812620
32968,33443,2024-04-11T10:09:29.614241,2025-03-21T03:23:45.029309
32968,88902,2024-04-11T10:09:29.614241,2025-03-21T03:23:45.029309
32968,44241,2024-04-11T10:09:29.614241,2025-03-21T03:23:45.029309
32968,79089,2024-04-11T10:09:29.614241,2025-03-21T03:23:45.029309
32968,94726,2024-04-11T10:09:29.614241,2025-03-21T03:23:45.029309
88679,2728,2024-05-03T23:38:46.729762,2024-12-05T07:21:14.690472
88679,27482,2024-05-03T23:38:46.729762,2024-12-05T07:21:14.690472
88679,41275,2024-05-03T23:38:46.729762,2024-12-05T07:21:14.690472
88679,681,2024-05-03T23:38:46.729762,2024-12-05T07:21:14.690472
88679,2489,2024-05-03T23:38:46.729762,2024-12-05T07:21:14.690472
51912,9850,2023-12-06T01:45:29.238592,2024-05-12T06:41:26.142964
51912,92570,2023-12-06T01:45:29.238592,2024-05-12T06:41:26.142964
51912,51455,2023-12-06T01:45:29.238592,2024-05-12T06:41:26.142964
51912,47559,2023-12-06T01:45:29.238592,2024-05-12T06:41:26.142964
51912,43684,2023-12-06T01:45:29.238592,2024-05-12T06:41:26.142964
59540,92469,2024-09-13T18:48:05.273817,2025-08-19T18:13:22.031182
59540,69526,2024-09-13T18:48:05.273817,2025-08-19T18:13:22.031182
59540,19471,2024-09-13T18:48:05.273817,2025-08-19T18:13:22.031182
59540,82228,2024-09-13T18:48:05.273817,2025-08-19T18:13:22.031182
59540,96617,2024-09-13T18:48:05.273817,2025-08-19T18:13:22.031182
64737,8395,2024-05-23T12:01:13.229555,2024-07-01T13:31:36.099642
64737,92380,2024-05-23T12:01:13.229555,2024-07-01T13:31:36.099642
64737,27974,2024-05-23T12:01:13.229555,2024-07-01T13:31:36.099642
64737,22105,2024-05-23T12:01:13.229555,2024-07-01T13:31:36.099642
64737,4961,2024-05-23T12:01:13.229555,2024-07-01T13:31:36.099642
48596,50403,2024-05-08T21:57:58.639478,2024-10-04T07:22:26.693768
48596,77313,2024-05-08T21:57:58.639478,2024-10-04T07:22:26.693768
48596,92585,2024-05-08T21:57:58.639478,2024-10-04T07:22:26.693768
48596,60554,2024-05-08T21:57:58.639478,2024-10-04T07:22:26.693768
48596,53217,2024-05-08T21:57:58.639478,2024-10-04T07:22:26.693768
95954,55462,2025-06-17T07:03:13.391141,2025-07-19T06:19:01.595295
95954,56851,2025-06-17T07:03:13.391141,2025-07-19T06:19:01.595295
95954,17494,2025-06-17T07:03:13.391141,2025-07-19T06:19:01.595295
95954,77625,2025-06-17T07:03:13.391141,2025-07-19T06:19:01.595295
95954,2194,2025-06-17T07:03:13.391141,2025-07-19T06:19:01.595295
82449,45326,2023-09-14T04:46:10.079048,2025-06-13T23:17:31.485108
82449,2206,2023-09-14T04:46:10.079048,2025-06-13T23:17:31.485108
82449,5919,2023-09-14T04:46:10.079048,2025-06-13T23:17:31.485108
82449,11785,2023-09-14T04:46:10.079048,2025-06-13T23:17:31.485108
82449,42565,2023-09-14T04:46:10.079048,2025-06-13T23:17:31.485108
56525,35498,2024-04-20T22:58:25.650045,2025-07-03T04:03:52.302818
56525,43699,2024-04-20T22:58:25.650045,2025-07-03T04:03:52.302818
56525,88847,2024-04-20T22:58:25.650045,2025-07-03T04:03:52.302818
56525,9644,2024-04-20T22:58:25.650045,2025-07-03T04:03:52.302818
56525,66094,2024-04-20T22:58:25.650045,2025-07-03T04:03:52.302818
36772,22822,2023-09-24T22:53:02.603908,2025-01-11T12:06:35.450052
36772,11996,2023-09-24T22:53:02.603908,2025-01-11T12:06:35.450052
36772,33938,2023-09-24T22:53:02.603908,2025-01-11T12:06:35.450052
36772,95879,2023-09-24T22:53:02.603908,2025-01-11T12:06:35.450052
36772,60348,2023-09-24T22:53:02.603908,2025-01-11T12:06:35.450052
81661,93020,2024-08-06T17:40:46.413184,2024-08-10T09:22:07.364169
81661,43821,2024-08-06T17:40:46.413184,2024-08-10T09:22:07.364169
81661,12226,2024-08-06T17:40:46.413184,2024-08-10T09:22:07.364169
81661,86972,2024-08-06T17:40:46.413184,2024-08-10T09:22:07.364169
81661,77488,2024-08-06T17:40:46.413184,2024-08-10T09:22:07.364169
57050,87183,2024-06-10T01:51:35.547479,2025-06-18T08:06:49.704921
57050,63441,2024-06-10T01:51:35.547479,2025-06-18T08:06:49.704921
57050,39927,2024-06-10T01:51:35.547479,2025-06-18T08:06:49.704921
57050,91817,2024-06-10T01:51:35.547479,2025-06-18T08:06:49.704921
57050,97933,2024-06-10T01:51:35.547479,2025-06-18T08:06:49.704921
54557,83668,2023-09-16T17:14:02.884882,2025-02-07T19:09:45.426753
54557,26334,2023-09-16T17:14:02.884882,2025-02-07T19:09:45.426753
54557,13559,2023-09-16T17:14:02.884882,2025-02-07T19:09:45.426753
54557,70596,2023-09-16T17:14:02.884882,2025-02-07T19:09:45.426753
54557,65072,2023-09-16T17:14:02.884882,2025-02-07T19:09:45.426753
28298,25342,2024-10-16T18:33:48.090241,2025-06-06T10:55:35.557826
28298,93020,2024-10-16T18:33:48.090241,2025-06-06T10:55:35.557826
28298,43855,2024-10-16T18:33:48.090241,2025-06-06T10:55:35.557826
28298,66861,2024-10-16T18:33:48.090241,2025-06-06T10:55:35.557826
28298,11444,2024-10-16T18:33:48.090241,2025-06-06T10:55:35.557826
80682,73109,2024-01-21T22:12:36.034950,2024-08-13T08:27:07.704013
80682,3213,2024-01-21T22:12:36.034950,2024-08-13T08:27:07.704013
80682,70596,2024-01-21T22:12:36.034950,2024-08-13T08:27:07.704013
80682,20771,2024-01-21T22:12:36.034950,2024-08-13T08:27:07.704013
80682,16799,2024-01-21T22:12:36.034950,2024-08-13T08:27:07.704013
27467,51546,2025-01-06T04:05:21.223885,2025-01-20T17:11:15.868816
27467,60469,2025-01-06T04:05:21.223885,2025-01-20T17:11:15.868816
27467,25597,2025-01-06T04:05:21.223885,2025-01-20T17:11:15.868816
27467,43699,2025-01-06T04:05:21.223885,2025-01-20T17:11:15.868816
27467,16538,2025-01-06T04:05:21.223885,2025-01-20T17:11:15.868816
57442,43595,2024-09-30T00:28:44.468114,2025-04-08T08:55:11.652376
57442,14147,2024-09-30T00:28:44.468114,2025-04-08T08:55:11.652376
57442,65193,2024-09-30T00:28:44.468114,2025-04-08T08:55:11.652376
57442,18468,2024-09-30T00:28:44.468114,2025-04-08T08:55:11.652376
57442,33025,2024-09-30T00:28:44.468114,2025-04-08T08:55:11.652376
6892,93539,2024-06-12T12:53:31.642526,2024-07-15T08:55:27.030153
6892,96151,2024-06-12T12:53:31.642526,2024-07-15T08:55:27.030153
6892,9522,2024-06-12T12:53:31.642526,2024-07-15T08:55:27.030153
6892,55174,2024-06-12T12:53:31.642526,2024-07-15T08:55:27.030153
6892,11375,2024-06-12T12:53:31.642526,2024-07-15T08:55:27.030153
12616,65014,2024-03-15T17:13:27.874390,2024-12-04T00:21:20.265314
12616,43287,2024-03-15T17:13:27.874390,2024-12-04T00:21:20.265314
12616,35254,2024-03-15T17:13:27.874390,2024-12-04T00:21:20.265314
12616,71471,2024-03-15T17:13:27.874390,2024-12-04T00:21:20.265314
12616,19417,2024-03-15T17:13:27.874390,2024-12-04T00:21:20.265314
84755,49821,2024-12-12T15:07:01.035934,2025-01-29T20:35:40.271683
84755,60207,2024-12-12T15:07:01.035934,2025-01-29T20:35:40.271683
84755,35,2024-12-12T15:07:01.035934,2025-01-29T20:35:40.271683
84755,75600,2024-12-12T15:07:01.035934,2025-01-29T20:35:40.271683
84755,38793,2024-12-12T15:07:01.035934,2025-01-29T20:35:40.271683
47918,48696,2024-12-31T11:58:01.158026,2025-07-10T14:23:28.848903
47918,11851,2024-12-31T11:58:01.158026,2025-07-10T14:23:28.848903
47918,79196,2024-12-31T11:58:01.158026,2025-07-10T14:23:28.848903
47918,42477,2024-12-31T11:58:01.158026,2025-07-10T14:23:28.848903
47918,2515,2024-12-31T11:58:01.158026,2025-07-10T14:23:28.848903
58822,65786,2025-08-05T05:47:37.714832,2025-08-11T05:52:37.263275
58822,94968,2025-08-05T05:47:37.714832,2025-08-11T05:52:37.263275
58822,45210,2025-08-05T05:47:37.714832,2025-08-11T05:52:37.263275
58822,7441,2025-08-05T05:47:37.714832,2025-08-11T05:52:37.263275
58822,31564,2025-08-05T05:47:37.714832,2025-08-11T05:52:37.263275
22945,25934,2025-03-24T10:01:31.220258,2025-07-23T01:44:14.915397
22945,49607,2025-03-24T10:01:31.220258,2025-07-23T01:44:14.915397
22945,18820,2025-03-24T10:01:31.220258,2025-07-23T01:44:14.915397
22945,91544,2025-03-24T10:01:31.220258,2025-07-23T01:44:14.915397
22945,9060,2025-03-24T10:01:31.220258,2025-07-23T01:44:14.915397
20201,3193,2024-10-01T00:51:40.539643,2025-02-27T03:59:04.380686
20201,25852,2024-10-01T00:51:40.539643,2025-02-27T03:59:04.380686
20201,31499,2024-10-01T00:51:40.539643,2025-02-27T03:59:04.380686
20201,60469,2024-10-01T00:51:40.539643,2025-02-27T03:59:04.380686
20201,87016,2024-10-01T00:51:40.539643,2025-02-27T03:59:04.380686
12573,76857,2025-02-14T01:39:40.823451,2025-06-07T14:56:14.467729
12573,92945,2025-02-14T01:39:40.823451,2025-06-07T14:56:14.467729
12573,13148,2025-02-14T01:39:40.823451,2025-06-07T14:56:14.467729
12573,59386,2025-02-14T01:39:40.823451,2025-06-07T14:56:14.467729
12573,84583,2025-02-14T01:39:40.823451,2025-06-07T14:56:14.467729
62839,82979,2025-01-11T05:39:43.977227,2025-01-20T04:12:05.022106
62839,12360,2025-01-11T05:39:43.977227,2025-01-20T04:12:05.022106
62839,19030,2025-01-11T05:39:43.977227,2025-01-20T04:12:05.022106
62839,2515,2025-01-11T05:39:43.977227,2025-01-20T04:12:05.022106
62839,59861,2025-01-11T05:39:43.977227,2025-01-20T04:12:05.022106
24392,74577,2025-06-19T06:33:57.519418,2025-07-13T08:13:41.325785
24392,18310,2025-06-19T06:33:57.519418,2025-07-13T08:13:41.325785
24392,35373,2025-06-19T06:33:57.519418,2025-07-13T08:13:41.325785
24392,49144,2025-06-19T06:33:57.519418,2025-07-13T08:13:41.325785
24392,83341,2025-06-19T06:33:57.519418,2025-07-13T08:13:41.325785
66848,35254,2024-08-28T15:05:46.124363,2025-08-16T09:24:51.666369
66848,68692,2024-08-28T15:05:46.124363,2025-08-16T09:24:51.666369
66848,60994,2024-08-28T15:05:46.124363,2025-08-16T09:24:51.666369
66848,90140,2024-08-28T15:05:46.124363,2025-08-16T09:24:51.666369
66848,29695,2024-08-28T15:05:46.124363,2025-08-16T09:24:51.666369
14604,12522,2024-11-08T13:53:24.355825,2024-11-15T02:39:14.240420
14604,55366,2024-11-08T13:53:24.355825,2024-11-15T02:39:14.240420
14604,7449,2024-11-08T13:53:24.355825,2024-11-15T02:39:14.240420
14604,88847,2024-11-08T13:53:24.355825,2024-11-15T02:39:14.240420
14604,38835,2024-11-08T13:53:24.355825,2024-11-15T02:39:14.240420
4330,43684,2025-02-18T09:56:34.482031,2025-03-26T00:29:18.687563
4330,11994,2025-02-18T09:56:34.482031,2025-03-26T00:29:18.687563
4330,18468,2025-02-18T09:56:34.482031,2025-03-26T00:29:18.687563
4330,63441,2025-02-18T09:56:34.482031,2025-03-26T00:29:18.687563
4330,8,2025-02-18T09:56:34.482031,2025-03-26T00:29:18.687563
11508,7477,2025-04-20T10:07:32.151943,2025-05-27T03:27:17.985749
11508,43439,2025-04-20T10:07:32.151943,2025-05-27T03:27:17.985749
11508,3195,2025-04-20T10:07:32.151943,2025-05-27T03:27:17.985749
11508,42348,2025-04-20T10:07:32.151943,2025-05-27T03:27:17.985749
11508,81458,2025-04-20T10:07:32.151943,2025-05-27T03:27:17.985749
89689,95707,2025-05-15T21:32:52.571357,2025-06-24T10:16:35.409612
89689,26767,2025-05-15T21:32:52.571357,2025-06-24T10:16:35.409612
89689,6498,2025-05-15T21:32:52.571357,2025-06-24T10:16:35.409612
89689,62151,2025-05-15T21:32:52.571357,2025-06-24T10:16:35.409612
89689,3193,2025-05-15T21:32:52.571357,2025-06-24T10:16:35.409612
60118,83804,2025-07-21T13:06:59.443933,2025-07-28T20:35:41.897660
60118,96617,2025-07-21T13:06:59.443933,2025-07-28T20:35:41.897660
60118,25852,2025-07-21T13:06:59.443933,2025-07-28T20:35:41.897660
60118,71649,2025-07-21T13:06:59.443933,2025-07-28T20:35:41.897660
60118,32122,2025-07-21T13:06:59.443933,2025-07-28T20:35:41.897660
34260,10371,2024-06-05T04:15:53.205029,2025-07-02T21:20:34.734570
34260,19891,2024-06-05T04:15:53.205029,2025-07-02T21:20:34.734570
34260,37212,2024-06-05T04:15:53.205029,2025-07-02T21:20:34.734570
34260,69303,2024-06-05T04:15:53.205029,2025-07-02T21:20:34.734570
34260,14193,2024-06-05T04:15:53.205029,2025-07-02T21:20:34.734570
619,46788,2025-05-24T21:51:33.892674,2025-08-11T14:29:44.939683
619,68103,2025-05-24T21:51:33.892674,2025-08-11T14:29:44.939683
619,40374,2025-05-24T21:51:33.892674,2025-08-11T14:29:44.939683
619,82979,2025-05-24T21:51:33.892674,2025-08-11T14:29:44.939683
619,80879,2025-05-24T21:51:33.892674,2025-08-11T14:29:44.939683
834,31563,2025-04-26T09:41:28.346275,2025-05-03T10:27:10.665270
834,40078,2025-04-26T09:41:28.346275,2025-05-03T10:27:10.665270
834,72246,2025-04-26T09:41:28.346275,2025-05-03T10:27:10.665270
834,66118,2025-04-26T09:41:28.346275,2025-05-03T10:27:10.665270
834,98797,2025-04-26T09:41:28.346275,2025-05-03T10:27:10.665270
87314,2732,2024-12-15T22:56:27.834017,2024-12-30T00:42:39.396581
87314,93,2024-12-15T22:56:27.834017,2024-12-30T00:42:39.396581
87314,17577,2024-12-15T22:56:27.834017,2024-12-30T00:42:39.396581
87314,17729,2024-12-15T22:56:27.834017,2024-12-30T00:42:39.396581
87314,10922,2024-12-15T22:56:27.834017,2024-12-30T00:42:39.396581
70221,95437,2024-10-11T22:40:33.696383,2025-01-15T08:04:11.777886
70221,75330,2024-10-11T22:40:33.696383,2025-01-15T08:04:11.777886
70221,77615,2024-10-11T22:40:33.696383,2025-01-15T08:04:11.777886
70221,86472,2024-10-11T22:40:33.696383,2025-01-15T08:04:11.777886
70221,39325,2024-10-11T22:40:33.696383,2025-01-15T08:04:11.777886
630,60331,2024-10-19T23:08:12.360166,2025-03-12T19:49:24.770718
630,54076,2024-10-19T23:08:12.360166,2025-03-12T19:49:24.770718
630,81106,2024-10-19T23:08:12.360166,2025-03-12T19:49:24.770718
630,88739,2024-10-19T23:08:12.360166,2025-03-12T19:49:24.770718
630,65610,2024-10-19T23:08:12.360166,2025-03-12T19:49:24.770718
59748,46399,2025-04-22T22:55:18.301052,2025-05-04T15:22:33.743912
59748,10947,2025-04-22T22:55:18.301052,2025-05-04T15:22:33.743912
59748,52330,2025-04-22T22:55:18.301052,2025-05-04T15:22:33.743912
59748,46746,2025-04-22T22:55:18.301052,2025-05-04T15:22:33.743912
59748,5914,2025-04-22T22:55:18.301052,2025-05-04T15:22:33.743912
79080,79636,2025-04-16T04:15:15.098965,2025-06-28T16:26:04.268250
79080,98469,2025-04-16T04:15:15.098965,2025-06-28T16:26:04.268250
79080,44241,2025-04-16T04:15:15.098965,2025-06-28T16:26:04.268250
79080,83341,2025-04-16T04:15:15.098965,2025-06-28T16:26:04.268250
79080,89233,2025-04-16T04:15:15.098965,2025-06-28T16:26:04.268250
94757,11412,2025-02-01T05:02:00.432735,2025-03-08T07:42:10.853385
94757,24264,2025-02-01T05:02:00.432735,2025-03-08T07:42:10.853385
94757,45474,2025-02-01T05:02:00.432735,2025-03-08T07:42:10.853385
94757,18154,2025-02-01T05:02:00.432735,2025-03-08T07:42:10.853385
94757,25383,2025-02-01T05:02:00.432735,2025-03-08T07:42:10.853385
55608,18154,2023-10-10T21:42:09.791430,2025-03-06T15:05:16.445104
55608,23941,2023-10-10T21:42:09.791430,2025-03-06T15:05:16.445104
55608,63789,2023-10-10T21:42:09.791430,2025-03-06T15:05:16.445104
55608,94290,2023-10-10T21:42:09.791430,2025-03-06T15:05:16.445104
55608,47559,2023-10-10T21:42:09.791430,2025-03-06T15:05:16.445104
3497,13760,2025-04-04T01:38:06.043430,2025-07-13T22:32:31.242055
3497,16720,2025-04-04T01:38:06.043430,2025-07-13T22:32:31.242055
3497,43684,2025-04-04T01:38:06.043430,2025-07-13T22:32:31.242055
3497,91068,2025-04-04T01:38:06.043430,2025-07-13T22:32:31.242055
3497,80869,2025-04-04T01:38:06.043430,2025-07-13T22:32:31.242055
14515,56925,2025-06-11T20:15:14.659806,2025-08-15T17:40:24.740268
14515,71673,2025-06-11T20:15:14.659806,2025-08-15T17:40:24.740268
14515,28710,2025-06-11T20:15:14.659806,2025-08-15T17:40:24.740268
14515,56547,2025-06-11T20:15:14.659806,2025-08-15T17:40:24.740268
14515,17068,2025-06-11T20:15:14.659806,2025-08-15T17:40:24.740268
33698,65193,2025-04-19T19:46:30.306583,2025-08-21T01:32:12.248391
33698,3195,2025-04-19T19:46:30.306583,2025-08-21T01:32:12.248391
33698,90965,2025-04-19T19:46:30.306583,2025-08-21T01:32:12.248391
33698,84219,2025-04-19T19:46:30.306583,2025-08-21T01:32:12.248391
33698,13547,2025-04-19T19:46:30.306583,2025-08-21T01:32:12.248391
84903,38201,2025-04-11T17:14:11.006595,2025-05-08T12:24:38.019907
84903,24930,2025-04-11T17:14:11.006595,2025-05-08T12:24:38.019907
84903,681,2025-04-11T17:14:11.006595,2025-05-08T12:24:38.019907
84903,67137,2025-04-11T17:14:11.006595,2025-05-08T12:24:38.019907
84903,3936,2025-04-11T17:14:11.006595,2025-05-08T12:24:38.019907
38417,96052,2024-07-19T03:25:32.421268,2024-09-30T10:26:45.620078
38417,16618,2024-07-19T03:25:32.421268,2024-09-30T10:26:45.620078
38417,13814,2024-07-19T03:25:32.421268,2024-09-30T10:26:45.620078
38417,44984,2024-07-19T03:25:32.421268,2024-09-30T10:26:45.620078
38417,68060,2024-07-19T03:25:32.421268,2024-09-30T10:26:45.620078
94050,66271,2025-01-12T07:37:11.414302,2025-02-16T07:22:22.377064
94050,70723,2025-01-12T07:37:11.414302,2025-02-16T07:22:22.377064
94050,72351,2025-01-12T07:37:11.414302,2025-02-16T07:22:22.377064
94050,93799,2025-01-12T07:37:11.414302,2025-02-16T07:22:22.377064
94050,61130,2025-01-12T07:37:11.414302,2025-02-16T07:22:22.377064
36872,91893,2023-11-05T08:50:38.141456,2025-08-07T00:18:46.157679
36872,23410,2023-11-05T08:50:38.141456,2025-08-07T00:18:46.157679
36872,6340,2023-11-05T08:50:38.141456,2025-08-07T00:18:46.157679
36872,9427,2023-11-05T08:50:38.141456,2025-08-07T00:18:46.157679
36872,67631,2023-11-05T08:50:38.141456,2025-08-07T00:18:46.157679
59250,52419,2025-04-08T11:51:08.344476,2025-07-16T14:22:25.908323
59250,68651,2025-04-08T11:51:08.344476,2025-07-16T14:22:25.908323
59250,83592,2025-04-08T11:51:08.344476,2025-07-16T14:22:25.908323
59250,19030,2025-04-08T11:51:08.344476,2025-07-16T14:22:25.908323
59250,91893,2025-04-08T11:51:08.344476,2025-07-16T14:22:25.908323
95322,28098,2025-08-20T00:17:25.115603,2025-08-20T05:39:38.870987
95322,50403,2025-08-20T00:17:25.115603,2025-08-20T05:39:38.870987
95322,28245,2025-08-20T00:17:25.115603,2025-08-20T05:39:38.870987
95322,65610,2025-08-20T00:17:25.115603,2025-08-20T05:39:38.870987
95322,92853,2025-08-20T00:17:25.115603,2025-08-20T05:39:38.870987
41901,9989,2024-03-02T07:37:58.343533,2025-06-01T14:40:22.047183
41901,58427,2024-03-02T07:37:58.343533,2025-06-01T14:40:22.047183
41901,91068,2024-03-02T07:37:58.343533,2025-06-01T14:40:22.047183
41901,76958,2024-03-02T07:37:58.343533,2025-06-01T14:40:22.047183
41901,65193,2024-03-02T07:37:58.343533,2025-06-01T14:40:22.047183
84450,89087,2024-08-18T15:03:53.269579,2025-05-15T01:00:26.368059
84450,11441,2024-08-18T15:03:53.269579,2025-05-15T01:00:26.368059
84450,81757,2024-08-18T15:03:53.269579,2025-05-15T01:00:26.368059
84450,41854,2024-08-18T15:03:53.269579,2025-05-15T01:00:26.368059
84450,36819,2024-08-18T15:03:53.269579,2025-05-15T01:00:26.368059
9509,11847,2025-07-02T11:16:05.458496,2025-07-05T01:08:11.580987
9509,72409,2025-07-02T11:16:05.458496,2025-07-05T01:08:11.580987
9509,9584,2025-07-02T11:16:05.458496,2025-07-05T01:08:11.580987
9509,54797,2025-07-02T11:16:05.458496,2025-07-05T01:08:11.580987
9509,18202,2025-07-02T11:16:05.458496,2025-07-05T01:08:11.580987
53908,91250,2024-10-13T20:07:58.101033,2025-06-27T19:27:54.757220
53908,25712,2024-10-13T20:07:58.101033,2025-06-27T19:27:54.757220
53908,16144,2024-10-13T20:07:58.101033,2025-06-27T19:27:54.757220
53908,17957,2024-10-13T20:07:58.101033,2025-06-27T19:27:54.757220
53908,57542,2024-10-13T20:07:58.101033,2025-06-27T19:27:54.757220
5533,97933,2024-03-10T10:34:31.981024,2025-07-09T09:28:16.627738
5533,62866,2024-03-10T10:34:31.981024,2025-07-09T09:28:16.627738
5533,42418,2024-03-10T10:34:31.981024,2025-07-09T09:28:16.627738
5533,17541,2024-03-10T10:34:31.981024,2025-07-09T09:28:16.627738
5533,58471,2024-03-10T10:34:31.981024,2025-07-09T09:28:16.627738
91219,35373,2025-03-26T00:29:38.876344,2025-08-14T14:10:44.849487
91219,55462,2025-03-26T00:29:38.876344,2025-08-14T14:10:44.849487
91219,77099,2025-03-26T00:29:38.876344,2025-08-14T14:10:44.849487
91219,13559,2025-03-26T00:29:38.876344,2025-08-14T14:10:44.849487
91219,2263,2025-03-26T00:29:38.876344,2025-08-14T14:10:44.849487
71742,63067,2024-06-28T09:30:07.238539,2024-12-10T17:12:54.679759
71742,1383,2024-06-28T09:30:07.238539,2024-12-10T17:12:54.679759
71742,88258,2024-06-28T09:30:07.238539,2024-12-10T17:12:54.679759
71742,90135,2024-06-28T09:30:07.238539,2024-12-10T17:12:54.679759
71742,86972,2024-06-28T09:30:07.238539,2024-12-10T17:12:54.679759
23700,39083,2024-11-06T14:15:03.047502,2025-06-05T00:52:50.716762
23700,17577,2024-11-06T14:15:03.047502,2025-06-05T00:52:50.716762
23700,31564,2024-11-06T14:15:03.047502,2025-06-05T00:52:50.716762
23700,9561,2024-11-06T14:15:03.047502,2025-06-05T00:52:50.716762
23700,46709,2024-11-06T14:15:03.047502,2025-06-05T00:52:50.716762
77936,90965,2023-09-08T00:23:28.459913,2024-01-03T11:45:25.573241
77936,64163,2023-09-08T00:23:28.459913,2024-01-03T11:45:25.573241
77936,60994,2023-09-08T00:23:28.459913,2024-01-03T11:45:25.573241
77936,71186,2023-09-08T00:23:28.459913,2024-01-03T11:45:25.573241
77936,14661,2023-09-08T00:23:28.459913,2024-01-03T11:45:25.573241
25923,26250,2023-11-04T00:26:57.195273,2024-01-13T00:16:14.136128
25923,77624,2023-11-04T00:26:57.195273,2024-01-13T00:16:14.136128
25923,51546,2023-11-04T00:26:57.195273,2024-01-13T00:16:14.136128
25923,89798,2023-11-04T00:26:57.195273,2024-01-13T00:16:14.136128
25923,84981,2023-11-04T00:26:57.195273,2024-01-13T00:16:14.136128
44368,26692,2023-09-12T21:09:56.203653,2024-01-07T02:39:09.453172
44368,81082,2023-09-12T21:09:56.203653,2024-01-07T02:39:09.453172
44368,33867,2023-09-12T21:09:56.203653,2024-01-07T02:39:09.453172
44368,93587,2023-09-12T21:09:56.203653,2024-01-07T02:39:09.453172
44368,48696,2023-09-12T21:09:56.203653,2024-01-07T02:39:09.453172
17260,55128,2024-12-21T15:16:53.489958,2025-02-27T11:57:40.287311
17260,81106,2024-12-21T15:16:53.489958,2025-02-27T11:57:40.287311
17260,23640,2024-12-21T15:16:53.489958,2025-02-27T11:57:40.287311
17260,11441,2024-12-21T15:16:53.489958,2025-02-27T11:57:40.287311
17260,57193,2024-12-21T15:16:53.489958,2025-02-27T11:57:40.287311
17591,94968,2024-05-03T17:48:20.171396,2024-09-21T00:39:30.090325
17591,46399,2024-05-03T17:48:20.171396,2024-09-21T00:39:30.090325
17591,1715,2024-05-03T17:48:20.171396,2024-09-21T00:39:30.090325
17591,11941,2024-05-03T17:48:20.171396,2024-09-21T00:39:30.090325
17591,43595,2024-05-03T17:48:20.171396,2024-09-21T00:39:30.090325
24418,91208,2023-11-21T12:11:33.638203,2024-05-22T15:31:41.644789
24418,76623,2023-11-21T12:11:33.638203,2024-05-22T15:31:41.644789
24418,50403,2023-11-21T12:11:33.638203,2024-05-22T15:31:41.644789
24418,4805,2023-11-21T12:11:33.638203,2024-05-22T15:31:41.644789
24418,97554,2023-11-21T12:11:33.638203,2024-05-22T15:31:41.644789
55655,43287,2025-02-09T10:02:38.901320,2025-06-05T10:40:33.793299
55655,56956,2025-02-09T10:02:38.901320,2025-06-05T10:40:33.793299
55655,55605,2025-02-09T10:02:38.901320,2025-06-05T10:40:33.793299
55655,74187,2025-02-09T10:02:38.901320,2025-06-05T10:40:33.793299
55655,94726,2025-02-09T10:02:38.901320,2025-06-05T10:40:33.793299
98456,51789,2024-08-13T12:56:14.896792,2025-03-07T23:00:10.753370
98456,66861,2024-08-13T12:56:14.896792,2025-03-07T23:00:10.753370
98456,92282,2024-08-13T12:56:14.896792,2025-03-07T23:00:10.753370
98456,40078,2024-08-13T12:56:14.896792,2025-03-07T23:00:10.753370
98456,56925,2024-08-13T12:56:14.896792,2025-03-07T23:00:10.753370
77323,39325,2025-01-24T04:31:37.437034,2025-04-21T01:11:01.460212
77323,41556,2025-01-24T04:31:37.437034,2025-04-21T01:11:01.460212
77323,3213,2025-01-24T04:31:37.437034,2025-04-21T01:11:01.460212
77323,71410,2025-01-24T04:31:37.437034,2025-04-21T01:11:01.460212
77323,93587,2025-01-24T04:31:37.437034,2025-04-21T01:11:01.460212
72204,33639,2024-07-17T19:23:23.948467,2025-02-17T20:00:10.540287
72204,93963,2024-07-17T19:23:23.948467,2025-02-17T20:00:10.540287
72204,87381,2024-07-17T19:23:23.948467,2025-02-17T20:00:10.540287
72204,63581,2024-07-17T19:23:23.948467,2025-02-17T20:00:10.540287
72204,38309,2024-07-17T19:23:23.948467,2025-02-17T20:00:10.540287
95159,51455,2024-05-28T04:26:50.400583,2024-06-26T15:06:51.305931
95159,95707,2024-05-28T04:26:50.400583,2024-06-26T15:06:51.305931
95159,94905,2024-05-28T04:26:50.400583,2024-06-26T15:06:51.305931
95159,74024,2024-05-28T04:26:50.400583,2024-06-26T15:06:51.305931
95159,65610,2024-05-28T04:26:50.400583,2024-06-26T15:06:51.305931
25314,29150,2024-09-17T20:06:06.859297,2024-10-10T15:25:22.461257
25314,88902,2024-09-17T20:06:06.859297,2024-10-10T15:25:22.461257
25314,27071,2024-09-17T20:06:06.859297,2024-10-10T15:25:22.461257
25314,81666,2024-09-17T20:06:06.859297,2024-10-10T15:25:22.461257
25314,19417,2024-09-17T20:06:06.859297,2024-10-10T15:25:22.461257
36672,22932,2025-06-20T10:23:09.981978,2025-07-10T00:01:47.935932
36672,19030,2025-06-20T10:23:09.981978,2025-07-10T00:01:47.935932
36672,79987,2025-06-20T10:23:09.981978,2025-07-10T00:01:47.935932
36672,60554,2025-06-20T10:23:09.981978,2025-07-10T00:01:47.935932
36672,68060,2025-06-20T10:23:09.981978,2025-07-10T00:01:47.935932
44523,91544,2024-11-05T19:37:31.332998,2024-12-10T02:47:43.617994
44523,7651,2024-11-05T19:37:31.332998,2024-12-10T02:47:43.617994
44523,96890,2024-11-05T19:37:31.332998,2024-12-10T02:47:43.617994
44523,63441,2024-11-05T19:37:31.332998,2024-12-10T02:47:43.617994
44523,65610,2024-11-05T19:37:31.332998,2024-12-10T02:47:43.617994
57336,8395,2023-11-16T08:39:49.618453,2025-03-10T01:47:25.102697
57336,87637,2023-11-16T08:39:49.618453,2025-03-10T01:47:25.102697
57336,44519,2023-11-16T08:39:49.618453,2025-03-10T01:47:25.102697
57336,48915,2023-11-16T08:39:49.618453,2025-03-10T01:47:25.102697
57336,2515,2023-11-16T08:39:49.618453,2025-03-10T01:47:25.102697
75274,24930,2024-12-17T03:20:36.295402,2025-04-03T14:17:58.235991
75274,61250,2024-12-17T03:20:36.295402,2025-04-03T14:17:58.235991
75274,59542,2024-12-17T03:20:36.295402,2025-04-03T14:17:58.235991
75274,5914,2024-12-17T03:20:36.295402,2025-04-03T14:17:58.235991
75274,81227,2024-12-17T03:20:36.295402,2025-04-03T14:17:58.235991
91381,76970,2024-09-04T05:14:56.798611,2025-01-18T08:47:01.215528
91381,681,2024-09-04T05:14:56.798611,2025-01-18T08:47:01.215528
91381,6161,2024-09-04T05:14:56.798611,2025-01-18T08:47:01.215528
91381,32711,2024-09-04T05:14:56.798611,2025-01-18T08:47:01.215528
91381,82775,2024-09-04T05:14:56.798611,2025-01-18T08:47:01.215528
66415,2541,2025-01-08T10:12:04.637826,2025-06-22T02:47:06.307118
66415,22450,2025-01-08T10:12:04.637826,2025-06-22T02:47:06.307118
66415,68416,2025-01-08T10:12:04.637826,2025-06-22T02:47:06.307118
66415,49982,2025-01-08T10:12:04.637826,2025-06-22T02:47:06.307118
66415,90304,2025-01-08T10:12:04.637826,2025-06-22T02:47:06.307118
94431,7651,2024-11-13T06:05:55.994028,2025-02-18T21:31:53.305361
94431,47137,2024-11-13T06:05:55.994028,2025-02-18T21:31:53.305361
94431,32175,2024-11-13T06:05:55.994028,2025-02-18T21:31:53.305361
94431,5786,2024-11-13T06:05:55.994028,2025-02-18T21:31:53.305361
94431,32598,2024-11-13T06:05:55.994028,2025-02-18T21:31:53.305361
5941,75802,2024-02-05T10:04:41.756289,2025-05-30T00:10:17.891640
5941,67631,2024-02-05T10:04:41.756289,2025-05-30T00:10:17.891640
5941,48282,2024-02-05T10:04:41.756289,2025-05-30T00:10:17.891640
5941,68060,2024-02-05T10:04:41.756289,2025-05-30T00:10:17.891640
5941,19417,2024-02-05T10:04:41.756289,2025-05-30T00:10:17.891640
97388,51278,2024-06-16T09:21:20.974949,2025-03-29T10:52:12.548204
97388,15127,2024-06-16T09:21:20.974949,2025-03-29T10:52:12.548204
97388,71771,2024-06-16T09:21:20.974949,2025-03-29T10:52:12.548204
97388,45346,2024-06-16T09:21:20.974949,2025-03-29T10:52:12.548204
97388,71471,2024-06-16T09:21:20.974949,2025-03-29T10:52:12.548204
88196,80976,2024-01-09T19:08:35.340844,2024-06-07T06:43:49.331500
88196,84583,2024-01-09T19:08:35.340844,2024-06-07T06:43:49.331500
88196,47945,2024-01-09T19:08:35.340844,2024-06-07T06:43:49.331500
88196,61044,2024-01-09T19:08:35.340844,2024-06-07T06:43:49.331500
88196,78989,2024-01-09T19:08:35.340844,2024-06-07T06:43:49.331500
10837,5786,2024-06-22T06:55:25.824492,2024-08-11T18:01:18.794670
10837,97957,2024-06-22T06:55:25.824492,2024-08-11T18:01:18.794670
10837,63067,2024-06-22T06:55:25.824492,2024-08-11T18:01:18.794670
10837,9584,2024-06-22T06:55:25.824492,2024-08-11T18:01:18.794670
10837,49626,2024-06-22T06:55:25.824492,2024-08-11T18:01:18.794670
14328,21142,2025-05-29T12:48:12.195650,2025-08-19T00:12:58.243723
14328,54550,2025-05-29T12:48:12.195650,2025-08-19T00:12:58.243723
14328,73334,2025-05-29T12:48:12.195650,2025-08-19T00:12:58.243723
14328,26692,2025-05-29T12:48:12.195650,2025-08-19T00:12:58.243723
14328,88628,2025-05-29T12:48:12.195650,2025-08-19T00:12:58.243723
73226,34795,2025-06-20T17:41:41.962178,2025-08-06T06:12:31.530396
73226,55525,2025-06-20T17:41:41.962178,2025-08-06T06:12:31.530396
73226,88285,2025-06-20T17:41:41.962178,2025-08-06T06:12:31.530396
73226,47478,2025-06-20T17:41:41.962178,2025-08-06T06:12:31.530396
73226,1192,2025-06-20T17:41:41.962178,2025-08-06T06:12:31.530396
94950,11300,2023-09-27T07:21:48.652254,2025-08-16T00:27:51.677055
94950,53230,2023-09-27T07:21:48.652254,2025-08-16T00:27:51.677055
94950,69526,2023-09-27T07:21:48.652254,2025-08-16T00:27:51.677055
94950,99973,2023-09-27T07:21:48.652254,2025-08-16T00:27:51.677055
94950,84928,2023-09-27T07:21:48.652254,2025-08-16T00:27:51.677055
31469,13559,2025-06-23T14:02:00.516952,2025-08-21T12:52:39.830399
31469,51345,2025-06-23T14:02:00.516952,2025-08-21T12:52:39.830399
31469,1105,2025-06-23T14:02:00.516952,2025-08-21T12:52:39.830399
31469,42240,2025-06-23T14:02:00.516952,2025-08-21T12:52:39.830399
31469,35254,2025-06-23T14:02:00.516952,2025-08-21T12:52:39.830399
70145,24979,2025-04-07T02:23:40.543526,2025-08-04T12:07:55.235062
70145,78780,2025-04-07T02:23:40.543526,2025-08-04T12:07:55.235062
70145,22113,2025-04-07T02:23:40.543526,2025-08-04T12:07:55.235062
70145,61555,2025-04-07T02:23:40.543526,2025-08-04T12:07:55.235062
70145,61697,2025-04-07T02:23:40.543526,2025-08-04T12:07:55.235062
73737,52094,2023-12-08T10:32:58.832338,2024-03-29T12:14:29.957624
73737,681,2023-12-08T10:32:58.832338,2024-03-29T12:14:29.957624
73737,34694,2023-12-08T10:32:58.832338,2024-03-29T12:14:29.957624
73737,84934,2023-12-08T10:32:58.832338,2024-03-29T12:14:29.957624
73737,49144,2023-12-08T10:32:58.832338,2024-03-29T12:14:29.957624
37929,65786,2024-11-29T20:56:10.644497,2025-06-05T13:41:09.761330
37929,31499,2024-11-29T20:56:10.644497,2025-06-05T13:41:09.761330
37929,20459,2024-11-29T20:56:10.644497,2025-06-05T13:41:09.761330
37929,92853,2024-11-29T20:56:10.644497,2025-06-05T13:41:09.761330
37929,57542,2024-11-29T20:56:10.644497,2025-06-05T13:41:09.761330
7480,80035,2025-04-20T04:36:47.251469,2025-06-07T04:44:57.300059
7480,24425,2025-04-20T04:36:47.251469,2025-06-07T04:44:57.300059
7480,21324,2025-04-20T04:36:47.251469,2025-06-07T04:44:57.300059
7480,90965,2025-04-20T04:36:47.251469,2025-06-07T04:44:57.300059
7480,82979,2025-04-20T04:36:47.251469,2025-06-07T04:44:57.300059
99293,71914,2024-07-15T22:22:04.199871,2025-06-06T22:11:24.326804
99293,80126,2024-07-15T22:22:04.199871,2025-06-06T22:11:24.326804
99293,66477,2024-07-15T22:22:04.199871,2025-06-06T22:11:24.326804
99293,65786,2024-07-15T22:22:04.199871,2025-06-06T22:11:24.326804
99293,59861,2024-07-15T22:22:04.199871,2025-06-06T22:11:24.326804
99199,58049,2023-12-04T09:11:13.934791,2025-06-28T01:43:39.173731
99199,14737,2023-12-04T09:11:13.934791,2025-06-28T01:43:39.173731
99199,6549,2023-12-04T09:11:13.934791,2025-06-28T01:43:39.173731
99199,76634,2023-12-04T09:11:13.934791,2025-06-28T01:43:39.173731
99199,97724,2023-12-04T09:11:13.934791,2025-06-28T01:43:39.173731
36658,13313,2023-11-28T03:52:29.760475,2024-05-02T15:25:14.507912
36658,7669,2023-11-28T03:52:29.760475,2024-05-02T15:25:14.507912
36658,61540,2023-11-28T03:52:29.760475,2024-05-02T15:25:14.507912
36658,21149,2023-11-28T03:52:29.760475,2024-05-02T15:25:14.507912
36658,27974,2023-11-28T03:52:29.760475,2024-05-02T15:25:14.507912
17139,24653,2024-11-26T10:17:32.369226,2025-08-02T07:49:35.341307
17139,61798,2024-11-26T10:17:32.369226,2025-08-02T07:49:35.341307
17139,97724,2024-11-26T10:17:32.369226,2025-08-02T07:49:35.341307
17139,95842,2024-11-26T10:17:32.369226,2025-08-02T07:49:35.341307
17139,17385,2024-11-26T10:17:32.369226,2025-08-02T07:49:35.341307
55430,97773,2024-09-13T10:51:08.677183,2025-08-13T16:47:53.208492
55430,6593,2024-09-13T10:51:08.677183,2025-08-13T16:47:53.208492
55430,92888,2024-09-13T10:51:08.677183,2025-08-13T16:47:53.208492
55430,81387,2024-09-13T10:51:08.677183,2025-08-13T16:47:53.208492
55430,24926,2024-09-13T10:51:08.677183,2025-08-13T16:47:53.208492
95107,27221,2025-08-09T01:54:55.738967,2025-08-21T14:39:54.186827
95107,45474,2025-08-09T01:54:55.738967,2025-08-21T14:39:54.186827
95107,50738,2025-08-09T01:54:55.738967,2025-08-21T14:39:54.186827
95107,81905,2025-08-09T01:54:55.738967,2025-08-21T14:39:54.186827
95107,95842,2025-08-09T01:54:55.738967,2025-08-21T14:39:54.186827
93596,14278,2023-12-03T06:54:11.199400,2024-08-03T14:13:20.339591
93596,43418,2023-12-03T06:54:11.199400,2024-08-03T14:13:20.339591
93596,33443,2023-12-03T06:54:11.199400,2024-08-03T14:13:20.339591
93596,22450,2023-12-03T06:54:11.199400,2024-08-03T14:13:20.339591
93596,70723,2023-12-03T06:54:11.199400,2024-08-03T14:13:20.339591
45460,38548,2024-10-28T21:05:23.133063,2025-01-28T12:49:27.996060
45460,78307,2024-10-28T21:05:23.133063,2025-01-28T12:49:27.996060
45460,48258,2024-10-28T21:05:23.133063,2025-01-28T12:49:27.996060
45460,11847,2024-10-28T21:05:23.133063,2025-01-28T12:49:27.996060
45460,12226,2024-10-28T21:05:23.133063,2025-01-28T12:49:27.996060
11667,28468,2024-05-16T22:29:02.608005,2024-07-27T04:09:39.455963
11667,89519,2024-05-16T22:29:02.608005,2024-07-27T04:09:39.455963
11667,18468,2024-05-16T22:29:02.608005,2024-07-27T04:09:39.455963
11667,99973,2024-05-16T22:29:02.608005,2024-07-27T04:09:39.455963
11667,23618,2024-05-16T22:29:02.608005,2024-07-27T04:09:39.455963
41598,74431,2024-11-06T16:55:21.194266,2025-02-14T12:39:44.313576
41598,83006,2024-11-06T16:55:21.194266,2025-02-14T12:39:44.313576
41598,93017,2024-11-06T16:55:21.194266,2025-02-14T12:39:44.313576
41598,35,2024-11-06T16:55:21.194266,2025-02-14T12:39:44.313576
41598,90140,2024-11-06T16:55:21.194266,2025-02-14T12:39:44.313576
98547,51296,2025-06-30T04:18:08.508194,2025-08-02T14:23:33.718452
98547,20395,2025-06-30T04:18:08.508194,2025-08-02T14:23:33.718452
98547,22822,2025-06-30T04:18:08.508194,2025-08-02T14:23:33.718452
98547,59729,2025-06-30T04:18:08.508194,2025-08-02T14:23:33.718452
98547,66470,2025-06-30T04:18:08.508194,2025-08-02T14:23:33.718452
97465,29204,2023-11-17T08:35:24.743588,2025-04-13T08:59:02.306654
97465,52148,2023-11-17T08:35:24.743588,2025-04-13T08:59:02.306654
97465,55174,2023-11-17T08:35:24.743588,2025-04-13T08:59:02.306654
97465,2515,2023-11-17T08:35:24.743588,2025-04-13T08:59:02.306654
97465,16144,2023-11-17T08:35:24.743588,2025-04-13T08:59:02.306654
40213,39741,2024-01-30T02:53:43.182108,2025-01-20T07:27:09.411874
40213,9522,2024-01-30T02:53:43.182108,2025-01-20T07:27:09.411874
40213,62253,2024-01-30T02:53:43.182108,2025-01-20T07:27:09.411874
40213,18000,2024-01-30T02:53:43.182108,2025-01-20T07:27:09.411874
40213,38580,2024-01-30T02:53:43.182108,2025-01-20T07:27:09.411874
74667,9584,2024-11-01T21:32:04.353217,2025-03-27T09:17:45.044453
74667,80976,2024-11-01T21:32:04.353217,2025-03-27T09:17:45.044453
74667,43595,2024-11-01T21:32:04.353217,2025-03-27T09:17:45.044453
74667,87016,2024-11-01T21:32:04.353217,2025-03-27T09:17:45.044453
74667,4415,2024-11-01T21:32:04.353217,2025-03-27T09:17:45.044453
30084,47945,2024-04-18T08:35:31.269824,2025-03-20T11:49:41.881517
30084,97323,2024-04-18T08:35:31.269824,2025-03-20T11:49:41.881517
30084,43855,2024-04-18T08:35:31.269824,2025-03-20T11:49:41.881517
30084,43376,2024-04-18T08:35:31.269824,2025-03-20T11:49:41.881517
30084,41556,2024-04-18T08:35:31.269824,2025-03-20T11:49:41.881517
94272,19108,2024-04-01T11:30:06.548364,2024-07-16T00:30:01.857928
94272,47559,2024-04-01T11:30:06.548364,2024-07-16T00:30:01.857928
94272,46746,2024-04-01T11:30:06.548364,2024-07-16T00:30:01.857928
94272,60977,2024-04-01T11:30:06.548364,2024-07-16T00:30:01.857928
94272,2206,2024-04-01T11:30:06.548364,2024-07-16T00:30:01.857928
28386,28468,2025-06-29T07:51:31.263019,2025-06-29T18:45:35.424792
28386,2902,2025-06-29T07:51:31.263019,2025-06-29T18:45:35.424792
28386,66920,2025-06-29T07:51:31.263019,2025-06-29T18:45:35.424792
28386,27938,2025-06-29T07:51:31.263019,2025-06-29T18:45:35.424792
28386,63882,2025-06-29T07:51:31.263019,2025-06-29T18:45:35.424792
66499,93799,2024-08-09T05:09:07.455379,2024-10-13T13:36:19.415245
66499,11982,2024-08-09T05:09:07.455379,2024-10-13T13:36:19.415245
66499,51278,2024-08-09T05:09:07.455379,2024-10-13T13:36:19.415245
66499,75922,2024-08-09T05:09:07.455379,2024-10-13T13:36:19.415245
66499,85310,2024-08-09T05:09:07.455379,2024-10-13T13:36:19.415245
8406,85572,2025-05-17T03:17:17.010351,2025-06-17T23:02:49.444300
8406,66441,2025-05-17T03:17:17.010351,2025-06-17T23:02:49.444300
8406,66477,2025-05-17T03:17:17.010351,2025-06-17T23:02:49.444300
8406,9292,2025-05-17T03:17:17.010351,2025-06-17T23:02:49.444300
8406,65040,2025-05-17T03:17:17.010351,2025-06-17T23:02:49.444300
70310,76487,2024-09-21T03:29:57.102903,2025-01-28T10:21:49.462013
70310,22450,2024-09-21T03:29:57.102903,2025-01-28T10:21:49.462013
70310,72163,2024-09-21T03:29:57.102903,2025-01-28T10:21:49.462013
70310,89236,2024-09-21T03:29:57.102903,2025-01-28T10:21:49.462013
70310,49607,2024-09-21T03:29:57.102903,2025-01-28T10:21:49.462013
3441,4531,2024-08-06T16:01:28.355417,2025-07-03T09:33:59.984414
3441,2489,2024-08-06T16:01:28.355417,2025-07-03T09:33:59.984414
3441,77488,2024-08-06T16:01:28.355417,2025-07-03T09:33:59.984414
3441,32711,2024-08-06T16:01:28.355417,2025-07-03T09:33:59.984414
3441,11994,2024-08-06T16:01:28.355417,2025-07-03T09:33:59.984414
43482,92853,2025-05-31T18:02:53.393441,2025-07-01T16:25:04.441018
43482,4767,2025-05-31T18:02:53.393441,2025-07-01T16:25:04.441018
43482,10772,2025-05-31T18:02:53.393441,2025-07-01T16:25:04.441018
43482,42173,2025-05-31T18:02:53.393441,2025-07-01T16:25:04.441018
43482,90070,2025-05-31T18:02:53.393441,2025-07-01T16:25:04.441018
38130,84928,2024-03-31T12:47:04.061525,2025-03-27T19:43:56.691801
38130,31115,2024-03-31T12:47:04.061525,2025-03-27T19:43:56.691801
38130,55536,2024-03-31T12:47:04.061525,2025-03-27T19:43:56.691801
38130,83592,2024-03-31T12:47:04.061525,2025-03-27T19:43:56.691801
38130,67614,2024-03-31T12:47:04.061525,2025-03-27T19:43:56.691801
19659,48223,2025-06-04T12:12:21.799419,2025-07-31T14:47:21.712844
19659,51546,2025-06-04T12:12:21.799419,2025-07-31T14:47:21.712844
19659,70723,2025-06-04T12:12:21.799419,2025-07-31T14:47:21.712844
19659,79636,2025-06-04T12:12:21.799419,2025-07-31T14:47:21.712844
19659,4597,2025-06-04T12:12:21.799419,2025-07-31T14:47:21.712844
97669,97323,2024-03-31T04:50:53.280097,2025-08-21T21:32:07.086286
97669,93893,2024-03-31T04:50:53.280097,2025-08-21T21:32:07.086286
97669,19108,2024-03-31T04:50:53.280097,2025-08-21T21:32:07.086286
97669,10947,2024-03-31T04:50:53.280097,2025-08-21T21:32:07.086286
97669,75361,2024-03-31T04:50:53.280097,2025-08-21T21:32:07.086286
52698,8055,2025-01-28T08:00:15.743040,2025-02-13T08:10:23.853562
52698,71026,2025-01-28T08:00:15.743040,2025-02-13T08:10:23.853562
52698,77457,2025-01-28T08:00:15.743040,2025-02-13T08:10:23.853562
52698,68003,2025-01-28T08:00:15.743040,2025-02-13T08:10:23.853562
52698,54471,2025-01-28T08:00:15.743040,2025-02-13T08:10:23.853562
83293,97773,2023-11-24T13:34:28.997395,2024-05-21T05:33:22.930379
83293,31807,2023-11-24T13:34:28.997395,2024-05-21T05:33:22.930379
83293,86137,2023-11-24T13:34:28.997395,2024-05-21T05:33:22.930379
83293,31438,2023-11-24T13:34:28.997395,2024-05-21T05:33:22.930379
83293,10371,2023-11-24T13:34:28.997395,2024-05-21T05:33:22.930379
41323,62151,2023-11-09T03:14:16.079558,2024-08-14T05:51:19.213218
41323,76816,2023-11-09T03:14:16.079558,2024-08-14T05:51:19.213218
41323,78780,2023-11-09T03:14:16.079558,2024-08-14T05:51:19.213218
41323,94968,2023-11-09T03:14:16.079558,2024-08-14T05:51:19.213218
41323,24653,2023-11-09T03:14:16.079558,2024-08-14T05:51:19.213218
77232,59861,2024-01-31T02:53:10.548712,2024-08-04T02:22:48.970643
77232,91893,2024-01-31T02:53:10.548712,2024-08-04T02:22:48.970643
77232,54471,2024-01-31T02:53:10.548712,2024-08-04T02:22:48.970643
77232,28431,2024-01-31T02:53:10.548712,2024-08-04T02:22:48.970643
77232,14984,2024-01-31T02:53:10.548712,2024-08-04T02:22:48.970643
26114,39927,2024-05-10T12:29:32.635139,2025-02-10T14:51:57.258536
26114,66271,2024-05-10T12:29:32.635139,2025-02-10T14:51:57.258536
26114,63067,2024-05-10T12:29:32.635139,2025-02-10T14:51:57.258536
26114,33867,2024-05-10T12:29:32.635139,2025-02-10T14:51:57.258536
26114,22450,2024-05-10T12:29:32.635139,2025-02-10T14:51:57.258536
77969,22706,2025-07-15T11:26:17.259728,2025-08-05T22:36:06.746679
77969,80754,2025-07-15T11:26:17.259728,2025-08-05T22:36:06.746679
77969,7041,2025-07-15T11:26:17.259728,2025-08-05T22:36:06.746679
77969,61136,2025-07-15T11:26:17.259728,2025-08-05T22:36:06.746679
77969,16144,2025-07-15T11:26:17.259728,2025-08-05T22:36:06.746679
71008,7651,2024-01-01T13:02:06.715953,2024-11-19T17:49:40.048586
71008,46768,2024-01-01T13:02:06.715953,2024-11-19T17:49:40.048586
71008,88258,2024-01-01T13:02:06.715953,2024-11-19T17:49:40.048586
71008,71026,2024-01-01T13:02:06.715953,2024-11-19T17:49:40.048586
71008,71673,2024-01-01T13:02:06.715953,2024-11-19T17:49:40.048586
68233,62426,2023-09-08T14:27:27.091862,2024-07-29T22:49:44.376721
68233,42173,2023-09-08T14:27:27.091862,2024-07-29T22:49:44.376721
68233,37212,2023-09-08T14:27:27.091862,2024-07-29T22:49:44.376721
68233,66210,2023-09-08T14:27:27.091862,2024-07-29T22:49:44.376721
68233,14661,2023-09-08T14:27:27.091862,2024-07-29T22:49:44.376721
28350,9522,2024-10-07T04:22:22.274597,2025-02-06T19:56:15.142088
28350,32105,2024-10-07T04:22:22.274597,2025-02-06T19:56:15.142088
28350,57395,2024-10-07T04:22:22.274597,2025-02-06T19:56:15.142088
28350,94029,2024-10-07T04:22:22.274597,2025-02-06T19:56:15.142088
28350,88902,2024-10-07T04:22:22.274597,2025-02-06T19:56:15.142088
12445,3213,2024-03-11T01:02:32.510961,2024-03-19T14:27:43.357316
12445,4597,2024-03-11T01:02:32.510961,2024-03-19T14:27:43.357316
12445,97323,2024-03-11T01:02:32.510961,2024-03-19T14:27:43.357316
12445,86849,2024-03-11T01:02:32.510961,2024-03-19T14:27:43.357316
12445,11563,2024-03-11T01:02:32.510961,2024-03-19T14:27:43.357316
14607,35867,2024-03-28T02:09:24.168244,2025-03-05T07:18:47.304938
14607,6593,2024-03-28T02:09:24.168244,2025-03-05T07:18:47.304938
14607,47945,2024-03-28T02:09:24.168244,2025-03-05T07:18:47.304938
14607,52094,2024-03-28T02:09:24.168244,2025-03-05T07:18:47.304938
14607,86849,2024-03-28T02:09:24.168244,2025-03-05T07:18:47.304938
82870,97554,2024-01-09T23:12:53.657224,2024-03-01T02:07:20.046922
82870,69526,2024-01-09T23:12:53.657224,2024-03-01T02:07:20.046922
82870,24979,2024-01-09T23:12:53.657224,2024-03-01T02:07:20.046922
82870,48759,2024-01-09T23:12:53.657224,2024-03-01T02:07:20.046922
82870,97323,2024-01-09T23:12:53.657224,2024-03-01T02:07:20.046922
34703,29150,2024-10-13T03:29:21.256503,2025-04-06T22:12:07.623019
34703,53018,2024-10-13T03:29:21.256503,2025-04-06T22:12:07.623019
34703,52148,2024-10-13T03:29:21.256503,2025-04-06T22:12:07.623019
34703,74106,2024-10-13T03:29:21.256503,2025-04-06T22:12:07.623019
34703,23859,2024-10-13T03:29:21.256503,2025-04-06T22:12:07.623019
74438,11847,2024-04-07T23:16:17.125663,2025-07-19T22:00:43.492670
74438,65097,2024-04-07T23:16:17.125663,2025-07-19T22:00:43.492670
74438,58669,2024-04-07T23:16:17.125663,2025-07-19T22:00:43.492670
74438,15496,2024-04-07T23:16:17.125663,2025-07-19T22:00:43.492670
74438,12853,2024-04-07T23:16:17.125663,2025-07-19T22:00:43.492670
64109,46788,2024-06-20T22:21:28.346095,2025-01-19T02:49:44.633774
64109,51278,2024-06-20T22:21:28.346095,2025-01-19T02:49:44.633774
64109,92124,2024-06-20T22:21:28.346095,2025-01-19T02:49:44.633774
64109,6537,2024-06-20T22:21:28.346095,2025-01-19T02:49:44.633774
64109,62253,2024-06-20T22:21:28.346095,2025-01-19T02:49:44.633774
10019,61684,2024-09-07T07:30:53.937088,2025-01-06T05:18:00.128726
10019,13574,2024-09-07T07:30:53.937088,2025-01-06T05:18:00.128726
10019,28678,2024-09-07T07:30:53.937088,2025-01-06T05:18:00.128726
10019,83668,2024-09-07T07:30:53.937088,2025-01-06T05:18:00.128726
10019,95842,2024-09-07T07:30:53.937088,2025-01-06T05:18:00.128726
71734,9451,2025-04-28T10:14:55.318379,2025-06-05T20:35:56.108316
71734,94522,2025-04-28T10:14:55.318379,2025-06-05T20:35:56.108316
71734,16492,2025-04-28T10:14:55.318379,2025-06-05T20:35:56.108316
71734,18468,2025-04-28T10:14:55.318379,2025-06-05T20:35:56.108316
71734,28245,2025-04-28T10:14:55.318379,2025-06-05T20:35:56.108316
55015,23414,2025-06-12T01:42:27.250123,2025-07-22T04:39:12.558607
55015,68060,2025-06-12T01:42:27.250123,2025-07-22T04:39:12.558607
55015,12360,2025-06-12T01:42:27.250123,2025-07-22T04:39:12.558607
55015,7677,2025-06-12T01:42:27.250123,2025-07-22T04:39:12.558607
55015,20459,2025-06-12T01:42:27.250123,2025-07-22T04:39:12.558607
44912,19833,2025-02-23T21:51:46.174238,2025-03-02T07:09:01.096214
44912,85990,2025-02-23T21:51:46.174238,2025-03-02T07:09:01.096214
44912,77267,2025-02-23T21:51:46.174238,2025-03-02T07:09:01.096214
44912,3193,2025-02-23T21:51:46.174238,2025-03-02T07:09:01.096214
44912,46772,2025-02-23T21:51:46.174238,2025-03-02T07:09:01.096214
45636,39576,2024-10-25T23:26:17.794827,2024-11-30T23:02:46.629822
45636,40063,2024-10-25T23:26:17.794827,2024-11-30T23:02:46.629822
45636,33876,2024-10-25T23:26:17.794827,2024-11-30T23:02:46.629822
45636,78240,2024-10-25T23:26:17.794827,2024-11-30T23:02:46.629822
45636,71649,2024-10-25T23:26:17.794827,2024-11-30T23:02:46.629822
23746,61076,2024-10-21T18:27:57.562916,2025-07-16T15:06:54.403581
23746,17898,2024-10-21T18:27:57.562916,2025-07-16T15:06:54.403581
23746,80897,2024-10-21T18:27:57.562916,2025-07-16T15:06:54.403581
23746,1379,2024-10-21T18:27:57.562916,2025-07-16T15:06:54.403581
23746,64585,2024-10-21T18:27:57.562916,2025-07-16T15:06:54.403581
87996,65610,2024-08-02T03:35:39.923125,2025-05-05T11:21:44.186616
87996,56767,2024-08-02T03:35:39.923125,2025-05-05T11:21:44.186616
87996,5914,2024-08-02T03:35:39.923125,2025-05-05T11:21:44.186616
87996,41310,2024-08-02T03:35:39.923125,2025-05-05T11:21:44.186616
87996,84167,2024-08-02T03:35:39.923125,2025-05-05T11:21:44.186616
78377,83804,2024-02-28T11:36:19.980901,2025-03-07T23:18:27.950705
78377,60977,2024-02-28T11:36:19.980901,2025-03-07T23:18:27.950705
78377,96451,2024-02-28T11:36:19.980901,2025-03-07T23:18:27.950705
78377,51157,2024-02-28T11:36:19.980901,2025-03-07T23:18:27.950705
78377,53800,2024-02-28T11:36:19.980901,2025-03-07T23:18:27.950705
27927,94203,2024-04-18T03:45:45.152678,2025-06-14T16:25:14.748184
27927,78658,2024-04-18T03:45:45.152678,2025-06-14T16:25:14.748184
27927,60994,2024-04-18T03:45:45.152678,2025-06-14T16:25:14.748184
27927,3844,2024-04-18T03:45:45.152678,2025-06-14T16:25:14.748184
27927,64289,2024-04-18T03:45:45.152678,2025-06-14T16:25:14.748184
12518,43813,2024-08-22T06:01:39.590121,2025-04-30T21:54:07.636955
12518,73015,2024-08-22T06:01:39.590121,2025-04-30T21:54:07.636955
12518,2263,2024-08-22T06:01:39.590121,2025-04-30T21:54:07.636955
12518,24042,2024-08-22T06:01:39.590121,2025-04-30T21:54:07.636955
12518,71400,2024-08-22T06:01:39.590121,2025-04-30T21:54:07.636955
47699,44519,2025-07-18T21:14:24.316559,2025-08-04T04:57:52.757662
47699,41978,2025-07-18T21:14:24.316559,2025-08-04T04:57:52.757662
47699,56006,2025-07-18T21:14:24.316559,2025-08-04T04:57:52.757662
47699,1383,2025-07-18T21:14:24.316559,2025-08-04T04:57:52.757662
47699,2206,2025-07-18T21:14:24.316559,2025-08-04T04:57:52.757662
3664,64803,2024-11-28T16:31:26.800271,2025-07-09T01:53:58.704170
3664,8830,2024-11-28T16:31:26.800271,2025-07-09T01:53:58.704170
3664,9561,2024-11-28T16:31:26.800271,2025-07-09T01:53:58.704170
3664,57371,2024-11-28T16:31:26.800271,2025-07-09T01:53:58.704170
3664,93804,2024-11-28T16:31:26.800271,2025-07-09T01:53:58.704170
29319,59836,2024-01-17T09:41:36.749094,2024-08-01T13:57:38.634614
29319,11996,2024-01-17T09:41:36.749094,2024-08-01T13:57:38.634614
29319,28678,2024-01-17T09:41:36.749094,2024-08-01T13:57:38.634614
29319,42173,2024-01-17T09:41:36.749094,2024-08-01T13:57:38.634614
29319,43863,2024-01-17T09:41:36.749094,2024-08-01T13:57:38.634614
84809,45326,2024-11-06T01:35:39.381249,2024-11-14T20:26:28.808451
84809,68692,2024-11-06T01:35:39.381249,2024-11-14T20:26:28.808451
84809,60729,2024-11-06T01:35:39.381249,2024-11-14T20:26:28.808451
84809,58471,2024-11-06T01:35:39.381249,2024-11-14T20:26:28.808451
84809,2489,2024-11-06T01:35:39.381249,2024-11-14T20:26:28.808451
54356,31546,2025-07-23T11:01:33.868137,2025-08-19T15:03:57.399941
54356,98937,2025-07-23T11:01:33.868137,2025-08-19T15:03:57.399941
54356,94968,2025-07-23T11:01:33.868137,2025-08-19T15:03:57.399941
54356,60469,2025-07-23T11:01:33.868137,2025-08-19T15:03:57.399941
54356,88258,2025-07-23T11:01:33.868137,2025-08-19T15:03:57.399941
40009,35986,2025-01-20T05:52:13.361754,2025-03-22T12:12:40.526111
40009,12853,2025-01-20T05:52:13.361754,2025-03-22T12:12:40.526111
40009,67137,2025-01-20T05:52:13.361754,2025-03-22T12:12:40.526111
40009,22932,2025-01-20T05:52:13.361754,2025-03-22T12:12:40.526111
40009,13973,2025-01-20T05:52:13.361754,2025-03-22T12:12:40.526111
96391,80063,2023-11-13T13:38:07.659878,2023-12-05T04:37:05.194942
96391,84981,2023-11-13T13:38:07.659878,2023-12-05T04:37:05.194942
96391,51671,2023-11-13T13:38:07.659878,2023-12-05T04:37:05.194942
96391,23941,2023-11-13T13:38:07.659878,2023-12-05T04:37:05.194942
96391,86055,2023-11-13T13:38:07.659878,2023-12-05T04:37:05.194942
75062,29248,2023-08-23T11:10:19.325192,2025-04-23T09:34:42.320989
75062,82198,2023-08-23T11:10:19.325192,2025-04-23T09:34:42.320989
75062,86472,2023-08-23T11:10:19.325192,2025-04-23T09:34:42.320989
75062,48223,2023-08-23T11:10:19.325192,2025-04-23T09:34:42.320989
75062,1379,2023-08-23T11:10:19.325192,2025-04-23T09:34:42.320989
21061,76591,2025-04-09T23:46:41.426775,2025-08-08T06:09:07.659898
21061,65870,2025-04-09T23:46:41.426775,2025-08-08T06:09:07.659898
21061,40063,2025-04-09T23:46:41.426775,2025-08-08T06:09:07.659898
21061,76970,2025-04-09T23:46:41.426775,2025-08-08T06:09:07.659898
21061,65786,2025-04-09T23:46:41.426775,2025-08-08T06:09:07.659898
74283,31564,2025-02-10T04:46:51.587476,2025-06-08T19:31:47.357378
74283,20006,2025-02-10T04:46:51.587476,2025-06-08T19:31:47.357378
74283,43821,2025-02-10T04:46:51.587476,2025-06-08T19:31:47.357378
74283,96295,2025-02-10T04:46:51.587476,2025-06-08T19:31:47.357378
74283,2541,2025-02-10T04:46:51.587476,2025-06-08T19:31:47.357378
56481,47559,2023-09-02T17:30:37.897819,2024-10-27T18:48:00.327269
56481,65892,2023-09-02T17:30:37.897819,2024-10-27T18:48:00.327269
56481,65014,2023-09-02T17:30:37.897819,2024-10-27T18:48:00.327269
56481,4786,2023-09-02T17:30:37.897819,2024-10-27T18:48:00.327269
56481,24042,2023-09-02T17:30:37.897819,2024-10-27T18:48:00.327269
48550,66441,2025-07-04T07:07:10.279912,2025-07-06T23:11:40.370451
48550,40720,2025-07-04T07:07:10.279912,2025-07-06T23:11:40.370451
48550,9427,2025-07-04T07:07:10.279912,2025-07-06T23:11:40.370451
48550,79636,2025-07-04T07:07:10.279912,2025-07-06T23:11:40.370451
48550,78727,2025-07-04T07:07:10.279912,2025-07-06T23:11:40.370451
78606,89519,2025-04-13T08:47:48.347829,2025-05-22T15:09:21.957011
78606,13625,2025-04-13T08:47:48.347829,2025-05-22T15:09:21.957011
78606,29095,2025-04-13T08:47:48.347829,2025-05-22T15:09:21.957011
78606,28431,2025-04-13T08:47:48.347829,2025-05-22T15:09:21.957011
78606,22876,2025-04-13T08:47:48.347829,2025-05-22T15:09:21.957011
32967,28646,2023-12-11T13:40:48.794555,2024-05-31T09:32:16.023384
32967,22822,2023-12-11T13:40:48.794555,2024-05-31T09:32:16.023384
32967,49821,2023-12-11T13:40:48.794555,2024-05-31T09:32:16.023384
32967,7908,2023-12-11T13:40:48.794555,2024-05-31T09:32:16.023384
32967,39576,2023-12-11T13:40:48.794555,2024-05-31T09:32:16.023384
61947,93539,2023-10-22T20:44:59.043984,2024-09-17T12:58:51.126954
61947,86472,2023-10-22T20:44:59.043984,2024-09-17T12:58:51.126954
61947,80035,2023-10-22T20:44:59.043984,2024-09-17T12:58:51.126954
61947,73068,2023-10-22T20:44:59.043984,2024-09-17T12:58:51.126954
61947,92989,2023-10-22T20:44:59.043984,2024-09-17T12:58:51.126954
72349,54057,2024-03-17T04:24:30.864768,2024-12-12T03:03:33.618717
72349,66271,2024-03-17T04:24:30.864768,2024-12-12T03:03:33.618717
72349,23410,2024-03-17T04:24:30.864768,2024-12-12T03:03:33.618717
72349,42348,2024-03-17T04:24:30.864768,2024-12-12T03:03:33.618717
72349,12271,2024-03-17T04:24:30.864768,2024-12-12T03:03:33.618717
64611,94759,2024-01-12T18:24:51.733628,2024-12-23T02:43:41.920136
64611,77077,2024-01-12T18:24:51.733628,2024-12-23T02:43:41.920136
64611,64324,2024-01-12T18:24:51.733628,2024-12-23T02:43:41.920136
64611,3753,2024-01-12T18:24:51.733628,2024-12-23T02:43:41.920136
64611,74180,2024-01-12T18:24:51.733628,2024-12-23T02:43:41.920136
16017,80126,2023-10-16T16:04:30.810559,2024-04-09T03:42:20.386511
16017,54383,2023-10-16T16:04:30.810559,2024-04-09T03:42:20.386511
16017,41854,2023-10-16T16:04:30.810559,2024-04-09T03:42:20.386511
16017,37397,2023-10-16T16:04:30.810559,2024-04-09T03:42:20.386511
16017,66441,2023-10-16T16:04:30.810559,2024-04-09T03:42:20.386511
43803,86182,2024-04-24T23:37:34.227485,2025-05-21T08:36:10.318430
43803,65433,2024-04-24T23:37:34.227485,2025-05-21T08:36:10.318430
43803,81458,2024-04-24T23:37:34.227485,2025-05-21T08:36:10.318430
43803,32122,2024-04-24T23:37:34.227485,2025-05-21T08:36:10.318430
43803,24042,2024-04-24T23:37:34.227485,2025-05-21T08:36:10.318430
71949,7677,2024-09-12T08:25:17.115141,2025-06-29T03:40:58.876300
71949,7583,2024-09-12T08:25:17.115141,2025-06-29T03:40:58.876300
71949,4597,2024-09-12T08:25:17.115141,2025-06-29T03:40:58.876300
71949,81082,2024-09-12T08:25:17.115141,2025-06-29T03:40:58.876300
71949,55455,2024-09-12T08:25:17.115141,2025-06-29T03:40:58.876300
17639,10932,2025-01-24T11:56:40.872353,2025-06-23T18:47:54.512053
17639,60729,2025-01-24T11:56:40.872353,2025-06-23T18:47:54.512053
17639,55536,2025-01-24T11:56:40.872353,2025-06-23T18:47:54.512053
17639,26767,2025-01-24T11:56:40.872353,2025-06-23T18:47:54.512053
17639,60348,2025-01-24T11:56:40.872353,2025-06-23T18:47:54.512053
86136,80897,2024-11-09T06:00:53.719343,2025-05-31T10:15:58.872218
86136,31546,2024-11-09T06:00:53.719343,2025-05-31T10:15:58.872218
86136,83006,2024-11-09T06:00:53.719343,2025-05-31T10:15:58.872218
86136,85539,2024-11-09T06:00:53.719343,2025-05-31T10:15:58.872218
86136,79672,2024-11-09T06:00:53.719343,2025-05-31T10:15:58.872218
81184,38474,2025-06-10T04:18:42.601490,2025-08-14T22:27:47.448430
81184,11254,2025-06-10T04:18:42.601490,2025-08-14T22:27:47.448430
81184,51289,2025-06-10T04:18:42.601490,2025-08-14T22:27:47.448430
81184,63789,2025-06-10T04:18:42.601490,2025-08-14T22:27:47.448430
81184,34322,2025-06-10T04:18:42.601490,2025-08-14T22:27:47.448430
14973,9644,2025-06-24T03:34:59.611907,2025-07-26T03:06:02.038566
14973,64803,2025-06-24T03:34:59.611907,2025-07-26T03:06:02.038566
14973,79607,2025-06-24T03:34:59.611907,2025-07-26T03:06:02.038566
14973,26692,2025-06-24T03:34:59.611907,2025-07-26T03:06:02.038566
14973,71801,2025-06-24T03:34:59.611907,2025-07-26T03:06:02.038566
34121,31546,2023-08-25T16:58:37.611991,2023-09-06T06:57:37.163428
34121,3213,2023-08-25T16:58:37.611991,2023-09-06T06:57:37.163428
34121,51671,2023-08-25T16:58:37.611991,2023-09-06T06:57:37.163428
34121,22108,2023-08-25T16:58:37.611991,2023-09-06T06:57:37.163428
34121,1192,2023-08-25T16:58:37.611991,2023-09-06T06:57:37.163428
95728,77077,2024-06-29T05:47:42.512697,2024-08-13T02:18:33.416461
95728,99055,2024-06-29T05:47:42.512697,2024-08-13T02:18:33.416461
95728,87309,2024-06-29T05:47:42.512697,2024-08-13T02:18:33.416461
95728,60153,2024-06-29T05:47:42.512697,2024-08-13T02:18:33.416461
95728,80517,2024-06-29T05:47:42.512697,2024-08-13T02:18:33.416461
8855,2515,2024-05-23T09:18:48.275098,2024-06-10T19:55:03.532180
8855,12853,2024-05-23T09:18:48.275098,2024-06-10T19:55:03.532180
8855,19471,2024-05-23T09:18:48.275098,2024-06-10T19:55:03.532180
8855,23618,2024-05-23T09:18:48.275098,2024-06-10T19:55:03.532180
8855,92888,2024-05-23T09:18:48.275098,2024-06-10T19:55:03.532180
19614,56832,2025-04-24T17:55:41.652084,2025-07-27T06:32:53.255569
19614,73476,2025-04-24T17:55:41.652084,2025-07-27T06:32:53.255569
19614,11563,2025-04-24T17:55:41.652084,2025-07-27T06:32:53.255569
19614,26423,2025-04-24T17:55:41.652084,2025-07-27T06:32:53.255569
19614,2263,2025-04-24T17:55:41.652084,2025-07-27T06:32:53.255569
75761,86849,2025-08-04T12:53:45.406818,2025-08-16T16:55:05.766632
75761,94968,2025-08-04T12:53:45.406818,2025-08-16T16:55:05.766632
75761,63724,2025-08-04T12:53:45.406818,2025-08-16T16:55:05.766632
75761,83341,2025-08-04T12:53:45.406818,2025-08-16T16:55:05.766632
75761,61697,2025-08-04T12:53:45.406818,2025-08-16T16:55:05.766632
59947,95995,2024-06-05T05:30:05.127967,2024-06-12T04:40:55.627130
59947,46284,2024-06-05T05:30:05.127967,2024-06-12T04:40:55.627130
59947,36216,2024-06-05T05:30:05.127967,2024-06-12T04:40:55.627130
59947,70934,2024-06-05T05:30:05.127967,2024-06-12T04:40:55.627130
59947,77625,2024-06-05T05:30:05.127967,2024-06-12T04:40:55.627130
90638,54550,2023-10-13T16:21:17.273281,2025-01-01T12:57:24.759304
90638,15048,2023-10-13T16:21:17.273281,2025-01-01T12:57:24.759304
90638,91131,2023-10-13T16:21:17.273281,2025-01-01T12:57:24.759304
90638,81678,2023-10-13T16:21:17.273281,2025-01-01T12:57:24.759304
90638,84981,2023-10-13T16:21:17.273281,2025-01-01T12:57:24.759304
83123,34530,2024-07-18T11:36:24.184176,2025-06-06T14:16:34.754449
83123,95791,2024-07-18T11:36:24.184176,2025-06-06T14:16:34.754449
83123,60642,2024-07-18T11:36:24.184176,2025-06-06T14:16:34.754449
83123,14225,2024-07-18T11:36:24.184176,2025-06-06T14:16:34.754449
83123,23410,2024-07-18T11:36:24.184176,2025-06-06T14:16:34.754449
22632,79775,2024-09-01T20:01:56.687032,2024-09-17T22:43:46.803365
22632,33443,2024-09-01T20:01:56.687032,2024-09-17T22:43:46.803365
22632,99118,2024-09-01T20:01:56.687032,2024-09-17T22:43:46.803365
22632,94049,2024-09-01T20:01:56.687032,2024-09-17T22:43:46.803365
22632,96151,2024-09-01T20:01:56.687032,2024-09-17T22:43:46.803365
84781,6161,2025-07-12T07:41:26.690380,2025-07-22T01:19:45.554000
84781,97933,2025-07-12T07:41:26.690380,2025-07-22T01:19:45.554000
84781,16003,2025-07-12T07:41:26.690380,2025-07-22T01:19:45.554000
84781,19471,2025-07-12T07:41:26.690380,2025-07-22T01:19:45.554000
84781,87445,2025-07-12T07:41:26.690380,2025-07-22T01:19:45.554000
83735,3830,2024-09-15T05:30:38.110290,2025-04-03T16:41:20.879216
83735,14278,2024-09-15T05:30:38.110290,2025-04-03T16:41:20.879216
83735,81678,2024-09-15T05:30:38.110290,2025-04-03T16:41:20.879216
83735,92380,2024-09-15T05:30:38.110290,2025-04-03T16:41:20.879216
83735,13115,2024-09-15T05:30:38.110290,2025-04-03T16:41:20.879216
66454,22706,2024-02-13T04:32:57.854083,2024-12-31T19:11:57.587862
66454,90967,2024-02-13T04:32:57.854083,2024-12-31T19:11:57.587862
66454,65911,2024-02-13T04:32:57.854083,2024-12-31T19:11:57.587862
66454,62151,2024-02-13T04:32:57.854083,2024-12-31T19:11:57.587862
66454,34644,2024-02-13T04:32:57.854083,2024-12-31T19:11:57.587862
44418,93,2024-04-15T07:50:30.584503,2025-05-28T15:29:06.583479
44418,58083,2024-04-15T07:50:30.584503,2025-05-28T15:29:06.583479
44418,65911,2024-04-15T07:50:30.584503,2025-05-28T15:29:06.583479
44418,55194,2024-04-15T07:50:30.584503,2025-05-28T15:29:06.583479
44418,25597,2024-04-15T07:50:30.584503,2025-05-28T15:29:06.583479
1440,84351,2024-09-28T15:21:15.345318,2024-10-07T02:22:41.845456
1440,93017,2024-09-28T15:21:15.345318,2024-10-07T02:22:41.845456
1440,59176,2024-09-28T15:21:15.345318,2024-10-07T02:22:41.845456
1440,28098,2024-09-28T15:21:15.345318,2024-10-07T02:22:41.845456
1440,79041,2024-09-28T15:21:15.345318,2024-10-07T02:22:41.845456
7822,11375,2025-04-15T19:44:42.169645,2025-07-15T09:20:55.107902
7822,73074,2025-04-15T19:44:42.169645,2025-07-15T09:20:55.107902
7822,56006,2025-04-15T19:44:42.169645,2025-07-15T09:20:55.107902
7822,1192,2025-04-15T19:44:42.169645,2025-07-15T09:20:55.107902
7822,34322,2025-04-15T19:44:42.169645,2025-07-15T09:20:55.107902
16941,35254,2024-10-25T09:45:16.658246,2025-03-14T00:43:57.424328
16941,16492,2024-10-25T09:45:16.658246,2025-03-14T00:43:57.424328
16941,71990,2024-10-25T09:45:16.658246,2025-03-14T00:43:57.424328
16941,13973,2024-10-25T09:45:16.658246,2025-03-14T00:43:57.424328
16941,30246,2024-10-25T09:45:16.658246,2025-03-14T00:43:57.424328
15892,9644,2024-11-22T16:28:57.809323,2025-02-21T11:10:43.984432
15892,31564,2024-11-22T16:28:57.809323,2025-02-21T11:10:43.984432
15892,31563,2024-11-22T16:28:57.809323,2025-02-21T11:10:43.984432
15892,43276,2024-11-22T16:28:57.809323,2025-02-21T11:10:43.984432
15892,74196,2024-11-22T16:28:57.809323,2025-02-21T11:10:43.984432
90551,25383,2023-10-16T05:42:06.170662,2024-04-23T06:34:29.021307
90551,32729,2023-10-16T05:42:06.170662,2024-04-23T06:34:29.021307
90551,99118,2023-10-16T05:42:06.170662,2024-04-23T06:34:29.021307
90551,11475,2023-10-16T05:42:06.170662,2024-04-23T06:34:29.021307
90551,75850,2023-10-16T05:42:06.170662,2024-04-23T06:34:29.021307
95219,88855,2024-08-19T11:38:22.573796,2025-03-11T12:18:52.294518
95219,39064,2024-08-19T11:38:22.573796,2025-03-11T12:18:52.294518
95219,22446,2024-08-19T11:38:22.573796,2025-03-11T12:18:52.294518
95219,51296,2024-08-19T11:38:22.573796,2025-03-11T12:18:52.294518
95219,97930,2024-08-19T11:38:22.573796,2025-03-11T12:18:52.294518
27108,81227,2025-06-19T10:00:45.329721,2025-08-14T22:52:24.731139
27108,41275,2025-06-19T10:00:45.329721,2025-08-14T22:52:24.731139
27108,24042,2025-06-19T10:00:45.329721,2025-08-14T22:52:24.731139
27108,92124,2025-06-19T10:00:45.329721,2025-08-14T22:52:24.731139
27108,34726,2025-06-19T10:00:45.329721,2025-08-14T22:52:24.731139
52979,37212,2023-10-11T18:47:53.395679,2024-05-18T10:34:34.472575
52979,58471,2023-10-11T18:47:53.395679,2024-05-18T10:34:34.472575
52979,41924,2023-10-11T18:47:53.395679,2024-05-18T10:34:34.472575
52979,86436,2023-10-11T18:47:53.395679,2024-05-18T10:34:34.472575
52979,60331,2023-10-11T18:47:53.395679,2024-05-18T10:34:34.472575
74124,83317,2024-06-17T05:10:43.661721,2025-03-30T08:34:58.282294
74124,13625,2024-06-17T05:10:43.661721,2025-03-30T08:34:58.282294
74124,76751,2024-06-17T05:10:43.661721,2025-03-30T08:34:58.282294
74124,51345,2024-06-17T05:10:43.661721,2025-03-30T08:34:58.282294
74124,54550,2024-06-17T05:10:43.661721,2025-03-30T08:34:58.282294
37828,87222,2025-02-16T08:02:09.436983,2025-03-30T08:35:52.366002
37828,94029,2025-02-16T08:02:09.436983,2025-03-30T08:35:52.366002
37828,78727,2025-02-16T08:02:09.436983,2025-03-30T08:35:52.366002
37828,65664,2025-02-16T08:02:09.436983,2025-03-30T08:35:52.366002
37828,8,2025-02-16T08:02:09.436983,2025-03-30T08:35:52.366002
63899,55623,2025-05-19T23:49:37.493521,2025-06-10T14:51:44.366351
63899,14278,2025-05-19T23:49:37.493521,2025-06-10T14:51:44.366351
63899,2728,2025-05-19T23:49:37.493521,2025-06-10T14:51:44.366351
63899,12522,2025-05-19T23:49:37.493521,2025-06-10T14:51:44.366351
63899,85310,2025-05-19T23:49:37.493521,2025-06-10T14:51:44.366351
90163,59635,2025-05-15T02:52:43.145816,2025-06-20T15:26:30.253790
90163,42418,2025-05-15T02:52:43.145816,2025-06-20T15:26:30.253790
90163,72163,2025-05-15T02:52:43.145816,2025-06-20T15:26:30.253790
90163,51041,2025-05-15T02:52:43.145816,2025-06-20T15:26:30.253790
90163,90793,2025-05-15T02:52:43.145816,2025-06-20T15:26:30.253790
16225,38793,2023-09-03T01:31:56.878428,2023-12-28T08:25:05.528405
16225,96622,2023-09-03T01:31:56.878428,2023-12-28T08:25:05.528405
16225,71471,2023-09-03T01:31:56.878428,2023-12-28T08:25:05.528405
16225,83592,2023-09-03T01:31:56.878428,2023-12-28T08:25:05.528405
16225,51041,2023-09-03T01:31:56.878428,2023-12-28T08:25:05.528405
21023,52005,2025-07-13T14:03:54.242535,2025-08-14T15:43:27.692988
21023,81082,2025-07-13T14:03:54.242535,2025-08-14T15:43:27.692988
21023,88258,2025-07-13T14:03:54.242535,2025-08-14T15:43:27.692988
21023,89236,2025-07-13T14:03:54.242535,2025-08-14T15:43:27.692988
21023,3195,2025-07-13T14:03:54.242535,2025-08-14T15:43:27.692988
61733,71771,2025-05-18T02:10:34.621633,2025-08-09T17:57:29.581842
61733,86436,2025-05-18T02:10:34.621633,2025-08-09T17:57:29.581842
61733,94522,2025-05-18T02:10:34.621633,2025-08-09T17:57:29.581842
61733,54696,2025-05-18T02:10:34.621633,2025-08-09T17:57:29.581842
61733,49144,2025-05-18T02:10:34.621633,2025-08-09T17:57:29.581842
30203,78658,2024-11-07T18:47:20.614232,2025-05-16T00:36:07.122647
30203,82023,2024-11-07T18:47:20.614232,2025-05-16T00:36:07.122647
30203,82813,2024-11-07T18:47:20.614232,2025-05-16T00:36:07.122647
30203,83668,2024-11-07T18:47:20.614232,2025-05-16T00:36:07.122647
30203,17494,2024-11-07T18:47:20.614232,2025-05-16T00:36:07.122647
41760,32711,2025-03-15T23:50:51.286219,2025-06-21T08:49:56.389477
41760,86849,2025-03-15T23:50:51.286219,2025-06-21T08:49:56.389477
41760,11412,2025-03-15T23:50:51.286219,2025-06-21T08:49:56.389477
41760,83668,2025-03-15T23:50:51.286219,2025-06-21T08:49:56.389477
41760,98658,2025-03-15T23:50:51.286219,2025-06-21T08:49:56.389477
61230,61491,2025-01-11T01:21:33.552392,2025-02-17T15:54:16.405249
61230,70660,2025-01-11T01:21:33.552392,2025-02-17T15:54:16.405249
61230,88759,2025-01-11T01:21:33.552392,2025-02-17T15:54:16.405249
61230,84934,2025-01-11T01:21:33.552392,2025-02-17T15:54:16.405249
61230,51056,2025-01-11T01:21:33.552392,2025-02-17T15:54:16.405249
45187,77488,2025-06-26T13:39:48.167616,2025-08-20T12:49:33.090892
45187,12226,2025-06-26T13:39:48.167616,2025-08-20T12:49:33.090892
45187,8395,2025-06-26T13:39:48.167616,2025-08-20T12:49:33.090892
45187,90793,2025-06-26T13:39:48.167616,2025-08-20T12:49:33.090892
45187,38537,2025-06-26T13:39:48.167616,2025-08-20T12:49:33.090892
54657,13559,2024-04-30T13:52:07.126747,2025-05-30T03:15:45.752023
54657,35986,2024-04-30T13:52:07.126747,2025-05-30T03:15:45.752023
54657,56956,2024-04-30T13:52:07.126747,2025-05-30T03:15:45.752023
54657,21680,2024-04-30T13:52:07.126747,2025-05-30T03:15:45.752023
54657,97957,2024-04-30T13:52:07.126747,2025-05-30T03:15:45.752023
56026,52330,2023-09-19T19:41:14.027863,2024-11-03T23:34:09.727926
56026,59729,2023-09-19T19:41:14.027863,2024-11-03T23:34:09.727926
56026,8597,2023-09-19T19:41:14.027863,2024-11-03T23:34:09.727926
56026,85471,2023-09-19T19:41:14.027863,2024-11-03T23:34:09.727926
56026,75186,2023-09-19T19:41:14.027863,2024-11-03T23:34:09.727926
64630,4531,2024-07-01T17:16:58.700987,2024-10-22T08:53:43.628477
64630,15496,2024-07-01T17:16:58.700987,2024-10-22T08:53:43.628477
64630,78240,2024-07-01T17:16:58.700987,2024-10-22T08:53:43.628477
64630,59884,2024-07-01T17:16:58.700987,2024-10-22T08:53:43.628477
64630,63581,2024-07-01T17:16:58.700987,2024-10-22T08:53:43.628477
44330,62424,2025-04-22T01:05:42.483184,2025-05-20T10:57:18.592325
44330,94522,2025-04-22T01:05:42.483184,2025-05-20T10:57:18.592325
44330,83592,2025-04-22T01:05:42.483184,2025-05-20T10:57:18.592325
44330,6212,2025-04-22T01:05:42.483184,2025-05-20T10:57:18.592325
44330,25990,2025-04-22T01:05:42.483184,2025-05-20T10:57:18.592325
93320,33876,2024-04-24T09:51:29.965735,2025-06-21T21:10:20.383035
93320,70660,2024-04-24T09:51:29.965735,2025-06-21T21:10:20.383035
93320,47850,2024-04-24T09:51:29.965735,2025-06-21T21:10:20.383035
93320,96890,2024-04-24T09:51:29.965735,2025-06-21T21:10:20.383035
93320,33025,2024-04-24T09:51:29.965735,2025-06-21T21:10:20.383035
69765,52330,2024-02-28T23:49:39.825284,2024-07-14T03:14:18.825999
69765,47017,2024-02-28T23:49:39.825284,2024-07-14T03:14:18.825999
69765,21526,2024-02-28T23:49:39.825284,2024-07-14T03:14:18.825999
69765,59910,2024-02-28T23:49:39.825284,2024-07-14T03:14:18.825999
69765,28539,2024-02-28T23:49:39.825284,2024-07-14T03:14:18.825999
63197,12756,2023-10-20T09:29:56.383375,2024-10-03T20:36:27.622711
63197,79607,2023-10-20T09:29:56.383375,2024-10-03T20:36:27.622711
63197,38548,2023-10-20T09:29:56.383375,2024-10-03T20:36:27.622711
63197,60207,2023-10-20T09:29:56.383375,2024-10-03T20:36:27.622711
63197,77854,2023-10-20T09:29:56.383375,2024-10-03T20:36:27.622711
12736,53035,2023-08-23T20:23:09.386408,2024-05-28T16:33:03.499207
12736,65892,2023-08-23T20:23:09.386408,2024-05-28T16:33:03.499207
12736,77267,2023-08-23T20:23:09.386408,2024-05-28T16:33:03.499207
12736,47945,2023-08-23T20:23:09.386408,2024-05-28T16:33:03.499207
12736,71673,2023-08-23T20:23:09.386408,2024-05-28T16:33:03.499207
4196,64865,2023-12-12T13:23:52.282614,2024-07-12T09:50:45.477313
4196,23941,2023-12-12T13:23:52.282614,2024-07-12T09:50:45.477313
4196,59285,2023-12-12T13:23:52.282614,2024-07-12T09:50:45.477313
4196,67631,2023-12-12T13:23:52.282614,2024-07-12T09:50:45.477313
4196,26423,2023-12-12T13:23:52.282614,2024-07-12T09:50:45.477313
18646,84219,2023-11-21T16:35:22.728912,2025-04-20T12:38:06.426189
18646,77615,2023-11-21T16:35:22.728912,2025-04-20T12:38:06.426189
18646,60436,2023-11-21T16:35:22.728912,2025-04-20T12:38:06.426189
18646,48696,2023-11-21T16:35:22.728912,2025-04-20T12:38:06.426189
18646,59861,2023-11-21T16:35:22.728912,2025-04-20T12:38:06.426189
98382,47137,2024-02-25T20:59:35.688879,2024-05-22T04:40:36.416103
98382,75361,2024-02-25T20:59:35.688879,2024-05-22T04:40:36.416103
98382,95124,2024-02-25T20:59:35.688879,2024-05-22T04:40:36.416103
98382,74106,2024-02-25T20:59:35.688879,2024-05-22T04:40:36.416103
98382,49626,2024-02-25T20:59:35.688879,2024-05-22T04:40:36.416103
40682,8509,2025-01-31T18:16:31.954343,2025-06-01T10:19:05.880491
40682,50541,2025-01-31T18:16:31.954343,2025-06-01T10:19:05.880491
40682,2832,2025-01-31T18:16:31.954343,2025-06-01T10:19:05.880491
40682,66210,2025-01-31T18:16:31.954343,2025-06-01T10:19:05.880491
40682,62196,2025-01-31T18:16:31.954343,2025-06-01T10:19:05.880491
84350,23305,2024-10-02T23:56:11.737752,2025-05-26T20:27:06.582225
84350,81534,2024-10-02T23:56:11.737752,2025-05-26T20:27:06.582225
84350,7297,2024-10-02T23:56:11.737752,2025-05-26T20:27:06.582225
84350,49896,2024-10-02T23:56:11.737752,2025-05-26T20:27:06.582225
84350,50653,2024-10-02T23:56:11.737752,2025-05-26T20:27:06.582225
10447,32594,2024-02-17T10:35:57.032908,2025-06-26T20:20:04.246982
10447,30212,2024-02-17T10:35:57.032908,2025-06-26T20:20:04.246982
10447,59884,2024-02-17T10:35:57.032908,2025-06-26T20:20:04.246982
10447,37672,2024-02-17T10:35:57.032908,2025-06-26T20:20:04.246982
10447,71400,2024-02-17T10:35:57.032908,2025-06-26T20:20:04.246982
32187,76591,2024-04-15T02:50:15.990733,2024-06-09T19:18:18.803996
32187,80879,2024-04-15T02:50:15.990733,2024-06-09T19:18:18.803996
32187,96052,2024-04-15T02:50:15.990733,2024-06-09T19:18:18.803996
32187,92585,2024-04-15T02:50:15.990733,2024-06-09T19:18:18.803996
32187,85430,2024-04-15T02:50:15.990733,2024-06-09T19:18:18.803996
58794,87607,2023-09-27T03:18:31.567081,2025-01-21T04:21:57.507216
58794,65870,2023-09-27T03:18:31.567081,2025-01-21T04:21:57.507216
58794,79805,2023-09-27T03:18:31.567081,2025-01-21T04:21:57.507216
58794,59836,2023-09-27T03:18:31.567081,2025-01-21T04:21:57.507216
58794,9451,2023-09-27T03:18:31.567081,2025-01-21T04:21:57.507216
93171,68656,2023-09-21T15:38:36.239721,2023-12-10T00:40:04.215370
93171,43439,2023-09-21T15:38:36.239721,2023-12-10T00:40:04.215370
93171,26692,2023-09-21T15:38:36.239721,2023-12-10T00:40:04.215370
93171,50977,2023-09-21T15:38:36.239721,2023-12-10T00:40:04.215370
93171,55605,2023-09-21T15:38:36.239721,2023-12-10T00:40:04.215370
60463,47559,2024-12-09T02:02:38.521218,2025-05-23T23:46:55.426799
60463,11941,2024-12-09T02:02:38.521218,2025-05-23T23:46:55.426799
60463,94759,2024-12-09T02:02:38.521218,2025-05-23T23:46:55.426799
60463,46201,2024-12-09T02:02:38.521218,2025-05-23T23:46:55.426799
60463,93347,2024-12-09T02:02:38.521218,2025-05-23T23:46:55.426799
45163,10126,2024-06-12T21:13:11.496636,2024-09-08T18:11:12.825549
45163,12360,2024-06-12T21:13:11.496636,2024-09-08T18:11:12.825549
45163,18977,2024-06-12T21:13:11.496636,2024-09-08T18:11:12.825549
45163,25342,2024-06-12T21:13:11.496636,2024-09-08T18:11:12.825549
45163,25782,2024-06-12T21:13:11.496636,2024-09-08T18:11:12.825549
98102,59729,2024-10-24T01:50:41.979668,2025-08-08T20:30:28.308635
98102,85539,2024-10-24T01:50:41.979668,2025-08-08T20:30:28.308635
98102,73334,2024-10-24T01:50:41.979668,2025-08-08T20:30:28.308635
98102,2462,2024-10-24T01:50:41.979668,2025-08-08T20:30:28.308635
98102,84167,2024-10-24T01:50:41.979668,2025-08-08T20:30:28.308635
92429,43813,2025-06-16T00:06:15.710537,2025-07-09T22:29:35.927332
92429,62196,2025-06-16T00:06:15.710537,2025-07-09T22:29:35.927332
92429,36216,2025-06-16T00:06:15.710537,2025-07-09T22:29:35.927332
92429,13814,2025-06-16T00:06:15.710537,2025-07-09T22:29:35.927332
92429,66094,2025-06-16T00:06:15.710537,2025-07-09T22:29:35.927332
1504,73476,2024-04-18T03:45:11.879907,2025-04-01T22:56:49.780275
1504,25342,2024-04-18T03:45:11.879907,2025-04-01T22:56:49.780275
1504,32598,2024-04-18T03:45:11.879907,2025-04-01T22:56:49.780275
1504,52412,2024-04-18T03:45:11.879907,2025-04-01T22:56:49.780275
1504,40063,2024-04-18T03:45:11.879907,2025-04-01T22:56:49.780275
91791,46709,2023-11-04T08:05:54.289144,2024-05-25T20:10:37.588278
91791,13365,2023-11-04T08:05:54.289144,2024-05-25T20:10:37.588278
91791,71990,2023-11-04T08:05:54.289144,2024-05-25T20:10:37.588278
91791,73068,2023-11-04T08:05:54.289144,2024-05-25T20:10:37.588278
91791,73625,2023-11-04T08:05:54.289144,2024-05-25T20:10:37.588278
3722,77025,2025-06-13T11:56:51.980031,2025-06-27T23:56:53.605907
3722,44459,2025-06-13T11:56:51.980031,2025-06-27T23:56:53.605907
3722,59386,2025-06-13T11:56:51.980031,2025-06-27T23:56:53.605907
3722,71673,2025-06-13T11:56:51.980031,2025-06-27T23:56:53.605907
3722,22450,2025-06-13T11:56:51.980031,2025-06-27T23:56:53.605907
81662,18977,2023-10-16T01:56:19.970134,2023-12-15T15:14:44.020974
81662,14193,2023-10-16T01:56:19.970134,2023-12-15T15:14:44.020974
81662,59873,2023-10-16T01:56:19.970134,2023-12-15T15:14:44.020974
81662,49916,2023-10-16T01:56:19.970134,2023-12-15T15:14:44.020974
81662,32175,2023-10-16T01:56:19.970134,2023-12-15T15:14:44.020974
35915,19663,2025-03-22T10:51:49.539201,2025-07-07T11:25:08.965994
35915,60331,2025-03-22T10:51:49.539201,2025-07-07T11:25:08.965994
35915,86192,2025-03-22T10:51:49.539201,2025-07-07T11:25:08.965994
35915,88386,2025-03-22T10:51:49.539201,2025-07-07T11:25:08.965994
35915,7041,2025-03-22T10:51:49.539201,2025-07-07T11:25:08.965994
47473,75600,2024-10-03T00:45:12.873993,2024-12-19T05:49:55.414534
47473,51485,2024-10-03T00:45:12.873993,2024-12-19T05:49:55.414534
47473,82228,2024-10-03T00:45:12.873993,2024-12-19T05:49:55.414534
47473,58083,2024-10-03T00:45:12.873993,2024-12-19T05:49:55.414534
47473,23410,2024-10-03T00:45:12.873993,2024-12-19T05:49:55.414534
89138,48915,2024-10-07T01:29:39.312307,2025-03-07T21:52:47.555259
89138,35498,2024-10-07T01:29:39.312307,2025-03-07T21:52:47.555259
89138,99055,2024-10-07T01:29:39.312307,2025-03-07T21:52:47.555259
89138,49297,2024-10-07T01:29:39.312307,2025-03-07T21:52:47.555259
89138,63441,2024-10-07T01:29:39.312307,2025-03-07T21:52:47.555259
78886,77025,2025-04-17T08:28:00.976578,2025-04-22T06:35:25.810567
78886,84928,2025-04-17T08:28:00.976578,2025-04-22T06:35:25.810567
78886,14779,2025-04-17T08:28:00.976578,2025-04-22T06:35:25.810567
78886,3213,2025-04-17T08:28:00.976578,2025-04-22T06:35:25.810567
78886,37878,2025-04-17T08:28:00.976578,2025-04-22T06:35:25.810567
85050,77099,2024-11-05T03:14:00.871139,2025-05-12T06:31:51.763437
85050,18977,2024-11-05T03:14:00.871139,2025-05-12T06:31:51.763437
85050,50053,2024-11-05T03:14:00.871139,2025-05-12T06:31:51.763437
85050,44050,2024-11-05T03:14:00.871139,2025-05-12T06:31:51.763437
85050,31115,2024-11-05T03:14:00.871139,2025-05-12T06:31:51.763437
70490,47117,2024-05-23T19:54:46.845569,2024-10-29T06:52:40.548317
70490,15507,2024-05-23T19:54:46.845569,2024-10-29T06:52:40.548317
70490,84981,2024-05-23T19:54:46.845569,2024-10-29T06:52:40.548317
70490,3403,2024-05-23T19:54:46.845569,2024-10-29T06:52:40.548317
70490,79196,2024-05-23T19:54:46.845569,2024-10-29T06:52:40.548317
67118,49607,2024-05-13T13:17:27.069319,2025-03-17T07:59:11.036968
67118,98566,2024-05-13T13:17:27.069319,2025-03-17T07:59:11.036968
67118,11982,2024-05-13T13:17:27.069319,2025-03-17T07:59:11.036968
67118,47850,2024-05-13T13:17:27.069319,2025-03-17T07:59:11.036968
67118,92922,2024-05-13T13:17:27.069319,2025-03-17T07:59:11.036968
72226,17494,2024-09-25T00:40:54.952015,2025-06-23T17:16:44.221608
72226,18468,2024-09-25T00:40:54.952015,2025-06-23T17:16:44.221608
72226,27071,2024-09-25T00:40:54.952015,2025-06-23T17:16:44.221608
72226,55455,2024-09-25T00:40:54.952015,2025-06-23T17:16:44.221608
72226,30246,2024-09-25T00:40:54.952015,2025-06-23T17:16:44.221608
84673,51345,2025-04-22T07:55:07.367315,2025-08-11T04:10:12.523991
84673,84086,2025-04-22T07:55:07.367315,2025-08-11T04:10:12.523991
84673,98566,2025-04-22T07:55:07.367315,2025-08-11T04:10:12.523991
84673,94968,2025-04-22T07:55:07.367315,2025-08-11T04:10:12.523991
84673,60554,2025-04-22T07:55:07.367315,2025-08-11T04:10:12.523991
32368,4805,2024-05-07T15:26:31.140193,2025-07-10T13:51:25.003702
32368,63441,2024-05-07T15:26:31.140193,2025-07-10T13:51:25.003702
32368,49916,2024-05-07T15:26:31.140193,2025-07-10T13:51:25.003702
32368,36216,2024-05-07T15:26:31.140193,2025-07-10T13:51:25.003702
32368,1309,2024-05-07T15:26:31.140193,2025-07-10T13:51:25.003702
93864,27873,2024-02-13T20:07:15.060862,2025-01-17T03:28:02.844468
93864,92585,2024-02-13T20:07:15.060862,2025-01-17T03:28:02.844468
93864,32175,2024-02-13T20:07:15.060862,2025-01-17T03:28:02.844468
93864,44565,2024-02-13T20:07:15.060862,2025-01-17T03:28:02.844468
93864,25383,2024-02-13T20:07:15.060862,2025-01-17T03:28:02.844468
86362,97711,2023-11-08T14:06:13.996355,2025-04-07T23:40:53.501284
86362,46069,2023-11-08T14:06:13.996355,2025-04-07T23:40:53.501284
86362,69598,2023-11-08T14:06:13.996355,2025-04-07T23:40:53.501284
86362,59386,2023-11-08T14:06:13.996355,2025-04-07T23:40:53.501284
86362,68656,2023-11-08T14:06:13.996355,2025-04-07T23:40:53.501284
3305,62818,2025-06-30T12:20:57.140282,2025-08-10T20:38:07.547136
3305,5110,2025-06-30T12:20:57.140282,2025-08-10T20:38:07.547136
3305,12683,2025-06-30T12:20:57.140282,2025-08-10T20:38:07.547136
3305,65014,2025-06-30T12:20:57.140282,2025-08-10T20:38:07.547136
3305,59542,2025-06-30T12:20:57.140282,2025-08-10T20:38:07.547136
29472,11941,2025-08-06T21:24:03.745858,2025-08-10T01:09:45.113157
29472,77488,2025-08-06T21:24:03.745858,2025-08-10T01:09:45.113157
29472,16538,2025-08-06T21:24:03.745858,2025-08-10T01:09:45.113157
29472,14779,2025-08-06T21:24:03.745858,2025-08-10T01:09:45.113157
29472,39661,2025-08-06T21:24:03.745858,2025-08-10T01:09:45.113157
35676,12226,2025-04-01T21:22:24.849843,2025-05-27T17:05:54.593987
35676,73853,2025-04-01T21:22:24.849843,2025-05-27T17:05:54.593987
35676,25712,2025-04-01T21:22:24.849843,2025-05-27T17:05:54.593987
35676,57542,2025-04-01T21:22:24.849843,2025-05-27T17:05:54.593987
35676,61801,2025-04-01T21:22:24.849843,2025-05-27T17:05:54.593987
48269,49982,2023-10-16T21:41:56.190881,2024-03-25T01:28:51.591236
48269,86436,2023-10-16T21:41:56.190881,2024-03-25T01:28:51.591236
48269,46201,2023-10-16T21:41:56.190881,2024-03-25T01:28:51.591236
48269,675,2023-10-16T21:41:56.190881,2024-03-25T01:28:51.591236
48269,86182,2023-10-16T21:41:56.190881,2024-03-25T01:28:51.591236
10259,33876,2024-11-26T18:03:40.447074,2025-02-04T12:56:21.554440
10259,27974,2024-11-26T18:03:40.447074,2025-02-04T12:56:21.554440
10259,56851,2024-11-26T18:03:40.447074,2025-02-04T12:56:21.554440
10259,92989,2024-11-26T18:03:40.447074,2025-02-04T12:56:21.554440
10259,61684,2024-11-26T18:03:40.447074,2025-02-04T12:56:21.554440
62374,73015,2024-07-14T07:13:32.462741,2025-06-09T16:32:54.606072
62374,88759,2024-07-14T07:13:32.462741,2025-06-09T16:32:54.606072
62374,92945,2024-07-14T07:13:32.462741,2025-06-09T16:32:54.606072
62374,13547,2024-07-14T07:13:32.462741,2025-06-09T16:32:54.606072
62374,89087,2024-07-14T07:13:32.462741,2025-06-09T16:32:54.606072
75769,49821,2025-08-18T10:31:25.707867,2025-08-21T16:01:55.918502
75769,32729,2025-08-18T10:31:25.707867,2025-08-21T16:01:55.918502
75769,43376,2025-08-18T10:31:25.707867,2025-08-21T16:01:55.918502
75769,31807,2025-08-18T10:31:25.707867,2025-08-21T16:01:55.918502
75769,12226,2025-08-18T10:31:25.707867,2025-08-21T16:01:55.918502
33650,86849,2024-04-14T18:44:45.243225,2024-07-10T20:57:36.811389
33650,20395,2024-04-14T18:44:45.243225,2024-07-10T20:57:36.811389
33650,16671,2024-04-14T18:44:45.243225,2024-07-10T20:57:36.811389
33650,80897,2024-04-14T18:44:45.243225,2024-07-10T20:57:36.811389
33650,72163,2024-04-14T18:44:45.243225,2024-07-10T20:57:36.811389
76185,92585,2024-04-24T06:33:50.121387,2024-09-16T06:43:36.942158
76185,48915,2024-04-24T06:33:50.121387,2024-09-16T06:43:36.942158
76185,89965,2024-04-24T06:33:50.121387,2024-09-16T06:43:36.942158
76185,97724,2024-04-24T06:33:50.121387,2024-09-16T06:43:36.942158
76185,98473,2024-04-24T06:33:50.121387,2024-09-16T06:43:36.942158
16681,16720,2025-07-18T23:55:43.590165,2025-07-26T21:32:59.610573
16681,11847,2025-07-18T23:55:43.590165,2025-07-26T21:32:59.610573
16681,61697,2025-07-18T23:55:43.590165,2025-07-26T21:32:59.610573
16681,63441,2025-07-18T23:55:43.590165,2025-07-26T21:32:59.610573
16681,39064,2025-07-18T23:55:43.590165,2025-07-26T21:32:59.610573
18499,51789,2024-06-26T01:44:45.585587,2024-11-07T13:59:37.809889
18499,54383,2024-06-26T01:44:45.585587,2024-11-07T13:59:37.809889
18499,17385,2024-06-26T01:44:45.585587,2024-11-07T13:59:37.809889
18499,34530,2024-06-26T01:44:45.585587,2024-11-07T13:59:37.809889
18499,44984,2024-06-26T01:44:45.585587,2024-11-07T13:59:37.809889
53946,95995,2024-09-11T14:04:36.792147,2024-11-18T13:09:31.049145
53946,98937,2024-09-11T14:04:36.792147,2024-11-18T13:09:31.049145
53946,38548,2024-09-11T14:04:36.792147,2024-11-18T13:09:31.049145
53946,79089,2024-09-11T14:04:36.792147,2024-11-18T13:09:31.049145
53946,21142,2024-09-11T14:04:36.792147,2024-11-18T13:09:31.049145
30730,49896,2024-09-28T04:45:38.021551,2025-01-25T12:16:34.549344
30730,92888,2024-09-28T04:45:38.021551,2025-01-25T12:16:34.549344
30730,56201,2024-09-28T04:45:38.021551,2025-01-25T12:16:34.549344
30730,89798,2024-09-28T04:45:38.021551,2025-01-25T12:16:34.549344
30730,78727,2024-09-28T04:45:38.021551,2025-01-25T12:16:34.549344
62177,21312,2024-05-13T10:28:25.828842,2024-12-15T08:32:04.702629
62177,13055,2024-05-13T10:28:25.828842,2024-12-15T08:32:04.702629
62177,34761,2024-05-13T10:28:25.828842,2024-12-15T08:32:04.702629
62177,80035,2024-05-13T10:28:25.828842,2024-12-15T08:32:04.702629
62177,98937,2024-05-13T10:28:25.828842,2024-12-15T08:32:04.702629
50481,65714,2025-08-16T21:53:29.048142,2025-08-20T17:37:06.551372
50481,10607,2025-08-16T21:53:29.048142,2025-08-20T17:37:06.551372
50481,29695,2025-08-16T21:53:29.048142,2025-08-20T17:37:06.551372
50481,89236,2025-08-16T21:53:29.048142,2025-08-20T17:37:06.551372
50481,83668,2025-08-16T21:53:29.048142,2025-08-20T17:37:06.551372
12592,88759,2025-06-04T19:53:08.811068,2025-07-30T14:33:07.386969
12592,3944,2025-06-04T19:53:08.811068,2025-07-30T14:33:07.386969
12592,32785,2025-06-04T19:53:08.811068,2025-07-30T14:33:07.386969
12592,99055,2025-06-04T19:53:08.811068,2025-07-30T14:33:07.386969
12592,63789,2025-06-04T19:53:08.811068,2025-07-30T14:33:07.386969
55165,14984,2024-11-04T03:56:07.543844,2024-11-07T03:30:34.973488
55165,55623,2024-11-04T03:56:07.543844,2024-11-07T03:30:34.973488
55165,76751,2024-11-04T03:56:07.543844,2024-11-07T03:30:34.973488
55165,43287,2024-11-04T03:56:07.543844,2024-11-07T03:30:34.973488
55165,86070,2024-11-04T03:56:07.543844,2024-11-07T03:30:34.973488
86420,55194,2025-03-31T21:52:40.858614,2025-08-02T00:46:19.827623
86420,52148,2025-03-31T21:52:40.858614,2025-08-02T00:46:19.827623
86420,67137,2025-03-31T21:52:40.858614,2025-08-02T00:46:19.827623
86420,4786,2025-03-31T21:52:40.858614,2025-08-02T00:46:19.827623
86420,41966,2025-03-31T21:52:40.858614,2025-08-02T00:46:19.827623
78217,45171,2023-12-01T14:06:37.300719,2024-02-17T10:08:06.268004
78217,45210,2023-12-01T14:06:37.300719,2024-02-17T10:08:06.268004
78217,59176,2023-12-01T14:06:37.300719,2024-02-17T10:08:06.268004
78217,18310,2023-12-01T14:06:37.300719,2024-02-17T10:08:06.268004
78217,50053,2023-12-01T14:06:37.300719,2024-02-17T10:08:06.268004
18630,60348,2023-10-28T01:12:04.976900,2025-01-15T00:00:01.346963
18630,32105,2023-10-28T01:12:04.976900,2025-01-15T00:00:01.346963
18630,47559,2023-10-28T01:12:04.976900,2025-01-15T00:00:01.346963
18630,51485,2023-10-28T01:12:04.976900,2025-01-15T00:00:01.346963
18630,51345,2023-10-28T01:12:04.976900,2025-01-15T00:00:01.346963
42169,72246,2024-09-25T17:05:28.329582,2025-04-23T19:11:12.136904
42169,23640,2024-09-25T17:05:28.329582,2025-04-23T19:11:12.136904
42169,2489,2024-09-25T17:05:28.329582,2025-04-23T19:11:12.136904
42169,8592,2024-09-25T17:05:28.329582,2025-04-23T19:11:12.136904
42169,96316,2024-09-25T17:05:28.329582,2025-04-23T19:11:12.136904
30292,90885,2025-04-24T20:10:37.246556,2025-05-24T15:24:35.220368
30292,77025,2025-04-24T20:10:37.246556,2025-05-24T15:24:35.220368
30292,89956,2025-04-24T20:10:37.246556,2025-05-24T15:24:35.220368
30292,13574,2025-04-24T20:10:37.246556,2025-05-24T15:24:35.220368
30292,93577,2025-04-24T20:10:37.246556,2025-05-24T15:24:35.220368
39970,90070,2024-05-28T11:44:47.773631,2024-09-15T17:44:40.196093
39970,51278,2024-05-28T11:44:47.773631,2024-09-15T17:44:40.196093
39970,95791,2024-05-28T11:44:47.773631,2024-09-15T17:44:40.196093
39970,6340,2024-05-28T11:44:47.773631,2024-09-15T17:44:40.196093
39970,3403,2024-05-28T11:44:47.773631,2024-09-15T17:44:40.196093
69397,89956,2024-08-19T18:47:12.164030,2024-09-11T13:17:36.622806
69397,55623,2024-08-19T18:47:12.164030,2024-09-11T13:17:36.622806
69397,43276,2024-08-19T18:47:12.164030,2024-09-11T13:17:36.622806
69397,80126,2024-08-19T18:47:12.164030,2024-09-11T13:17:36.622806
69397,48759,2024-08-19T18:47:12.164030,2024-09-11T13:17:36.622806
17379,63581,2025-03-26T02:22:58.508960,2025-04-20T13:47:30.935155
17379,71673,2025-03-26T02:22:58.508960,2025-04-20T13:47:30.935155
17379,31499,2025-03-26T02:22:58.508960,2025-04-20T13:47:30.935155
17379,67070,2025-03-26T02:22:58.508960,2025-04-20T13:47:30.935155
17379,30205,2025-03-26T02:22:58.508960,2025-04-20T13:47:30.935155
40714,56925,2024-02-19T09:05:31.603714,2024-02-24T10:05:30.397721
40714,77497,2024-02-19T09:05:31.603714,2024-02-24T10:05:30.397721
40714,6161,2024-02-19T09:05:31.603714,2024-02-24T10:05:30.397721
40714,96617,2024-02-19T09:05:31.603714,2024-02-24T10:05:30.397721
40714,60642,2024-02-19T09:05:31.603714,2024-02-24T10:05:30.397721
70982,6042,2024-11-03T06:48:58.000044,2025-05-03T06:45:56.178985
70982,29248,2024-11-03T06:48:58.000044,2025-05-03T06:45:56.178985
70982,40720,2024-11-03T06:48:58.000044,2025-05-03T06:45:56.178985
70982,84351,2024-11-03T06:48:58.000044,2025-05-03T06:45:56.178985
70982,46746,2024-11-03T06:48:58.000044,2025-05-03T06:45:56.178985
5899,86436,2023-08-25T09:39:11.510647,2025-04-10T09:38:36.707834
5899,81106,2023-08-25T09:39:11.510647,2025-04-10T09:38:36.707834
5899,59635,2023-08-25T09:39:11.510647,2025-04-10T09:38:36.707834
5899,38201,2023-08-25T09:39:11.510647,2025-04-10T09:38:36.707834
5899,93587,2023-08-25T09:39:11.510647,2025-04-10T09:38:36.707834
6391,94905,2024-06-17T10:22:54.233725,2024-07-26T05:18:38.878350
6391,40256,2024-06-17T10:22:54.233725,2024-07-26T05:18:38.878350
6391,65948,2024-06-17T10:22:54.233725,2024-07-26T05:18:38.878350
6391,47559,2024-06-17T10:22:54.233725,2024-07-26T05:18:38.878350
6391,2728,2024-06-17T10:22:54.233725,2024-07-26T05:18:38.878350
79974,21142,2024-11-09T07:22:05.961864,2024-12-03T08:12:58.363408
79974,33087,2024-11-09T07:22:05.961864,2024-12-03T08:12:58.363408
79974,85430,2024-11-09T07:22:05.961864,2024-12-03T08:12:58.363408
79974,46333,2024-11-09T07:22:05.961864,2024-12-03T08:12:58.363408
79974,35498,2024-11-09T07:22:05.961864,2024-12-03T08:12:58.363408
99116,38580,2024-10-15T14:05:17.276150,2025-06-26T00:42:54.499346
99116,79661,2024-10-15T14:05:17.276150,2025-06-26T00:42:54.499346
99116,26991,2024-10-15T14:05:17.276150,2025-06-26T00:42:54.499346
99116,88902,2024-10-15T14:05:17.276150,2025-06-26T00:42:54.499346
99116,31807,2024-10-15T14:05:17.276150,2025-06-26T00:42:54.499346
86523,83317,2025-05-08T03:32:36.930448,2025-05-14T15:21:07.554599
86523,20732,2025-05-08T03:32:36.930448,2025-05-14T15:21:07.554599
86523,84981,2025-05-08T03:32:36.930448,2025-05-14T15:21:07.554599
86523,60436,2025-05-08T03:32:36.930448,2025-05-14T15:21:07.554599
86523,85572,2025-05-08T03:32:36.930448,2025-05-14T15:21:07.554599
59711,97933,2024-09-01T05:28:24.616416,2025-03-26T13:55:55.063171
59711,73074,2024-09-01T05:28:24.616416,2025-03-26T13:55:55.063171
59711,52780,2024-09-01T05:28:24.616416,2025-03-26T13:55:55.063171
59711,49896,2024-09-01T05:28:24.616416,2025-03-26T13:55:55.063171
59711,93587,2024-09-01T05:28:24.616416,2025-03-26T13:55:55.063171
9538,72340,2025-03-28T03:00:11.205820,2025-08-11T02:22:15.686829
9538,75361,2025-03-28T03:00:11.205820,2025-08-11T02:22:15.686829
9538,44736,2025-03-28T03:00:11.205820,2025-08-11T02:22:15.686829
9538,93587,2025-03-28T03:00:11.205820,2025-08-11T02:22:15.686829
9538,57395,2025-03-28T03:00:11.205820,2025-08-11T02:22:15.686829
15251,38537,2024-06-01T19:10:32.958238,2024-09-23T22:55:09.722648
15251,61555,2024-06-01T19:10:32.958238,2024-09-23T22:55:09.722648
15251,18202,2024-06-01T19:10:32.958238,2024-09-23T22:55:09.722648
15251,87536,2024-06-01T19:10:32.958238,2024-09-23T22:55:09.722648
15251,84091,2024-06-01T19:10:32.958238,2024-09-23T22:55:09.722648
44630,14225,2024-03-06T05:13:00.600504,2025-06-08T06:53:53.174487
44630,54550,2024-03-06T05:13:00.600504,2025-06-08T06:53:53.174487
44630,12756,2024-03-06T05:13:00.600504,2025-06-08T06:53:53.174487
44630,34281,2024-03-06T05:13:00.600504,2025-06-08T06:53:53.174487
44630,2194,2024-03-06T05:13:00.600504,2025-06-08T06:53:53.174487
69080,26108,2024-05-30T20:44:47.889580,2025-05-06T23:11:28.968105
69080,16720,2024-05-30T20:44:47.889580,2025-05-06T23:11:28.968105
69080,87480,2024-05-30T20:44:47.889580,2025-05-06T23:11:28.968105
69080,22450,2024-05-30T20:44:47.889580,2025-05-06T23:11:28.968105
69080,18154,2024-05-30T20:44:47.889580,2025-05-06T23:11:28.968105
52539,32105,2024-01-22T19:29:38.952722,2025-02-28T22:26:57.394673
52539,79089,2024-01-22T19:29:38.952722,2025-02-28T22:26:57.394673
52539,85224,2024-01-22T19:29:38.952722,2025-02-28T22:26:57.394673
52539,58049,2024-01-22T19:29:38.952722,2025-02-28T22:26:57.394673
52539,94203,2024-01-22T19:29:38.952722,2025-02-28T22:26:57.394673
69899,43439,2024-10-16T09:20:06.410516,2025-02-10T14:06:04.839763
69899,62662,2024-10-16T09:20:06.410516,2025-02-10T14:06:04.839763
69899,85539,2024-10-16T09:20:06.410516,2025-02-10T14:06:04.839763
69899,11750,2024-10-16T09:20:06.410516,2025-02-10T14:06:04.839763
69899,26832,2024-10-16T09:20:06.410516,2025-02-10T14:06:04.839763
59823,33938,2024-11-24T17:54:09.079992,2024-12-11T05:29:56.157615
59823,73074,2024-11-24T17:54:09.079992,2024-12-11T05:29:56.157615
59823,44714,2024-11-24T17:54:09.079992,2024-12-11T05:29:56.157615
59823,72550,2024-11-24T17:54:09.079992,2024-12-11T05:29:56.157615
59823,88367,2024-11-24T17:54:09.079992,2024-12-11T05:29:56.157615
62105,42240,2025-08-09T05:10:44.584989,2025-08-15T01:33:11.587454
62105,64289,2025-08-09T05:10:44.584989,2025-08-15T01:33:11.587454
62105,82979,2025-08-09T05:10:44.584989,2025-08-15T01:33:11.587454
62105,91817,2025-08-09T05:10:44.584989,2025-08-15T01:33:11.587454
62105,63070,2025-08-09T05:10:44.584989,2025-08-15T01:33:11.587454
24764,90710,2024-07-05T00:59:20.252403,2025-05-06T18:41:20.899405
24764,65072,2024-07-05T00:59:20.252403,2025-05-06T18:41:20.899405
24764,51041,2024-07-05T00:59:20.252403,2025-05-06T18:41:20.899405
24764,18348,2024-07-05T00:59:20.252403,2025-05-06T18:41:20.899405
24764,87016,2024-07-05T00:59:20.252403,2025-05-06T18:41:20.899405
94860,22446,2025-04-02T12:43:17.627986,2025-04-28T23:38:00.715749
94860,72340,2025-04-02T12:43:17.627986,2025-04-28T23:38:00.715749
94860,48915,2025-04-02T12:43:17.627986,2025-04-28T23:38:00.715749
94860,11441,2025-04-02T12:43:17.627986,2025-04-28T23:38:00.715749
94860,83081,2025-04-02T12:43:17.627986,2025-04-28T23:38:00.715749
89238,55128,2024-10-17T23:31:54.328984,2025-03-11T22:29:26.821146
89238,62662,2024-10-17T23:31:54.328984,2025-03-11T22:29:26.821146
89238,4415,2024-10-17T23:31:54.328984,2025-03-11T22:29:26.821146
89238,8592,2024-10-17T23:31:54.328984,2025-03-11T22:29:26.821146
89238,87607,2024-10-17T23:31:54.328984,2025-03-11T22:29:26.821146
32905,93799,2024-03-30T20:57:51.189667,2025-05-18T18:19:24.429891
32905,9561,2024-03-30T20:57:51.189667,2025-05-18T18:19:24.429891
32905,1192,2024-03-30T20:57:51.189667,2025-05-18T18:19:24.429891
32905,77854,2024-03-30T20:57:51.189667,2025-05-18T18:19:24.429891
32905,80897,2024-03-30T20:57:51.189667,2025-05-18T18:19:24.429891
35560,81082,2023-10-04T16:55:00.589822,2023-11-19T08:47:00.717050
35560,15762,2023-10-04T16:55:00.589822,2023-11-19T08:47:00.717050
35560,36819,2023-10-04T16:55:00.589822,2023-11-19T08:47:00.717050
35560,75850,2023-10-04T16:55:00.589822,2023-11-19T08:47:00.717050
35560,34173,2023-10-04T16:55:00.589822,2023-11-19T08:47:00.717050
71882,23305,2023-11-04T03:37:42.065995,2023-12-28T07:16:45.524806
71882,42565,2023-11-04T03:37:42.065995,2023-12-28T07:16:45.524806
71882,44984,2023-11-04T03:37:42.065995,2023-12-28T07:16:45.524806
71882,35,2023-11-04T03:37:42.065995,2023-12-28T07:16:45.524806
71882,96622,2023-11-04T03:37:42.065995,2023-12-28T07:16:45.524806
25061,61641,2023-12-03T01:49:22.674360,2025-06-20T02:32:08.309869
25061,49144,2023-12-03T01:49:22.674360,2025-06-20T02:32:08.309869
25061,14278,2023-12-03T01:49:22.674360,2025-06-20T02:32:08.309869
25061,9522,2023-12-03T01:49:22.674360,2025-06-20T02:32:08.309869
25061,69598,2023-12-03T01:49:22.674360,2025-06-20T02:32:08.309869
26066,86972,2024-02-06T20:19:42.819191,2024-06-28T05:55:14.051955
26066,24264,2024-02-06T20:19:42.819191,2024-06-28T05:55:14.051955
26066,60554,2024-02-06T20:19:42.819191,2024-06-28T05:55:14.051955
26066,34281,2024-02-06T20:19:42.819191,2024-06-28T05:55:14.051955
26066,23043,2024-02-06T20:19:42.819191,2024-06-28T05:55:14.051955
2318,94968,2024-03-13T12:02:38.641413,2025-06-07T01:20:50.186912
2318,94905,2024-03-13T12:02:38.641413,2025-06-07T01:20:50.186912
2318,85539,2024-03-13T12:02:38.641413,2025-06-07T01:20:50.186912
2318,69526,2024-03-13T12:02:38.641413,2025-06-07T01:20:50.186912
2318,84091,2024-03-13T12:02:38.641413,2025-06-07T01:20:50.186912
26617,44714,2024-12-14T20:32:18.696750,2024-12-24T01:31:32.650092
26617,51041,2024-12-14T20:32:18.696750,2024-12-24T01:31:32.650092
26617,25597,2024-12-14T20:32:18.696750,2024-12-24T01:31:32.650092
26617,41966,2024-12-14T20:32:18.696750,2024-12-24T01:31:32.650092
26617,60348,2024-12-14T20:32:18.696750,2024-12-24T01:31:32.650092
78254,75895,2024-02-11T20:56:22.840574,2024-08-01T02:39:09.869143
78254,55455,2024-02-11T20:56:22.840574,2024-08-01T02:39:09.869143
78254,56006,2024-02-11T20:56:22.840574,2024-08-01T02:39:09.869143
78254,52780,2024-02-11T20:56:22.840574,2024-08-01T02:39:09.869143
78254,25172,2024-02-11T20:56:22.840574,2024-08-01T02:39:09.869143
72334,36947,2025-02-14T00:43:33.855888,2025-03-08T17:05:18.290028
72334,96838,2025-02-14T00:43:33.855888,2025-03-08T17:05:18.290028
72334,48202,2025-02-14T00:43:33.855888,2025-03-08T17:05:18.290028
72334,27974,2025-02-14T00:43:33.855888,2025-03-08T17:05:18.290028
72334,94905,2025-02-14T00:43:33.855888,2025-03-08T17:05:18.290028
80267,89956,2024-06-19T04:13:15.562738,2024-08-02T01:07:09.618562
80267,41483,2024-06-19T04:13:15.562738,2024-08-02T01:07:09.618562
80267,13313,2024-06-19T04:13:15.562738,2024-08-02T01:07:09.618562
80267,46772,2024-06-19T04:13:15.562738,2024-08-02T01:07:09.618562
80267,25172,2024-06-19T04:13:15.562738,2024-08-02T01:07:09.618562
81116,51056,2025-04-22T13:25:36.566702,2025-06-18T20:38:17.042314
81116,77624,2025-04-22T13:25:36.566702,2025-06-18T20:38:17.042314
81116,48991,2025-04-22T13:25:36.566702,2025-06-18T20:38:17.042314
81116,71964,2025-04-22T13:25:36.566702,2025-06-18T20:38:17.042314
81116,22932,2025-04-22T13:25:36.566702,2025-06-18T20:38:17.042314
75140,1192,2024-07-03T15:44:59.247316,2025-06-04T17:08:50.687498
75140,2462,2024-07-03T15:44:59.247316,2025-06-04T17:08:50.687498
75140,93347,2024-07-03T15:44:59.247316,2025-06-04T17:08:50.687498
75140,71673,2024-07-03T15:44:59.247316,2025-06-04T17:08:50.687498
75140,54202,2024-07-03T15:44:59.247316,2025-06-04T17:08:50.687498
93950,22822,2023-08-27T09:55:59.006644,2025-05-24T11:08:07.091654
93950,97957,2023-08-27T09:55:59.006644,2025-05-24T11:08:07.091654
93950,25172,2023-08-27T09:55:59.006644,2025-05-24T11:08:07.091654
93950,76487,2023-08-27T09:55:59.006644,2025-05-24T11:08:07.091654
93950,22706,2023-08-27T09:55:59.006644,2025-05-24T11:08:07.091654
42191,20732,2024-07-25T10:59:33.060320,2025-07-04T05:00:41.615367
42191,13313,2024-07-25T10:59:33.060320,2025-07-04T05:00:41.615367
42191,96305,2024-07-25T10:59:33.060320,2025-07-04T05:00:41.615367
42191,71964,2024-07-25T10:59:33.060320,2025-07-04T05:00:41.615367
42191,21324,2024-07-25T10:59:33.060320,2025-07-04T05:00:41.615367
29647,88386,2024-12-25T01:42:53.659386,2025-03-21T09:40:05.730768
29647,11750,2024-12-25T01:42:53.659386,2025-03-21T09:40:05.730768
29647,45216,2024-12-25T01:42:53.659386,2025-03-21T09:40:05.730768
29647,55387,2024-12-25T01:42:53.659386,2025-03-21T09:40:05.730768
29647,22108,2024-12-25T01:42:53.659386,2025-03-21T09:40:05.730768
68855,40078,2023-10-06T05:49:58.202997,2024-01-27T15:35:20.595891
68855,92380,2023-10-06T05:49:58.202997,2024-01-27T15:35:20.595891
68855,86137,2023-10-06T05:49:58.202997,2024-01-27T15:35:20.595891
68855,54148,2023-10-06T05:49:58.202997,2024-01-27T15:35:20.595891
68855,77267,2023-10-06T05:49:58.202997,2024-01-27T15:35:20.595891
73429,61136,2025-06-09T18:19:55.171285,2025-08-12T09:03:11.643055
73429,4168,2025-06-09T18:19:55.171285,2025-08-12T09:03:11.643055
73429,12756,2025-06-09T18:19:55.171285,2025-08-12T09:03:11.643055
73429,81410,2025-06-09T18:19:55.171285,2025-08-12T09:03:11.643055
73429,87529,2025-06-09T18:19:55.171285,2025-08-12T09:03:11.643055
33024,44050,2024-08-23T07:31:00.045348,2024-12-15T08:39:11.601331
33024,24979,2024-08-23T07:31:00.045348,2024-12-15T08:39:11.601331
33024,9060,2024-08-23T07:31:00.045348,2024-12-15T08:39:11.601331
33024,22877,2024-08-23T07:31:00.045348,2024-12-15T08:39:11.601331
33024,55128,2024-08-23T07:31:00.045348,2024-12-15T08:39:11.601331
21121,51455,2024-09-28T20:48:25.320625,2024-11-30T04:24:03.680885
21121,44565,2024-09-28T20:48:25.320625,2024-11-30T04:24:03.680885
21121,73600,2024-09-28T20:48:25.320625,2024-11-30T04:24:03.680885
21121,72550,2024-09-28T20:48:25.320625,2024-11-30T04:24:03.680885
21121,99816,2024-09-28T20:48:25.320625,2024-11-30T04:24:03.680885
11801,76487,2023-09-01T22:21:18.117875,2024-02-05T08:11:02.696896
11801,42568,2023-09-01T22:21:18.117875,2024-02-05T08:11:02.696896
11801,1939,2023-09-01T22:21:18.117875,2024-02-05T08:11:02.696896
11801,89965,2023-09-01T22:21:18.117875,2024-02-05T08:11:02.696896
11801,5914,2023-09-01T22:21:18.117875,2024-02-05T08:11:02.696896
84743,99118,2025-04-11T05:24:54.784173,2025-07-20T22:59:37.762103
84743,85493,2025-04-11T05:24:54.784173,2025-07-20T22:59:37.762103
84743,29150,2025-04-11T05:24:54.784173,2025-07-20T22:59:37.762103
84743,71649,2025-04-11T05:24:54.784173,2025-07-20T22:59:37.762103
84743,3193,2025-04-11T05:24:54.784173,2025-07-20T22:59:37.762103
50658,79775,2023-09-23T09:39:44.540811,2024-02-16T01:04:42.802065
50658,75361,2023-09-23T09:39:44.540811,2024-02-16T01:04:42.802065
50658,77025,2023-09-23T09:39:44.540811,2024-02-16T01:04:42.802065
50658,65892,2023-09-23T09:39:44.540811,2024-02-16T01:04:42.802065
50658,26423,2023-09-23T09:39:44.540811,2024-02-16T01:04:42.802065
76646,56613,2024-01-11T06:44:57.747328,2025-05-06T23:49:51.024826
76646,51671,2024-01-11T06:44:57.747328,2025-05-06T23:49:51.024826
76646,88386,2024-01-11T06:44:57.747328,2025-05-06T23:49:51.024826
76646,34530,2024-01-11T06:44:57.747328,2025-05-06T23:49:51.024826
76646,19663,2024-01-11T06:44:57.747328,2025-05-06T23:49:51.024826
62754,9850,2024-09-13T20:12:42.899046,2025-05-17T15:05:50.417706
62754,33025,2024-09-13T20:12:42.899046,2025-05-17T15:05:50.417706
62754,36894,2024-09-13T20:12:42.899046,2025-05-17T15:05:50.417706
62754,15048,2024-09-13T20:12:42.899046,2025-05-17T15:05:50.417706
62754,66441,2024-09-13T20:12:42.899046,2025-05-17T15:05:50.417706
62297,99061,2024-09-02T07:42:46.994855,2025-08-05T15:49:15.569566
62297,99973,2024-09-02T07:42:46.994855,2025-08-05T15:49:15.569566
62297,71375,2024-09-02T07:42:46.994855,2025-08-05T15:49:15.569566
62297,998,2024-09-02T07:42:46.994855,2025-08-05T15:49:15.569566
62297,68656,2024-09-02T07:42:46.994855,2025-08-05T15:49:15.569566
9894,41556,2024-06-06T17:42:57.689929,2025-04-10T18:43:28.357340
9894,12360,2024-06-06T17:42:57.689929,2025-04-10T18:43:28.357340
9894,13814,2024-06-06T17:42:57.689929,2025-04-10T18:43:28.357340
9894,42240,2024-06-06T17:42:57.689929,2025-04-10T18:43:28.357340
9894,70934,2024-06-06T17:42:57.689929,2025-04-10T18:43:28.357340
69418,86192,2024-09-13T07:50:25.495886,2024-09-13T18:54:14.055433
69418,85990,2024-09-13T07:50:25.495886,2024-09-13T18:54:14.055433
69418,31499,2024-09-13T07:50:25.495886,2024-09-13T18:54:14.055433
69418,83598,2024-09-13T07:50:25.495886,2024-09-13T18:54:14.055433
69418,83006,2024-09-13T07:50:25.495886,2024-09-13T18:54:14.055433
15323,92469,2023-12-16T05:47:13.992383,2025-04-28T17:05:48.321377
15323,52005,2023-12-16T05:47:13.992383,2025-04-28T17:05:48.321377
15323,27009,2023-12-16T05:47:13.992383,2025-04-28T17:05:48.321377
15323,27955,2023-12-16T05:47:13.992383,2025-04-28T17:05:48.321377
15323,11441,2023-12-16T05:47:13.992383,2025-04-28T17:05:48.321377
60409,55536,2024-03-25T08:30:28.957870,2025-06-22T12:00:50.321719
60409,46746,2024-03-25T08:30:28.957870,2025-06-22T12:00:50.321719
60409,13115,2024-03-25T08:30:28.957870,2025-06-22T12:00:50.321719
60409,76816,2024-03-25T08:30:28.957870,2025-06-22T12:00:50.321719
60409,34281,2024-03-25T08:30:28.957870,2025-06-22T12:00:50.321719
30961,5392,2025-02-05T23:39:11.423390,2025-02-14T10:22:07.620218
30961,46284,2025-02-05T23:39:11.423390,2025-02-14T10:22:07.620218
30961,9412,2025-02-05T23:39:11.423390,2025-02-14T10:22:07.620218
30961,59873,2025-02-05T23:39:11.423390,2025-02-14T10:22:07.620218
30961,25934,2025-02-05T23:39:11.423390,2025-02-14T10:22:07.620218
93053,55660,2023-12-02T12:33:08.077545,2024-04-01T20:23:38.905423
93053,76816,2023-12-02T12:33:08.077545,2024-04-01T20:23:38.905423
93053,67137,2023-12-02T12:33:08.077545,2024-04-01T20:23:38.905423
93053,1715,2023-12-02T12:33:08.077545,2024-04-01T20:23:38.905423
93053,64289,2023-12-02T12:33:08.077545,2024-04-01T20:23:38.905423
91819,48202,2024-10-07T09:19:14.157822,2025-04-15T18:19:41.689493
91819,45760,2024-10-07T09:19:14.157822,2025-04-15T18:19:41.689493
91819,64585,2024-10-07T09:19:14.157822,2025-04-15T18:19:41.689493
91819,76623,2024-10-07T09:19:14.157822,2025-04-15T18:19:41.689493
91819,25383,2024-10-07T09:19:14.157822,2025-04-15T18:19:41.689493
58170,48258,2024-05-01T20:34:45.134087,2024-05-14T21:51:00.085237
58170,43418,2024-05-01T20:34:45.134087,2024-05-14T21:51:00.085237
58170,41924,2024-05-01T20:34:45.134087,2024-05-14T21:51:00.085237
58170,88902,2024-05-01T20:34:45.134087,2024-05-14T21:51:00.085237
58170,56956,2024-05-01T20:34:45.134087,2024-05-14T21:51:00.085237
45812,90070,2024-06-29T12:17:40.610257,2025-01-22T08:04:39.655157
45812,52330,2024-06-29T12:17:40.610257,2025-01-22T08:04:39.655157
45812,22706,2024-06-29T12:17:40.610257,2025-01-22T08:04:39.655157
45812,51671,2024-06-29T12:17:40.610257,2025-01-22T08:04:39.655157
45812,66084,2024-06-29T12:17:40.610257,2025-01-22T08:04:39.655157
36709,90070,2024-01-29T11:46:06.455770,2025-06-09T03:22:55.187572
36709,19293,2024-01-29T11:46:06.455770,2025-06-09T03:22:55.187572
36709,13313,2024-01-29T11:46:06.455770,2025-06-09T03:22:55.187572
36709,88628,2024-01-29T11:46:06.455770,2025-06-09T03:22:55.187572
36709,89519,2024-01-29T11:46:06.455770,2025-06-09T03:22:55.187572
13424,93804,2025-06-28T01:33:32.962545,2025-08-14T04:16:07.824760
13424,93017,2025-06-28T01:33:32.962545,2025-08-14T04:16:07.824760
13424,30460,2025-06-28T01:33:32.962545,2025-08-14T04:16:07.824760
13424,88902,2025-06-28T01:33:32.962545,2025-08-14T04:16:07.824760
13424,71042,2025-06-28T01:33:32.962545,2025-08-14T04:16:07.824760
65697,31438,2023-09-20T08:25:03.604000,2024-04-27T03:52:31.454344
65697,87016,2023-09-20T08:25:03.604000,2024-04-27T03:52:31.454344
65697,50653,2023-09-20T08:25:03.604000,2024-04-27T03:52:31.454344
65697,32122,2023-09-20T08:25:03.604000,2024-04-27T03:52:31.454344
65697,24930,2023-09-20T08:25:03.604000,2024-04-27T03:52:31.454344
18267,91250,2024-05-04T21:55:47.743780,2024-11-19T15:17:58.141513
18267,81410,2024-05-04T21:55:47.743780,2024-11-19T15:17:58.141513
18267,35986,2024-05-04T21:55:47.743780,2024-11-19T15:17:58.141513
18267,25597,2024-05-04T21:55:47.743780,2024-11-19T15:17:58.141513
18267,63724,2024-05-04T21:55:47.743780,2024-11-19T15:17:58.141513
68192,42418,2024-03-31T02:19:19.989412,2024-06-14T08:07:06.728408
68192,24930,2024-03-31T02:19:19.989412,2024-06-14T08:07:06.728408
68192,4531,2024-03-31T02:19:19.989412,2024-06-14T08:07:06.728408
68192,50053,2024-03-31T02:19:19.989412,2024-06-14T08:07:06.728408
68192,79196,2024-03-31T02:19:19.989412,2024-06-14T08:07:06.728408
96094,90704,2024-10-15T01:42:50.423486,2025-06-06T22:53:57.827792
96094,63070,2024-10-15T01:42:50.423486,2025-06-06T22:53:57.827792
96094,45346,2024-10-15T01:42:50.423486,2025-06-06T22:53:57.827792
96094,3403,2024-10-15T01:42:50.423486,2025-06-06T22:53:57.827792
96094,74577,2024-10-15T01:42:50.423486,2025-06-06T22:53:57.827792
32839,9427,2023-11-09T17:21:58.388259,2025-08-13T10:59:43.868601
32839,23414,2023-11-09T17:21:58.388259,2025-08-13T10:59:43.868601
32839,90704,2023-11-09T17:21:58.388259,2025-08-13T10:59:43.868601
32839,7908,2023-11-09T17:21:58.388259,2025-08-13T10:59:43.868601
32839,61250,2023-11-09T17:21:58.388259,2025-08-13T10:59:43.868601
35462,11444,2023-08-25T10:58:09.487447,2023-09-06T22:24:32.089251
35462,62866,2023-08-25T10:58:09.487447,2023-09-06T22:24:32.089251
35462,42568,2023-08-25T10:58:09.487447,2023-09-06T22:24:32.089251
35462,55623,2023-08-25T10:58:09.487447,2023-09-06T22:24:32.089251
35462,21324,2023-08-25T10:58:09.487447,2023-09-06T22:24:32.089251
89181,33810,2024-03-07T13:51:55.877676,2025-05-13T14:55:54.842792
89181,26334,2024-03-07T13:51:55.877676,2025-05-13T14:55:54.842792
89181,57178,2024-03-07T13:51:55.877676,2025-05-13T14:55:54.842792
89181,44241,2024-03-07T13:51:55.877676,2025-05-13T14:55:54.842792
89181,2564,2024-03-07T13:51:55.877676,2025-05-13T14:55:54.842792
18215,87445,2023-08-30T18:05:21.396215,2024-11-14T21:50:23.706476
18215,5786,2023-08-30T18:05:21.396215,2024-11-14T21:50:23.706476
18215,36894,2023-08-30T18:05:21.396215,2024-11-14T21:50:23.706476
18215,17385,2023-08-30T18:05:21.396215,2024-11-14T21:50:23.706476
18215,77615,2023-08-30T18:05:21.396215,2024-11-14T21:50:23.706476
89583,69598,2024-12-25T14:47:40.445561,2025-07-17T18:34:04.495352
89583,6161,2024-12-25T14:47:40.445561,2025-07-17T18:34:04.495352
89583,42418,2024-12-25T14:47:40.445561,2025-07-17T18:34:04.495352
89583,43821,2024-12-25T14:47:40.445561,2025-07-17T18:34:04.495352
89583,8,2024-12-25T14:47:40.445561,2025-07-17T18:34:04.495352
34960,22446,2025-06-28T01:08:15.013633,2025-08-09T01:08:20.716462
34960,49626,2025-06-28T01:08:15.013633,2025-08-09T01:08:20.716462
34960,71375,2025-06-28T01:08:15.013633,2025-08-09T01:08:20.716462
34960,44984,2025-06-28T01:08:15.013633,2025-08-09T01:08:20.716462
34960,98937,2025-06-28T01:08:15.013633,2025-08-09T01:08:20.716462
43283,18977,2024-05-09T19:27:00.652861,2025-01-12T00:54:13.002655
43283,62866,2024-05-09T19:27:00.652861,2025-01-12T00:54:13.002655
43283,3495,2024-05-09T19:27:00.652861,2025-01-12T00:54:13.002655
43283,67070,2024-05-09T19:27:00.652861,2025-01-12T00:54:13.002655
43283,43376,2024-05-09T19:27:00.652861,2025-01-12T00:54:13.002655
80616,86137,2024-03-01T12:39:59.474068,2025-01-28T17:17:17.689690
80616,98469,2024-03-01T12:39:59.474068,2025-01-28T17:17:17.689690
80616,73015,2024-03-01T12:39:59.474068,2025-01-28T17:17:17.689690
80616,69796,2024-03-01T12:39:59.474068,2025-01-28T17:17:17.689690
80616,92124,2024-03-01T12:39:59.474068,2025-01-28T17:17:17.689690
44593,48202,2024-11-04T17:51:49.820487,2024-11-21T10:36:53.299772
44593,18977,2024-11-04T17:51:49.820487,2024-11-21T10:36:53.299772
44593,33639,2024-11-04T17:51:49.820487,2024-11-21T10:36:53.299772
44593,64585,2024-11-04T17:51:49.820487,2024-11-21T10:36:53.299772
44593,56767,2024-11-04T17:51:49.820487,2024-11-21T10:36:53.299772
64175,74180,2024-05-09T05:25:41.917383,2024-05-14T09:21:10.298598
64175,2564,2024-05-09T05:25:41.917383,2024-05-14T09:21:10.298598
64175,36293,2024-05-09T05:25:41.917383,2024-05-14T09:21:10.298598
64175,23414,2024-05-09T05:25:41.917383,2024-05-14T09:21:10.298598
64175,34173,2024-05-09T05:25:41.917383,2024-05-14T09:21:10.298598
4251,96295,2024-03-23T15:05:04.965098,2025-08-04T22:07:53.956793
4251,74577,2024-03-23T15:05:04.965098,2025-08-04T22:07:53.956793
4251,86070,2024-03-23T15:05:04.965098,2025-08-04T22:07:53.956793
4251,97933,2024-03-23T15:05:04.965098,2025-08-04T22:07:53.956793
4251,29150,2024-03-23T15:05:04.965098,2025-08-04T22:07:53.956793
34286,22464,2024-04-21T02:27:05.551466,2024-11-18T18:13:23.190611
34286,67175,2024-04-21T02:27:05.551466,2024-11-18T18:13:23.190611
34286,10429,2024-04-21T02:27:05.551466,2024-11-18T18:13:23.190611
34286,30813,2024-04-21T02:27:05.551466,2024-11-18T18:13:23.190611
34286,52148,2024-04-21T02:27:05.551466,2024-11-18T18:13:23.190611
73150,58083,2025-06-18T15:51:07.798502,2025-07-29T02:24:47.917572
73150,24979,2025-06-18T15:51:07.798502,2025-07-29T02:24:47.917572
73150,72550,2025-06-18T15:51:07.798502,2025-07-29T02:24:47.917572
73150,51671,2025-06-18T15:51:07.798502,2025-07-29T02:24:47.917572
73150,99973,2025-06-18T15:51:07.798502,2025-07-29T02:24:47.917572
40536,97957,2024-10-31T07:53:51.220799,2024-12-25T01:11:12.289771
40536,4854,2024-10-31T07:53:51.220799,2024-12-25T01:11:12.289771
40536,33856,2024-10-31T07:53:51.220799,2024-12-25T01:11:12.289771
40536,1379,2024-10-31T07:53:51.220799,2024-12-25T01:11:12.289771
40536,45714,2024-10-31T07:53:51.220799,2024-12-25T01:11:12.289771
31896,85430,2024-10-18T00:05:08.722008,2025-07-13T22:53:54.354910
31896,4597,2024-10-18T00:05:08.722008,2025-07-13T22:53:54.354910
31896,81644,2024-10-18T00:05:08.722008,2025-07-13T22:53:54.354910
31896,71224,2024-10-18T00:05:08.722008,2025-07-13T22:53:54.354910
31896,90304,2024-10-18T00:05:08.722008,2025-07-13T22:53:54.354910
85650,30517,2023-12-03T05:43:50.328844,2024-03-01T13:22:39.561052
85650,23378,2023-12-03T05:43:50.328844,2024-03-01T13:22:39.561052
85650,34322,2023-12-03T05:43:50.328844,2024-03-01T13:22:39.561052
85650,9427,2023-12-03T05:43:50.328844,2024-03-01T13:22:39.561052
85650,13559,2023-12-03T05:43:50.328844,2024-03-01T13:22:39.561052
82926,4415,2024-09-07T11:09:53.321370,2024-12-25T01:11:07.832668
82926,88367,2024-09-07T11:09:53.321370,2024-12-25T01:11:07.832668
82926,72409,2024-09-07T11:09:53.321370,2024-12-25T01:11:07.832668
82926,57395,2024-09-07T11:09:53.321370,2024-12-25T01:11:07.832668
82926,3213,2024-09-07T11:09:53.321370,2024-12-25T01:11:07.832668
38686,30205,2025-07-12T23:51:33.313116,2025-07-23T19:50:22.919757
38686,16554,2025-07-12T23:51:33.313116,2025-07-23T19:50:22.919757
38686,82813,2025-07-12T23:51:33.313116,2025-07-23T19:50:22.919757
38686,95791,2025-07-12T23:51:33.313116,2025-07-23T19:50:22.919757
38686,55366,2025-07-12T23:51:33.313116,2025-07-23T19:50:22.919757
32400,49045,2024-09-15T07:20:19.671113,2025-03-23T14:41:55.290394
32400,37672,2024-09-15T07:20:19.671113,2025-03-23T14:41:55.290394
32400,38201,2024-09-15T07:20:19.671113,2025-03-23T14:41:55.290394
32400,13814,2024-09-15T07:20:19.671113,2025-03-23T14:41:55.290394
32400,90140,2024-09-15T07:20:19.671113,2025-03-23T14:41:55.290394
74449,41978,2024-07-28T17:54:42.368072,2024-11-20T11:04:35.674914
74449,26334,2024-07-28T17:54:42.368072,2024-11-20T11:04:35.674914
74449,60977,2024-07-28T17:54:42.368072,2024-11-20T11:04:35.674914
74449,69796,2024-07-28T17:54:42.368072,2024-11-20T11:04:35.674914
74449,50977,2024-07-28T17:54:42.368072,2024-11-20T11:04:35.674914
70597,14661,2025-04-21T15:32:51.746429,2025-05-04T12:59:08.331687
70597,10238,2025-04-21T15:32:51.746429,2025-05-04T12:59:08.331687
70597,38835,2025-04-21T15:32:51.746429,2025-05-04T12:59:08.331687
70597,73853,2025-04-21T15:32:51.746429,2025-05-04T12:59:08.331687
70597,87529,2025-04-21T15:32:51.746429,2025-05-04T12:59:08.331687
31097,93577,2025-04-22T10:48:44.547438,2025-08-09T23:30:15.909734
31097,98797,2025-04-22T10:48:44.547438,2025-08-09T23:30:15.909734
31097,9292,2025-04-22T10:48:44.547438,2025-08-09T23:30:15.909734
31097,65193,2025-04-22T10:48:44.547438,2025-08-09T23:30:15.909734
31097,33876,2025-04-22T10:48:44.547438,2025-08-09T23:30:15.909734
14679,61491,2024-02-10T16:37:04.239703,2025-06-05T08:05:33.986874
14679,88902,2024-02-10T16:37:04.239703,2025-06-05T08:05:33.986874
14679,51789,2024-02-10T16:37:04.239703,2025-06-05T08:05:33.986874
14679,14661,2024-02-10T16:37:04.239703,2025-06-05T08:05:33.986874
14679,61555,2024-02-10T16:37:04.239703,2025-06-05T08:05:33.986874
75920,61801,2023-09-28T20:09:53.507136,2024-10-24T16:12:01.014011
75920,83317,2023-09-28T20:09:53.507136,2024-10-24T16:12:01.014011
75920,23043,2023-09-28T20:09:53.507136,2024-10-24T16:12:01.014011
75920,43439,2023-09-28T20:09:53.507136,2024-10-24T16:12:01.014011
75920,61540,2023-09-28T20:09:53.507136,2024-10-24T16:12:01.014011
87047,87381,2023-10-02T16:30:36.025507,2025-02-11T22:32:55.012621
87047,34694,2023-10-02T16:30:36.025507,2025-02-11T22:32:55.012621
87047,36819,2023-10-02T16:30:36.025507,2025-02-11T22:32:55.012621
87047,46069,2023-10-02T16:30:36.025507,2025-02-11T22:32:55.012621
87047,12522,2023-10-02T16:30:36.025507,2025-02-11T22:32:55.012621
90691,62424,2024-09-07T20:54:25.533588,2025-02-17T22:26:21.946938
90691,47129,2024-09-07T20:54:25.533588,2025-02-17T22:26:21.946938
90691,35867,2024-09-07T20:54:25.533588,2025-02-17T22:26:21.946938
90691,71069,2024-09-07T20:54:25.533588,2025-02-17T22:26:21.946938
90691,36216,2024-09-07T20:54:25.533588,2025-02-17T22:26:21.946938
74515,51218,2025-07-03T19:39:37.972599,2025-07-22T13:19:32.869440
74515,4415,2025-07-03T19:39:37.972599,2025-07-22T13:19:32.869440
74515,51671,2025-07-03T19:39:37.972599,2025-07-22T13:19:32.869440
74515,82202,2025-07-03T19:39:37.972599,2025-07-22T13:19:32.869440
74515,4854,2025-07-03T19:39:37.972599,2025-07-22T13:19:32.869440
56474,91063,2024-10-21T20:50:34.839224,2025-04-14T11:18:02.029541
56474,27873,2024-10-21T20:50:34.839224,2025-04-14T11:18:02.029541
56474,33087,2024-10-21T20:50:34.839224,2025-04-14T11:18:02.029541
56474,29095,2024-10-21T20:50:34.839224,2025-04-14T11:18:02.029541
56474,47137,2024-10-21T20:50:34.839224,2025-04-14T11:18:02.029541
34860,60977,2024-02-08T03:38:34.805773,2024-08-16T03:13:13.600170
34860,2263,2024-02-08T03:38:34.805773,2024-08-16T03:13:13.600170
34860,79089,2024-02-08T03:38:34.805773,2024-08-16T03:13:13.600170
34860,94029,2024-02-08T03:38:34.805773,2024-08-16T03:13:13.600170
34860,65870,2024-02-08T03:38:34.805773,2024-08-16T03:13:13.600170
23937,79661,2025-05-01T09:23:07.725358,2025-06-17T04:39:11.647037
23937,8055,2025-05-01T09:23:07.725358,2025-06-17T04:39:11.647037
23937,20732,2025-05-01T09:23:07.725358,2025-06-17T04:39:11.647037
23937,54076,2025-05-01T09:23:07.725358,2025-06-17T04:39:11.647037
23937,55128,2025-05-01T09:23:07.725358,2025-06-17T04:39:11.647037
17909,78727,2024-12-10T12:04:57.978400,2025-07-03T11:09:36.523050
17909,11412,2024-12-10T12:04:57.978400,2025-07-03T11:09:36.523050
17909,80517,2024-12-10T12:04:57.978400,2025-07-03T11:09:36.523050
17909,96838,2024-12-10T12:04:57.978400,2025-07-03T11:09:36.523050
17909,48991,2024-12-10T12:04:57.978400,2025-07-03T11:09:36.523050
65146,32594,2024-12-21T06:25:22.466178,2025-04-13T01:19:09.597796
65146,77488,2024-12-21T06:25:22.466178,2025-04-13T01:19:09.597796
65146,1939,2024-12-21T06:25:22.466178,2025-04-13T01:19:09.597796
65146,82775,2024-12-21T06:25:22.466178,2025-04-13T01:19:09.597796
65146,78020,2024-12-21T06:25:22.466178,2025-04-13T01:19:09.597796
52386,67631,2024-02-02T19:09:20.553315,2025-08-13T16:46:44.276546
52386,97554,2024-02-02T19:09:20.553315,2025-08-13T16:46:44.276546
52386,27853,2024-02-02T19:09:20.553315,2025-08-13T16:46:44.276546
52386,47478,2024-02-02T19:09:20.553315,2025-08-13T16:46:44.276546
52386,1309,2024-02-02T19:09:20.553315,2025-08-13T16:46:44.276546
29128,17068,2024-01-12T16:05:59.720516,2025-02-23T08:01:52.019163
29128,30900,2024-01-12T16:05:59.720516,2025-02-23T08:01:52.019163
29128,63882,2024-01-12T16:05:59.720516,2025-02-23T08:01:52.019163
29128,24792,2024-01-12T16:05:59.720516,2025-02-23T08:01:52.019163
29128,2564,2024-01-12T16:05:59.720516,2025-02-23T08:01:52.019163
94459,91068,2024-11-26T02:53:10.599680,2025-08-15T23:21:11.890923
94459,61136,2024-11-26T02:53:10.599680,2025-08-15T23:21:11.890923
94459,49607,2024-11-26T02:53:10.599680,2025-08-15T23:21:11.890923
94459,59635,2024-11-26T02:53:10.599680,2025-08-15T23:21:11.890923
94459,52780,2024-11-26T02:53:10.599680,2025-08-15T23:21:11.890923
22554,10238,2023-09-27T08:54:23.079100,2024-01-05T22:52:55.277411
22554,86070,2023-09-27T08:54:23.079100,2024-01-05T22:52:55.277411
22554,66210,2023-09-27T08:54:23.079100,2024-01-05T22:52:55.277411
22554,15048,2023-09-27T08:54:23.079100,2024-01-05T22:52:55.277411
22554,34398,2023-09-27T08:54:23.079100,2024-01-05T22:52:55.277411
80895,70934,2025-03-12T20:45:34.400307,2025-08-17T03:37:48.768528
80895,3944,2025-03-12T20:45:34.400307,2025-08-17T03:37:48.768528
80895,55921,2025-03-12T20:45:34.400307,2025-08-17T03:37:48.768528
80895,11300,2025-03-12T20:45:34.400307,2025-08-17T03:37:48.768528
80895,66014,2025-03-12T20:45:34.400307,2025-08-17T03:37:48.768528
51633,62818,2025-06-26T16:13:45.716810,2025-07-30T03:54:34.946127
51633,65911,2025-06-26T16:13:45.716810,2025-07-30T03:54:34.946127
51633,71069,2025-06-26T16:13:45.716810,2025-07-30T03:54:34.946127
51633,28646,2025-06-26T16:13:45.716810,2025-07-30T03:54:34.946127
51633,10932,2025-06-26T16:13:45.716810,2025-07-30T03:54:34.946127
25037,86436,2024-03-01T22:32:24.576786,2025-07-22T00:45:40.566229
25037,94726,2024-03-01T22:32:24.576786,2025-07-22T00:45:40.566229
25037,7441,2024-03-01T22:32:24.576786,2025-07-22T00:45:40.566229
25037,23305,2024-03-01T22:32:24.576786,2025-07-22T00:45:40.566229
25037,36947,2024-03-01T22:32:24.576786,2025-07-22T00:45:40.566229
91442,19417,2024-02-18T08:35:48.588390,2024-08-11T08:52:48.031575
91442,43439,2024-02-18T08:35:48.588390,2024-08-11T08:52:48.031575
91442,7908,2024-02-18T08:35:48.588390,2024-08-11T08:52:48.031575
91442,46069,2024-02-18T08:35:48.588390,2024-08-11T08:52:48.031575
91442,14225,2024-02-18T08:35:48.588390,2024-08-11T08:52:48.031575
72512,23618,2025-03-13T09:48:06.232486,2025-03-30T06:09:14.058933
72512,32175,2025-03-13T09:48:06.232486,2025-03-30T06:09:14.058933
72512,77488,2025-03-13T09:48:06.232486,2025-03-30T06:09:14.058933
72512,11441,2025-03-13T09:48:06.232486,2025-03-30T06:09:14.058933
72512,10126,2025-03-13T09:48:06.232486,2025-03-30T06:09:14.058933
15180,56847,2024-08-14T22:07:25.885340,2024-09-30T19:48:37.983155
15180,61798,2024-08-14T22:07:25.885340,2024-09-30T19:48:37.983155
15180,58049,2024-08-14T22:07:25.885340,2024-09-30T19:48:37.983155
15180,78020,2024-08-14T22:07:25.885340,2024-09-30T19:48:37.983155
15180,73109,2024-08-14T22:07:25.885340,2024-09-30T19:48:37.983155
78269,33025,2025-08-12T04:00:50.763958,2025-08-18T05:31:58.131541
78269,52345,2025-08-12T04:00:50.763958,2025-08-18T05:31:58.131541
78269,65786,2025-08-12T04:00:50.763958,2025-08-18T05:31:58.131541
78269,25782,2025-08-12T04:00:50.763958,2025-08-18T05:31:58.131541
78269,34726,2025-08-12T04:00:50.763958,2025-08-18T05:31:58.131541
55503,96622,2024-04-17T20:59:08.826186,2025-01-01T08:46:42.507858
55503,7477,2024-04-17T20:59:08.826186,2025-01-01T08:46:42.507858
55503,93963,2024-04-17T20:59:08.826186,2025-01-01T08:46:42.507858
55503,68103,2024-04-17T20:59:08.826186,2025-01-01T08:46:42.507858
55503,12271,2024-04-17T20:59:08.826186,2025-01-01T08:46:42.507858
44313,31202,2025-03-18T23:37:51.697148,2025-06-05T16:02:57.911771
44313,59836,2025-03-18T23:37:51.697148,2025-06-05T16:02:57.911771
44313,75600,2025-03-18T23:37:51.697148,2025-06-05T16:02:57.911771
44313,56006,2025-03-18T23:37:51.697148,2025-06-05T16:02:57.911771
44313,61697,2025-03-18T23:37:51.697148,2025-06-05T16:02:57.911771
43953,71471,2024-08-27T04:33:09.068740,2024-12-28T03:33:26.310649
43953,52240,2024-08-27T04:33:09.068740,2024-12-28T03:33:26.310649
43953,32594,2024-08-27T04:33:09.068740,2024-12-28T03:33:26.310649
43953,11941,2024-08-27T04:33:09.068740,2024-12-28T03:33:26.310649
43953,91068,2024-08-27T04:33:09.068740,2024-12-28T03:33:26.310649
43432,29204,2023-11-01T06:16:16.860200,2025-03-21T15:04:36.807920
43432,65870,2023-11-01T06:16:16.860200,2025-03-21T15:04:36.807920
43432,38548,2023-11-01T06:16:16.860200,2025-03-21T15:04:36.807920
43432,12360,2023-11-01T06:16:16.860200,2025-03-21T15:04:36.807920
43432,95842,2023-11-01T06:16:16.860200,2025-03-21T15:04:36.807920
43135,43813,2023-12-07T06:00:10.063596,2024-03-29T14:54:27.609990
43135,72340,2023-12-07T06:00:10.063596,2024-03-29T14:54:27.609990
43135,29537,2023-12-07T06:00:10.063596,2024-03-29T14:54:27.609990
43135,92853,2023-12-07T06:00:10.063596,2024-03-29T14:54:27.609990
43135,92888,2023-12-07T06:00:10.063596,2024-03-29T14:54:27.609990
51766,91893,2025-03-04T03:11:15.212969,2025-04-09T00:08:32.283613
51766,90135,2025-03-04T03:11:15.212969,2025-04-09T00:08:32.283613
51766,71240,2025-03-04T03:11:15.212969,2025-04-09T00:08:32.283613
51766,48759,2025-03-04T03:11:15.212969,2025-04-09T00:08:32.283613
51766,64585,2025-03-04T03:11:15.212969,2025-04-09T00:08:32.283613
32534,70972,2024-04-07T22:09:35.778535,2024-06-12T15:08:57.875096
32534,94522,2024-04-07T22:09:35.778535,2024-06-12T15:08:57.875096
32534,42173,2024-04-07T22:09:35.778535,2024-06-12T15:08:57.875096
32534,28431,2024-04-07T22:09:35.778535,2024-06-12T15:08:57.875096
32534,80288,2024-04-07T22:09:35.778535,2024-06-12T15:08:57.875096
65645,99061,2025-02-25T16:22:36.091882,2025-06-15T17:53:46.692990
65645,63179,2025-02-25T16:22:36.091882,2025-06-15T17:53:46.692990
65645,92380,2025-02-25T16:22:36.091882,2025-06-15T17:53:46.692990
65645,22822,2025-02-25T16:22:36.091882,2025-06-15T17:53:46.692990
65645,31563,2025-02-25T16:22:36.091882,2025-06-15T17:53:46.692990
59478,99061,2024-02-18T02:08:42.457737,2024-06-15T19:54:54.353794
59478,7041,2024-02-18T02:08:42.457737,2024-06-15T19:54:54.353794
59478,47559,2024-02-18T02:08:42.457737,2024-06-15T19:54:54.353794
59478,49045,2024-02-18T02:08:42.457737,2024-06-15T19:54:54.353794
59478,73625,2024-02-18T02:08:42.457737,2024-06-15T19:54:54.353794
20924,87284,2025-03-30T00:30:14.028044,2025-06-07T12:44:10.653464
20924,4597,2025-03-30T00:30:14.028044,2025-06-07T12:44:10.653464
20924,23305,2025-03-30T00:30:14.028044,2025-06-07T12:44:10.653464
20924,56359,2025-03-30T00:30:14.028044,2025-06-07T12:44:10.653464
20924,17898,2025-03-30T00:30:14.028044,2025-06-07T12:44:10.653464
3804,3936,2024-12-29T23:46:10.889987,2025-03-09T04:33:34.271024
3804,95842,2024-12-29T23:46:10.889987,2025-03-09T04:33:34.271024
3804,80754,2024-12-29T23:46:10.889987,2025-03-09T04:33:34.271024
3804,64865,2024-12-29T23:46:10.889987,2025-03-09T04:33:34.271024
3804,92259,2024-12-29T23:46:10.889987,2025-03-09T04:33:34.271024
71282,14147,2024-05-20T04:32:11.712275,2024-07-05T12:40:13.683071
71282,36819,2024-05-20T04:32:11.712275,2024-07-05T12:40:13.683071
71282,64289,2024-05-20T04:32:11.712275,2024-07-05T12:40:13.683071
71282,75361,2024-05-20T04:32:11.712275,2024-07-05T12:40:13.683071
71282,97023,2024-05-20T04:32:11.712275,2024-07-05T12:40:13.683071
18645,32594,2025-07-17T14:25:53.149991,2025-08-15T09:07:14.416663
18645,80288,2025-07-17T14:25:53.149991,2025-08-15T09:07:14.416663
18645,30517,2025-07-17T14:25:53.149991,2025-08-15T09:07:14.416663
18645,55742,2025-07-17T14:25:53.149991,2025-08-15T09:07:14.416663
18645,31546,2025-07-17T14:25:53.149991,2025-08-15T09:07:14.416663
49302,42813,2024-01-30T17:02:30.043129,2025-06-15T16:15:20.614718
49302,22105,2024-01-30T17:02:30.043129,2025-06-15T16:15:20.614718
49302,89236,2024-01-30T17:02:30.043129,2025-06-15T16:15:20.614718
49302,21142,2024-01-30T17:02:30.043129,2025-06-15T16:15:20.614718
49302,7297,2024-01-30T17:02:30.043129,2025-06-15T16:15:20.614718
45248,28539,2025-01-12T05:11:31.564119,2025-01-24T00:55:27.655093
45248,98658,2025-01-12T05:11:31.564119,2025-01-24T00:55:27.655093
45248,77025,2025-01-12T05:11:31.564119,2025-01-24T00:55:27.655093
45248,26548,2025-01-12T05:11:31.564119,2025-01-24T00:55:27.655093
45248,96622,2025-01-12T05:11:31.564119,2025-01-24T00:55:27.655093
64901,92585,2024-09-22T08:29:55.376084,2025-02-22T08:21:36.338587
64901,28678,2024-09-22T08:29:55.376084,2025-02-22T08:21:36.338587
64901,1383,2024-09-22T08:29:55.376084,2025-02-22T08:21:36.338587
64901,7677,2024-09-22T08:29:55.376084,2025-02-22T08:21:36.338587
64901,84086,2024-09-22T08:29:55.376084,2025-02-22T08:21:36.338587
62809,18154,2023-09-16T17:00:59.098828,2024-04-24T16:26:13.937184
62809,56359,2023-09-16T17:00:59.098828,2024-04-24T16:26:13.937184
62809,80723,2023-09-16T17:00:59.098828,2024-04-24T16:26:13.937184
62809,10607,2023-09-16T17:00:59.098828,2024-04-24T16:26:13.937184
62809,22876,2023-09-16T17:00:59.098828,2024-04-24T16:26:13.937184
92181,11300,2023-12-20T06:30:59.598011,2024-07-25T21:40:01.407361
92181,81836,2023-12-20T06:30:59.598011,2024-07-25T21:40:01.407361
92181,2732,2023-12-20T06:30:59.598011,2024-07-25T21:40:01.407361
92181,82228,2023-12-20T06:30:59.598011,2024-07-25T21:40:01.407361
92181,10285,2023-12-20T06:30:59.598011,2024-07-25T21:40:01.407361
18386,10922,2025-06-29T22:51:12.249877,2025-07-06T09:05:36.013391
18386,13055,2025-06-29T22:51:12.249877,2025-07-06T09:05:36.013391
18386,11563,2025-06-29T22:51:12.249877,2025-07-06T09:05:36.013391
18386,30721,2025-06-29T22:51:12.249877,2025-07-06T09:05:36.013391
18386,53018,2025-06-29T22:51:12.249877,2025-07-06T09:05:36.013391
66989,93799,2025-07-23T04:21:17.458867,2025-08-13T17:37:14.188719
66989,22708,2025-07-23T04:21:17.458867,2025-08-13T17:37:14.188719
66989,15127,2025-07-23T04:21:17.458867,2025-08-13T17:37:14.188719
66989,95124,2025-07-23T04:21:17.458867,2025-08-13T17:37:14.188719
66989,83317,2025-07-23T04:21:17.458867,2025-08-13T17:37:14.188719
22630,26692,2024-03-26T11:30:28.844403,2024-08-11T18:03:31.406463
22630,81757,2024-03-26T11:30:28.844403,2024-08-11T18:03:31.406463
22630,21324,2024-03-26T11:30:28.844403,2024-08-11T18:03:31.406463
22630,44736,2024-03-26T11:30:28.844403,2024-08-11T18:03:31.406463
22630,28112,2024-03-26T11:30:28.844403,2024-08-11T18:03:31.406463
62715,37212,2025-04-21T12:56:40.836735,2025-04-21T22:00:23.736189
62715,68692,2025-04-21T12:56:40.836735,2025-04-21T22:00:23.736189
62715,5177,2025-04-21T12:56:40.836735,2025-04-21T22:00:23.736189
62715,61076,2025-04-21T12:56:40.836735,2025-04-21T22:00:23.736189
62715,68656,2025-04-21T12:56:40.836735,2025-04-21T22:00:23.736189
86746,72409,2023-09-14T18:46:55.917887,2024-05-29T02:03:06.055081
86746,83857,2023-09-14T18:46:55.917887,2024-05-29T02:03:06.055081
86746,51218,2023-09-14T18:46:55.917887,2024-05-29T02:03:06.055081
86746,9989,2023-09-14T18:46:55.917887,2024-05-29T02:03:06.055081
86746,8517,2023-09-14T18:46:55.917887,2024-05-29T02:03:06.055081
25157,14984,2024-12-11T00:51:58.019658,2025-02-04T15:47:09.573742
25157,60207,2024-12-11T00:51:58.019658,2025-02-04T15:47:09.573742
25157,93587,2024-12-11T00:51:58.019658,2025-02-04T15:47:09.573742
25157,1715,2024-12-11T00:51:58.019658,2025-02-04T15:47:09.573742
25157,46788,2024-12-11T00:51:58.019658,2025-02-04T15:47:09.573742
22669,66470,2023-10-29T17:03:46.920252,2025-04-30T09:38:04.616810
22669,70596,2023-10-29T17:03:46.920252,2025-04-30T09:38:04.616810
22669,41245,2023-10-29T17:03:46.920252,2025-04-30T09:38:04.616810
22669,74785,2023-10-29T17:03:46.920252,2025-04-30T09:38:04.616810
22669,37397,2023-10-29T17:03:46.920252,2025-04-30T09:38:04.616810
47797,6340,2024-04-21T01:59:20.233685,2024-07-31T07:28:39.517134
47797,83081,2024-04-21T01:59:20.233685,2024-07-31T07:28:39.517134
47797,14984,2024-04-21T01:59:20.233685,2024-07-31T07:28:39.517134
47797,6212,2024-04-21T01:59:20.233685,2024-07-31T07:28:39.517134
47797,19663,2024-04-21T01:59:20.233685,2024-07-31T07:28:39.517134
186,52005,2025-02-17T21:52:01.269315,2025-07-30T06:55:17.294462
186,5392,2025-02-17T21:52:01.269315,2025-07-30T06:55:17.294462
186,85493,2025-02-17T21:52:01.269315,2025-07-30T06:55:17.294462
186,9850,2025-02-17T21:52:01.269315,2025-07-30T06:55:17.294462
186,30900,2025-02-17T21:52:01.269315,2025-07-30T06:55:17.294462
83019,34530,2024-08-04T04:39:22.203947,2025-07-20T08:42:07.561670
83019,78989,2024-08-04T04:39:22.203947,2025-07-20T08:42:07.561670
83019,12271,2024-08-04T04:39:22.203947,2025-07-20T08:42:07.561670
83019,8055,2024-08-04T04:39:22.203947,2025-07-20T08:42:07.561670
83019,77077,2024-08-04T04:39:22.203947,2025-07-20T08:42:07.561670
66139,59884,2023-11-12T14:16:11.710506,2025-02-22T15:29:49.061212
66139,52419,2023-11-12T14:16:11.710506,2025-02-22T15:29:49.061212
66139,66039,2023-11-12T14:16:11.710506,2025-02-22T15:29:49.061212
66139,74106,2023-11-12T14:16:11.710506,2025-02-22T15:29:49.061212
66139,79987,2023-11-12T14:16:11.710506,2025-02-22T15:29:49.061212
55847,96052,2024-08-22T04:35:02.183912,2025-02-25T14:12:37.248245
55847,51546,2024-08-22T04:35:02.183912,2025-02-25T14:12:37.248245
55847,42927,2024-08-22T04:35:02.183912,2025-02-25T14:12:37.248245
55847,88258,2024-08-22T04:35:02.183912,2025-02-25T14:12:37.248245
55847,70723,2024-08-22T04:35:02.183912,2025-02-25T14:12:37.248245
40245,7651,2023-12-15T15:27:00.751657,2024-01-22T07:20:22.892376
40245,86182,2023-12-15T15:27:00.751657,2024-01-22T07:20:22.892376
40245,33867,2023-12-15T15:27:00.751657,2024-01-22T07:20:22.892376
40245,10772,2023-12-15T15:27:00.751657,2024-01-22T07:20:22.892376
40245,46284,2023-12-15T15:27:00.751657,2024-01-22T07:20:22.892376
98741,14737,2024-02-25T17:48:23.809311,2025-06-29T15:53:58.516595
98741,77683,2024-02-25T17:48:23.809311,2025-06-29T15:53:58.516595
98741,30137,2024-02-25T17:48:23.809311,2025-06-29T15:53:58.516595
98741,67631,2024-02-25T17:48:23.809311,2025-06-29T15:53:58.516595
98741,62866,2024-02-25T17:48:23.809311,2025-06-29T15:53:58.516595
84656,6161,2023-11-30T07:07:14.772468,2024-02-15T22:19:40.344805
84656,11475,2023-11-30T07:07:14.772468,2024-02-15T22:19:40.344805
84656,93577,2023-11-30T07:07:14.772468,2024-02-15T22:19:40.344805
84656,71990,2023-11-30T07:07:14.772468,2024-02-15T22:19:40.344805
84656,19663,2023-11-30T07:07:14.772468,2024-02-15T22:19:40.344805
57463,15048,2025-02-28T02:56:08.237052,2025-07-06T03:33:24.927281
57463,70934,2025-02-28T02:56:08.237052,2025-07-06T03:33:24.927281
57463,39741,2025-02-28T02:56:08.237052,2025-07-06T03:33:24.927281
57463,76242,2025-02-28T02:56:08.237052,2025-07-06T03:33:24.927281
57463,12683,2025-02-28T02:56:08.237052,2025-07-06T03:33:24.927281
45,79184,2024-02-04T08:01:21.128340,2025-02-28T08:34:54.035778
45,40063,2024-02-04T08:01:21.128340,2025-02-28T08:34:54.035778
45,48202,2024-02-04T08:01:21.128340,2025-02-28T08:34:54.035778
45,55387,2024-02-04T08:01:21.128340,2025-02-28T08:34:54.035778
45,93539,2024-02-04T08:01:21.128340,2025-02-28T08:34:54.035778
63699,28431,2025-01-08T05:14:39.875562,2025-07-02T07:51:49.435204
63699,63724,2025-01-08T05:14:39.875562,2025-07-02T07:51:49.435204
63699,90793,2025-01-08T05:14:39.875562,2025-07-02T07:51:49.435204
63699,73015,2025-01-08T05:14:39.875562,2025-07-02T07:51:49.435204
63699,61250,2025-01-08T05:14:39.875562,2025-07-02T07:51:49.435204
31540,90710,2024-02-06T09:11:25.981501,2025-07-20T06:24:30.475574
31540,38474,2024-02-06T09:11:25.981501,2025-07-20T06:24:30.475574
31540,69526,2024-02-06T09:11:25.981501,2025-07-20T06:24:30.475574
31540,55525,2024-02-06T09:11:25.981501,2025-07-20T06:24:30.475574
31540,93017,2024-02-06T09:11:25.981501,2025-07-20T06:24:30.475574
96323,9427,2024-06-06T20:36:24.999349,2024-08-25T09:09:04.143812
96323,65014,2024-06-06T20:36:24.999349,2024-08-25T09:09:04.143812
96323,31564,2024-06-06T20:36:24.999349,2024-08-25T09:09:04.143812
96323,68003,2024-06-06T20:36:24.999349,2024-08-25T09:09:04.143812
96323,21680,2024-06-06T20:36:24.999349,2024-08-25T09:09:04.143812
888,19293,2024-12-29T18:12:50.760850,2025-07-31T23:33:40.205487
888,43595,2024-12-29T18:12:50.760850,2025-07-31T23:33:40.205487
888,52240,2024-12-29T18:12:50.760850,2025-07-31T23:33:40.205487
888,55462,2024-12-29T18:12:50.760850,2025-07-31T23:33:40.205487
888,43699,2024-12-29T18:12:50.760850,2025-07-31T23:33:40.205487
4393,57395,2024-01-30T00:34:20.035568,2025-01-26T06:33:06.787191
4393,26548,2024-01-30T00:34:20.035568,2025-01-26T06:33:06.787191
4393,87480,2024-01-30T00:34:20.035568,2025-01-26T06:33:06.787191
4393,87284,2024-01-30T00:34:20.035568,2025-01-26T06:33:06.787191
4393,19205,2024-01-30T00:34:20.035568,2025-01-26T06:33:06.787191
47105,9644,2025-05-07T09:05:11.901217,2025-07-12T13:45:43.231120
47105,53217,2025-05-07T09:05:11.901217,2025-07-12T13:45:43.231120
47105,82655,2025-05-07T09:05:11.901217,2025-07-12T13:45:43.231120
47105,31799,2025-05-07T09:05:11.901217,2025-07-12T13:45:43.231120
47105,43699,2025-05-07T09:05:11.901217,2025-07-12T13:45:43.231120
33508,30137,2024-08-15T13:43:47.488609,2025-07-22T02:03:12.730999
33508,1192,2024-08-15T13:43:47.488609,2025-07-22T02:03:12.730999
33508,79661,2024-08-15T13:43:47.488609,2025-07-22T02:03:12.730999
33508,18468,2024-08-15T13:43:47.488609,2025-07-22T02:03:12.730999
33508,34795,2024-08-15T13:43:47.488609,2025-07-22T02:03:12.730999
84672,5177,2025-07-24T21:20:07.836072,2025-07-29T06:57:53.125535
84672,34281,2025-07-24T21:20:07.836072,2025-07-29T06:57:53.125535
84672,6212,2025-07-24T21:20:07.836072,2025-07-29T06:57:53.125535
84672,6042,2025-07-24T21:20:07.836072,2025-07-29T06:57:53.125535
84672,7908,2025-07-24T21:20:07.836072,2025-07-29T06:57:53.125535
24493,13055,2023-09-09T08:33:19.098537,2024-02-17T13:24:04.169988
24493,39283,2023-09-09T08:33:19.098537,2024-02-17T13:24:04.169988
24493,58669,2023-09-09T08:33:19.098537,2024-02-17T13:24:04.169988
24493,37672,2023-09-09T08:33:19.098537,2024-02-17T13:24:04.169988
24493,62253,2023-09-09T08:33:19.098537,2024-02-17T13:24:04.169988
64697,11982,2024-04-01T22:13:23.895288,2025-02-13T16:52:55.028902
64697,75850,2024-04-01T22:13:23.895288,2025-02-13T16:52:55.028902
64697,85430,2024-04-01T22:13:23.895288,2025-02-13T16:52:55.028902
64697,54202,2024-04-01T22:13:23.895288,2025-02-13T16:52:55.028902
64697,87529,2024-04-01T22:13:23.895288,2025-02-13T16:52:55.028902
12282,44736,2023-10-08T21:13:35.972204,2025-06-09T05:04:11.601289
12282,92259,2023-10-08T21:13:35.972204,2025-06-09T05:04:11.601289
12282,97933,2023-10-08T21:13:35.972204,2025-06-09T05:04:11.601289
12282,12853,2023-10-08T21:13:35.972204,2025-06-09T05:04:11.601289
12282,73109,2023-10-08T21:13:35.972204,2025-06-09T05:04:11.601289
39644,25383,2024-09-11T12:12:44.844435,2025-04-25T13:20:37.642237
39644,75186,2024-09-11T12:12:44.844435,2025-04-25T13:20:37.642237
39644,81836,2024-09-11T12:12:44.844435,2025-04-25T13:20:37.642237
39644,15507,2024-09-11T12:12:44.844435,2025-04-25T13:20:37.642237
39644,22877,2024-09-11T12:12:44.844435,2025-04-25T13:20:37.642237
99228,12360,2024-05-14T01:01:17.585139,2025-03-06T05:47:10.888062
99228,30212,2024-05-14T01:01:17.585139,2025-03-06T05:47:10.888062
99228,35373,2024-05-14T01:01:17.585139,2025-03-06T05:47:10.888062
99228,26334,2024-05-14T01:01:17.585139,2025-03-06T05:47:10.888062
99228,97957,2024-05-14T01:01:17.585139,2025-03-06T05:47:10.888062
86108,84091,2024-07-21T04:53:00.532868,2025-01-19T21:47:07.073045
86108,15762,2024-07-21T04:53:00.532868,2025-01-19T21:47:07.073045
86108,96622,2024-07-21T04:53:00.532868,2025-01-19T21:47:07.073045
86108,56925,2024-07-21T04:53:00.532868,2025-01-19T21:47:07.073045
86108,86472,2024-07-21T04:53:00.532868,2025-01-19T21:47:07.073045
13430,82488,2024-01-19T22:44:49.112632,2025-03-06T12:48:25.066850
13430,45760,2024-01-19T22:44:49.112632,2025-03-06T12:48:25.066850
13430,78020,2024-01-19T22:44:49.112632,2025-03-06T12:48:25.066850
13430,61540,2024-01-19T22:44:49.112632,2025-03-06T12:48:25.066850
13430,23319,2024-01-19T22:44:49.112632,2025-03-06T12:48:25.066850
6615,84219,2024-09-14T15:19:55.952228,2025-02-13T18:25:43.754137
6615,78727,2024-09-14T15:19:55.952228,2025-02-13T18:25:43.754137
6615,96052,2024-09-14T15:19:55.952228,2025-02-13T18:25:43.754137
6615,88855,2024-09-14T15:19:55.952228,2025-02-13T18:25:43.754137
6615,79184,2024-09-14T15:19:55.952228,2025-02-13T18:25:43.754137
94484,77099,2024-07-07T07:55:25.456599,2024-08-21T06:09:33.351420
94484,76591,2024-07-07T07:55:25.456599,2024-08-21T06:09:33.351420
94484,8517,2024-07-07T07:55:25.456599,2024-08-21T06:09:33.351420
94484,26250,2024-07-07T07:55:25.456599,2024-08-21T06:09:33.351420
94484,44519,2024-07-07T07:55:25.456599,2024-08-21T06:09:33.351420
95548,3844,2025-01-03T19:00:37.702177,2025-05-08T09:05:13.623961
95548,41483,2025-01-03T19:00:37.702177,2025-05-08T09:05:13.623961
95548,81410,2025-01-03T19:00:37.702177,2025-05-08T09:05:13.623961
95548,34281,2025-01-03T19:00:37.702177,2025-05-08T09:05:13.623961
95548,61044,2025-01-03T19:00:37.702177,2025-05-08T09:05:13.623961
89195,74180,2023-09-25T13:01:00.976269,2024-03-10T02:59:01.188910
89195,10285,2023-09-25T13:01:00.976269,2024-03-10T02:59:01.188910
89195,94049,2023-09-25T13:01:00.976269,2024-03-10T02:59:01.188910
89195,83857,2023-09-25T13:01:00.976269,2024-03-10T02:59:01.188910
89195,71914,2023-09-25T13:01:00.976269,2024-03-10T02:59:01.188910
28512,19293,2023-11-13T16:52:00.901139,2024-09-05T09:18:16.189216
28512,99118,2023-11-13T16:52:00.901139,2024-09-05T09:18:16.189216
28512,25990,2023-11-13T16:52:00.901139,2024-09-05T09:18:16.189216
28512,72550,2023-11-13T16:52:00.901139,2024-09-05T09:18:16.189216
28512,3213,2023-11-13T16:52:00.901139,2024-09-05T09:18:16.189216
37560,12299,2023-08-23T11:04:08.089977,2025-06-22T12:30:26.854033
37560,27873,2023-08-23T11:04:08.089977,2025-06-22T12:30:26.854033
37560,53800,2023-08-23T11:04:08.089977,2025-06-22T12:30:26.854033
37560,79041,2023-08-23T11:04:08.089977,2025-06-22T12:30:26.854033
37560,27955,2023-08-23T11:04:08.089977,2025-06-22T12:30:26.854033
21801,95316,2023-11-08T09:34:53.777446,2025-07-07T02:03:44.781135
21801,9451,2023-11-08T09:34:53.777446,2025-07-07T02:03:44.781135
21801,56847,2023-11-08T09:34:53.777446,2025-07-07T02:03:44.781135
21801,11847,2023-11-08T09:34:53.777446,2025-07-07T02:03:44.781135
21801,78989,2023-11-08T09:34:53.777446,2025-07-07T02:03:44.781135
63805,16671,2025-07-20T07:33:51.969672,2025-08-10T11:14:58.936523
63805,22708,2025-07-20T07:33:51.969672,2025-08-10T11:14:58.936523
63805,63070,2025-07-20T07:33:51.969672,2025-08-10T11:14:58.936523
63805,87529,2025-07-20T07:33:51.969672,2025-08-10T11:14:58.936523
63805,24792,2025-07-20T07:33:51.969672,2025-08-10T11:14:58.936523
63575,33876,2024-11-11T07:30:38.274677,2025-03-04T20:11:55.952029
63575,2329,2024-11-11T07:30:38.274677,2025-03-04T20:11:55.952029
63575,15496,2024-11-11T07:30:38.274677,2025-03-04T20:11:55.952029
63575,28112,2024-11-11T07:30:38.274677,2025-03-04T20:11:55.952029
63575,92888,2024-11-11T07:30:38.274677,2025-03-04T20:11:55.952029
18142,90070,2024-05-14T21:11:51.348944,2024-06-26T09:32:09.873257
18142,9076,2024-05-14T21:11:51.348944,2024-06-26T09:32:09.873257
18142,92585,2024-05-14T21:11:51.348944,2024-06-26T09:32:09.873257
18142,16807,2024-05-14T21:11:51.348944,2024-06-26T09:32:09.873257
18142,53217,2024-05-14T21:11:51.348944,2024-06-26T09:32:09.873257
97594,44119,2024-11-28T15:48:12.425121,2025-05-08T15:12:10.614446
97594,12271,2024-11-28T15:48:12.425121,2025-05-08T15:12:10.614446
97594,99973,2024-11-28T15:48:12.425121,2025-05-08T15:12:10.614446
97594,95437,2024-11-28T15:48:12.425121,2025-05-08T15:12:10.614446
97594,43699,2024-11-28T15:48:12.425121,2025-05-08T15:12:10.614446
52816,33938,2025-03-26T15:59:36.406346,2025-04-18T08:24:31.318053
52816,16538,2025-03-26T15:59:36.406346,2025-04-18T08:24:31.318053
52816,13547,2025-03-26T15:59:36.406346,2025-04-18T08:24:31.318053
52816,62426,2025-03-26T15:59:36.406346,2025-04-18T08:24:31.318053
52816,66118,2025-03-26T15:59:36.406346,2025-04-18T08:24:31.318053
85242,17577,2024-01-08T04:32:11.998220,2024-07-26T02:05:13.480785
85242,10932,2024-01-08T04:32:11.998220,2024-07-26T02:05:13.480785
85242,33443,2024-01-08T04:32:11.998220,2024-07-26T02:05:13.480785
85242,80208,2024-01-08T04:32:11.998220,2024-07-26T02:05:13.480785
85242,89798,2024-01-08T04:32:11.998220,2024-07-26T02:05:13.480785
28438,9522,2024-04-09T07:05:37.793378,2025-05-27T01:14:59.003082
28438,10238,2024-04-09T07:05:37.793378,2025-05-27T01:14:59.003082
28438,85572,2024-04-09T07:05:37.793378,2025-05-27T01:14:59.003082
28438,79775,2024-04-09T07:05:37.793378,2025-05-27T01:14:59.003082
28438,73068,2024-04-09T07:05:37.793378,2025-05-27T01:14:59.003082
52091,11847,2025-05-07T15:04:52.325952,2025-07-16T02:31:04.219500
52091,32594,2025-05-07T15:04:52.325952,2025-07-16T02:31:04.219500
52091,80126,2025-05-07T15:04:52.325952,2025-07-16T02:31:04.219500
52091,75850,2025-05-07T15:04:52.325952,2025-07-16T02:31:04.219500
52091,77615,2025-05-07T15:04:52.325952,2025-07-16T02:31:04.219500
3846,8592,2024-05-06T20:12:13.444274,2025-06-07T07:39:34.596091
3846,98937,2024-05-06T20:12:13.444274,2025-06-07T07:39:34.596091
3846,79607,2024-05-06T20:12:13.444274,2025-06-07T07:39:34.596091
3846,89233,2024-05-06T20:12:13.444274,2025-06-07T07:39:34.596091
3846,22108,2024-05-06T20:12:13.444274,2025-06-07T07:39:34.596091
85666,30246,2024-12-15T21:57:00.548199,2025-05-24T19:44:50.446162
85666,60994,2024-12-15T21:57:00.548199,2025-05-24T19:44:50.446162
85666,38692,2024-12-15T21:57:00.548199,2025-05-24T19:44:50.446162
85666,27974,2024-12-15T21:57:00.548199,2025-05-24T19:44:50.446162
85666,76242,2024-12-15T21:57:00.548199,2025-05-24T19:44:50.446162
40375,47117,2025-05-03T01:27:57.371361,2025-08-07T20:05:02.455241
40375,58669,2025-05-03T01:27:57.371361,2025-08-07T20:05:02.455241
40375,47760,2025-05-03T01:27:57.371361,2025-08-07T20:05:02.455241
40375,88367,2025-05-03T01:27:57.371361,2025-08-07T20:05:02.455241
40375,80723,2025-05-03T01:27:57.371361,2025-08-07T20:05:02.455241
49635,73015,2024-07-18T14:58:56.281073,2024-11-18T04:58:55.695771
49635,65019,2024-07-18T14:58:56.281073,2024-11-18T04:58:55.695771
49635,79636,2024-07-18T14:58:56.281073,2024-11-18T04:58:55.695771
49635,93020,2024-07-18T14:58:56.281073,2024-11-18T04:58:55.695771
49635,32711,2024-07-18T14:58:56.281073,2024-11-18T04:58:55.695771
8781,61076,2024-02-05T18:01:38.016650,2024-06-09T17:58:03.112199
8781,79196,2024-02-05T18:01:38.016650,2024-06-09T17:58:03.112199
8781,96151,2024-02-05T18:01:38.016650,2024-06-09T17:58:03.112199
8781,66118,2024-02-05T18:01:38.016650,2024-06-09T17:58:03.112199
8781,9427,2024-02-05T18:01:38.016650,2024-06-09T17:58:03.112199
85085,38201,2025-01-19T16:17:22.266893,2025-04-06T19:15:16.319747
85085,83288,2025-01-19T16:17:22.266893,2025-04-06T19:15:16.319747
85085,60207,2025-01-19T16:17:22.266893,2025-04-06T19:15:16.319747
85085,47850,2025-01-19T16:17:22.266893,2025-04-06T19:15:16.319747
85085,49916,2025-01-19T16:17:22.266893,2025-04-06T19:15:16.319747
47880,97554,2024-09-23T22:26:00.465590,2024-12-15T13:47:01.191453
47880,23319,2024-09-23T22:26:00.465590,2024-12-15T13:47:01.191453
47880,50921,2024-09-23T22:26:00.465590,2024-12-15T13:47:01.191453
47880,22113,2024-09-23T22:26:00.465590,2024-12-15T13:47:01.191453
47880,36216,2024-09-23T22:26:00.465590,2024-12-15T13:47:01.191453
24892,60977,2023-12-11T03:33:20.505850,2025-04-02T00:18:54.596500
24892,25934,2023-12-11T03:33:20.505850,2025-04-02T00:18:54.596500
24892,10922,2023-12-11T03:33:20.505850,2025-04-02T00:18:54.596500
24892,23640,2023-12-11T03:33:20.505850,2025-04-02T00:18:54.596500
24892,49045,2023-12-11T03:33:20.505850,2025-04-02T00:18:54.596500
33143,25990,2024-03-30T22:16:57.592691,2024-07-26T23:42:25.082431
33143,93804,2024-03-30T22:16:57.592691,2024-07-26T23:42:25.082431
33143,21616,2024-03-30T22:16:57.592691,2024-07-26T23:42:25.082431
33143,14193,2024-03-30T22:16:57.592691,2024-07-26T23:42:25.082431
33143,40063,2024-03-30T22:16:57.592691,2024-07-26T23:42:25.082431
43212,75895,2024-12-24T06:26:02.953408,2025-04-23T10:28:04.891719
43212,21526,2024-12-24T06:26:02.953408,2025-04-23T10:28:04.891719
43212,79987,2024-12-24T06:26:02.953408,2025-04-23T10:28:04.891719
43212,53018,2024-12-24T06:26:02.953408,2025-04-23T10:28:04.891719
43212,37878,2024-12-24T06:26:02.953408,2025-04-23T10:28:04.891719
28261,71990,2025-07-05T17:50:28.032825,2025-08-12T03:22:50.138914
28261,59861,2025-07-05T17:50:28.032825,2025-08-12T03:22:50.138914
28261,81227,2025-07-05T17:50:28.032825,2025-08-12T03:22:50.138914
28261,93804,2025-07-05T17:50:28.032825,2025-08-12T03:22:50.138914
28261,72246,2025-07-05T17:50:28.032825,2025-08-12T03:22:50.138914
7502,83317,2024-10-05T23:15:12.775894,2024-10-24T15:07:44.320100
7502,10371,2024-10-05T23:15:12.775894,2024-10-24T15:07:44.320100
7502,34761,2024-10-05T23:15:12.775894,2024-10-24T15:07:44.320100
7502,56201,2024-10-05T23:15:12.775894,2024-10-24T15:07:44.320100
7502,35867,2024-10-05T23:15:12.775894,2024-10-24T15:07:44.320100
25418,24930,2023-12-01T09:15:47.363784,2024-07-19T17:20:57.845372
25418,93313,2023-12-01T09:15:47.363784,2024-07-19T17:20:57.845372
25418,16538,2023-12-01T09:15:47.363784,2024-07-19T17:20:57.845372
25418,26767,2023-12-01T09:15:47.363784,2024-07-19T17:20:57.845372
25418,72246,2023-12-01T09:15:47.363784,2024-07-19T17:20:57.845372
24786,12299,2024-10-17T10:03:49.548090,2025-01-12T07:47:08.445318
24786,46201,2024-10-17T10:03:49.548090,2025-01-12T07:47:08.445318
24786,47117,2024-10-17T10:03:49.548090,2025-01-12T07:47:08.445318
24786,95707,2024-10-17T10:03:49.548090,2025-01-12T07:47:08.445318
24786,89956,2024-10-17T10:03:49.548090,2025-01-12T07:47:08.445318
73251,87421,2024-05-24T09:09:06.865834,2024-07-07T17:24:27.126391
73251,61540,2024-05-24T09:09:06.865834,2024-07-07T17:24:27.126391
73251,10947,2024-05-24T09:09:06.865834,2024-07-07T17:24:27.126391
73251,55174,2024-05-24T09:09:06.865834,2024-07-07T17:24:27.126391
73251,39558,2024-05-24T09:09:06.865834,2024-07-07T17:24:27.126391
55332,78240,2024-04-06T05:11:38.136790,2025-02-03T08:45:10.198375
55332,93347,2024-04-06T05:11:38.136790,2025-02-03T08:45:10.198375
55332,74180,2024-04-06T05:11:38.136790,2025-02-03T08:45:10.198375
55332,84351,2024-04-06T05:11:38.136790,2025-02-03T08:45:10.198375
55332,74577,2024-04-06T05:11:38.136790,2025-02-03T08:45:10.198375
54977,99061,2024-04-24T19:31:48.706881,2025-07-16T22:36:41.497048
54977,95485,2024-04-24T19:31:48.706881,2025-07-16T22:36:41.497048
54977,47478,2024-04-24T19:31:48.706881,2025-07-16T22:36:41.497048
54977,68692,2024-04-24T19:31:48.706881,2025-07-16T22:36:41.497048
54977,55605,2024-04-24T19:31:48.706881,2025-07-16T22:36:41.497048
16928,55623,2023-09-04T18:06:51.674938,2024-06-17T20:14:32.594976
16928,27482,2023-09-04T18:06:51.674938,2024-06-17T20:14:32.594976
16928,79636,2023-09-04T18:06:51.674938,2024-06-17T20:14:32.594976
16928,56851,2023-09-04T18:06:51.674938,2024-06-17T20:14:32.594976
16928,52148,2023-09-04T18:06:51.674938,2024-06-17T20:14:32.594976
24703,99118,2023-09-24T22:18:05.370031,2024-06-21T15:52:28.262272
24703,9522,2023-09-24T22:18:05.370031,2024-06-21T15:52:28.262272
24703,22450,2023-09-24T22:18:05.370031,2024-06-21T15:52:28.262272
24703,46788,2023-09-24T22:18:05.370031,2024-06-21T15:52:28.262272
24703,78658,2023-09-24T22:18:05.370031,2024-06-21T15:52:28.262272
5844,69526,2025-06-08T03:18:50.950170,2025-08-17T17:20:53.319516
5844,38201,2025-06-08T03:18:50.950170,2025-08-17T17:20:53.319516
5844,85310,2025-06-08T03:18:50.950170,2025-08-17T17:20:53.319516
5844,59729,2025-06-08T03:18:50.950170,2025-08-17T17:20:53.319516
5844,1379,2025-06-08T03:18:50.950170,2025-08-17T17:20:53.319516
133,82655,2024-12-02T02:50:55.169785,2025-08-13T01:43:06.503475
133,92989,2024-12-02T02:50:55.169785,2025-08-13T01:43:06.503475
133,87421,2024-12-02T02:50:55.169785,2025-08-13T01:43:06.503475
133,65714,2024-12-02T02:50:55.169785,2025-08-13T01:43:06.503475
133,95791,2024-12-02T02:50:55.169785,2025-08-13T01:43:06.503475
83628,59884,2025-04-21T03:27:46.169107,2025-06-08T00:50:17.994640
83628,31499,2025-04-21T03:27:46.169107,2025-06-08T00:50:17.994640
83628,97323,2025-04-21T03:27:46.169107,2025-06-08T00:50:17.994640
83628,42568,2025-04-21T03:27:46.169107,2025-06-08T00:50:17.994640
83628,3844,2025-04-21T03:27:46.169107,2025-06-08T00:50:17.994640
92114,40025,2025-08-20T05:46:54.528817,2025-08-20T20:09:05.276844
92114,73853,2025-08-20T05:46:54.528817,2025-08-20T20:09:05.276844
92114,66094,2025-08-20T05:46:54.528817,2025-08-20T20:09:05.276844
92114,27221,2025-08-20T05:46:54.528817,2025-08-20T20:09:05.276844
92114,6042,2025-08-20T05:46:54.528817,2025-08-20T20:09:05.276844
23672,61250,2025-06-30T17:14:25.041394,2025-08-05T14:40:50.415904
23672,35254,2025-06-30T17:14:25.041394,2025-08-05T14:40:50.415904
23672,36894,2025-06-30T17:14:25.041394,2025-08-05T14:40:50.415904
23672,13055,2025-06-30T17:14:25.041394,2025-08-05T14:40:50.415904
23672,8,2025-06-30T17:14:25.041394,2025-08-05T14:40:50.415904
60847,23378,2024-06-28T16:27:14.431664,2025-06-17T04:34:22.580568
60847,13547,2024-06-28T16:27:14.431664,2025-06-17T04:34:22.580568
60847,65097,2024-06-28T16:27:14.431664,2025-06-17T04:34:22.580568
60847,33876,2024-06-28T16:27:14.431664,2025-06-17T04:34:22.580568
60847,18940,2024-06-28T16:27:14.431664,2025-06-17T04:34:22.580568
99449,92609,2023-11-16T01:18:10.979578,2024-03-29T11:22:03.756250
99449,11300,2023-11-16T01:18:10.979578,2024-03-29T11:22:03.756250
99449,18154,2023-11-16T01:18:10.979578,2024-03-29T11:22:03.756250
99449,1383,2023-11-16T01:18:10.979578,2024-03-29T11:22:03.756250
99449,25383,2023-11-16T01:18:10.979578,2024-03-29T11:22:03.756250
29864,18940,2024-10-02T20:03:56.053882,2025-03-25T12:13:02.659256
29864,93,2024-10-02T20:03:56.053882,2025-03-25T12:13:02.659256
29864,59873,2024-10-02T20:03:56.053882,2025-03-25T12:13:02.659256
29864,41966,2024-10-02T20:03:56.053882,2025-03-25T12:13:02.659256
29864,10126,2024-10-02T20:03:56.053882,2025-03-25T12:13:02.659256
82138,1309,2023-09-23T11:34:25.118873,2025-01-12T22:51:18.194417
82138,22876,2023-09-23T11:34:25.118873,2025-01-12T22:51:18.194417
82138,40025,2023-09-23T11:34:25.118873,2025-01-12T22:51:18.194417
82138,61853,2023-09-23T11:34:25.118873,2025-01-12T22:51:18.194417
82138,29204,2023-09-23T11:34:25.118873,2025-01-12T22:51:18.194417
56343,85430,2024-02-21T12:46:02.023039,2025-02-22T07:49:15.548778
56343,23859,2024-02-21T12:46:02.023039,2025-02-22T07:49:15.548778
56343,25383,2024-02-21T12:46:02.023039,2025-02-22T07:49:15.548778
56343,67574,2024-02-21T12:46:02.023039,2025-02-22T07:49:15.548778
56343,94203,2024-02-21T12:46:02.023039,2025-02-22T07:49:15.548778
73986,74106,2025-03-06T18:37:16.422593,2025-06-12T07:49:58.916093
73986,48282,2025-03-06T18:37:16.422593,2025-06-12T07:49:58.916093
73986,2732,2025-03-06T18:37:16.422593,2025-06-12T07:49:58.916093
73986,4786,2025-03-06T18:37:16.422593,2025-06-12T07:49:58.916093
73986,92853,2025-03-06T18:37:16.422593,2025-06-12T07:49:58.916093
11235,21324,2024-06-02T15:59:58.311880,2025-07-28T08:39:22.976435
11235,18977,2024-06-02T15:59:58.311880,2025-07-28T08:39:22.976435
11235,78727,2024-06-02T15:59:58.311880,2025-07-28T08:39:22.976435
11235,93799,2024-06-02T15:59:58.311880,2025-07-28T08:39:22.976435
11235,40720,2024-06-02T15:59:58.311880,2025-07-28T08:39:22.976435
19275,35986,2024-04-10T15:12:30.161765,2024-05-08T02:18:23.472638
19275,44459,2024-04-10T15:12:30.161765,2024-05-08T02:18:23.472638
19275,98469,2024-04-10T15:12:30.161765,2024-05-08T02:18:23.472638
19275,32594,2024-04-10T15:12:30.161765,2024-05-08T02:18:23.472638
19275,91131,2024-04-10T15:12:30.161765,2024-05-08T02:18:23.472638
86558,31178,2025-04-03T02:38:06.030230,2025-06-24T22:07:29.388952
86558,38548,2025-04-03T02:38:06.030230,2025-06-24T22:07:29.388952
86558,51345,2025-04-03T02:38:06.030230,2025-06-24T22:07:29.388952
86558,3495,2025-04-03T02:38:06.030230,2025-06-24T22:07:29.388952
86558,93804,2025-04-03T02:38:06.030230,2025-06-24T22:07:29.388952
20081,7441,2025-01-21T20:09:10.447231,2025-03-22T05:16:53.278900
20081,66094,2025-01-21T20:09:10.447231,2025-03-22T05:16:53.278900
20081,28678,2025-01-21T20:09:10.447231,2025-03-22T05:16:53.278900
20081,85990,2025-01-21T20:09:10.447231,2025-03-22T05:16:53.278900
20081,79672,2025-01-21T20:09:10.447231,2025-03-22T05:16:53.278900
72708,68003,2025-04-20T01:23:56.356157,2025-05-15T05:54:13.828649
72708,78780,2025-04-20T01:23:56.356157,2025-05-15T05:54:13.828649
72708,21680,2025-04-20T01:23:56.356157,2025-05-15T05:54:13.828649
72708,59873,2025-04-20T01:23:56.356157,2025-05-15T05:54:13.828649
72708,51345,2025-04-20T01:23:56.356157,2025-05-15T05:54:13.828649
39275,55462,2023-09-10T11:35:31.695200,2025-04-15T01:43:03.484130
39275,50653,2023-09-10T11:35:31.695200,2025-04-15T01:43:03.484130
39275,18977,2023-09-10T11:35:31.695200,2025-04-15T01:43:03.484130
39275,35373,2023-09-10T11:35:31.695200,2025-04-15T01:43:03.484130
39275,41854,2023-09-10T11:35:31.695200,2025-04-15T01:43:03.484130
68045,16538,2023-12-01T07:23:32.657676,2024-07-06T08:23:25.237858
68045,38835,2023-12-01T07:23:32.657676,2024-07-06T08:23:25.237858
68045,77854,2023-12-01T07:23:32.657676,2024-07-06T08:23:25.237858
68045,22108,2023-12-01T07:23:32.657676,2024-07-06T08:23:25.237858
68045,13625,2023-12-01T07:23:32.657676,2024-07-06T08:23:25.237858
64064,96305,2025-07-03T02:08:12.375503,2025-07-04T01:13:08.363624
64064,82198,2025-07-03T02:08:12.375503,2025-07-04T01:13:08.363624
64064,80035,2025-07-03T02:08:12.375503,2025-07-04T01:13:08.363624
64064,77497,2025-07-03T02:08:12.375503,2025-07-04T01:13:08.363624
64064,2832,2025-07-03T02:08:12.375503,2025-07-04T01:13:08.363624
32426,2619,2023-10-30T01:19:40.805875,2023-12-15T23:35:45.872799
32426,40078,2023-10-30T01:19:40.805875,2023-12-15T23:35:45.872799
32426,14524,2023-10-30T01:19:40.805875,2023-12-15T23:35:45.872799
32426,10371,2023-10-30T01:19:40.805875,2023-12-15T23:35:45.872799
32426,65714,2023-10-30T01:19:40.805875,2023-12-15T23:35:45.872799
57253,76591,2024-04-22T10:50:52.096657,2025-07-12T02:13:14.378127
57253,75387,2024-04-22T10:50:52.096657,2025-07-12T02:13:14.378127
57253,61801,2024-04-22T10:50:52.096657,2025-07-12T02:13:14.378127
57253,2902,2024-04-22T10:50:52.096657,2025-07-12T02:13:14.378127
57253,17729,2024-04-22T10:50:52.096657,2025-07-12T02:13:14.378127
60076,63070,2023-09-25T12:22:15.412680,2024-01-08T15:01:47.799950
60076,64585,2023-09-25T12:22:15.412680,2024-01-08T15:01:47.799950
60076,46768,2023-09-25T12:22:15.412680,2024-01-08T15:01:47.799950
60076,29204,2023-09-25T12:22:15.412680,2024-01-08T15:01:47.799950
60076,4854,2023-09-25T12:22:15.412680,2024-01-08T15:01:47.799950
29543,28245,2024-01-15T18:15:34.727244,2024-12-03T00:16:57.990286
29543,5177,2024-01-15T18:15:34.727244,2024-12-03T00:16:57.990286
29543,20732,2024-01-15T18:15:34.727244,2024-12-03T00:16:57.990286
29543,60348,2024-01-15T18:15:34.727244,2024-12-03T00:16:57.990286
29543,6498,2024-01-15T18:15:34.727244,2024-12-03T00:16:57.990286
39656,99055,2023-12-28T03:08:41.021267,2024-06-18T05:31:13.436481
39656,37672,2023-12-28T03:08:41.021267,2024-06-18T05:31:13.436481
39656,56956,2023-12-28T03:08:41.021267,2024-06-18T05:31:13.436481
39656,82813,2023-12-28T03:08:41.021267,2024-06-18T05:31:13.436481
39656,12225,2023-12-28T03:08:41.021267,2024-06-18T05:31:13.436481
26567,87536,2025-05-25T05:28:28.695228,2025-08-08T19:49:08.560569
26567,83804,2025-05-25T05:28:28.695228,2025-08-08T19:49:08.560569
26567,65193,2025-05-25T05:28:28.695228,2025-08-08T19:49:08.560569
26567,71069,2025-05-25T05:28:28.695228,2025-08-08T19:49:08.560569
26567,41310,2025-05-25T05:28:28.695228,2025-08-08T19:49:08.560569
27612,19108,2024-09-25T19:40:08.677974,2025-03-23T05:46:28.933200
27612,76591,2024-09-25T19:40:08.677974,2025-03-23T05:46:28.933200
27612,13365,2024-09-25T19:40:08.677974,2025-03-23T05:46:28.933200
27612,9427,2024-09-25T19:40:08.677974,2025-03-23T05:46:28.933200
27612,28431,2024-09-25T19:40:08.677974,2025-03-23T05:46:28.933200
52314,77854,2025-05-13T00:37:38.013894,2025-08-01T12:00:56.673826
52314,97724,2025-05-13T00:37:38.013894,2025-08-01T12:00:56.673826
52314,20429,2025-05-13T00:37:38.013894,2025-08-01T12:00:56.673826
52314,70934,2025-05-13T00:37:38.013894,2025-08-01T12:00:56.673826
52314,41275,2025-05-13T00:37:38.013894,2025-08-01T12:00:56.673826
9683,22932,2025-05-11T07:27:25.697426,2025-07-22T17:35:07.411879
9683,37616,2025-05-11T07:27:25.697426,2025-07-22T17:35:07.411879
9683,62253,2025-05-11T07:27:25.697426,2025-07-22T17:35:07.411879
9683,6549,2025-05-11T07:27:25.697426,2025-07-22T17:35:07.411879
9683,25852,2025-05-11T07:27:25.697426,2025-07-22T17:35:07.411879
41390,61491,2024-09-24T15:31:49.536513,2025-05-26T03:44:07.445729
41390,22105,2024-09-24T15:31:49.536513,2025-05-26T03:44:07.445729
41390,91956,2024-09-24T15:31:49.536513,2025-05-26T03:44:07.445729
41390,50541,2024-09-24T15:31:49.536513,2025-05-26T03:44:07.445729
41390,33867,2024-09-24T15:31:49.536513,2025-05-26T03:44:07.445729
51911,90140,2023-10-30T05:18:38.975574,2023-10-30T22:47:22.169494
51911,9412,2023-10-30T05:18:38.975574,2023-10-30T22:47:22.169494
51911,47945,2023-10-30T05:18:38.975574,2023-10-30T22:47:22.169494
51911,57542,2023-10-30T05:18:38.975574,2023-10-30T22:47:22.169494
51911,11475,2023-10-30T05:18:38.975574,2023-10-30T22:47:22.169494
88472,60348,2025-03-10T10:08:34.596905,2025-05-22T03:29:45.478551
88472,91956,2025-03-10T10:08:34.596905,2025-05-22T03:29:45.478551
88472,40063,2025-03-10T10:08:34.596905,2025-05-22T03:29:45.478551
88472,12271,2025-03-10T10:08:34.596905,2025-05-22T03:29:45.478551
88472,67614,2025-03-10T10:08:34.596905,2025-05-22T03:29:45.478551
46262,66441,2023-10-17T07:42:45.650091,2025-04-06T04:38:20.782545
46262,82488,2023-10-17T07:42:45.650091,2025-04-06T04:38:20.782545
46262,26692,2023-10-17T07:42:45.650091,2025-04-06T04:38:20.782545
46262,32711,2023-10-17T07:42:45.650091,2025-04-06T04:38:20.782545
46262,17068,2023-10-17T07:42:45.650091,2025-04-06T04:38:20.782545
79365,15127,2024-11-30T03:28:49.127401,2025-03-19T13:16:54.894010
79365,87536,2024-11-30T03:28:49.127401,2025-03-19T13:16:54.894010
79365,85224,2024-11-30T03:28:49.127401,2025-03-19T13:16:54.894010
79365,22706,2024-11-30T03:28:49.127401,2025-03-19T13:16:54.894010
79365,3830,2024-11-30T03:28:49.127401,2025-03-19T13:16:54.894010
85964,94049,2024-12-30T00:57:08.472204,2025-08-21T08:58:19.180385
85964,14524,2024-12-30T00:57:08.472204,2025-08-21T08:58:19.180385
85964,14147,2024-12-30T00:57:08.472204,2025-08-21T08:58:19.180385
85964,82813,2024-12-30T00:57:08.472204,2025-08-21T08:58:19.180385
85964,99061,2024-12-30T00:57:08.472204,2025-08-21T08:58:19.180385
52735,2728,2025-02-06T12:14:21.997941,2025-06-16T21:37:55.271332
52735,96622,2025-02-06T12:14:21.997941,2025-06-16T21:37:55.271332
52735,76242,2025-02-06T12:14:21.997941,2025-06-16T21:37:55.271332
52735,86849,2025-02-06T12:14:21.997941,2025-06-16T21:37:55.271332
52735,42348,2025-02-06T12:14:21.997941,2025-06-16T21:37:55.271332
83423,34726,2023-10-26T21:44:16.867534,2024-09-22T02:50:27.167683
83423,10429,2023-10-26T21:44:16.867534,2024-09-22T02:50:27.167683
83423,64163,2023-10-26T21:44:16.867534,2024-09-22T02:50:27.167683
83423,55921,2023-10-26T21:44:16.867534,2024-09-22T02:50:27.167683
83423,59884,2023-10-26T21:44:16.867534,2024-09-22T02:50:27.167683
21133,16807,2024-11-15T12:53:15.397407,2024-12-14T23:39:45.403827
21133,55742,2024-11-15T12:53:15.397407,2024-12-14T23:39:45.403827
21133,36894,2024-11-15T12:53:15.397407,2024-12-14T23:39:45.403827
21133,23941,2024-11-15T12:53:15.397407,2024-12-14T23:39:45.403827
21133,41854,2024-11-15T12:53:15.397407,2024-12-14T23:39:45.403827
59584,5759,2023-12-15T01:57:13.523374,2024-10-31T15:07:45.862204
59584,51345,2023-12-15T01:57:13.523374,2024-10-31T15:07:45.862204
59584,88759,2023-12-15T01:57:13.523374,2024-10-31T15:07:45.862204
59584,34761,2023-12-15T01:57:13.523374,2024-10-31T15:07:45.862204
59584,85471,2023-12-15T01:57:13.523374,2024-10-31T15:07:45.862204
89434,46284,2025-04-14T20:09:35.723946,2025-05-01T10:32:05.878609
89434,88258,2025-04-14T20:09:35.723946,2025-05-01T10:32:05.878609
89434,11375,2025-04-14T20:09:35.723946,2025-05-01T10:32:05.878609
89434,41854,2025-04-14T20:09:35.723946,2025-05-01T10:32:05.878609
89434,18000,2025-04-14T20:09:35.723946,2025-05-01T10:32:05.878609
8705,74196,2025-02-07T00:38:33.697511,2025-03-29T23:48:35.157451
8705,68060,2025-02-07T00:38:33.697511,2025-03-29T23:48:35.157451
8705,56828,2025-02-07T00:38:33.697511,2025-03-29T23:48:35.157451
8705,86182,2025-02-07T00:38:33.697511,2025-03-29T23:48:35.157451
8705,84583,2025-02-07T00:38:33.697511,2025-03-29T23:48:35.157451
73459,56832,2025-07-04T06:59:21.781353,2025-08-03T06:57:52.514050
73459,18000,2025-07-04T06:59:21.781353,2025-08-03T06:57:52.514050
73459,3386,2025-07-04T06:59:21.781353,2025-08-03T06:57:52.514050
73459,13115,2025-07-04T06:59:21.781353,2025-08-03T06:57:52.514050
73459,42173,2025-07-04T06:59:21.781353,2025-08-03T06:57:52.514050
40131,41966,2023-12-25T19:54:35.236226,2024-11-04T10:02:42.679976
40131,68692,2023-12-25T19:54:35.236226,2024-11-04T10:02:42.679976
40131,78727,2023-12-25T19:54:35.236226,2024-11-04T10:02:42.679976
40131,92282,2023-12-25T19:54:35.236226,2024-11-04T10:02:42.679976
40131,95879,2023-12-25T19:54:35.236226,2024-11-04T10:02:42.679976
68781,19471,2024-10-15T14:20:35.085113,2024-12-02T19:30:05.078049
68781,20006,2024-10-15T14:20:35.085113,2024-12-02T19:30:05.078049
68781,93804,2024-10-15T14:20:35.085113,2024-12-02T19:30:05.078049
68781,55525,2024-10-15T14:20:35.085113,2024-12-02T19:30:05.078049
68781,46709,2024-10-15T14:20:35.085113,2024-12-02T19:30:05.078049
34205,6593,2024-06-02T19:02:23.168019,2025-01-21T16:18:11.824629
34205,71224,2024-06-02T19:02:23.168019,2025-01-21T16:18:11.824629
34205,12226,2024-06-02T19:02:23.168019,2025-01-21T16:18:11.824629
34205,83288,2024-06-02T19:02:23.168019,2025-01-21T16:18:11.824629
34205,4854,2024-06-02T19:02:23.168019,2025-01-21T16:18:11.824629
20825,998,2025-08-02T23:34:22.708777,2025-08-11T12:59:39.413200
20825,67175,2025-08-02T23:34:22.708777,2025-08-11T12:59:39.413200
20825,49765,2025-08-02T23:34:22.708777,2025-08-11T12:59:39.413200
20825,33867,2025-08-02T23:34:22.708777,2025-08-11T12:59:39.413200
20825,72246,2025-08-02T23:34:22.708777,2025-08-11T12:59:39.413200
95538,16807,2024-08-20T06:15:12.981898,2025-07-29T16:28:43.489194
95538,22105,2024-08-20T06:15:12.981898,2025-07-29T16:28:43.489194
95538,88847,2024-08-20T06:15:12.981898,2025-07-29T16:28:43.489194
95538,22876,2024-08-20T06:15:12.981898,2025-07-29T16:28:43.489194
95538,45498,2024-08-20T06:15:12.981898,2025-07-29T16:28:43.489194
7922,56832,2025-05-23T06:33:17.795656,2025-06-24T22:54:29.891891
7922,2489,2025-05-23T06:33:17.795656,2025-06-24T22:54:29.891891
7922,44714,2025-05-23T06:33:17.795656,2025-06-24T22:54:29.891891
7922,97773,2025-05-23T06:33:17.795656,2025-06-24T22:54:29.891891
7922,60146,2025-05-23T06:33:17.795656,2025-06-24T22:54:29.891891
62075,88258,2024-08-31T09:02:41.410296,2025-04-11T14:59:59.024530
62075,52005,2024-08-31T09:02:41.410296,2025-04-11T14:59:59.024530
62075,34322,2024-08-31T09:02:41.410296,2025-04-11T14:59:59.024530
62075,43418,2024-08-31T09:02:41.410296,2025-04-11T14:59:59.024530
62075,90885,2024-08-31T09:02:41.410296,2025-04-11T14:59:59.024530
31910,64865,2025-01-22T01:39:32.177294,2025-07-16T11:55:41.092172
31910,62866,2025-01-22T01:39:32.177294,2025-07-16T11:55:41.092172
31910,72246,2025-01-22T01:39:32.177294,2025-07-16T11:55:41.092172
31910,65014,2025-01-22T01:39:32.177294,2025-07-16T11:55:41.092172
31910,22446,2025-01-22T01:39:32.177294,2025-07-16T11:55:41.092172
6717,8597,2024-12-11T20:32:12.418341,2025-05-18T13:01:21.174724
6717,15496,2024-12-11T20:32:12.418341,2025-05-18T13:01:21.174724
6717,77025,2024-12-11T20:32:12.418341,2025-05-18T13:01:21.174724
6717,77615,2024-12-11T20:32:12.418341,2025-05-18T13:01:21.174724
6717,67631,2024-12-11T20:32:12.418341,2025-05-18T13:01:21.174724
48905,31807,2023-09-22T03:57:12.389311,2023-10-06T14:29:18.373885
48905,681,2023-09-22T03:57:12.389311,2023-10-06T14:29:18.373885
48905,49607,2023-09-22T03:57:12.389311,2023-10-06T14:29:18.373885
48905,54057,2023-09-22T03:57:12.389311,2023-10-06T14:29:18.373885
48905,68692,2023-09-22T03:57:12.389311,2023-10-06T14:29:18.373885
11632,46201,2024-03-31T03:23:13.528768,2025-01-16T12:44:32.205372
11632,65610,2024-03-31T03:23:13.528768,2025-01-16T12:44:32.205372
11632,56547,2024-03-31T03:23:13.528768,2025-01-16T12:44:32.205372
11632,81458,2024-03-31T03:23:13.528768,2025-01-16T12:44:32.205372
11632,28112,2024-03-31T03:23:13.528768,2025-01-16T12:44:32.205372
83190,66920,2023-09-21T16:48:04.933752,2024-10-05T18:38:11.304758
83190,56832,2023-09-21T16:48:04.933752,2024-10-05T18:38:11.304758
83190,49297,2023-09-21T16:48:04.933752,2024-10-05T18:38:11.304758
83190,88847,2023-09-21T16:48:04.933752,2024-10-05T18:38:11.304758
83190,28646,2023-09-21T16:48:04.933752,2024-10-05T18:38:11.304758
14673,50541,2024-03-09T16:04:28.554739,2024-12-04T22:26:50.027404
14673,77313,2024-03-09T16:04:28.554739,2024-12-04T22:26:50.027404
14673,3193,2024-03-09T16:04:28.554739,2024-12-04T22:26:50.027404
14673,67631,2024-03-09T16:04:28.554739,2024-12-04T22:26:50.027404
14673,63070,2024-03-09T16:04:28.554739,2024-12-04T22:26:50.027404
82266,7297,2025-05-05T02:31:03.977536,2025-05-05T21:16:49.436149
82266,70688,2025-05-05T02:31:03.977536,2025-05-05T21:16:49.436149
82266,68416,2025-05-05T02:31:03.977536,2025-05-05T21:16:49.436149
82266,76148,2025-05-05T02:31:03.977536,2025-05-05T21:16:49.436149
82266,14737,2025-05-05T02:31:03.977536,2025-05-05T21:16:49.436149
12418,1383,2024-01-15T21:55:38.964730,2025-03-18T20:15:18.577100
12418,63724,2024-01-15T21:55:38.964730,2025-03-18T20:15:18.577100
12418,78307,2024-01-15T21:55:38.964730,2025-03-18T20:15:18.577100
12418,59873,2024-01-15T21:55:38.964730,2025-03-18T20:15:18.577100
12418,46399,2024-01-15T21:55:38.964730,2025-03-18T20:15:18.577100
4003,36819,2025-03-26T02:23:50.119325,2025-06-30T15:21:18.212692
4003,50653,2025-03-26T02:23:50.119325,2025-06-30T15:21:18.212692
4003,84091,2025-03-26T02:23:50.119325,2025-06-30T15:21:18.212692
4003,96838,2025-03-26T02:23:50.119325,2025-06-30T15:21:18.212692
4003,89956,2025-03-26T02:23:50.119325,2025-06-30T15:21:18.212692
13242,72409,2024-12-17T15:14:01.668781,2025-06-19T11:32:33.698806
13242,51157,2024-12-17T15:14:01.668781,2025-06-19T11:32:33.698806
13242,52334,2024-12-17T15:14:01.668781,2025-06-19T11:32:33.698806
13242,33087,2024-12-17T15:14:01.668781,2025-06-19T11:32:33.698806
13242,77313,2024-12-17T15:14:01.668781,2025-06-19T11:32:33.698806
94286,3936,2025-03-04T19:28:30.491522,2025-08-13T17:49:52.658858
94286,64163,2025-03-04T19:28:30.491522,2025-08-13T17:49:52.658858
94286,7392,2025-03-04T19:28:30.491522,2025-08-13T17:49:52.658858
94286,26548,2025-03-04T19:28:30.491522,2025-08-13T17:49:52.658858
94286,79636,2025-03-04T19:28:30.491522,2025-08-13T17:49:52.658858
65258,66210,2024-11-26T15:36:25.001459,2025-07-13T21:17:37.954615
65258,3193,2024-11-26T15:36:25.001459,2025-07-13T21:17:37.954615
65258,17957,2024-11-26T15:36:25.001459,2025-07-13T21:17:37.954615
65258,8395,2024-11-26T15:36:25.001459,2025-07-13T21:17:37.954615
65258,61406,2024-11-26T15:36:25.001459,2025-07-13T21:17:37.954615
28547,38201,2024-07-16T20:17:33.572344,2025-03-11T00:09:12.549089
28547,65072,2024-07-16T20:17:33.572344,2025-03-11T00:09:12.549089
28547,55605,2024-07-16T20:17:33.572344,2025-03-11T00:09:12.549089
28547,84219,2024-07-16T20:17:33.572344,2025-03-11T00:09:12.549089
28547,49297,2024-07-16T20:17:33.572344,2025-03-11T00:09:12.549089
98501,3753,2024-11-26T00:02:08.746979,2025-05-23T07:28:15.070688
98501,49765,2024-11-26T00:02:08.746979,2025-05-23T07:28:15.070688
98501,18468,2024-11-26T00:02:08.746979,2025-05-23T07:28:15.070688
98501,87926,2024-11-26T00:02:08.746979,2025-05-23T07:28:15.070688
98501,44459,2024-11-26T00:02:08.746979,2025-05-23T07:28:15.070688
78003,60469,2024-03-15T20:49:35.067663,2024-07-04T07:50:54.365368
78003,52330,2024-03-15T20:49:35.067663,2024-07-04T07:50:54.365368
78003,24792,2024-03-15T20:49:35.067663,2024-07-04T07:50:54.365368
78003,18310,2024-03-15T20:49:35.067663,2024-07-04T07:50:54.365368
78003,94968,2024-03-15T20:49:35.067663,2024-07-04T07:50:54.365368
55884,55387,2024-09-16T08:17:19.523998,2024-10-29T14:15:26.254499
55884,69796,2024-09-16T08:17:19.523998,2024-10-29T14:15:26.254499
55884,29537,2024-09-16T08:17:19.523998,2024-10-29T14:15:26.254499
55884,66118,2024-09-16T08:17:19.523998,2024-10-29T14:15:26.254499
55884,93799,2024-09-16T08:17:19.523998,2024-10-29T14:15:26.254499
73574,10607,2024-01-16T09:09:08.958639,2025-06-09T00:05:18.740414
73574,96316,2024-01-16T09:09:08.958639,2025-06-09T00:05:18.740414
73574,76751,2024-01-16T09:09:08.958639,2025-06-09T00:05:18.740414
73574,84219,2024-01-16T09:09:08.958639,2025-06-09T00:05:18.740414
73574,46069,2024-01-16T09:09:08.958639,2025-06-09T00:05:18.740414
24225,1105,2025-06-23T06:08:46.312864,2025-06-25T14:35:22.394967
24225,27853,2025-06-23T06:08:46.312864,2025-06-25T14:35:22.394967
24225,93963,2025-06-23T06:08:46.312864,2025-06-25T14:35:22.394967
24225,79661,2025-06-23T06:08:46.312864,2025-06-25T14:35:22.394967
24225,96838,2025-06-23T06:08:46.312864,2025-06-25T14:35:22.394967
27415,22446,2024-06-20T11:51:30.863479,2025-05-24T22:41:42.994345
27415,56847,2024-06-20T11:51:30.863479,2025-05-24T22:41:42.994345
27415,57542,2024-06-20T11:51:30.863479,2025-05-24T22:41:42.994345
27415,81757,2024-06-20T11:51:30.863479,2025-05-24T22:41:42.994345
27415,39741,2024-06-20T11:51:30.863479,2025-05-24T22:41:42.994345
68398,33876,2025-05-31T20:39:14.480401,2025-08-14T05:25:56.251946
68398,68651,2025-05-31T20:39:14.480401,2025-08-14T05:25:56.251946
68398,72163,2025-05-31T20:39:14.480401,2025-08-14T05:25:56.251946
68398,32122,2025-05-31T20:39:14.480401,2025-08-14T05:25:56.251946
68398,10126,2025-05-31T20:39:14.480401,2025-08-14T05:25:56.251946
54886,83822,2024-03-31T17:47:17.750294,2025-06-05T19:41:16.378613
54886,35498,2024-03-31T17:47:17.750294,2025-06-05T19:41:16.378613
54886,98566,2024-03-31T17:47:17.750294,2025-06-05T19:41:16.378613
54886,72409,2024-03-31T17:47:17.750294,2025-06-05T19:41:16.378613
54886,8517,2024-03-31T17:47:17.750294,2025-06-05T19:41:16.378613
25509,99061,2024-05-28T21:30:48.688317,2024-10-20T16:40:48.998096
25509,76291,2024-05-28T21:30:48.688317,2024-10-20T16:40:48.998096
25509,35867,2024-05-28T21:30:48.688317,2024-10-20T16:40:48.998096
25509,45326,2024-05-28T21:30:48.688317,2024-10-20T16:40:48.998096
25509,32785,2024-05-28T21:30:48.688317,2024-10-20T16:40:48.998096
62619,54696,2023-10-19T16:34:11.049993,2024-10-05T06:46:21.281445
62619,46201,2023-10-19T16:34:11.049993,2024-10-05T06:46:21.281445
62619,27071,2023-10-19T16:34:11.049993,2024-10-05T06:46:21.281445
62619,68060,2023-10-19T16:34:11.049993,2024-10-05T06:46:21.281445
62619,51455,2023-10-19T16:34:11.049993,2024-10-05T06:46:21.281445
14496,89798,2025-04-19T01:54:30.849311,2025-07-25T19:56:18.827176
14496,74577,2025-04-19T01:54:30.849311,2025-07-25T19:56:18.827176
14496,6256,2025-04-19T01:54:30.849311,2025-07-25T19:56:18.827176
14496,60436,2025-04-19T01:54:30.849311,2025-07-25T19:56:18.827176
14496,44736,2025-04-19T01:54:30.849311,2025-07-25T19:56:18.827176
28200,53929,2023-10-24T00:44:10.857478,2025-07-04T20:27:42.420679
28200,14225,2023-10-24T00:44:10.857478,2025-07-04T20:27:42.420679
28200,8517,2023-10-24T00:44:10.857478,2025-07-04T20:27:42.420679
28200,38474,2023-10-24T00:44:10.857478,2025-07-04T20:27:42.420679
28200,31799,2023-10-24T00:44:10.857478,2025-07-04T20:27:42.420679
92942,2832,2025-05-06T01:59:36.832713,2025-06-12T12:58:38.081007
92942,38474,2025-05-06T01:59:36.832713,2025-06-12T12:58:38.081007
92942,84086,2025-05-06T01:59:36.832713,2025-06-12T12:58:38.081007
92942,34669,2025-05-06T01:59:36.832713,2025-06-12T12:58:38.081007
92942,90965,2025-05-06T01:59:36.832713,2025-06-12T12:58:38.081007
38602,42568,2024-09-05T00:46:50.396546,2025-05-25T14:45:53.574559
38602,75850,2024-09-05T00:46:50.396546,2025-05-25T14:45:53.574559
38602,87480,2024-09-05T00:46:50.396546,2025-05-25T14:45:53.574559
38602,11851,2024-09-05T00:46:50.396546,2025-05-25T14:45:53.574559
38602,45498,2024-09-05T00:46:50.396546,2025-05-25T14:45:53.574559
87517,54057,2024-01-11T00:20:02.435359,2024-11-08T06:35:43.659907
87517,24264,2024-01-11T00:20:02.435359,2024-11-08T06:35:43.659907
87517,98658,2024-01-11T00:20:02.435359,2024-11-08T06:35:43.659907
87517,27955,2024-01-11T00:20:02.435359,2024-11-08T06:35:43.659907
87517,81082,2024-01-11T00:20:02.435359,2024-11-08T06:35:43.659907
45829,91544,2025-04-29T20:01:54.421049,2025-05-28T11:04:14.267424
45829,56925,2025-04-29T20:01:54.421049,2025-05-28T11:04:14.267424
45829,92380,2025-04-29T20:01:54.421049,2025-05-28T11:04:14.267424
45829,10772,2025-04-29T20:01:54.421049,2025-05-28T11:04:14.267424
45829,38201,2025-04-29T20:01:54.421049,2025-05-28T11:04:14.267424
44916,42477,2025-01-04T22:26:39.785343,2025-06-14T11:39:16.258106
44916,22822,2025-01-04T22:26:39.785343,2025-06-14T11:39:16.258106
44916,92989,2025-01-04T22:26:39.785343,2025-06-14T11:39:16.258106
44916,50653,2025-01-04T22:26:39.785343,2025-06-14T11:39:16.258106
44916,71673,2025-01-04T22:26:39.785343,2025-06-14T11:39:16.258106
47014,10772,2024-02-12T14:33:10.420128,2025-05-19T16:32:14.662729
47014,87480,2024-02-12T14:33:10.420128,2025-05-19T16:32:14.662729
47014,83317,2024-02-12T14:33:10.420128,2025-05-19T16:32:14.662729
47014,69598,2024-02-12T14:33:10.420128,2025-05-19T16:32:14.662729
47014,20771,2024-02-12T14:33:10.420128,2025-05-19T16:32:14.662729
30817,61801,2025-01-28T02:18:17.299829,2025-06-14T13:02:15.424732
30817,48223,2025-01-28T02:18:17.299829,2025-06-14T13:02:15.424732
30817,6537,2025-01-28T02:18:17.299829,2025-06-14T13:02:15.424732
30817,17541,2025-01-28T02:18:17.299829,2025-06-14T13:02:15.424732
30817,12853,2025-01-28T02:18:17.299829,2025-06-14T13:02:15.424732
13118,26644,2024-11-01T23:01:27.586368,2025-02-10T11:45:47.923138
13118,6340,2024-11-01T23:01:27.586368,2025-02-10T11:45:47.923138
13118,18154,2024-11-01T23:01:27.586368,2025-02-10T11:45:47.923138
13118,71042,2024-11-01T23:01:27.586368,2025-02-10T11:45:47.923138
13118,90710,2024-11-01T23:01:27.586368,2025-02-10T11:45:47.923138
8587,10772,2024-10-07T19:22:28.164513,2025-04-28T17:54:35.076832
8587,49765,2024-10-07T19:22:28.164513,2025-04-28T17:54:35.076832
8587,26250,2024-10-07T19:22:28.164513,2025-04-28T17:54:35.076832
8587,59729,2024-10-07T19:22:28.164513,2025-04-28T17:54:35.076832
8587,56359,2024-10-07T19:22:28.164513,2025-04-28T17:54:35.076832
68953,40063,2025-03-03T17:42:02.342977,2025-07-17T04:57:59.100749
68953,35254,2025-03-03T17:42:02.342977,2025-07-17T04:57:59.100749
68953,66084,2025-03-03T17:42:02.342977,2025-07-17T04:57:59.100749
68953,29204,2025-03-03T17:42:02.342977,2025-07-17T04:57:59.100749
68953,68416,2025-03-03T17:42:02.342977,2025-07-17T04:57:59.100749
84783,23410,2024-05-07T11:59:58.944280,2025-08-18T14:21:11.225896
84783,91544,2024-05-07T11:59:58.944280,2025-08-18T14:21:11.225896
84783,15507,2024-05-07T11:59:58.944280,2025-08-18T14:21:11.225896
84783,55174,2024-05-07T11:59:58.944280,2025-08-18T14:21:11.225896
84783,25342,2024-05-07T11:59:58.944280,2025-08-18T14:21:11.225896
70944,19999,2024-07-06T16:06:36.778705,2025-02-21T06:25:47.583201
70944,76751,2024-07-06T16:06:36.778705,2025-02-21T06:25:47.583201
70944,52094,2024-07-06T16:06:36.778705,2025-02-21T06:25:47.583201
70944,63441,2024-07-06T16:06:36.778705,2025-02-21T06:25:47.583201
70944,91131,2024-07-06T16:06:36.778705,2025-02-21T06:25:47.583201
31321,31499,2025-06-09T08:40:08.965798,2025-07-13T00:01:36.753123
31321,62424,2025-06-09T08:40:08.965798,2025-07-13T00:01:36.753123
31321,78697,2025-06-09T08:40:08.965798,2025-07-13T00:01:36.753123
31321,82488,2025-06-09T08:40:08.965798,2025-07-13T00:01:36.753123
31321,55742,2025-06-09T08:40:08.965798,2025-07-13T00:01:36.753123
84066,24930,2024-03-23T11:09:49.857466,2024-06-27T11:07:17.620283
84066,20006,2024-03-23T11:09:49.857466,2024-06-27T11:07:17.620283
84066,13547,2024-03-23T11:09:49.857466,2024-06-27T11:07:17.620283
84066,28112,2024-03-23T11:09:49.857466,2024-06-27T11:07:17.620283
84066,71410,2024-03-23T11:09:49.857466,2024-06-27T11:07:17.620283
59218,25990,2025-08-06T11:00:44.462664,2025-08-09T09:29:06.985594
59218,56847,2025-08-06T11:00:44.462664,2025-08-09T09:29:06.985594
59218,31438,2025-08-06T11:00:44.462664,2025-08-09T09:29:06.985594
59218,96622,2025-08-06T11:00:44.462664,2025-08-09T09:29:06.985594
59218,43439,2025-08-06T11:00:44.462664,2025-08-09T09:29:06.985594
7618,94968,2025-03-15T07:17:12.614932,2025-06-15T19:11:46.326568
7618,48696,2025-03-15T07:17:12.614932,2025-06-15T19:11:46.326568
7618,59861,2025-03-15T07:17:12.614932,2025-06-15T19:11:46.326568
7618,7477,2025-03-15T07:17:12.614932,2025-06-15T19:11:46.326568
7618,56201,2025-03-15T07:17:12.614932,2025-06-15T19:11:46.326568
26651,73068,2025-07-06T19:38:10.693543,2025-07-24T21:33:52.809689
26651,34356,2025-07-06T19:38:10.693543,2025-07-24T21:33:52.809689
26651,81905,2025-07-06T19:38:10.693543,2025-07-24T21:33:52.809689
26651,85493,2025-07-06T19:38:10.693543,2025-07-24T21:33:52.809689
26651,16538,2025-07-06T19:38:10.693543,2025-07-24T21:33:52.809689
13843,71410,2024-03-07T21:35:01.967771,2025-02-11T22:13:45.030563
13843,77625,2024-03-07T21:35:01.967771,2025-02-11T22:13:45.030563
13843,63441,2024-03-07T21:35:01.967771,2025-02-11T22:13:45.030563
13843,59635,2024-03-07T21:35:01.967771,2025-02-11T22:13:45.030563
13843,24425,2024-03-07T21:35:01.967771,2025-02-11T22:13:45.030563
62784,76970,2024-09-04T04:49:13.071987,2024-10-01T15:51:39.741762
62784,6042,2024-09-04T04:49:13.071987,2024-10-01T15:51:39.741762
62784,39927,2024-09-04T04:49:13.071987,2024-10-01T15:51:39.741762
62784,54797,2024-09-04T04:49:13.071987,2024-10-01T15:51:39.741762
62784,62151,2024-09-04T04:49:13.071987,2024-10-01T15:51:39.741762
2207,80517,2025-01-22T06:43:56.262004,2025-06-14T02:35:18.732061
2207,20771,2025-01-22T06:43:56.262004,2025-06-14T02:35:18.732061
2207,3830,2025-01-22T06:43:56.262004,2025-06-14T02:35:18.732061
2207,90304,2025-01-22T06:43:56.262004,2025-06-14T02:35:18.732061
2207,61250,2025-01-22T06:43:56.262004,2025-06-14T02:35:18.732061
95112,12683,2025-01-19T13:25:24.510221,2025-03-15T16:37:55.912166
95112,27009,2025-01-19T13:25:24.510221,2025-03-15T16:37:55.912166
95112,17385,2025-01-19T13:25:24.510221,2025-03-15T16:37:55.912166
95112,22450,2025-01-19T13:25:24.510221,2025-03-15T16:37:55.912166
95112,43439,2025-01-19T13:25:24.510221,2025-03-15T16:37:55.912166
55068,9850,2024-06-28T14:08:15.691467,2025-04-07T02:56:51.216341
55068,1309,2024-06-28T14:08:15.691467,2025-04-07T02:56:51.216341
55068,19205,2024-06-28T14:08:15.691467,2025-04-07T02:56:51.216341
55068,78307,2024-06-28T14:08:15.691467,2025-04-07T02:56:51.216341
55068,80869,2024-06-28T14:08:15.691467,2025-04-07T02:56:51.216341
77627,61044,2025-04-27T06:57:12.387092,2025-06-13T22:46:13.061620
77627,11785,2025-04-27T06:57:12.387092,2025-06-13T22:46:13.061620
77627,11563,2025-04-27T06:57:12.387092,2025-06-13T22:46:13.061620
77627,65097,2025-04-27T06:57:12.387092,2025-06-13T22:46:13.061620
77627,83006,2025-04-27T06:57:12.387092,2025-06-13T22:46:13.061620
39006,54471,2023-12-14T16:05:29.484563,2023-12-24T15:15:54.300181
39006,36987,2023-12-14T16:05:29.484563,2023-12-24T15:15:54.300181
39006,42348,2023-12-14T16:05:29.484563,2023-12-24T15:15:54.300181
39006,13973,2023-12-14T16:05:29.484563,2023-12-24T15:15:54.300181
39006,22450,2023-12-14T16:05:29.484563,2023-12-24T15:15:54.300181
79259,42568,2024-02-28T16:04:23.326551,2025-04-15T06:48:20.079869
79259,55742,2024-02-28T16:04:23.326551,2025-04-15T06:48:20.079869
79259,88759,2024-02-28T16:04:23.326551,2025-04-15T06:48:20.079869
79259,67137,2024-02-28T16:04:23.326551,2025-04-15T06:48:20.079869
79259,77683,2024-02-28T16:04:23.326551,2025-04-15T06:48:20.079869
37176,81458,2024-05-25T02:13:50.739261,2025-06-30T17:27:32.601750
37176,76751,2024-05-25T02:13:50.739261,2025-06-30T17:27:32.601750
37176,80754,2024-05-25T02:13:50.739261,2025-06-30T17:27:32.601750
37176,40374,2024-05-25T02:13:50.739261,2025-06-30T17:27:32.601750
37176,42240,2024-05-25T02:13:50.739261,2025-06-30T17:27:32.601750
74310,1715,2023-10-27T20:42:47.781680,2025-03-10T07:46:52.336323
74310,24979,2023-10-27T20:42:47.781680,2025-03-10T07:46:52.336323
74310,60729,2023-10-27T20:42:47.781680,2025-03-10T07:46:52.336323
74310,59176,2023-10-27T20:42:47.781680,2025-03-10T07:46:52.336323
74310,90070,2023-10-27T20:42:47.781680,2025-03-10T07:46:52.336323
69369,19999,2024-07-15T12:08:42.651339,2024-09-17T16:05:31.428739
69369,23043,2024-07-15T12:08:42.651339,2024-09-17T16:05:31.428739
69369,56359,2024-07-15T12:08:42.651339,2024-09-17T16:05:31.428739
69369,57178,2024-07-15T12:08:42.651339,2024-09-17T16:05:31.428739
69369,7477,2024-07-15T12:08:42.651339,2024-09-17T16:05:31.428739
68502,17957,2024-10-04T02:38:55.892987,2025-05-06T11:53:44.271253
68502,11441,2024-10-04T02:38:55.892987,2025-05-06T11:53:44.271253
68502,75922,2024-10-04T02:38:55.892987,2025-05-06T11:53:44.271253
68502,53230,2024-10-04T02:38:55.892987,2025-05-06T11:53:44.271253
68502,29150,2024-10-04T02:38:55.892987,2025-05-06T11:53:44.271253
58259,44519,2024-07-07T08:27:22.020395,2025-03-18T17:47:22.333106
58259,25712,2024-07-07T08:27:22.020395,2025-03-18T17:47:22.333106
58259,53800,2024-07-07T08:27:22.020395,2025-03-18T17:47:22.333106
58259,92609,2024-07-07T08:27:22.020395,2025-03-18T17:47:22.333106
58259,34726,2024-07-07T08:27:22.020395,2025-03-18T17:47:22.333106
7033,43276,2024-11-18T17:46:47.524709,2024-12-24T22:43:25.837290
7033,58083,2024-11-18T17:46:47.524709,2024-12-24T22:43:25.837290
7033,38201,2024-11-18T17:46:47.524709,2024-12-24T22:43:25.837290
7033,43855,2024-11-18T17:46:47.524709,2024-12-24T22:43:25.837290
7033,80517,2024-11-18T17:46:47.524709,2024-12-24T22:43:25.837290
97685,16671,2025-07-05T08:16:32.402866,2025-07-24T10:31:38.997634
97685,47117,2025-07-05T08:16:32.402866,2025-07-24T10:31:38.997634
97685,46772,2025-07-05T08:16:32.402866,2025-07-24T10:31:38.997634
97685,53018,2025-07-05T08:16:32.402866,2025-07-24T10:31:38.997634
97685,37878,2025-07-05T08:16:32.402866,2025-07-24T10:31:38.997634
66566,92922,2024-07-08T15:24:03.596955,2025-05-15T06:33:31.347580
66566,19663,2024-07-08T15:24:03.596955,2025-05-15T06:33:31.347580
66566,38835,2024-07-08T15:24:03.596955,2025-05-15T06:33:31.347580
66566,12360,2024-07-08T15:24:03.596955,2025-05-15T06:33:31.347580
66566,61491,2024-07-08T15:24:03.596955,2025-05-15T06:33:31.347580
37835,33810,2024-06-01T18:27:45.406408,2025-02-19T20:34:05.246164
37835,62196,2024-06-01T18:27:45.406408,2025-02-19T20:34:05.246164
37835,6537,2024-06-01T18:27:45.406408,2025-02-19T20:34:05.246164
37835,2832,2024-06-01T18:27:45.406408,2025-02-19T20:34:05.246164
37835,54076,2024-06-01T18:27:45.406408,2025-02-19T20:34:05.246164
57551,63067,2023-09-14T07:39:20.587651,2024-02-28T17:50:08.228842
57551,31563,2023-09-14T07:39:20.587651,2024-02-28T17:50:08.228842
57551,67137,2023-09-14T07:39:20.587651,2024-02-28T17:50:08.228842
57551,78020,2023-09-14T07:39:20.587651,2024-02-28T17:50:08.228842
57551,82023,2023-09-14T07:39:20.587651,2024-02-28T17:50:08.228842
62772,22105,2024-02-17T22:09:33.519718,2024-12-28T10:31:56.607940
62772,95017,2024-02-17T22:09:33.519718,2024-12-28T10:31:56.607940
62772,13625,2024-02-17T22:09:33.519718,2024-12-28T10:31:56.607940
62772,44714,2024-02-17T22:09:33.519718,2024-12-28T10:31:56.607940
62772,81757,2024-02-17T22:09:33.519718,2024-12-28T10:31:56.607940
5370,68692,2025-05-01T05:20:48.878581,2025-06-24T07:19:06.998067
5370,86755,2025-05-01T05:20:48.878581,2025-06-24T07:19:06.998067
5370,72340,2025-05-01T05:20:48.878581,2025-06-24T07:19:06.998067
5370,72163,2025-05-01T05:20:48.878581,2025-06-24T07:19:06.998067
5370,47760,2025-05-01T05:20:48.878581,2025-06-24T07:19:06.998067
74940,34761,2024-10-31T22:12:27.538389,2024-11-29T13:42:36.428577
74940,84981,2024-10-31T22:12:27.538389,2024-11-29T13:42:36.428577
74940,22446,2024-10-31T22:12:27.538389,2024-11-29T13:42:36.428577
74940,36987,2024-10-31T22:12:27.538389,2024-11-29T13:42:36.428577
74940,29537,2024-10-31T22:12:27.538389,2024-11-29T13:42:36.428577
27485,33938,2023-12-17T02:28:11.152170,2024-08-14T21:09:49.652452
27485,56925,2023-12-17T02:28:11.152170,2024-08-14T21:09:49.652452
27485,1939,2023-12-17T02:28:11.152170,2024-08-14T21:09:49.652452
27485,66271,2023-12-17T02:28:11.152170,2024-08-14T21:09:49.652452
27485,93577,2023-12-17T02:28:11.152170,2024-08-14T21:09:49.652452
27919,49607,2024-12-05T16:27:43.102576,2025-08-18T04:43:26.117532
27919,47760,2024-12-05T16:27:43.102576,2025-08-18T04:43:26.117532
27919,65870,2024-12-05T16:27:43.102576,2025-08-18T04:43:26.117532
27919,10607,2024-12-05T16:27:43.102576,2025-08-18T04:43:26.117532
27919,46333,2024-12-05T16:27:43.102576,2025-08-18T04:43:26.117532
95477,81757,2025-02-12T23:39:56.452384,2025-05-16T15:47:16.673441
95477,41310,2025-02-12T23:39:56.452384,2025-05-16T15:47:16.673441
95477,52330,2025-02-12T23:39:56.452384,2025-05-16T15:47:16.673441
95477,91544,2025-02-12T23:39:56.452384,2025-05-16T15:47:16.673441
95477,87309,2025-02-12T23:39:56.452384,2025-05-16T15:47:16.673441
9550,40256,2023-10-16T18:02:54.401784,2025-05-29T02:57:32.557276
9550,5392,2023-10-16T18:02:54.401784,2025-05-29T02:57:32.557276
9550,26767,2023-10-16T18:02:54.401784,2025-05-29T02:57:32.557276
9550,54057,2023-10-16T18:02:54.401784,2025-05-29T02:57:32.557276
9550,36987,2023-10-16T18:02:54.401784,2025-05-29T02:57:32.557276
58432,10772,2025-06-29T01:46:48.013645,2025-07-20T22:41:50.091534
58432,32105,2025-06-29T01:46:48.013645,2025-07-20T22:41:50.091534
58432,17729,2025-06-29T01:46:48.013645,2025-07-20T22:41:50.091534
58432,68416,2025-06-29T01:46:48.013645,2025-07-20T22:41:50.091534
58432,67137,2025-06-29T01:46:48.013645,2025-07-20T22:41:50.091534
13027,25712,2024-06-18T13:50:04.989519,2025-08-11T19:25:02.710821
13027,17898,2024-06-18T13:50:04.989519,2025-08-11T19:25:02.710821
13027,27009,2024-06-18T13:50:04.989519,2025-08-11T19:25:02.710821
13027,83822,2024-06-18T13:50:04.989519,2025-08-11T19:25:02.710821
13027,60469,2024-06-18T13:50:04.989519,2025-08-11T19:25:02.710821
12468,64163,2024-09-23T22:15:52.933053,2024-12-09T05:56:42.065073
12468,15496,2024-09-23T22:15:52.933053,2024-12-09T05:56:42.065073
12468,60487,2024-09-23T22:15:52.933053,2024-12-09T05:56:42.065073
12468,17494,2024-09-23T22:15:52.933053,2024-12-09T05:56:42.065073
12468,47129,2024-09-23T22:15:52.933053,2024-12-09T05:56:42.065073
19918,88847,2024-07-22T05:05:35.929448,2025-06-20T17:56:51.488683
19918,51671,2024-07-22T05:05:35.929448,2025-06-20T17:56:51.488683
19918,21142,2024-07-22T05:05:35.929448,2025-06-20T17:56:51.488683
19918,23378,2024-07-22T05:05:35.929448,2025-06-20T17:56:51.488683
19918,12271,2024-07-22T05:05:35.929448,2025-06-20T17:56:51.488683
56667,48202,2024-11-21T23:51:10.563602,2025-03-09T15:29:01.044823
56667,54696,2024-11-21T23:51:10.563602,2025-03-09T15:29:01.044823
56667,75186,2024-11-21T23:51:10.563602,2025-03-09T15:29:01.044823
56667,18310,2024-11-21T23:51:10.563602,2025-03-09T15:29:01.044823
56667,81410,2024-11-21T23:51:10.563602,2025-03-09T15:29:01.044823
88305,78989,2025-02-19T20:57:48.148818,2025-05-27T05:04:42.884359
88305,80754,2025-02-19T20:57:48.148818,2025-05-27T05:04:42.884359
88305,21142,2025-02-19T20:57:48.148818,2025-05-27T05:04:42.884359
88305,44565,2025-02-19T20:57:48.148818,2025-05-27T05:04:42.884359
88305,75802,2025-02-19T20:57:48.148818,2025-05-27T05:04:42.884359
58428,92853,2025-07-31T22:34:45.791950,2025-08-12T14:30:13.931297
58428,10238,2025-07-31T22:34:45.791950,2025-08-12T14:30:13.931297
58428,51056,2025-07-31T22:34:45.791950,2025-08-12T14:30:13.931297
58428,3830,2025-07-31T22:34:45.791950,2025-08-12T14:30:13.931297
58428,23712,2025-07-31T22:34:45.791950,2025-08-12T14:30:13.931297
99985,71142,2024-12-17T00:09:25.168025,2025-01-27T00:29:09.479655
99985,98658,2024-12-17T00:09:25.168025,2025-01-27T00:29:09.479655
99985,87309,2024-12-17T00:09:25.168025,2025-01-27T00:29:09.479655
99985,45498,2024-12-17T00:09:25.168025,2025-01-27T00:29:09.479655
99985,61697,2024-12-17T00:09:25.168025,2025-01-27T00:29:09.479655
16139,80288,2023-11-28T16:02:38.796948,2025-02-17T23:20:17.185045
16139,12271,2023-11-28T16:02:38.796948,2025-02-17T23:20:17.185045
16139,6498,2023-11-28T16:02:38.796948,2025-02-17T23:20:17.185045
16139,61555,2023-11-28T16:02:38.796948,2025-02-17T23:20:17.185045
16139,11563,2023-11-28T16:02:38.796948,2025-02-17T23:20:17.185045
72922,8055,2025-03-02T23:36:57.284478,2025-07-14T21:57:50.320928
72922,78020,2025-03-02T23:36:57.284478,2025-07-14T21:57:50.320928
72922,98473,2025-03-02T23:36:57.284478,2025-07-14T21:57:50.320928
72922,81486,2025-03-02T23:36:57.284478,2025-07-14T21:57:50.320928
72922,10932,2025-03-02T23:36:57.284478,2025-07-14T21:57:50.320928
1818,81458,2024-08-28T19:01:49.746744,2025-02-21T18:05:16.755795
1818,76751,2024-08-28T19:01:49.746744,2025-02-21T18:05:16.755795
1818,75922,2024-08-28T19:01:49.746744,2025-02-21T18:05:16.755795
1818,35001,2024-08-28T19:01:49.746744,2025-02-21T18:05:16.755795
1818,32122,2024-08-28T19:01:49.746744,2025-02-21T18:05:16.755795
26929,76970,2024-09-06T12:10:48.529220,2025-02-20T16:40:57.942193
26929,47760,2024-09-06T12:10:48.529220,2025-02-20T16:40:57.942193
26929,23618,2024-09-06T12:10:48.529220,2025-02-20T16:40:57.942193
26929,80288,2024-09-06T12:10:48.529220,2025-02-20T16:40:57.942193
26929,28468,2024-09-06T12:10:48.529220,2025-02-20T16:40:57.942193
82746,52334,2024-04-20T12:24:13.325833,2025-01-09T04:51:30.565011
82746,77099,2024-04-20T12:24:13.325833,2025-01-09T04:51:30.565011
82746,12683,2024-04-20T12:24:13.325833,2025-01-09T04:51:30.565011
82746,25342,2024-04-20T12:24:13.325833,2025-01-09T04:51:30.565011
82746,73476,2024-04-20T12:24:13.325833,2025-01-09T04:51:30.565011
13247,43439,2024-08-23T17:40:36.645895,2025-02-19T20:11:05.346990
13247,55742,2024-08-23T17:40:36.645895,2025-02-19T20:11:05.346990
13247,25383,2024-08-23T17:40:36.645895,2025-02-19T20:11:05.346990
13247,21143,2024-08-23T17:40:36.645895,2025-02-19T20:11:05.346990
13247,11982,2024-08-23T17:40:36.645895,2025-02-19T20:11:05.346990
89202,77615,2024-10-29T17:05:12.632708,2024-11-16T18:02:54.528675
89202,80288,2024-10-29T17:05:12.632708,2024-11-16T18:02:54.528675
89202,54550,2024-10-29T17:05:12.632708,2024-11-16T18:02:54.528675
89202,11475,2024-10-29T17:05:12.632708,2024-11-16T18:02:54.528675
89202,46709,2024-10-29T17:05:12.632708,2024-11-16T18:02:54.528675
53000,11750,2024-10-01T06:14:54.467220,2025-06-29T15:24:20.141216
53000,71224,2024-10-01T06:14:54.467220,2025-06-29T15:24:20.141216
53000,47137,2024-10-01T06:14:54.467220,2025-06-29T15:24:20.141216
53000,48915,2024-10-01T06:14:54.467220,2025-06-29T15:24:20.141216
53000,2329,2024-10-01T06:14:54.467220,2025-06-29T15:24:20.141216
64011,39576,2024-03-09T01:48:13.439869,2024-11-05T16:08:56.963440
64011,57873,2024-03-09T01:48:13.439869,2024-11-05T16:08:56.963440
64011,59176,2024-03-09T01:48:13.439869,2024-11-05T16:08:56.963440
64011,77267,2024-03-09T01:48:13.439869,2024-11-05T16:08:56.963440
64011,89519,2024-03-09T01:48:13.439869,2024-11-05T16:08:56.963440
28250,81458,2025-07-03T10:12:09.744684,2025-07-14T01:31:05.992052
28250,54383,2025-07-03T10:12:09.744684,2025-07-14T01:31:05.992052
28250,31807,2025-07-03T10:12:09.744684,2025-07-14T01:31:05.992052
28250,55605,2025-07-03T10:12:09.744684,2025-07-14T01:31:05.992052
28250,54499,2025-07-03T10:12:09.744684,2025-07-14T01:31:05.992052
3973,59910,2023-09-03T01:49:59.805411,2025-06-19T03:42:44.399298
3973,74431,2023-09-03T01:49:59.805411,2025-06-19T03:42:44.399298
3973,43855,2023-09-03T01:49:59.805411,2025-06-19T03:42:44.399298
3973,10238,2023-09-03T01:49:59.805411,2025-06-19T03:42:44.399298
3973,80723,2023-09-03T01:49:59.805411,2025-06-19T03:42:44.399298
10430,56851,2024-07-10T01:43:55.891736,2025-07-17T07:01:12.571602
10430,10772,2024-07-10T01:43:55.891736,2025-07-17T07:01:12.571602
10430,85493,2024-07-10T01:43:55.891736,2025-07-17T07:01:12.571602
10430,28678,2024-07-10T01:43:55.891736,2025-07-17T07:01:12.571602
10430,10285,2024-07-10T01:43:55.891736,2025-07-17T07:01:12.571602
54493,61684,2024-08-01T22:09:55.953555,2025-06-05T21:44:33.528677
54493,67175,2024-08-01T22:09:55.953555,2025-06-05T21:44:33.528677
54493,64116,2024-08-01T22:09:55.953555,2025-06-05T21:44:33.528677
54493,73625,2024-08-01T22:09:55.953555,2025-06-05T21:44:33.528677
54493,80208,2024-08-01T22:09:55.953555,2025-06-05T21:44:33.528677
54737,22450,2023-11-04T16:07:23.494365,2024-03-31T06:33:56.494138
54737,67125,2023-11-04T16:07:23.494365,2024-03-31T06:33:56.494138
54737,49297,2023-11-04T16:07:23.494365,2024-03-31T06:33:56.494138
54737,34694,2023-11-04T16:07:23.494365,2024-03-31T06:33:56.494138
54737,81082,2023-11-04T16:07:23.494365,2024-03-31T06:33:56.494138
647,23618,2024-04-10T03:18:26.642269,2025-05-02T23:29:09.619992
647,85990,2024-04-10T03:18:26.642269,2025-05-02T23:29:09.619992
647,23640,2024-04-10T03:18:26.642269,2025-05-02T23:29:09.619992
647,7583,2024-04-10T03:18:26.642269,2025-05-02T23:29:09.619992
647,22108,2024-04-10T03:18:26.642269,2025-05-02T23:29:09.619992
69813,4531,2024-04-27T17:40:27.763709,2025-07-22T04:03:19.441019
69813,42418,2024-04-27T17:40:27.763709,2025-07-22T04:03:19.441019
69813,24653,2024-04-27T17:40:27.763709,2025-07-22T04:03:19.441019
69813,26644,2024-04-27T17:40:27.763709,2025-07-22T04:03:19.441019
69813,71673,2024-04-27T17:40:27.763709,2025-07-22T04:03:19.441019
30671,87381,2025-01-08T09:21:15.377602,2025-01-08T16:34:28.383665
30671,90965,2025-01-08T09:21:15.377602,2025-01-08T16:34:28.383665
30671,89087,2025-01-08T09:21:15.377602,2025-01-08T16:34:28.383665
30671,65786,2025-01-08T09:21:15.377602,2025-01-08T16:34:28.383665
30671,14147,2025-01-08T09:21:15.377602,2025-01-08T16:34:28.383665
27083,32122,2025-07-29T16:29:19.742034,2025-07-30T08:08:52.136895
27083,30246,2025-07-29T16:29:19.742034,2025-07-30T08:08:52.136895
27083,30517,2025-07-29T16:29:19.742034,2025-07-30T08:08:52.136895
27083,66470,2025-07-29T16:29:19.742034,2025-07-30T08:08:52.136895
27083,90793,2025-07-29T16:29:19.742034,2025-07-30T08:08:52.136895
64338,99816,2024-07-07T23:20:36.446607,2025-03-12T21:23:53.520839
64338,51296,2024-07-07T23:20:36.446607,2025-03-12T21:23:53.520839
64338,46399,2024-07-07T23:20:36.446607,2025-03-12T21:23:53.520839
64338,9060,2024-07-07T23:20:36.446607,2025-03-12T21:23:53.520839
64338,87926,2024-07-07T23:20:36.446607,2025-03-12T21:23:53.520839
73750,76623,2023-12-16T15:44:35.671769,2024-11-10T21:54:43.498266
73750,81666,2023-12-16T15:44:35.671769,2024-11-10T21:54:43.498266
73750,3739,2023-12-16T15:44:35.671769,2024-11-10T21:54:43.498266
73750,63070,2023-12-16T15:44:35.671769,2024-11-10T21:54:43.498266
73750,12522,2023-12-16T15:44:35.671769,2024-11-10T21:54:43.498266
98044,95437,2024-03-23T22:04:18.129853,2024-08-23T01:36:03.757637
98044,9561,2024-03-23T22:04:18.129853,2024-08-23T01:36:03.757637
98044,80754,2024-03-23T22:04:18.129853,2024-08-23T01:36:03.757637
98044,20732,2024-03-23T22:04:18.129853,2024-08-23T01:36:03.757637
98044,24264,2024-03-23T22:04:18.129853,2024-08-23T01:36:03.757637
48745,27071,2024-07-06T17:23:04.142219,2024-07-21T09:07:23.245272
48745,34281,2024-07-06T17:23:04.142219,2024-07-21T09:07:23.245272
48745,1192,2024-07-06T17:23:04.142219,2024-07-21T09:07:23.245272
48745,52780,2024-07-06T17:23:04.142219,2024-07-21T09:07:23.245272
48745,46772,2024-07-06T17:23:04.142219,2024-07-21T09:07:23.245272
30774,12360,2023-12-31T08:42:42.834710,2024-12-17T06:45:22.342391
30774,66094,2023-12-31T08:42:42.834710,2024-12-17T06:45:22.342391
30774,2194,2023-12-31T08:42:42.834710,2024-12-17T06:45:22.342391
30774,73311,2023-12-31T08:42:42.834710,2024-12-17T06:45:22.342391
30774,96890,2023-12-31T08:42:42.834710,2024-12-17T06:45:22.342391
7195,7651,2024-05-14T13:31:55.763168,2025-02-25T23:14:53.689714
7195,91544,2024-05-14T13:31:55.763168,2025-02-25T23:14:53.689714
7195,78240,2024-05-14T13:31:55.763168,2025-02-25T23:14:53.689714
7195,46399,2024-05-14T13:31:55.763168,2025-02-25T23:14:53.689714
7195,80288,2024-05-14T13:31:55.763168,2025-02-25T23:14:53.689714
26053,94759,2024-08-29T04:55:26.375608,2024-11-19T12:44:37.084843
26053,80869,2024-08-29T04:55:26.375608,2024-11-19T12:44:37.084843
26053,71649,2024-08-29T04:55:26.375608,2024-11-19T12:44:37.084843
26053,49896,2024-08-29T04:55:26.375608,2024-11-19T12:44:37.084843
26053,66441,2024-08-29T04:55:26.375608,2024-11-19T12:44:37.084843
13555,95124,2025-02-16T01:06:02.380049,2025-06-24T00:53:00.366038
13555,19417,2025-02-16T01:06:02.380049,2025-06-24T00:53:00.366038
13555,65911,2025-02-16T01:06:02.380049,2025-06-24T00:53:00.366038
13555,42240,2025-02-16T01:06:02.380049,2025-06-24T00:53:00.366038
13555,41978,2025-02-16T01:06:02.380049,2025-06-24T00:53:00.366038
22942,86972,2024-12-26T13:18:59.860295,2025-04-19T20:40:34.130152
22942,59285,2024-12-26T13:18:59.860295,2025-04-19T20:40:34.130152
22942,71471,2024-12-26T13:18:59.860295,2025-04-19T20:40:34.130152
22942,46772,2024-12-26T13:18:59.860295,2025-04-19T20:40:34.130152
22942,95485,2024-12-26T13:18:59.860295,2025-04-19T20:40:34.130152
69597,71042,2023-10-05T00:35:04.960558,2023-11-25T20:44:25.509210
69597,35,2023-10-05T00:35:04.960558,2023-11-25T20:44:25.509210
69597,2564,2023-10-05T00:35:04.960558,2023-11-25T20:44:25.509210
69597,91893,2023-10-05T00:35:04.960558,2023-11-25T20:44:25.509210
69597,49607,2023-10-05T00:35:04.960558,2023-11-25T20:44:25.509210
42636,34795,2023-12-29T10:16:34.191620,2024-08-25T09:59:53.165440
42636,79775,2023-12-29T10:16:34.191620,2024-08-25T09:59:53.165440
42636,46399,2023-12-29T10:16:34.191620,2024-08-25T09:59:53.165440
42636,90135,2023-12-29T10:16:34.191620,2024-08-25T09:59:53.165440
42636,75895,2023-12-29T10:16:34.191620,2024-08-25T09:59:53.165440
47325,13814,2024-02-06T11:41:11.092831,2024-10-05T13:37:01.833557
47325,52005,2024-02-06T11:41:11.092831,2024-10-05T13:37:01.833557
47325,7441,2024-02-06T11:41:11.092831,2024-10-05T13:37:01.833557
47325,67896,2024-02-06T11:41:11.092831,2024-10-05T13:37:01.833557
47325,81486,2024-02-06T11:41:11.092831,2024-10-05T13:37:01.833557
7385,3753,2024-11-21T18:03:57.079332,2024-12-06T03:15:06.466851
7385,93,2024-11-21T18:03:57.079332,2024-12-06T03:15:06.466851
7385,2194,2024-11-21T18:03:57.079332,2024-12-06T03:15:06.466851
7385,74024,2024-11-21T18:03:57.079332,2024-12-06T03:15:06.466851
7385,76623,2024-11-21T18:03:57.079332,2024-12-06T03:15:06.466851
53890,14074,2025-03-23T21:54:17.913923,2025-05-25T18:56:18.633609
53890,51485,2025-03-23T21:54:17.913923,2025-05-25T18:56:18.633609
53890,43287,2025-03-23T21:54:17.913923,2025-05-25T18:56:18.633609
53890,40720,2025-03-23T21:54:17.913923,2025-05-25T18:56:18.633609
53890,71964,2025-03-23T21:54:17.913923,2025-05-25T18:56:18.633609
3205,76487,2024-12-31T17:36:38.410850,2025-04-30T02:42:39.393877
3205,56006,2024-12-31T17:36:38.410850,2025-04-30T02:42:39.393877
3205,43544,2024-12-31T17:36:38.410850,2025-04-30T02:42:39.393877
3205,88855,2024-12-31T17:36:38.410850,2025-04-30T02:42:39.393877
3205,81387,2024-12-31T17:36:38.410850,2025-04-30T02:42:39.393877
64857,6042,2024-07-18T02:36:54.815038,2024-12-14T01:32:45.361764
64857,76591,2024-07-18T02:36:54.815038,2024-12-14T01:32:45.361764
64857,87222,2024-07-18T02:36:54.815038,2024-12-14T01:32:45.361764
64857,14661,2024-07-18T02:36:54.815038,2024-12-14T01:32:45.361764
64857,18202,2024-07-18T02:36:54.815038,2024-12-14T01:32:45.361764
7137,3011,2025-05-27T15:05:50.514041,2025-07-31T23:37:42.242677
7137,85572,2025-05-27T15:05:50.514041,2025-07-31T23:37:42.242677
7137,97773,2025-05-27T15:05:50.514041,2025-07-31T23:37:42.242677
7137,28431,2025-05-27T15:05:50.514041,2025-07-31T23:37:42.242677
7137,65714,2025-05-27T15:05:50.514041,2025-07-31T23:37:42.242677
62053,10371,2024-09-24T23:50:59.973402,2025-01-07T10:47:40.402568
62053,28710,2024-09-24T23:50:59.973402,2025-01-07T10:47:40.402568
62053,23043,2024-09-24T23:50:59.973402,2025-01-07T10:47:40.402568
62053,95485,2024-09-24T23:50:59.973402,2025-01-07T10:47:40.402568
62053,44119,2024-09-24T23:50:59.973402,2025-01-07T10:47:40.402568
40112,3739,2024-12-22T07:26:26.026089,2025-02-28T15:15:41.644303
40112,33938,2024-12-22T07:26:26.026089,2025-02-28T15:15:41.644303
40112,91544,2024-12-22T07:26:26.026089,2025-02-28T15:15:41.644303
40112,57193,2024-12-22T07:26:26.026089,2025-02-28T15:15:41.644303
40112,86137,2024-12-22T07:26:26.026089,2025-02-28T15:15:41.644303
45574,6593,2023-11-23T15:16:17.548596,2024-01-12T11:33:54.691230
45574,11785,2023-11-23T15:16:17.548596,2024-01-12T11:33:54.691230
45574,77625,2023-11-23T15:16:17.548596,2024-01-12T11:33:54.691230
45574,46746,2023-11-23T15:16:17.548596,2024-01-12T11:33:54.691230
45574,34669,2023-11-23T15:16:17.548596,2024-01-12T11:33:54.691230
67517,23859,2024-10-11T20:20:16.947314,2025-06-07T08:11:55.513128
67517,87222,2024-10-11T20:20:16.947314,2025-06-07T08:11:55.513128
67517,49765,2024-10-11T20:20:16.947314,2025-06-07T08:11:55.513128
67517,2462,2024-10-11T20:20:16.947314,2025-06-07T08:11:55.513128
67517,11563,2024-10-11T20:20:16.947314,2025-06-07T08:11:55.513128
39016,51041,2024-06-21T17:22:51.370250,2025-02-19T15:43:03.847871
39016,55589,2024-06-21T17:22:51.370250,2025-02-19T15:43:03.847871
39016,55536,2024-06-21T17:22:51.370250,2025-02-19T15:43:03.847871
39016,81644,2024-06-21T17:22:51.370250,2025-02-19T15:43:03.847871
39016,83598,2024-06-21T17:22:51.370250,2025-02-19T15:43:03.847871
9072,23618,2023-09-21T13:21:58.975982,2025-01-30T03:13:57.044800
9072,55128,2023-09-21T13:21:58.975982,2025-01-30T03:13:57.044800
9072,43863,2023-09-21T13:21:58.975982,2025-01-30T03:13:57.044800
9072,41483,2023-09-21T13:21:58.975982,2025-01-30T03:13:57.044800
9072,14984,2023-09-21T13:21:58.975982,2025-01-30T03:13:57.044800
24876,16492,2024-07-01T22:35:47.963266,2025-03-07T12:10:23.176231
24876,67338,2024-07-01T22:35:47.963266,2025-03-07T12:10:23.176231
24876,29248,2024-07-01T22:35:47.963266,2025-03-07T12:10:23.176231
24876,35373,2024-07-01T22:35:47.963266,2025-03-07T12:10:23.176231
24876,68416,2024-07-01T22:35:47.963266,2025-03-07T12:10:23.176231
93880,21149,2025-01-08T11:11:36.217885,2025-03-23T20:08:04.685955
93880,18348,2025-01-08T11:11:36.217885,2025-03-23T20:08:04.685955
93880,31202,2025-01-08T11:11:36.217885,2025-03-23T20:08:04.685955
93880,46069,2025-01-08T11:11:36.217885,2025-03-23T20:08:04.685955
93880,80723,2025-01-08T11:11:36.217885,2025-03-23T20:08:04.685955
98300,87926,2025-06-30T01:07:28.306654,2025-07-21T05:00:01.844131
98300,71142,2025-06-30T01:07:28.306654,2025-07-21T05:00:01.844131
98300,2728,2025-06-30T01:07:28.306654,2025-07-21T05:00:01.844131
98300,28710,2025-06-30T01:07:28.306654,2025-07-21T05:00:01.844131
98300,66271,2025-06-30T01:07:28.306654,2025-07-21T05:00:01.844131
72294,76816,2025-06-06T21:40:29.070522,2025-08-06T15:47:47.635253
72294,41245,2025-06-06T21:40:29.070522,2025-08-06T15:47:47.635253
72294,65072,2025-06-06T21:40:29.070522,2025-08-06T15:47:47.635253
72294,43595,2025-06-06T21:40:29.070522,2025-08-06T15:47:47.635253
72294,71224,2025-06-06T21:40:29.070522,2025-08-06T15:47:47.635253
76891,25597,2024-02-26T12:52:24.486160,2025-04-04T09:20:44.504599
76891,11475,2024-02-26T12:52:24.486160,2025-04-04T09:20:44.504599
76891,49144,2024-02-26T12:52:24.486160,2025-04-04T09:20:44.504599
76891,14074,2024-02-26T12:52:24.486160,2025-04-04T09:20:44.504599
76891,30813,2024-02-26T12:52:24.486160,2025-04-04T09:20:44.504599
76899,94290,2024-07-02T01:13:59.939474,2025-03-24T13:59:37.380522
76899,57193,2024-07-02T01:13:59.939474,2025-03-24T13:59:37.380522
76899,96890,2024-07-02T01:13:59.939474,2025-03-24T13:59:37.380522
76899,88367,2024-07-02T01:13:59.939474,2025-03-24T13:59:37.380522
76899,55743,2024-07-02T01:13:59.939474,2025-03-24T13:59:37.380522
33415,44714,2024-05-11T19:15:48.739945,2025-07-17T08:47:51.576728
33415,66210,2024-05-11T19:15:48.739945,2025-07-17T08:47:51.576728
33415,30246,2024-05-11T19:15:48.739945,2025-07-17T08:47:51.576728
33415,13547,2024-05-11T19:15:48.739945,2025-07-17T08:47:51.576728
33415,64116,2024-05-11T19:15:48.739945,2025-07-17T08:47:51.576728
60694,78989,2024-01-17T05:52:19.936436,2025-05-12T05:33:52.204673
60694,25597,2024-01-17T05:52:19.936436,2025-05-12T05:33:52.204673
60694,27873,2024-01-17T05:52:19.936436,2025-05-12T05:33:52.204673
60694,31564,2024-01-17T05:52:19.936436,2025-05-12T05:33:52.204673
60694,34761,2024-01-17T05:52:19.936436,2025-05-12T05:33:52.204673
52028,10371,2025-04-02T18:33:33.923915,2025-07-22T09:00:53.705492
52028,23859,2025-04-02T18:33:33.923915,2025-07-22T09:00:53.705492
52028,10126,2025-04-02T18:33:33.923915,2025-07-22T09:00:53.705492
52028,76634,2025-04-02T18:33:33.923915,2025-07-22T09:00:53.705492
52028,79184,2025-04-02T18:33:33.923915,2025-07-22T09:00:53.705492
5515,83317,2024-09-12T11:21:11.456182,2025-06-21T17:51:26.444435
5515,62866,2024-09-12T11:21:11.456182,2025-06-21T17:51:26.444435
5515,75387,2024-09-12T11:21:11.456182,2025-06-21T17:51:26.444435
5515,87183,2024-09-12T11:21:11.456182,2025-06-21T17:51:26.444435
5515,66894,2024-09-12T11:21:11.456182,2025-06-21T17:51:26.444435
5431,4786,2024-01-27T18:49:07.877078,2024-11-28T12:53:53.166836
5431,63179,2024-01-27T18:49:07.877078,2024-11-28T12:53:53.166836
5431,11300,2024-01-27T18:49:07.877078,2024-11-28T12:53:53.166836
5431,83804,2024-01-27T18:49:07.877078,2024-11-28T12:53:53.166836
5431,27221,2024-01-27T18:49:07.877078,2024-11-28T12:53:53.166836
95833,74196,2025-04-06T03:38:54.074591,2025-04-08T20:14:57.518163
95833,41556,2025-04-06T03:38:54.074591,2025-04-08T20:14:57.518163
95833,72550,2025-04-06T03:38:54.074591,2025-04-08T20:14:57.518163
95833,2206,2025-04-06T03:38:54.074591,2025-04-08T20:14:57.518163
95833,10126,2025-04-06T03:38:54.074591,2025-04-08T20:14:57.518163
52554,33443,2024-07-30T20:47:47.268419,2025-05-30T08:07:03.045909
52554,61555,2024-07-30T20:47:47.268419,2025-05-30T08:07:03.045909
52554,33025,2024-07-30T20:47:47.268419,2025-05-30T08:07:03.045909
52554,37397,2024-07-30T20:47:47.268419,2025-05-30T08:07:03.045909
52554,10126,2024-07-30T20:47:47.268419,2025-05-30T08:07:03.045909
6277,43684,2023-10-27T13:24:16.896978,2024-04-19T15:19:36.419198
6277,67217,2023-10-27T13:24:16.896978,2024-04-19T15:19:36.419198
6277,12756,2023-10-27T13:24:16.896978,2024-04-19T15:19:36.419198
6277,61853,2023-10-27T13:24:16.896978,2024-04-19T15:19:36.419198
6277,51789,2023-10-27T13:24:16.896978,2024-04-19T15:19:36.419198
2226,84091,2024-06-19T03:22:14.098548,2024-11-16T23:00:16.048573
2226,27853,2024-06-19T03:22:14.098548,2024-11-16T23:00:16.048573
2226,26423,2024-06-19T03:22:14.098548,2024-11-16T23:00:16.048573
2226,4854,2024-06-19T03:22:14.098548,2024-11-16T23:00:16.048573
2226,37212,2024-06-19T03:22:14.098548,2024-11-16T23:00:16.048573
89768,87222,2024-03-02T17:25:10.474761,2024-12-09T04:55:53.444155
89768,51289,2024-03-02T17:25:10.474761,2024-12-09T04:55:53.444155
89768,42813,2024-03-02T17:25:10.474761,2024-12-09T04:55:53.444155
89768,77099,2024-03-02T17:25:10.474761,2024-12-09T04:55:53.444155
89768,56767,2024-03-02T17:25:10.474761,2024-12-09T04:55:53.444155
23994,73311,2024-06-02T14:16:54.739684,2024-10-29T04:32:14.066923
23994,51546,2024-06-02T14:16:54.739684,2024-10-29T04:32:14.066923
23994,87222,2024-06-02T14:16:54.739684,2024-10-29T04:32:14.066923
23994,29248,2024-06-02T14:16:54.739684,2024-10-29T04:32:14.066923
23994,23305,2024-06-02T14:16:54.739684,2024-10-29T04:32:14.066923
49958,10371,2023-09-07T11:03:11.483653,2024-12-09T14:34:56.664331
49958,65948,2023-09-07T11:03:11.483653,2024-12-09T14:34:56.664331
49958,45474,2023-09-07T11:03:11.483653,2024-12-09T14:34:56.664331
49958,90967,2023-09-07T11:03:11.483653,2024-12-09T14:34:56.664331
49958,8517,2023-09-07T11:03:11.483653,2024-12-09T14:34:56.664331
69059,16144,2024-12-20T11:56:34.372070,2025-07-07T00:54:08.063929
69059,56828,2024-12-20T11:56:34.372070,2025-07-07T00:54:08.063929
69059,14193,2024-12-20T11:56:34.372070,2025-07-07T00:54:08.063929
69059,45474,2024-12-20T11:56:34.372070,2025-07-07T00:54:08.063929
69059,86070,2024-12-20T11:56:34.372070,2025-07-07T00:54:08.063929
76685,81387,2025-03-08T18:19:50.448540,2025-06-18T10:32:35.918937
76685,83857,2025-03-08T18:19:50.448540,2025-06-18T10:32:35.918937
76685,14737,2025-03-08T18:19:50.448540,2025-06-18T10:32:35.918937
76685,81757,2025-03-08T18:19:50.448540,2025-06-18T10:32:35.918937
76685,16802,2025-03-08T18:19:50.448540,2025-06-18T10:32:35.918937
34768,80126,2024-03-29T21:52:42.746399,2025-05-02T19:28:20.355290
34768,53035,2024-03-29T21:52:42.746399,2025-05-02T19:28:20.355290
34768,87445,2024-03-29T21:52:42.746399,2025-05-02T19:28:20.355290
34768,91544,2024-03-29T21:52:42.746399,2025-05-02T19:28:20.355290
34768,71026,2024-03-29T21:52:42.746399,2025-05-02T19:28:20.355290
25528,9792,2024-01-25T05:09:45.783553,2024-06-25T19:01:42.638149
25528,83081,2024-01-25T05:09:45.783553,2024-06-25T19:01:42.638149
25528,26767,2024-01-25T05:09:45.783553,2024-06-25T19:01:42.638149
25528,42568,2024-01-25T05:09:45.783553,2024-06-25T19:01:42.638149
25528,9292,2024-01-25T05:09:45.783553,2024-06-25T19:01:42.638149
74379,59873,2025-02-21T11:06:36.692405,2025-07-22T04:34:26.697370
74379,11750,2025-02-21T11:06:36.692405,2025-07-22T04:34:26.697370
74379,33938,2025-02-21T11:06:36.692405,2025-07-22T04:34:26.697370
74379,31499,2025-02-21T11:06:36.692405,2025-07-22T04:34:26.697370
74379,26832,2025-02-21T11:06:36.692405,2025-07-22T04:34:26.697370
80462,20771,2023-10-09T15:17:01.786096,2025-01-01T09:56:25.983666
80462,79942,2023-10-09T15:17:01.786096,2025-01-01T09:56:25.983666
80462,52240,2023-10-09T15:17:01.786096,2025-01-01T09:56:25.983666
80462,5177,2023-10-09T15:17:01.786096,2025-01-01T09:56:25.983666
80462,74106,2023-10-09T15:17:01.786096,2025-01-01T09:56:25.983666
25628,34173,2025-07-02T14:13:08.957344,2025-07-08T14:43:09.075287
25628,44119,2025-07-02T14:13:08.957344,2025-07-08T14:43:09.075287
25628,51278,2025-07-02T14:13:08.957344,2025-07-08T14:43:09.075287
25628,23618,2025-07-02T14:13:08.957344,2025-07-08T14:43:09.075287
25628,54148,2025-07-02T14:13:08.957344,2025-07-08T14:43:09.075287
24306,51278,2023-09-22T01:08:28.366842,2024-09-23T03:03:26.461905
24306,36293,2023-09-22T01:08:28.366842,2024-09-23T03:03:26.461905
24306,39558,2023-09-22T01:08:28.366842,2024-09-23T03:03:26.461905
24306,71240,2023-09-22T01:08:28.366842,2024-09-23T03:03:26.461905
24306,81387,2023-09-22T01:08:28.366842,2024-09-23T03:03:26.461905
55410,11300,2024-07-31T16:32:30.879487,2024-08-03T09:12:21.545307
55410,63441,2024-07-31T16:32:30.879487,2024-08-03T09:12:21.545307
55410,14524,2024-07-31T16:32:30.879487,2024-08-03T09:12:21.545307
55410,52345,2024-07-31T16:32:30.879487,2024-08-03T09:12:21.545307
55410,78989,2024-07-31T16:32:30.879487,2024-08-03T09:12:21.545307
50693,50403,2024-08-12T01:43:53.852934,2024-10-05T13:04:13.623248
50693,79661,2024-08-12T01:43:53.852934,2024-10-05T13:04:13.623248
50693,14661,2024-08-12T01:43:53.852934,2024-10-05T13:04:13.623248
50693,20395,2024-08-12T01:43:53.852934,2024-10-05T13:04:13.623248
50693,31202,2024-08-12T01:43:53.852934,2024-10-05T13:04:13.623248
82008,41556,2025-02-23T19:50:20.981283,2025-02-24T14:37:12.765049
82008,62151,2025-02-23T19:50:20.981283,2025-02-24T14:37:12.765049
82008,94029,2025-02-23T19:50:20.981283,2025-02-24T14:37:12.765049
82008,95791,2025-02-23T19:50:20.981283,2025-02-24T14:37:12.765049
82008,76623,2025-02-23T19:50:20.981283,2025-02-24T14:37:12.765049
19020,5110,2025-01-19T08:09:07.692421,2025-03-20T18:57:54.173194
19020,30137,2025-01-19T08:09:07.692421,2025-03-20T18:57:54.173194
19020,13734,2025-01-19T08:09:07.692421,2025-03-20T18:57:54.173194
19020,48282,2025-01-19T08:09:07.692421,2025-03-20T18:57:54.173194
19020,53035,2025-01-19T08:09:07.692421,2025-03-20T18:57:54.173194
88680,17541,2024-08-16T20:12:28.259500,2025-05-24T05:50:44.663139
88680,40025,2024-08-16T20:12:28.259500,2025-05-24T05:50:44.663139
88680,19030,2024-08-16T20:12:28.259500,2025-05-24T05:50:44.663139
88680,46399,2024-08-16T20:12:28.259500,2025-05-24T05:50:44.663139
88680,94726,2024-08-16T20:12:28.259500,2025-05-24T05:50:44.663139
42305,40256,2023-11-05T07:30:26.609992,2024-10-09T10:24:21.717636
42305,85224,2023-11-05T07:30:26.609992,2024-10-09T10:24:21.717636
42305,61603,2023-11-05T07:30:26.609992,2024-10-09T10:24:21.717636
42305,72340,2023-11-05T07:30:26.609992,2024-10-09T10:24:21.717636
42305,73625,2023-11-05T07:30:26.609992,2024-10-09T10:24:21.717636
67264,68692,2024-11-09T22:10:53.631356,2025-08-19T00:42:47.753817
67264,64324,2024-11-09T22:10:53.631356,2025-08-19T00:42:47.753817
67264,39741,2024-11-09T22:10:53.631356,2025-08-19T00:42:47.753817
67264,71673,2024-11-09T22:10:53.631356,2025-08-19T00:42:47.753817
67264,64803,2024-11-09T22:10:53.631356,2025-08-19T00:42:47.753817
8590,97930,2024-02-11T12:32:56.252001,2024-06-30T20:30:12.818962
8590,38537,2024-02-11T12:32:56.252001,2024-06-30T20:30:12.818962
8590,89087,2024-02-11T12:32:56.252001,2024-06-30T20:30:12.818962
8590,63882,2024-02-11T12:32:56.252001,2024-06-30T20:30:12.818962
8590,85572,2024-02-11T12:32:56.252001,2024-06-30T20:30:12.818962
76412,20006,2024-05-09T22:35:08.039434,2025-03-18T22:39:11.885660
76412,73015,2024-05-09T22:35:08.039434,2025-03-18T22:39:11.885660
76412,54471,2024-05-09T22:35:08.039434,2025-03-18T22:39:11.885660
76412,86055,2024-05-09T22:35:08.039434,2025-03-18T22:39:11.885660
76412,63179,2024-05-09T22:35:08.039434,2025-03-18T22:39:11.885660
31567,26832,2025-01-10T22:51:49.499652,2025-06-14T06:56:05.858176
31567,36987,2025-01-10T22:51:49.499652,2025-06-14T06:56:05.858176
31567,20429,2025-01-10T22:51:49.499652,2025-06-14T06:56:05.858176
31567,54148,2025-01-10T22:51:49.499652,2025-06-14T06:56:05.858176
31567,33705,2025-01-10T22:51:49.499652,2025-06-14T06:56:05.858176
55488,57178,2024-07-26T18:35:03.606241,2024-08-30T03:47:59.804843
55488,9584,2024-07-26T18:35:03.606241,2024-08-30T03:47:59.804843
55488,71801,2024-07-26T18:35:03.606241,2024-08-30T03:47:59.804843
55488,13148,2024-07-26T18:35:03.606241,2024-08-30T03:47:59.804843
55488,70972,2024-07-26T18:35:03.606241,2024-08-30T03:47:59.804843
52702,38548,2024-12-23T17:59:29.140064,2025-08-17T06:01:33.782616
52702,75186,2024-12-23T17:59:29.140064,2025-08-17T06:01:33.782616
52702,86137,2024-12-23T17:59:29.140064,2025-08-17T06:01:33.782616
52702,7477,2024-12-23T17:59:29.140064,2025-08-17T06:01:33.782616
52702,10761,2024-12-23T17:59:29.140064,2025-08-17T06:01:33.782616
29735,61801,2025-03-27T06:52:53.628093,2025-07-18T16:02:21.866367
29735,41854,2025-03-27T06:52:53.628093,2025-07-18T16:02:21.866367
29735,86070,2025-03-27T06:52:53.628093,2025-07-18T16:02:21.866367
29735,61555,2025-03-27T06:52:53.628093,2025-07-18T16:02:21.866367
29735,31115,2025-03-27T06:52:53.628093,2025-07-18T16:02:21.866367
23936,59542,2025-04-07T06:41:07.449981,2025-08-04T11:19:16.258395
23936,32729,2025-04-07T06:41:07.449981,2025-08-04T11:19:16.258395
23936,96052,2025-04-07T06:41:07.449981,2025-08-04T11:19:16.258395
23936,34530,2025-04-07T06:41:07.449981,2025-08-04T11:19:16.258395
23936,16720,2025-04-07T06:41:07.449981,2025-08-04T11:19:16.258395
57628,61540,2024-08-29T21:27:26.721704,2025-08-13T13:14:06.925389
57628,36947,2024-08-29T21:27:26.721704,2025-08-13T13:14:06.925389
57628,67125,2024-08-29T21:27:26.721704,2025-08-13T13:14:06.925389
57628,5759,2024-08-29T21:27:26.721704,2025-08-13T13:14:06.925389
57628,4531,2024-08-29T21:27:26.721704,2025-08-13T13:14:06.925389
35274,97957,2024-07-22T17:20:50.119243,2024-10-30T19:58:30.315107
35274,10126,2024-07-22T17:20:50.119243,2024-10-30T19:58:30.315107
35274,27635,2024-07-22T17:20:50.119243,2024-10-30T19:58:30.315107
35274,79805,2024-07-22T17:20:50.119243,2024-10-30T19:58:30.315107
35274,14225,2024-07-22T17:20:50.119243,2024-10-30T19:58:30.315107
95491,20732,2025-03-20T18:59:46.711477,2025-07-12T05:31:47.058193
95491,94029,2025-03-20T18:59:46.711477,2025-07-12T05:31:47.058193
95491,3386,2025-03-20T18:59:46.711477,2025-07-12T05:31:47.058193
95491,9451,2025-03-20T18:59:46.711477,2025-07-12T05:31:47.058193
95491,55536,2025-03-20T18:59:46.711477,2025-07-12T05:31:47.058193
7027,28098,2023-12-30T11:58:48.566706,2024-04-11T06:21:36.640721
7027,79041,2023-12-30T11:58:48.566706,2024-04-11T06:21:36.640721
7027,96052,2023-12-30T11:58:48.566706,2024-04-11T06:21:36.640721
7027,59861,2023-12-30T11:58:48.566706,2024-04-11T06:21:36.640721
7027,85990,2023-12-30T11:58:48.566706,2024-04-11T06:21:36.640721
16409,75850,2024-10-03T23:42:42.381527,2025-05-05T00:04:59.975482
16409,90885,2024-10-03T23:42:42.381527,2025-05-05T00:04:59.975482
16409,54907,2024-10-03T23:42:42.381527,2025-05-05T00:04:59.975482
16409,81387,2024-10-03T23:42:42.381527,2025-05-05T00:04:59.975482
16409,74785,2024-10-03T23:42:42.381527,2025-05-05T00:04:59.975482
86045,16807,2024-12-09T21:39:16.610195,2025-04-22T17:02:57.127826
86045,2329,2024-12-09T21:39:16.610195,2025-04-22T17:02:57.127826
86045,56925,2024-12-09T21:39:16.610195,2025-04-22T17:02:57.127826
86045,92570,2024-12-09T21:39:16.610195,2025-04-22T17:02:57.127826
86045,71410,2024-12-09T21:39:16.610195,2025-04-22T17:02:57.127826
81296,6108,2024-06-29T18:58:32.036975,2024-07-30T13:54:16.174604
81296,70596,2024-06-29T18:58:32.036975,2024-07-30T13:54:16.174604
81296,73600,2024-06-29T18:58:32.036975,2024-07-30T13:54:16.174604
81296,65948,2024-06-29T18:58:32.036975,2024-07-30T13:54:16.174604
81296,47559,2024-06-29T18:58:32.036975,2024-07-30T13:54:16.174604
45835,92124,2023-10-02T06:54:43.379475,2023-12-04T00:00:30.501117
45835,25934,2023-10-02T06:54:43.379475,2023-12-04T00:00:30.501117
45835,42418,2023-10-02T06:54:43.379475,2023-12-04T00:00:30.501117
45835,18820,2023-10-02T06:54:43.379475,2023-12-04T00:00:30.501117
45835,94029,2023-10-02T06:54:43.379475,2023-12-04T00:00:30.501117
