id,name,artist,songwriters,duration,genres,album,created_at,updated_at
148,him,Tina Little,Michael Price,00:57,administration,any,2023-05-16 06:40:30,2024-11-14 06:15:15
176,material,Elizabeth Monroe,Ryan Pierce,54:54,big,chair,2023-03-01 03:24:41,2024-09-26 03:53:50
197,account,Molly Torres,William Schmidt,39:29,floor,such,2024-03-12 19:46:30,2024-02-02 01:24:14
292,song,Jason Tate,Charles Chen,24:51,represent,decision,2023-11-18 12:48:20,2024-06-10 12:52:29
453,now,Christopher Finley,Sabrina King,29:12,outside,language,2024-04-14 17:39:11,2024-09-13 20:19:35
733,debate,Kyle Parker,Steven Kirk,02:47,wrong,tough,2023-06-24 15:10:43,2024-01-19 16:39:23
740,opportunity,Stephen Raymond,Taylor Richards,51:26,yourself,prepare,2024-09-11 22:49:46,2024-05-15 02:45:13
748,stop,Catherine Shaffer,Katie Frost,06:06,indeed,practice,2024-01-25 16:57:37,2024-03-01 00:20:49
772,artist,Luke Bryan,Kayla Flowers,28:28,show,analysis,2023-08-10 15:09:52,2024-02-13 09:34:54
888,another,Bonnie Gibson,Morgan Calderon,27:58,soldier,station,2024-08-27 13:29:53,2024-01-08 06:49:12
901,break,Brittany Munoz,Juan Sawyer,48:11,democratic,would,2024-11-17 14:14:34,2024-06-21 17:15:00
904,off,Kelly Stone,Alicia Pace,21:13,money,figure,2022-12-30 02:23:34,2024-02-18 01:33:57
983,heart,Ricky Barnes,Dr. Johnathan Smith,52:39,subject,according,2023-04-17 11:45:49,2024-10-12 14:30:28
1023,Mr,Ann Foster,Virginia Hurst,24:51,manage,light,2024-02-12 23:59:56,2024-02-19 07:18:18
1087,capital,Kyle Turner,Patricia Andrews,41:00,send,training,2023-03-06 18:26:51,2024-05-01 16:01:32
1355,in,Miranda Shaw,Amy Washington,07:42,college,room,2024-01-23 05:14:00,2023-12-07 01:05:05
1360,tell,Joshua Jenkins,Amy Vasquez,14:49,usually,between,2023-03-14 19:00:18,2024-01-24 08:04:57
1715,could,Samuel Brock,Jessica Cortez,07:10,popular,chance,2023-10-03 07:09:09,2024-02-27 22:32:10
1960,mention,Belinda Malone,Samantha Adkins,27:09,scene,although,2023-12-14 21:08:16,2024-05-08 21:09:41
2070,sign,Breanna Mitchell,Alex Davis,09:27,memory,allow,2023-06-10 11:20:10,2024-06-06 17:18:28
2091,green,James Taylor,Shelly Castillo,26:29,time,your,2024-01-31 01:08:32,2024-07-07 11:37:29
2174,rest,Gregory Taylor,Charles Mercer,11:02,option,admit,2024-10-07 03:59:28,2023-12-15 09:24:23
2244,may,Victor Mcmahon,Nathan Pugh,15:56,nearly,science,2023-03-01 12:08:45,2024-06-30 11:17:16
2410,than,Steven Hurley,Kayla Andrews,16:31,cut,sport,2023-12-20 09:36:51,2024-11-09 06:15:06
2425,ability,Mary Perez,Maria Gray,05:50,mouth,win,2023-12-07 18:53:49,2024-03-15 16:20:50
2467,evidence,Charles Charles,Joseph Villa,48:43,when,entire,2024-09-02 05:24:19,2023-12-02 20:13:11
2545,choose,Meghan Taylor,John Martinez,19:47,technology,few,2023-04-25 14:52:19,2024-05-10 05:20:07
2744,collection,Matthew Raymond,Thomas Mejia,30:44,that,make,2024-11-21 07:32:50,2024-10-09 12:52:43
3047,modern,Dana Simmons,Jennifer Johnston,41:52,per,mean,2023-03-28 17:39:05,2023-12-12 07:32:05
3390,meeting,Patricia Stevens,Mr. Gerald Smith,42:44,case,brother,2023-06-25 09:10:37,2024-04-07 19:43:42
3543,few,Christine Rivera,Christopher Burnett,20:14,society,now,2023-12-08 14:20:23,2024-03-13 04:58:07
3698,chance,Kristen Jenkins,Brian Martin,32:40,push,degree,2023-12-02 01:43:05,2024-04-20 15:50:37
3732,white,Brian Wyatt,Robin Erickson,42:35,best,finally,2024-08-19 20:14:00,2023-11-28 07:25:13
3830,good,Isaac Walker,Mercedes Brooks,46:52,particular,art,2023-07-09 07:16:35,2024-09-30 20:45:15
3840,seem,Samantha Strickland,Anna Kim,15:09,work,also,2022-12-08 08:02:38,2024-08-02 22:54:32
3927,series,Gary Anderson,Gregory Davis,38:47,at,wind,2023-09-28 19:42:39,2024-06-25 00:37:32
3942,what,Mary Bryant,Steven Roberts,59:31,production,later,2024-11-16 15:44:23,2024-01-31 17:50:03
4011,affect,Dr. Amanda Rodgers,Virginia Hughes,23:34,change,sort,2024-08-08 04:06:25,2023-12-03 08:13:55
4034,science,Holly Fields DVM,David Allen,05:22,real,ground,2024-11-03 17:37:01,2024-05-13 08:03:16
4178,message,Kristine Park,Michael Vazquez,56:14,deep,worker,2024-05-15 05:42:22,2024-08-18 21:28:22
4226,sound,Mindy Griffith,Craig Chen,48:58,win,both,2023-04-26 03:36:32,2024-05-24 17:26:22
4352,sometimes,Heather Simpson,Dr. Timothy Allen,19:56,generation,time,2023-02-20 13:30:54,2024-03-29 17:01:26
4373,capital,Dwayne Haynes,Travis Wagner,08:39,usually,arrive,2024-03-18 23:35:10,2024-02-02 13:35:39
4446,good,Christina Mccoy,Robert Johnson,52:51,record,answer,2024-06-09 12:50:13,2024-11-02 03:05:32
4504,assume,Sarah Lawson,Rachel Murray,31:55,thought,simple,2023-10-31 04:33:51,2024-04-30 02:37:58
4591,wide,Anthony Jones,Rachael Rivera,46:01,maybe,travel,2024-02-10 22:02:27,2024-11-14 03:00:59
4599,analysis,Michelle Arnold,Laura Farley,27:25,billion,ahead,2023-01-13 16:28:47,2024-09-20 19:19:52
4741,actually,Tina Ward,Edwin Byrd,48:03,simply,region,2023-10-15 16:36:30,2023-11-27 08:51:34
4749,to,Larry Haynes,Cynthia Armstrong,53:16,church,direction,2023-09-17 23:01:56,2024-01-18 23:27:45
4779,traditional,Emma Davis,Charles White,52:47,rate,cold,2023-12-16 07:23:25,2023-12-12 00:48:24
4788,forward,Courtney Stewart,Nicholas Durham,13:02,upon,realize,2023-06-26 15:31:00,2024-01-17 19:16:26
4789,key,Maria Carrillo,Richard Cameron,48:13,technology,ability,2022-12-29 10:24:45,2024-01-16 12:26:02
4953,learn,Nicole Pena,Bryan Ross,09:47,less,institution,2023-06-21 14:35:22,2024-04-30 17:59:13
5038,spring,Penny Rhodes,Patrick Lopez,30:00,boy,everybody,2023-08-21 10:49:12,2024-03-04 18:55:46
5265,concern,William Delacruz,Brandi George,42:06,around,green,2023-05-30 07:08:52,2024-08-23 15:23:15
5268,can,Ryan Singleton,Kayla Cook,48:38,on,cultural,2024-01-19 11:49:50,2024-08-07 01:41:49
5443,table,Michael Harper,Billy Gonzalez,04:58,face,growth,2023-12-06 20:55:52,2024-02-10 13:07:59
5546,between,Patrick Duran,Nicholas Turner,12:18,card,industry,2023-08-19 22:26:04,2024-10-05 06:45:06
5639,save,David Lane,George Smith,10:12,note,pull,2024-10-19 09:36:48,2024-06-28 01:59:33
5813,movement,Autumn Allen,Garrett Gonzalez,55:33,car,find,2023-04-10 16:41:11,2024-01-19 04:22:59
5843,have,Ryan Maxwell,Tiffany Massey,38:56,approach,likely,2023-07-09 03:31:29,2024-03-27 15:01:20
5861,political,Sarah Cox,Jane Green,13:52,but,eight,2023-04-21 01:24:27,2023-12-01 04:26:51
5934,staff,Julie Martin,Robert Rosario,46:46,term,safe,2023-11-25 21:20:54,2024-08-09 23:48:45
6237,staff,Kelly Bautista,Samantha Alvarez,06:49,nice,yeah,2023-07-03 12:42:18,2024-09-05 22:27:13
6814,kitchen,Tabitha Ferguson,Matthew Shaw,07:27,second,establish,2024-06-09 22:02:26,2024-03-07 13:57:14
6962,gas,Tonya Green,Gary Rangel,24:16,available,miss,2024-02-12 03:02:51,2024-11-07 16:40:31
7001,able,Michael Hall,Jay Mitchell,04:36,range,step,2024-10-22 01:41:29,2023-12-12 23:11:36
7037,office,Brenda Schneider,Daniel Walker,29:21,any,year,2023-11-30 04:49:10,2024-10-29 22:34:37
7045,politics,Timothy Brown,Robert Underwood,21:57,close,sport,2023-01-12 12:17:49,2024-04-18 06:08:55
7141,between,Ethan Smith,Jason Fuller,40:24,ten,Democrat,2023-12-12 02:29:17,2024-02-07 04:09:28
7251,think,Jodi Pope,Pamela Guerrero,54:58,myself,member,2024-09-16 04:25:15,2024-05-31 23:17:55
7423,certainly,Kathryn Terry,Joseph Bell,37:08,religious,style,2024-08-05 13:58:32,2024-04-01 19:05:53
7428,break,John Little DDS,Melissa Clark,28:12,share,sea,2022-12-13 16:24:39,2024-06-14 00:33:42
7509,since,Todd Phillips,Matthew Jones,45:45,simply,shoulder,2023-05-09 23:07:51,2024-08-25 12:20:26
7959,short,Christine Townsend,Kendra Camacho,48:30,state,save,2023-08-07 01:36:22,2024-08-03 12:16:13
8055,option,Anna Rowe,Patty Young,29:50,season,evidence,2023-03-09 12:08:50,2024-01-23 23:42:44
8129,page,Richard Mcdaniel,Rebecca Griffin,09:13,decision,relationship,2023-10-21 18:50:30,2024-04-14 05:42:06
8150,brother,Patrick Gonzalez,Christopher Allison,28:04,create,everyone,2023-08-27 12:37:17,2024-06-30 13:18:45
8371,evening,Alan Armstrong,Angela Smith,33:08,management,remain,2024-11-09 19:46:43,2024-09-01 17:06:03
8439,cost,Alyssa Meyer,Matthew Powers,32:46,rate,pull,2023-12-02 05:20:49,2024-08-24 20:00:24
8443,news,Stephen Brown,Kevin White,56:48,daughter,chance,2024-04-21 13:20:36,2024-11-03 03:40:43
8447,woman,Kathryn Page MD,Jane Watkins,05:21,similar,environment,2024-11-12 16:18:43,2024-03-21 09:48:31
8791,player,Rachel Barnett,Shelley Rodriguez,45:48,both,same,2024-10-06 16:14:27,2024-04-06 00:08:40
8884,knowledge,Sarah Wilson,Tiffany Hall,58:21,yet,sort,2024-06-13 01:00:22,2024-08-26 22:45:37
9048,sense,Andre Franco,Antonio Hughes,10:58,you,west,2023-06-11 05:52:02,2024-10-26 22:03:46
9153,run,Michelle Harris,Michael Jordan,54:14,little,top,2024-04-24 10:13:06,2024-10-27 03:56:18
9188,matter,Connor Walton,Holly Gutierrez,24:29,various,throughout,2023-05-02 09:17:48,2023-12-17 18:19:29
9374,just,Jeremy Klein,Steven Graham,09:29,enough,network,2023-04-28 15:23:07,2024-11-02 14:05:48
9463,ability,Grace Reid,Dustin Kelley,02:27,southern,well,2023-05-05 05:00:02,2024-11-12 09:36:02
9480,better,Robert Holland,Gary Hansen,45:40,candidate,our,2023-10-31 06:00:23,2024-10-21 15:45:06
9497,enjoy,John Zavala,Jasmine Nelson,51:35,government,after,2024-04-02 02:19:10,2023-12-31 00:51:00
9520,western,Brandon Brown,Craig Foster,00:51,three,occur,2023-06-10 09:54:37,2024-09-27 20:37:29
9554,himself,John Neal,Richard Green,42:42,street,piece,2023-01-10 21:38:20,2024-02-07 08:27:40
9594,term,Omar Parker,Jason Garcia,52:09,soldier,start,2024-11-05 18:16:10,2024-04-01 14:37:22
9961,space,Amanda Rogers,Bryan Hall,13:27,mind,carry,2023-03-11 12:28:01,2024-07-24 00:18:55
9972,game,Ruben Andersen,Jason Suarez,12:52,share,party,2024-10-31 19:09:26,2024-10-28 17:15:57
10103,through,Michael Wright Jr.,Tony Brown,27:35,wrong,young,2023-12-01 18:21:45,2024-02-26 09:31:49
10169,stuff,Erin Nguyen,Karen Wells,45:21,heavy,edge,2024-06-30 01:31:44,2024-11-21 18:15:14
10282,difficult,Amber Humphrey,Alexis Cohen,37:54,fast,world,2023-05-12 07:03:36,2024-03-08 22:12:12
10373,so,Natalie Clayton,Michael Smith,17:55,under,peace,2024-10-15 07:59:13,2024-08-25 12:12:18
10500,continue,Heather Welch,Terry Rodgers,45:26,relationship,increase,2023-10-26 09:55:55,2024-04-03 13:25:54
10523,job,Matthew Simon,Patricia Boone MD,36:12,others,technology,2023-10-14 15:40:30,2024-10-30 08:30:24
10554,visit,Hunter Castillo,Bradley Hurley,19:39,project,wrong,2023-12-21 18:56:09,2023-12-02 23:28:30
10597,value,Jamie Hernandez,Heather Palmer,36:52,level,class,2024-03-13 20:02:51,2024-06-28 13:48:19
10754,his,Miguel Arnold,Brandon Lamb,33:09,cause,kid,2023-04-20 06:13:21,2024-06-25 08:50:15
11003,operation,Stephen Ballard,Brenda Terry,54:13,toward,put,2023-09-18 05:41:53,2024-06-03 02:42:44
11064,spend,Chelsea Hurley,Courtney Mendoza,26:45,remain,heart,2024-05-31 03:47:52,2024-10-30 09:25:51
11361,imagine,Cheryl Ramos,Jennifer Griffith DDS,36:25,course,analysis,2023-08-10 06:21:13,2024-08-30 07:16:38
11371,improve,Chelsea Wagner,Mr. Robert Gray,21:36,account,television,2023-07-05 22:29:33,2024-04-28 13:32:59
11383,energy,Charles Bowman,Tina Edwards,27:13,beautiful,cut,2023-03-05 20:51:58,2024-09-17 11:33:49
11437,parent,Lisa Craig,Ryan Jenkins,56:28,people,identify,2023-10-05 08:26:43,2024-02-14 05:58:48
11526,government,Kimberly Thomas,Jacqueline Silva,35:53,play,shake,2023-03-04 20:28:59,2024-02-27 01:02:26
11560,become,Daniel Mcdaniel,Tammy Collins,32:45,west,impact,2023-04-15 23:44:04,2024-04-01 17:07:44
11755,half,Jon Fisher,Barbara Woods,48:03,low,among,2024-03-18 12:27:40,2024-08-16 15:23:39
11861,keep,Jonathan Hansen,Loretta Bender,47:25,before,should,2023-01-09 18:37:54,2024-02-25 16:29:12
11869,majority,Samantha Reynolds,John Beasley,04:48,yeah,increase,2024-10-20 10:10:26,2024-08-23 03:16:43
11888,side,Dana Bailey,Jenny Patterson,20:35,share,actually,2023-01-22 05:38:13,2024-09-01 12:25:34
11975,this,Miguel Mcdonald,Nathan Fox,54:59,however,popular,2023-07-08 07:56:51,2023-12-19 18:40:00
11988,order,Angela Branch,Laura Walker,54:24,wind,budget,2023-10-26 05:23:11,2024-05-05 10:52:29
12099,budget,Debra Romero,Nancy Mata,27:19,campaign,quality,2023-04-26 14:10:38,2024-04-05 19:52:45
12149,full,Brian Mendez,Kim Choi,27:20,itself,leave,2022-12-30 03:53:07,2024-09-14 06:59:58
12281,big,Mark Contreras,Edward Lee,00:27,east,sit,2024-04-21 15:53:00,2024-01-03 14:49:01
12302,north,Claire Brooks,Billy Farmer,31:44,vote,science,2024-09-28 04:36:44,2024-01-08 10:38:17
12345,kitchen,Kaitlin Price,Peggy Aguilar,16:54,society,up,2022-12-18 12:13:32,2023-11-26 11:51:49
12373,begin,Renee Cox,Joshua Harper,31:59,page,court,2024-02-14 23:27:02,2024-08-24 18:21:04
12433,television,Brooke Henson,Carmen Johnson,42:10,mention,help,2023-09-30 22:45:21,2024-08-14 00:42:48
12548,rise,Anna Baldwin,Jennifer Medina,12:20,modern,find,2024-08-31 22:56:46,2024-11-02 17:01:09
12572,relationship,Mrs. Renee Hernandez,Elizabeth Molina,47:28,hold,phone,2024-10-22 02:01:51,2023-12-02 09:56:38
12668,leg,Anthony Wilson,Jeffrey Dean,24:58,again,apply,2023-02-08 07:44:21,2024-06-28 20:36:09
12738,different,Shelby Lopez,John Sawyer,52:40,story,end,2022-11-27 19:38:03,2024-10-24 09:37:17
12789,something,Michele Saunders,Michael Gordon,32:37,seven,approach,2023-06-09 19:16:15,2023-12-06 19:39:52
12823,finish,Shane Ray,Chad Guerra,01:45,more,hand,2023-06-28 12:52:40,2024-01-22 06:52:29
13193,ok,Lisa Fernandez,Monica Lopez,49:06,new,lead,2023-12-16 21:18:27,2024-11-11 07:57:35
13441,season,Deborah Walker,Elizabeth Williams,14:25,for,fill,2023-09-30 09:35:08,2024-09-18 21:27:27
13564,quickly,Jorge Hart,Denise Sanchez,49:56,PM,bit,2023-04-09 15:07:57,2024-07-24 03:38:48
13741,technology,Seth Leach,Seth Cook,29:33,thought,size,2023-07-03 13:58:01,2024-05-24 20:34:27
13835,culture,Sarah Garcia,Kenneth Hawkins,00:01,why,account,2024-05-14 23:32:54,2024-10-22 04:05:57
14026,yet,Kathleen Johnson,Robert Drake,57:26,risk,discussion,2023-06-15 05:45:39,2024-07-31 19:58:12
14028,between,Amy Perez,Madeline Craig,08:11,the,camera,2023-06-14 09:45:13,2024-02-26 20:26:40
14046,there,Donald Fisher,John Norman,46:04,community,score,2024-10-31 10:42:18,2023-12-19 03:13:30
14069,let,Brittany Nelson,Kimberly Holmes,08:39,rule,should,2023-02-17 11:03:26,2023-11-28 01:26:02
14211,then,Monica Lang,Rodney Little,59:23,Republican,president,2023-09-28 02:08:34,2024-04-03 21:50:43
14452,central,Yolanda Harris,Cody Cardenas,52:17,type,there,2024-01-18 23:10:18,2024-11-13 11:51:00
14490,actually,Rachel Sanders,Hannah Davis,46:12,kind,without,2023-09-29 14:37:55,2023-12-14 21:25:48
14511,mean,Larry Henry,Michael Jones,07:10,production,land,2022-12-21 02:58:38,2023-11-23 13:50:02
14563,plan,Isaac Ferguson,James Gibbs,56:04,allow,set,2023-05-29 15:46:43,2024-10-28 03:20:24
14625,guess,Jane Drake,Denise Henderson,07:28,three,number,2023-03-25 04:23:08,2024-09-24 14:53:17
14969,fear,Sara Thomas,Christopher Bush,03:07,information,seven,2023-02-08 09:41:47,2023-12-29 07:32:46
15104,series,Haley Moore,Guy King,28:04,customer,bit,2024-02-18 21:27:22,2024-04-27 12:36:34
15232,century,Edwin Walker,Stephanie Cunningham,44:54,answer,form,2023-12-09 12:27:13,2024-04-25 02:41:42
15263,six,Ralph Bryan,Donna Evans,57:25,determine,job,2024-05-05 01:59:29,2024-04-05 02:38:38
15294,theory,Kelly Wolfe,Sheryl Williams,39:30,lot,bit,2023-01-10 16:34:25,2024-08-06 13:09:59
15303,right,Michael Mccarty,Jose Schaefer,37:44,study,third,2024-09-30 06:46:52,2024-08-20 00:05:46
15329,industry,Shane Hayden,Marie Garcia,37:56,drug,view,2023-07-09 17:54:41,2024-03-06 23:44:59
15512,southern,Fernando Stokes DDS,James Gutierrez,53:06,model,parent,2023-06-18 11:03:19,2024-06-29 05:24:18
15623,ok,Kenneth Webster,Katrina Chen,01:26,PM,energy,2024-07-12 18:17:16,2024-09-23 13:31:11
15907,throughout,Erica Martinez,James Curry,26:04,respond,low,2024-01-12 03:14:41,2024-03-13 04:14:59
16057,just,Kurt Singleton,Caitlin Hart,23:58,country,front,2023-10-11 13:55:31,2024-05-17 03:25:53
16096,challenge,Jessica Hebert,Erin Anderson,45:38,television,now,2023-04-03 13:13:07,2024-06-13 17:24:09
16159,author,Frederick Raymond,Joshua Morgan,45:11,along,very,2023-12-06 01:48:20,2024-04-01 05:17:21
16236,social,Steven Boyer,Megan Cross,15:14,drug,clear,2023-01-22 10:35:09,2024-06-04 11:27:03
16237,someone,Aaron Cooper,Benjamin Daniels,05:56,together,mother,2024-04-12 15:43:41,2024-02-09 06:20:23
16265,environmental,Melissa Watson,Claudia Powell,39:46,indeed,but,2024-02-05 19:20:04,2023-12-26 09:38:30
16292,record,Janice Dyer,Jacob Jones,59:09,least,ahead,2023-06-13 01:48:55,2024-03-10 02:58:52
16305,walk,Joseph Luna,Nathan Pena,45:54,on,only,2023-07-27 00:05:53,2024-11-07 08:12:32
16352,professional,Anthony Evans,Brenda Fernandez,44:11,key,our,2023-09-20 01:31:18,2024-02-23 05:16:22
16382,likely,Shannon Smith,John Davis,37:03,tend,none,2024-01-15 05:30:33,2024-10-30 21:08:21
16565,economic,David Hayes,David Osborne,14:41,more,edge,2023-09-18 08:30:36,2024-05-31 03:36:21
16661,attention,Matthew Olsen,Carolyn Sanders,33:56,world,land,2023-01-30 08:23:31,2024-06-12 18:03:50
16816,draw,Natalie Summers,Tracy Smith,59:58,crime,positive,2023-12-19 12:22:09,2024-06-12 03:07:37
17465,fire,Randy Taylor,Stephanie Webb,16:53,money,much,2024-02-09 02:38:35,2024-04-28 20:09:39
17531,mother,Greg Wolf,Chloe Lopez,34:56,property,land,2023-11-05 13:36:50,2024-01-13 07:20:28
17540,media,Alison Black,Amy Young,25:33,professional,think,2022-12-08 15:19:05,2024-08-05 04:36:27
17564,often,Michael Silva,Daniel Moore MD,03:51,specific,use,2023-07-26 04:31:26,2024-08-09 22:00:18
17631,fire,Douglas Martin,Scott Sanders,05:56,record,us,2024-10-14 17:32:51,2024-09-07 21:57:08
17633,which,Emily Smith,Michael Martin,36:48,next,employee,2024-04-13 22:00:36,2024-01-12 14:13:14
17634,concern,Kelly Young,Maria Malone,49:25,century,billion,2024-05-19 08:18:20,2024-04-09 11:54:55
17967,over,William Davis,Alyssa Taylor,45:32,its,later,2023-09-12 07:51:26,2024-09-18 08:00:40
18040,another,Ryan Wilson,Erik Davis,32:35,open,boy,2024-07-14 03:44:53,2024-02-29 13:43:19
18095,write,Rebecca Adams,Jamie Scott,25:10,bill,heavy,2024-07-07 09:19:46,2024-05-15 22:30:55
18299,member,Daniel Blankenship,Joyce Johnson,33:38,country,forward,2024-01-01 15:35:10,2023-12-14 02:41:05
18328,agreement,Amy Edwards,Andrea Wilkins,54:42,service,nearly,2023-03-19 16:12:26,2024-05-20 18:10:18
18416,paper,Alicia Harrison,Willie Hernandez,08:08,power,environment,2023-08-29 18:16:58,2024-05-02 19:32:54
18422,management,James Sharp,Victoria Kelley,48:08,store,morning,2024-02-21 00:55:01,2024-01-09 11:40:51
18472,then,Justin Mcpherson,Sonya Turner,28:46,animal,nor,2024-04-12 03:09:19,2024-02-11 04:14:15
18633,avoid,Kimberly Hoffman,Brianna Chavez,51:31,visit,finally,2023-09-16 04:27:51,2024-09-16 17:32:44
18676,receive,Michelle Vargas,Troy Moore,32:37,book,news,2024-03-25 18:03:31,2023-12-04 11:31:23
18785,decade,Kimberly Smith,Victor Thornton,52:39,across,as,2023-01-04 23:20:23,2024-07-24 14:12:05
18815,east,Andrea Flores,Sonya Murphy,25:22,or,remain,2024-10-06 14:51:32,2024-04-16 18:41:38
18949,alone,Jose Flynn,Jacqueline Wright DVM,56:40,view,up,2024-02-08 12:13:20,2024-05-08 04:52:43
18958,performance,Angela Sherman,Joshua Ferguson,17:56,industry,tonight,2024-10-23 18:37:49,2024-05-28 15:08:45
19154,represent,Steven Robinson,Francis Price,07:45,perhaps,keep,2023-09-04 10:05:38,2024-05-21 12:13:56
19168,amount,James Hernandez,Carla Williams,44:31,very,pick,2023-09-09 00:03:48,2024-03-30 14:08:41
19424,large,Andrea Mcmillan,Gregory Barrett,56:07,together,husband,2023-02-06 12:43:55,2023-12-02 07:45:37
19546,bag,Natalie Ho,Aimee Williams,33:06,none,ever,2024-11-19 21:18:18,2024-06-16 14:57:20
19719,cause,Terry Nelson,Joseph Hoffman,29:29,provide,student,2022-12-25 19:42:41,2024-07-17 16:22:23
19752,ready,Madison Chapman,Nathan Moore,47:58,blue,some,2024-05-02 15:27:46,2024-10-07 08:09:39
19832,process,Katherine Ross,Mary Burnett,51:56,direction,create,2023-10-15 02:27:58,2023-12-12 23:39:08
19953,lawyer,Kim Moore,Beth Collins,58:03,mind,sister,2024-07-19 02:46:26,2024-11-11 08:28:31
20201,remember,Rebecca Black,David Underwood,40:48,religious,begin,2024-02-23 03:25:12,2023-12-24 03:39:47
20297,suffer,Sophia Arnold,Juan Sullivan,05:11,situation,somebody,2024-03-17 16:54:25,2024-01-16 10:31:13
20351,find,Leslie Roberts,Gerald Garza,34:32,film,focus,2023-10-26 07:05:25,2024-01-03 11:19:05
20373,think,Brandon Wood,Rebecca Smith,58:28,all,watch,2024-04-19 11:36:38,2024-04-17 09:24:16
20527,these,Nicholas Harrison,Timothy Garcia,28:03,soon,any,2023-05-29 05:30:38,2024-08-02 05:58:25
20587,back,Linda Miller,Ruben Mueller,52:07,finally,third,2024-09-14 05:59:12,2024-04-22 12:31:26
20603,evening,Stephanie Obrien DVM,Chelsea Tran,13:13,than,in,2024-02-20 11:25:19,2024-04-30 21:49:17
20641,rather,Veronica Becker,Paul Porter MD,09:25,hour,wait,2022-11-25 22:01:40,2024-08-03 06:33:01
20737,tell,Jane Henderson,Aaron Smith,14:20,level,traditional,2022-12-22 17:42:13,2024-06-02 12:44:05
20878,professional,Alexander Jackson,Patrick Cardenas,05:36,picture,for,2024-02-25 23:58:36,2024-09-19 17:32:57
20902,deep,Leah Gardner,Edward Hawkins,02:34,feeling,or,2023-02-22 12:41:58,2024-08-23 00:45:33
20958,push,Donald Cross,Jeffery Skinner,33:44,country,like,2023-02-11 08:42:52,2024-03-04 06:43:06
21035,page,Melissa Whitaker,Kathryn Mills,45:51,poor,last,2023-04-27 03:23:08,2024-07-17 23:32:38
21060,rule,Jennifer Mitchell,Margaret Stevens,22:01,resource,floor,2023-06-30 12:40:07,2024-01-15 12:47:45
21096,single,Stephen Booth,John Watson,03:43,bed,form,2023-03-20 00:44:36,2024-06-28 14:16:52
21267,spring,Anthony Soto,Paul Cole,09:59,including,design,2024-01-06 04:20:19,2024-06-24 01:39:30
21271,memory,Molly Cherry,Katherine Hess,57:13,day,drug,2023-05-31 02:34:02,2024-05-30 14:26:53
21340,sell,Adam Vargas,Isaiah Henry,16:42,themselves,hundred,2023-07-17 11:08:25,2024-02-21 08:06:13
21460,son,Gregory Lawrence,Warren Roman,17:37,left,individual,2023-01-01 18:53:38,2024-02-20 22:47:31
21727,music,Ann Vincent,Elizabeth Smith,01:50,war,her,2023-04-26 07:56:32,2024-03-22 07:07:41
21734,career,Andrew Dawson,Carlos Jarvis,31:32,worry,civil,2024-11-08 04:30:06,2024-01-10 18:02:51
21740,develop,Karen Daniels,Travis Dyer,41:31,kitchen,piece,2023-04-12 15:16:53,2024-01-24 16:49:03
21749,certain,Lisa Ortiz,Christine Stout,40:13,side,floor,2024-03-27 05:53:29,2024-05-11 22:59:39
21857,mean,Leah Thomas,Dan Nelson,25:31,generation,left,2024-10-24 10:35:27,2024-05-09 23:34:47
21909,nice,Stephanie Duarte,Geoffrey Vaughn,39:30,town,support,2024-09-16 09:35:27,2024-02-02 13:47:13
22220,form,James Glover,William Hunter,42:12,or,moment,2024-09-05 02:08:58,2024-08-02 10:59:37
22407,together,Latoya Jones,Kenneth Parker,30:11,grow,movement,2022-12-13 01:13:55,2024-06-12 21:45:41
22412,doctor,Benjamin Dillon,Patricia Mcdonald,26:53,way,improve,2024-05-29 17:48:01,2024-08-16 13:23:44
22576,building,David Hicks,Jessica Perry,18:14,travel,sport,2023-06-17 10:49:15,2024-08-30 05:29:07
22753,catch,Lisa Casey,Joseph Torres,39:26,during,low,2024-02-19 12:21:08,2024-10-04 20:22:18
22853,eat,Dennis Williams,Jacqueline Johnson,41:17,hundred,usually,2024-11-11 00:12:20,2024-04-09 07:05:21
22907,memory,Dawn Washington,Jason Mclaughlin,29:35,accept,sure,2024-04-19 15:20:32,2024-03-06 03:12:19
23051,finally,Johnny Monroe,Kevin Simon,05:11,buy,rate,2023-07-28 23:22:38,2024-09-04 04:01:10
23127,media,Samuel Lester,Patricia Ross,03:25,produce,phone,2023-12-29 20:36:12,2024-04-14 22:34:39
23147,head,Regina Pena,Lauren Jones,20:47,church,course,2024-06-27 20:15:43,2024-06-01 17:39:00
23179,throughout,Eric Miller,Jill Campbell,17:47,have,music,2022-12-24 09:19:44,2024-02-27 10:44:17
23204,lay,John Cummings,Samantha Hatfield,26:19,drug,happen,2023-02-06 01:49:20,2024-09-09 11:11:04
23447,baby,Joshua Tucker,Jasmine Mcmillan,34:18,capital,walk,2024-04-16 23:37:01,2024-05-05 00:58:52
23474,middle,Steven Medina,Cynthia Austin,43:00,focus,next,2024-09-27 01:10:09,2024-09-09 21:15:52
23530,go,Alan Johns,Molly Dominguez,57:35,growth,cause,2023-11-09 02:30:46,2024-04-05 23:48:00
23606,rather,Valerie Luna,Catherine Williams,47:23,teacher,executive,2022-11-27 22:31:21,2024-08-18 02:27:30
24090,goal,Alan Santos,Chelsea Smith,03:40,gun,worker,2022-12-10 01:29:27,2023-11-26 20:36:25
24252,part,Michael Green,Shelby Schneider,54:44,alone,finally,2023-01-31 10:41:43,2024-06-07 12:21:56
24724,visit,Victoria Thompson,Suzanne Wilson,04:02,chair,good,2024-01-21 18:44:04,2024-05-13 16:44:39
24727,movement,Molly Harvey,David Powell,55:35,ask,executive,2023-03-07 04:41:31,2024-01-03 03:34:53
24785,others,Michael Kirby,Michele Allen,59:35,deep,economy,2024-06-05 18:47:20,2024-10-03 09:38:05
24924,call,Mary Holmes,Brianna Martin,43:18,form,institution,2023-01-17 12:35:43,2024-04-05 23:40:48
24951,become,Brent George,Crystal Davis,59:42,approach,prove,2023-06-25 10:35:06,2024-02-03 21:59:27
25082,bring,David Watson,Eric Vargas,04:17,eye,set,2024-08-30 16:18:58,2024-05-17 17:29:27
25123,camera,Elizabeth Collins,Kaitlyn Santiago,59:23,drop,turn,2023-11-05 12:34:39,2024-02-21 18:30:40
25324,quickly,Holly Solis,Donald Carr,02:05,agency,American,2024-07-31 06:45:52,2024-02-04 03:31:36
25536,whose,Andrew Flores,Dustin Martinez,25:06,officer,often,2024-11-20 01:48:55,2023-12-18 05:48:50
25587,art,Frank Harris,Susan Morrison,33:59,middle,worry,2023-07-31 21:08:40,2024-06-21 00:20:43
25986,you,Suzanne Compton,Dana Fisher,24:40,design,traditional,2023-04-07 14:38:35,2024-03-15 02:35:35
26218,attention,Ralph Johnson,William Andrews,43:34,wrong,couple,2022-11-24 12:22:12,2024-09-25 18:47:34
26299,method,Jennifer Rojas,Lindsay Dickson,27:33,if,society,2024-03-06 06:32:05,2024-10-12 00:43:54
26617,every,Steven Rollins,Joseph Martin,11:27,true,leave,2023-08-31 22:13:30,2024-06-16 20:38:40
26705,reach,Teresa Craig,Jeremy Reyes,11:44,ago,bad,2023-04-21 19:56:52,2024-10-10 01:46:56
26713,really,Kristina Bailey,Rhonda Benton,41:06,agree,point,2024-04-17 18:15:34,2024-10-23 07:54:42
26732,thing,Amy Whitney,Lisa Craig,06:28,though,own,2023-04-19 10:02:59,2024-05-02 10:06:38
26749,rest,Shane Reid,Colin Buchanan,08:25,listen,simple,2024-08-12 09:52:08,2024-09-21 19:09:21
26801,off,Kelly Wilkins,Eric Shaw,28:32,notice,ever,2024-04-28 08:05:36,2024-10-25 05:09:50
26811,more,Nicole Klein,Lauren Foster,52:14,question,bag,2024-08-11 14:01:42,2024-03-20 10:39:29
27008,education,Mitchell Larson,Tina Yoder,12:48,two,decide,2024-01-24 00:11:12,2023-11-28 21:31:25
27097,far,Patrick Sanchez,Patrick Coleman,58:15,none,hotel,2024-08-10 13:08:15,2024-10-04 11:12:00
27171,lead,Alan Romero,Sandra Stone,51:42,southern,move,2024-03-26 10:19:58,2024-01-24 19:43:28
27197,service,Shelly Brown,Michael Nguyen,13:00,administration,where,2023-06-14 01:23:06,2024-07-18 22:06:27
27209,lot,Matthew Todd,Kathy Church,28:23,within,plan,2023-09-03 20:44:27,2024-08-01 10:00:29
27438,break,Alexandra Phillips,James Schmidt,20:40,discover,Mrs,2023-05-21 11:37:16,2024-09-06 04:43:16
27525,behind,Michael Mccoy,Brandy Cain,16:42,idea,suggest,2022-12-25 10:24:16,2024-01-18 16:09:50
27565,management,Patricia Sparks,Kevin Morris Jr.,55:05,capital,teach,2024-10-24 19:02:44,2024-08-09 21:25:35
27581,option,Angela Calderon,Lance Sweeney,16:37,per,create,2023-03-24 23:32:17,2024-10-10 22:51:52
27651,eat,Austin Burns,Melanie Lawrence,32:54,son,until,2024-02-15 21:27:16,2024-05-26 23:17:07
27659,election,Timothy Kim,Theresa Hayes,54:30,rate,former,2023-09-23 01:46:25,2024-09-08 10:26:48
27702,almost,Angela Sullivan,Nathan Merritt,05:17,reflect,thank,2023-07-10 15:56:14,2024-09-29 03:24:36
27749,government,Angela Miller,George Arias,18:38,meet,business,2023-08-08 21:10:25,2024-04-18 08:57:44
27799,war,Michelle Tran,Joseph Osborne,21:50,never,skill,2024-09-06 11:11:56,2024-04-23 14:37:05
27957,yourself,Dr. Denise Lam,Jessica Allen,40:42,budget,me,2023-06-22 20:49:48,2024-07-01 21:55:06
28012,business,Linda Jacobson,Leslie Williams,04:55,ready,financial,2023-08-21 17:06:38,2024-06-29 11:06:22
28093,family,Sherri Bass,Elizabeth Harvey,24:20,share,true,2024-10-05 14:56:06,2024-04-24 15:56:53
28094,four,Toni Cox PhD,Diana Cain,35:31,couple,sound,2023-06-16 15:43:38,2024-07-14 04:20:25
28117,face,Michael Miller,Brittany Mcgrath,24:40,cold,several,2024-02-02 13:10:08,2024-05-16 04:23:13
28137,say,Rachel Williams,Troy Harrison,59:34,relationship,hour,2023-02-11 11:31:19,2024-09-22 00:39:15
28164,writer,Heather Lee,Benjamin Mathis,17:27,company,Congress,2024-02-14 21:55:02,2024-03-03 06:50:17
28180,good,Connie Stone,Michele Hawkins,34:43,loss,commercial,2023-10-26 21:21:55,2024-11-15 14:21:44
28187,maybe,William Wagner,Scott Hoffman,45:49,example,imagine,2023-01-06 03:08:09,2024-10-05 06:35:54
28215,end,George Wilson,Chase Kirk,07:31,piece,environment,2023-12-12 23:17:52,2024-09-25 20:36:37
28353,family,Heather Hunt,Renee Christensen,49:42,adult,least,2023-11-13 13:31:13,2024-03-07 01:54:09
28446,such,Victoria Allen,Rebecca Arroyo,27:17,chair,item,2024-08-01 22:52:27,2024-04-25 15:25:19
28447,budget,Danny Robinson,Kathryn Church,15:44,college,item,2022-12-12 07:45:26,2024-09-16 16:21:06
28708,face,Brian Burgess,Richard Lewis,09:30,person,short,2024-04-25 00:21:57,2024-07-31 13:40:02
28933,history,Christopher Wilson,Sheila Carter,22:46,cold,reason,2024-06-07 00:39:52,2024-07-15 17:25:46
29122,language,Jennifer White,Francis Miller,02:54,guy,she,2023-06-25 00:32:39,2024-09-27 15:08:33
29140,bank,Jose Hall,Richard Gonzalez,31:59,laugh,what,2022-12-16 05:53:03,2024-04-21 17:49:36
29144,base,Mario Jordan,Peter Odonnell PhD,04:16,relate,change,2023-06-14 03:33:52,2024-09-24 11:14:04
29158,fund,Wayne Burns,Michael Adams,23:48,box,many,2022-12-29 19:44:45,2024-06-08 20:45:21
29230,realize,Luis Holt,Brenda Kelly,26:58,design,guess,2024-10-16 06:01:21,2024-04-10 22:46:14
29363,set,Nathan Martinez,Jesse Gomez,35:22,data,record,2023-03-16 14:35:08,2024-02-24 05:01:37
29463,future,Ashley Nguyen,John White,34:56,event,site,2024-03-03 20:23:33,2024-05-08 21:08:47
29612,possible,Ashley Shepherd,Donna Rodgers,09:53,ten,indicate,2024-07-16 02:33:50,2023-12-04 14:07:32
29650,address,Raymond Chambers,Chase Thomas,51:47,choose,sometimes,2023-10-19 07:05:10,2023-12-27 11:38:39
29807,loss,Joseph Reyes,David Thompson,57:12,report,deal,2024-02-03 00:25:48,2024-06-15 21:08:35
29834,their,Robert Kelley,Lisa Vargas,40:50,central,interesting,2024-07-05 01:39:06,2024-06-11 20:18:01
30089,test,Amy Weber,Jeffery Miller,10:02,ground,owner,2024-03-17 05:14:25,2024-06-27 03:53:07
30252,people,Yvonne Neal,Mathew Mitchell,29:15,field,show,2023-08-20 17:13:41,2024-04-20 01:40:13
30274,history,Paula Wilkinson,Jacqueline Cruz,43:23,ready,seat,2023-10-18 20:28:45,2024-04-11 10:20:54
30586,special,Kimberly Rodriguez,Ryan Ross,24:03,however,fall,2022-12-03 11:49:14,2024-03-22 09:24:49
30846,discover,Ian Smith,Megan Lawson,00:05,magazine,well,2023-10-19 07:25:39,2024-09-01 23:44:13
30973,no,Robert Perkins,Michael Hall,29:26,spring,from,2023-11-30 12:13:35,2024-11-16 03:49:56
31039,rock,Matthew Torres,Nicole Williams,08:02,soon,collection,2023-05-22 10:43:17,2024-06-17 12:33:43
31076,democratic,Joshua Kelley,Veronica Russell,36:20,pull,director,2023-06-28 06:12:33,2024-05-07 21:35:10
31150,money,Lori Cherry,Debbie Jones,19:31,arm,decision,2024-02-19 02:21:42,2024-02-08 09:23:12
31185,while,Jennifer Williams,Matthew Barnett,24:17,can,small,2023-05-13 19:31:44,2024-04-01 22:53:38
31253,dinner,Kenneth Wang,Johnny Hamilton,16:17,tough,minute,2023-06-29 20:44:53,2024-09-28 13:33:05
31354,trial,Debbie Webb,Kyle Moore,13:18,huge,agree,2024-01-10 11:29:26,2024-10-10 04:46:08
31831,road,Deborah Ali,Morgan Jones,23:58,arrive,central,2023-08-18 15:16:30,2024-05-13 16:35:24
31904,anyone,Antonio Holmes,Erin Rojas,52:12,major,everyone,2023-05-31 11:38:10,2024-02-14 18:50:08
31950,air,William Smith,Christopher Johnson,45:13,wonder,save,2023-04-25 21:03:12,2023-12-31 02:53:27
32003,risk,Jeffrey Rodriguez,Tiffany Bradley,04:51,writer,safe,2023-07-24 08:26:44,2024-10-27 01:57:47
32023,pretty,Rachel Martin,Gregory Hicks,52:21,bed,two,2023-12-31 11:46:05,2024-05-02 12:39:16
32135,any,Monica Mahoney,Aaron Porter,14:14,be,million,2024-07-23 11:23:45,2024-09-30 16:25:54
32217,security,Sharon Patterson,Valerie Miller,52:00,offer,wind,2024-09-22 04:44:41,2024-01-22 03:26:31
32303,level,Lauren Mitchell,Phyllis Mcdaniel,53:43,onto,government,2022-12-21 20:07:49,2024-01-17 23:38:59
32313,plan,Isabella Williams,Scott Martin,55:35,evidence,will,2023-10-18 15:20:04,2024-02-14 17:57:28
32427,individual,Christine Smith,Donna Torres,00:38,clearly,determine,2024-04-17 17:46:42,2024-02-08 20:28:58
32591,cut,Ryan Smith,Angela Taylor,14:15,audience,challenge,2024-10-24 01:48:34,2024-08-19 15:08:45
32670,spend,Joel Foley,Diane Randolph,35:53,avoid,matter,2023-09-19 16:24:38,2024-01-19 10:52:17
32814,close,William Campbell,Todd Lewis,35:39,military,suddenly,2024-08-06 12:48:23,2024-03-25 16:17:32
32894,Mr,Nina Johnson,Michael Townsend,56:37,person,somebody,2023-10-11 02:06:41,2024-05-29 01:27:14
32918,stay,Mr. Mark Ray,Scott Morris,42:11,behavior,about,2023-04-27 18:42:26,2024-05-05 00:36:49
33123,involve,Jessica Patterson,Cameron Fowler,24:45,program,recent,2024-09-21 01:31:49,2024-08-26 14:05:49
33139,throw,Joseph Robertson Jr.,Connor Sandoval,14:59,receive,point,2023-07-19 22:43:45,2024-10-05 08:53:16
33246,college,Michael Sawyer,Erika Guzman,55:26,any,better,2024-04-19 04:09:56,2024-07-24 17:44:28
33426,others,Kenneth White,Kevin Smith,14:04,exactly,step,2023-07-16 23:44:09,2024-04-09 11:49:29
33752,toward,Vicki Shah,Bailey Christian,05:43,man,side,2023-07-25 10:23:40,2024-01-29 12:10:21
33787,area,Robert Anderson,Debra Palmer,59:35,defense,least,2024-09-30 14:26:03,2024-05-18 07:17:59
33819,forward,Michael Cox,Catherine Lynch,09:21,identify,town,2024-02-06 02:33:13,2024-11-16 14:03:45
33837,day,Justin Oneill,Timothy Leon,46:46,shake,already,2023-02-20 05:51:05,2024-10-26 06:24:06
33851,spring,Christian White,Nathan Barnes,56:30,instead,future,2022-12-30 09:55:07,2023-12-18 05:23:45
33855,which,Amber Byrd,Ryan Franklin,07:58,through,both,2024-09-02 08:52:33,2024-09-11 17:02:10
33872,out,Paul Melton,Andrew Kidd,53:35,significant,hear,2024-11-13 07:08:56,2024-10-10 19:05:11
34030,fish,Cody Howard,Ashley Hunter,22:48,control,you,2024-03-15 01:54:51,2024-07-29 17:14:29
34102,beat,Brandi Hutchinson,Melissa Duncan,14:24,structure,out,2023-03-10 04:39:18,2024-07-15 08:35:10
34112,analysis,George Frey,Mark Ayala,26:37,though,ahead,2023-10-06 21:33:09,2024-05-21 22:00:43
34144,most,Samuel Wall,Michael Gomez,01:17,hard,chair,2024-03-14 03:34:38,2024-08-26 11:28:39
34342,management,Donald Price,Chad Bowers,12:58,they,leave,2022-12-08 16:12:01,2024-01-19 16:17:12
34381,black,Dakota Adams,Christine Solis,44:55,blue,hit,2024-07-06 08:06:36,2024-09-06 23:26:58
34400,get,Christopher Williams,Patricia Tyler,58:38,appear,thousand,2023-05-22 22:35:27,2024-08-17 17:42:26
34435,economy,Jason Baldwin,Ashley Davidson,57:48,risk,again,2023-08-17 16:43:21,2024-03-08 14:43:27
34495,with,Joyce Cannon MD,William Figueroa,37:10,off,including,2023-08-26 12:37:01,2024-03-28 22:45:03
34550,prevent,Susan Rodriguez,Heather Norris,08:45,direction,American,2023-01-22 21:55:52,2024-06-25 09:50:28
34653,different,Lori Ayala,Jordan Cortez,37:10,trade,fast,2023-09-13 21:19:07,2024-09-20 03:07:43
34750,interview,Robert Ford,Aaron Martinez,35:27,bag,citizen,2024-01-17 10:49:10,2024-04-14 02:16:05
34862,media,Abigail Vega,Alyssa Castaneda,26:35,watch,information,2023-08-20 14:29:37,2024-02-16 23:50:25
35052,here,John Johnson,Meghan Heath,32:53,defense,authority,2023-05-24 17:12:28,2024-04-05 21:58:36
35328,garden,Christopher Miller,Danielle Fernandez,45:35,manage,race,2023-09-01 11:37:33,2024-02-15 11:26:42
35338,at,Nicole Holland,Mallory Ho,55:06,present,sell,2023-12-13 05:53:43,2024-08-15 16:57:27
35351,huge,Michael Velasquez,Rachel Kelly,13:38,school,whole,2023-05-10 20:47:08,2024-03-02 01:37:11
35439,thousand,Andrew Juarez,Diana Barr,02:17,young,policy,2024-07-22 22:13:26,2023-12-06 02:36:07
35441,heavy,Emily Sanchez,Dawn Richards,01:14,anyone,relationship,2023-09-29 12:36:45,2024-10-11 22:00:22
35594,level,Taylor White,Miss Michelle Mitchell,00:54,major,free,2023-04-04 03:56:28,2024-05-08 05:07:54
35635,turn,Julie Cantrell,Charles White,30:03,affect,arm,2024-06-20 06:33:29,2024-02-04 21:04:56
35656,sport,Cynthia Jordan,Wendy Young,00:15,mean,on,2023-02-08 06:37:36,2024-01-09 11:48:50
35676,however,Jacob Figueroa,Amber Ortiz,44:00,life,garden,2023-11-28 14:48:15,2024-07-26 20:36:59
35910,turn,Dustin Fisher,Mary Daniels,09:31,some,especially,2024-08-29 00:44:48,2024-01-29 07:49:01
36093,summer,Jeanette Baxter,Dawn Jones,58:58,story,hit,2024-06-07 12:11:12,2024-01-15 17:25:52
36320,maintain,Karen Mendoza,Miss Lisa Taylor DVM,36:12,item,break,2023-08-17 14:16:46,2024-02-26 15:03:43
36337,figure,Brent Page,Larry Smith,30:14,energy,focus,2024-03-27 15:45:02,2024-07-16 23:53:46
36401,leg,Heidi Rodriguez,Diana Hurst,55:43,chair,over,2024-07-08 22:17:08,2024-06-20 23:23:49
36493,collection,George Solis,Lisa Snyder,37:25,seek,ten,2023-11-27 05:30:19,2024-05-13 02:25:10
36815,stop,Amanda Charles,Stephanie Grant,39:46,choose,southern,2023-06-08 14:01:11,2024-04-02 22:39:32
36912,environment,Adam Johnson,Rachel Finley,45:48,ready,her,2024-03-11 03:30:37,2024-09-04 01:36:27
36976,window,Brandon Miller,Kimberly Williams,41:21,none,design,2023-02-03 15:13:20,2023-12-29 06:49:43
37140,sound,Kathleen Perez,Brittany Price,18:26,strong,model,2024-10-04 07:05:29,2024-02-05 10:14:28
37201,sell,Melanie Gilmore,Travis Berry,08:13,list,goal,2023-04-17 10:03:10,2024-07-25 21:23:26
37252,change,Maureen Garza,Elizabeth Ramirez,23:05,every,hard,2023-04-05 14:03:52,2024-09-22 02:41:42
37361,cost,David Patrick,Amber Booth,52:16,quickly,possible,2023-10-10 12:39:10,2023-11-28 05:23:06
37382,poor,Mark Bennett DDS,Elizabeth Case,49:10,rise,result,2024-05-02 12:58:00,2024-07-17 18:40:05
37432,series,Lauren Smith,Mary Phillips,50:30,enjoy,occur,2023-08-27 07:58:21,2024-08-09 13:00:19
37495,whose,Darren Mckenzie,Kelsey Murray,45:22,same,seat,2023-12-19 22:42:13,2024-03-01 11:59:02
37549,investment,James Moore,Maria Hall,49:05,partner,as,2023-07-16 09:31:42,2024-08-10 00:09:11
37890,question,Ryan Ramsey,John Martinez,36:55,kind,again,2023-04-28 23:05:09,2024-09-22 05:48:44
37891,director,Natalie Pearson MD,William Hess,03:33,network,occur,2023-07-30 09:58:06,2024-10-15 17:45:40
37910,region,Cassandra Brown,John Mack,38:08,visit,chance,2024-02-20 07:10:28,2024-02-10 14:26:34
37945,wind,William Cooper,Mason Garrett,28:35,wait,tree,2024-07-05 17:51:42,2024-11-15 09:52:41
38140,eight,Beth Cook,Abigail Baker,58:53,they,letter,2023-04-23 04:16:08,2024-02-12 23:50:14
38359,feeling,Michele Huber,Patrick Riddle,12:32,unit,cause,2023-10-09 06:16:12,2024-09-22 20:07:30
38527,fire,Kenneth Wilson,William Cooper,58:30,green,remain,2023-11-26 12:59:54,2024-08-25 12:22:46
38543,out,Jose Hall,Kevin Kelly,42:55,half,opportunity,2023-07-18 00:31:03,2024-10-28 08:52:44
38559,forward,Angela Lozano,Brandon Lynch,21:36,produce,thing,2024-08-01 20:07:39,2024-01-09 19:36:59
38621,how,Amanda Higgins,Scott Smith,09:49,little,though,2023-05-16 15:00:52,2024-05-15 10:43:01
38693,thank,Ashley Shaw,Riley Chapman,07:30,individual,staff,2024-07-17 02:15:34,2023-12-23 00:57:01
38882,several,Lindsey Zimmerman,Jeffrey Harris,02:36,test,employee,2023-05-05 21:33:49,2023-12-18 06:44:00
38891,identify,Chad Henry,Christian Lopez,34:08,light,expect,2023-11-11 06:43:03,2024-09-10 11:38:42
38893,fall,Roger Kramer,Joann Miller,26:11,financial,air,2024-04-09 07:19:57,2024-07-24 02:59:10
38928,people,Ryan Velasquez,Alexa Cruz,25:08,he,now,2024-11-13 01:59:53,2024-07-04 16:34:47
38974,able,Amy Lyons,Tina James,10:31,from,brother,2023-01-17 01:43:54,2024-11-19 13:22:28
39323,guy,Robert Reynolds,Tiffany Donovan,51:02,democratic,attack,2024-07-03 10:21:11,2024-04-26 10:24:04
39538,Mrs,Michael Finley,Rebecca Norton,18:16,do,reality,2024-08-06 06:04:33,2024-03-04 05:20:25
39649,out,Morgan Solomon,Kathy Cruz,40:20,wind,these,2024-05-01 12:35:31,2024-05-06 17:18:54
39743,usually,Laura Schultz,Tracy Shaw,54:50,grow,dog,2024-01-29 05:15:48,2024-06-27 05:03:01
39753,how,Katrina Collins,George Joseph,06:51,bring,grow,2024-09-10 07:23:49,2024-02-17 20:29:12
39769,agent,Steven Stewart,Joseph Morton,12:49,thus,movie,2023-07-21 05:21:28,2023-11-25 12:00:01
39842,occur,David Torres,Andrea Barrett,42:55,culture,will,2023-01-05 14:49:14,2024-07-27 14:44:50
39898,become,Kevin Rocha,Angela Keller,24:15,minute,somebody,2024-10-31 04:26:51,2024-02-13 10:07:50
40051,hand,Alison Romero,Christopher Webb,55:14,air,bed,2024-03-11 00:09:03,2024-11-10 00:43:22
40115,push,Brooke Mueller,Dale Ortiz,09:57,argue,claim,2023-05-04 01:19:18,2024-01-01 01:14:23
40622,early,Michael Reid,Ian Waters,34:19,attorney,century,2023-06-17 07:51:35,2024-10-09 17:54:03
40869,yard,Christina Dunn DVM,Ashley Garcia,43:14,market,hit,2023-12-27 06:56:24,2024-04-10 18:32:40
40983,since,Anthony Murphy,Denise Anthony,54:50,foreign,lay,2023-04-24 19:10:55,2024-05-06 09:06:20
41099,method,Roger Mooney,Benjamin Roberts,08:52,boy,best,2024-07-27 10:28:25,2024-05-26 15:37:30
41147,poor,John Davis,Kenneth Simon,00:36,performance,television,2023-02-21 08:37:23,2024-01-09 04:53:57
41201,bar,David Perkins,Joseph Scott,37:26,realize,fund,2023-03-14 06:54:02,2024-10-08 02:40:58
41221,team,Kelly Garcia,Randy Lynch,34:39,put,center,2024-03-02 03:36:40,2023-11-24 21:28:03
41232,big,Gabriel Moore,Jamie Mcbride,00:23,garden,democratic,2024-05-06 19:15:56,2023-12-15 15:58:33
41592,task,Bryan Hunter,Barbara Whitehead,35:12,range,even,2024-08-08 18:59:16,2024-10-11 14:06:11
41688,catch,Sarah Martinez,Barbara Ramos,23:25,movement,ok,2022-12-15 07:25:49,2023-12-07 11:57:04
41762,analysis,Kayla Clayton,Michael Webb,36:46,describe,because,2024-06-01 11:50:39,2024-06-12 00:40:20
41767,hold,Emily Dunn,Michelle Arellano,46:53,list,investment,2023-04-06 05:11:06,2024-10-24 18:27:46
41806,plan,Kevin House,Margaret Ho,47:16,tonight,who,2023-07-08 11:20:07,2024-08-22 18:15:10
42040,require,Douglas Phillips,Samantha Boone,55:48,class,first,2023-11-23 12:17:31,2024-05-11 16:00:31
42457,either,Carrie Pierce,James Tucker,11:10,marriage,hundred,2024-09-20 21:21:03,2023-11-28 09:33:01
42597,reason,Diamond Brown,Richard Clark,49:22,friend,avoid,2023-06-26 07:42:34,2024-02-24 20:03:44
42620,exist,Andrew George,Alyssa Gill,13:20,ready,lead,2024-08-15 07:24:13,2024-01-01 21:24:34
42647,choice,Peter Bauer,Ryan Bridges,21:00,product,consider,2023-06-14 21:04:54,2024-08-04 04:00:50
42887,point,Mark Landry,Dylan Clark,50:15,eye,travel,2022-12-13 05:37:16,2024-07-20 19:47:51
42952,always,Bethany James,Jessica Vasquez,49:56,must,its,2024-05-30 03:57:43,2024-08-18 03:40:23
42991,mouth,Shannon Martin,Mrs. Holly Romero,12:29,respond,agency,2023-05-22 03:20:47,2023-12-31 00:21:44
43058,usually,Thomas Lucas,Catherine Perez,14:16,nice,example,2023-11-23 15:44:48,2024-09-20 20:07:01
43162,world,Justin Stone,Ethan Bowman,58:59,management,statement,2024-07-06 05:34:57,2024-10-15 02:06:05
43297,week,David Ortiz,Dr. Anna Jones,38:31,these,opportunity,2023-08-26 15:42:23,2024-08-21 12:50:04
43870,avoid,Summer Curtis,Lisa Faulkner,05:47,without,officer,2023-07-30 07:55:48,2024-08-23 15:35:49
43893,institution,Arthur Nguyen,Holly Wang,57:38,nice,social,2024-05-10 15:29:51,2024-06-09 19:33:51
44019,heavy,April Bailey,Eric Phelps,24:14,debate,happy,2024-09-15 11:20:24,2023-12-14 13:44:26
44096,wind,Michael Bauer,Dr. Brenda Garcia,31:54,magazine,reveal,2023-04-28 21:39:33,2024-01-13 22:19:41
44120,report,Keith Webb,Angel Mejia,43:00,side,since,2023-12-23 20:17:52,2024-11-18 18:42:59
44256,call,Sarah Peterson,Benjamin Jones,30:51,allow,knowledge,2023-04-13 05:57:08,2023-12-30 22:45:13
44280,pressure,Peter Mayer,Daniel Wood,22:32,candidate,resource,2023-12-08 04:06:06,2023-12-12 04:03:19
44339,evidence,Timothy Williams,April Williams,34:55,send,special,2023-04-14 04:15:02,2024-09-26 07:11:04
44343,star,Shelby Owen,Brenda Hamilton,17:24,seem,individual,2024-03-25 01:34:44,2024-03-16 01:38:53
44487,finally,Katrina Moore,Dr. Henry Anderson,22:40,take,general,2023-01-21 00:13:17,2024-06-15 23:57:58
44576,view,Kaitlyn Lee,Laura Murphy,09:21,south,economic,2023-11-20 12:25:26,2024-08-29 20:43:17
44727,cultural,Thomas Meyer,Emma Mcguire,50:58,level,white,2024-08-22 01:04:54,2024-04-17 13:26:25
44731,however,Jennifer Craig,Carol Sanchez,09:49,many,paper,2023-09-06 10:30:41,2024-02-11 05:32:18
44942,not,David Sanders,Paul Fitzgerald,51:19,think,unit,2024-09-18 03:57:32,2024-05-06 17:43:43
44954,industry,Daniel Davis,Sara Hunt,47:03,he,under,2024-10-18 08:06:22,2023-12-27 08:19:39
45006,view,Jade Williams,Lisa Bennett,34:05,enter,successful,2023-09-25 20:41:40,2024-10-22 10:09:29
45083,leave,Elizabeth Rodriguez,Steven Kirk,55:34,listen,start,2023-01-25 23:04:08,2024-06-15 02:49:56
45238,push,Andrew Alexander,Kirk Montgomery,16:34,face,six,2024-03-02 13:46:40,2024-10-18 04:37:44
45305,myself,Stephanie Reese,Calvin Williams,31:33,significant,although,2023-09-03 23:38:16,2024-01-09 03:47:26
45482,civil,Jared Martin,Ronald Oliver,26:12,total,parent,2024-01-08 04:45:40,2024-08-02 18:54:26
45554,speech,Michael Holt,Karen Nichols,14:31,ground,purpose,2022-12-29 07:47:02,2023-12-25 08:20:35
45655,respond,Melissa Cohen,Christian Patton,27:43,interesting,leg,2023-11-19 21:13:50,2023-12-25 06:23:39
45666,describe,Stacey Williams,Lisa White,35:37,art,garden,2024-01-16 15:08:36,2024-07-20 02:41:47
45767,offer,Patricia Jacobs,Anita Berry,49:47,sport,another,2024-11-16 20:06:50,2024-05-12 19:23:33
45881,book,Erin Campbell,Blake Ryan,10:38,break,natural,2024-08-11 01:38:53,2024-08-07 16:49:04
45997,join,Holly Williams,Victoria Cisneros,29:09,player,career,2024-10-10 01:36:33,2024-01-02 14:09:53
46023,side,Leonard Atkins,Toni Freeman,57:12,stand,performance,2024-02-11 08:40:06,2024-09-19 06:07:09
46233,main,James Ayala,Neil Coleman,25:46,far,citizen,2024-11-15 11:49:42,2024-07-18 13:02:32
46395,tax,Cindy Deleon,Hannah Mclaughlin PhD,40:05,foreign,agency,2024-09-24 04:59:52,2024-01-16 04:40:57
46464,security,Stephanie Farmer,Carrie Estrada,34:28,draw,practice,2024-08-26 20:38:33,2024-06-16 11:18:14
46484,hot,Jeffrey Mercer,Bryan Cook,05:01,represent,and,2023-04-04 00:08:31,2024-04-05 11:30:14
46566,any,Duane Carter,Linda Gonzalez,49:54,section,yard,2024-06-24 13:53:03,2023-12-28 19:11:58
46717,detail,Roger Edwards,Douglas Morgan,27:57,important,amount,2023-07-13 07:16:55,2024-02-08 07:45:47
46718,prepare,Randy Holloway,Aaron Jefferson,25:11,type,life,2022-12-26 12:37:04,2023-12-24 22:01:37
46736,same,Ms. Elizabeth Harris MD,Nancy Wood,30:03,attorney,along,2023-12-17 00:18:55,2024-07-29 12:07:37
46775,early,Melissa Woods,Sarah Bray,01:02,ok,even,2023-09-21 04:56:44,2024-08-11 20:17:05
46875,follow,Elizabeth Allen,Angela Willis,31:14,most,whose,2023-01-10 03:20:50,2024-04-27 09:00:32
46880,agreement,Nicholas Lewis,Jennifer Campbell,36:14,research,public,2023-04-08 16:27:06,2024-09-20 07:02:08
46885,soldier,Robert Townsend,Steven Doyle,28:21,face,night,2023-05-26 06:41:36,2023-11-24 23:41:54
46914,price,Brenda Farmer,Cameron Wilson,05:38,star,number,2024-10-10 03:08:08,2024-05-29 21:27:20
47028,contain,Richard Dean,Christopher Richardson,18:38,simple,others,2024-10-04 18:41:29,2024-11-02 17:43:36
47054,step,Monica Lopez,Brandi Rose,22:55,point,laugh,2023-12-30 08:41:22,2024-02-16 17:02:21
47076,about,Matthew Copeland,Elizabeth Thomas,30:56,continue,itself,2023-02-06 00:16:06,2024-08-22 13:17:57
47159,trial,David Ross,Joseph Lawson,55:51,process,buy,2023-08-12 12:10:57,2024-09-05 20:34:01
47236,service,Mary Rojas,Alicia Jackson,49:49,ready,Republican,2024-08-23 08:25:08,2024-03-07 12:30:32
47378,measure,Stephen Hernandez,Anthony Martinez,28:13,low,foreign,2023-04-27 22:24:15,2024-06-21 14:14:01
47453,know,Charles Rogers,Eric Williamson,27:39,unit,movement,2023-05-30 02:58:32,2024-07-06 05:01:22
47479,remain,Jessica Espinoza,Kelly Douglas,38:20,month,total,2023-05-28 00:35:45,2024-01-24 02:59:12
47537,way,Daniel King,Kelly Hernandez,22:50,important,a,2024-02-20 04:40:15,2024-04-18 12:46:50
47578,body,Brenda Rivera,Christina Floyd,37:54,field,establish,2024-08-09 15:49:22,2024-11-01 19:01:07
47646,former,Rose Turner,Matthew Howard,05:10,also,many,2023-09-25 16:05:18,2023-12-04 23:25:49
47765,benefit,Megan Leach,Kara Riley,25:06,should,foreign,2023-08-17 01:17:02,2024-09-20 04:24:08
47939,common,Heather Rios,Kelly May,30:42,must,doctor,2023-07-11 23:15:15,2024-05-15 14:08:12
47942,couple,James Martin,David Nelson,14:32,eight,other,2024-08-08 16:10:39,2024-06-15 18:56:43
47958,effect,Jason Walsh,Carla Walton,30:31,camera,chance,2023-06-21 07:56:13,2024-08-13 23:07:12
48064,among,Kevin Phillips,Eric Gross,08:46,become,few,2024-01-26 20:39:43,2024-02-16 18:17:57
48076,court,Tina Meyer,Paul Caldwell,24:14,put,sport,2024-03-15 04:58:08,2024-09-12 10:09:16
48266,clear,Julie Stephenson,Chad Hammond,14:44,different,painting,2024-01-19 08:11:15,2024-01-05 02:33:06
48293,all,Melinda Yoder,Ronald Miller,10:18,likely,nature,2023-06-30 00:36:23,2024-08-08 18:00:07
48439,magazine,Carla Williams,Dawn Freeman,37:55,hold,them,2023-01-31 14:14:37,2023-12-02 06:05:18
48461,smile,Mary David,Erika Snow,22:47,toward,break,2023-09-26 04:11:03,2024-08-07 16:45:53
48527,prepare,Kurt Beasley,Nicole Parrish,19:56,book,establish,2024-10-11 20:06:50,2024-08-22 02:20:09
48858,national,Donald Jimenez,Kayla Perez,48:26,year,cup,2023-11-04 09:35:39,2024-01-15 18:13:47
48982,difference,Jennifer Butler,Russell Ashley,07:16,of,perhaps,2024-01-23 00:36:27,2024-09-08 03:32:51
49212,night,Alex Flores,Nicholas Boyd,30:13,upon,audience,2023-06-15 11:57:14,2024-08-29 03:02:05
49262,performance,Laurie Peters,Reginald Everett,13:57,part,at,2024-07-21 02:02:20,2024-08-15 01:49:57
49474,third,Theresa Atkinson,Justin Mitchell,34:28,himself,take,2024-09-28 18:20:32,2024-10-30 03:04:04
49623,feeling,Jose Macias MD,Patty Garcia,38:30,above,skill,2024-07-23 07:09:45,2024-10-31 02:57:42
49778,player,Alexis Heath,Donna Vazquez,19:27,across,time,2023-07-29 00:00:12,2024-06-26 06:03:21
49908,speech,Luis Moody,Robert Jones,56:20,campaign,learn,2023-10-11 14:09:07,2024-06-06 23:08:56
49946,control,Amy Jackson MD,Roger Mcbride,55:21,house,professional,2023-02-13 20:09:47,2024-07-18 22:19:05
49952,total,Mary Garrett,Samantha Donaldson,46:12,itself,role,2024-01-21 23:31:40,2024-02-21 14:37:49
50047,machine,Jack Day,Donna Reed,10:38,me,commercial,2024-01-24 04:34:08,2024-07-20 05:56:05
50107,three,Lauren Sloan,Victor Cook,57:09,economic,from,2024-03-14 12:12:47,2024-07-19 22:06:38
50120,know,Elizabeth Mclaughlin,Jessica Patrick,39:36,television,plan,2023-06-10 09:17:45,2023-12-26 08:54:43
50144,finish,Rodney Campbell,Lisa Cortez,30:43,thousand,hair,2024-08-30 06:11:16,2023-12-22 08:27:15
50229,PM,Linda Harris,Brittany Cohen,17:39,television,reveal,2024-09-06 01:25:23,2024-10-09 15:04:33
50279,put,Chad Sims,Joseph Smith,25:06,analysis,one,2024-11-07 21:10:37,2024-02-02 17:52:34
50488,family,Peter Kim,Haley Taylor,10:11,hotel,ask,2023-09-03 01:06:11,2024-07-19 09:31:28
50510,group,Hannah Cook,Shelley Stevens,25:47,director,leg,2023-06-11 11:51:18,2024-09-03 20:48:39
50644,former,Tina Robertson,James Miller,13:24,play,usually,2023-01-16 12:36:40,2024-10-29 20:26:43
50670,glass,Dawn Howard,Cassandra Clark,07:03,behavior,expect,2024-04-15 03:38:35,2024-06-25 02:29:51
50951,positive,Mason Mckee,Randall Foley,20:51,of,ten,2023-02-09 03:20:46,2023-11-23 16:10:03
51052,these,Cheryl Henderson,Derrick Stevens,57:27,structure,I,2023-12-28 11:36:41,2024-02-01 10:16:22
51162,leg,Anna Davis,Jeffery Anderson,17:19,machine,who,2024-10-09 03:02:13,2024-10-04 23:54:19
51191,crime,Dustin Solis,Wendy Gray,26:29,role,teach,2023-12-14 12:33:56,2024-02-21 11:16:33
51225,process,Michael Henry,Travis Williams,41:56,east,voice,2024-06-12 15:42:57,2024-10-31 09:00:09
51247,establish,Michael Nguyen,David Morton,00:18,task,couple,2023-06-20 06:14:46,2024-04-03 17:43:40
51336,yes,Jeffrey Sheppard,Katherine Chambers,12:32,whether,six,2024-03-19 09:28:53,2024-09-05 20:06:14
51366,visit,Tiffany Butler,Melissa Parker,38:21,front,another,2023-10-04 17:28:41,2024-08-18 23:57:45
51776,act,Joann Reed,Janet Robinson,39:33,commercial,hit,2024-11-05 06:24:54,2024-07-27 10:58:42
51846,other,Brett Thomas,Martha Howard,56:47,spring,sell,2023-12-28 12:45:22,2024-06-11 05:47:49
52037,laugh,Kathryn Martinez,Jesus Mullen,43:23,mother,three,2023-07-25 18:44:55,2024-01-21 01:36:14
52054,against,Jeff Thornton,Amy Moore,49:32,believe,research,2024-09-17 20:38:41,2024-11-03 18:46:42
52080,tree,William Smith,Dr. John Vance,46:04,interview,as,2023-03-20 19:54:59,2024-04-28 02:52:34
52116,true,Vanessa Campbell,Phillip Kelly,08:43,officer,education,2023-03-23 05:37:20,2024-05-04 17:41:37
52230,pretty,Timothy Watson,Crystal Brown,26:00,alone,board,2023-10-12 23:25:08,2024-07-22 12:47:43
52364,recognize,Jesus Phillips,Albert Baker,27:40,office,debate,2024-05-14 08:51:29,2024-05-11 02:57:11
52379,despite,Catherine Keller,Timothy Phillips,28:41,in,assume,2023-02-27 06:54:58,2024-06-03 09:24:37
52523,health,Nicholas Cook,Nicole Wright,11:46,able,part,2024-01-12 17:01:24,2024-04-11 23:27:48
52572,fear,Briana Young,Elijah Kelly,47:11,however,if,2023-02-22 14:28:37,2024-07-30 17:00:07
52639,suggest,Michael Hicks,Joseph Fritz,34:29,lose,yes,2024-07-09 07:09:12,2024-04-18 13:02:39
52647,item,Jennifer Sanders,John Diaz,30:29,take,though,2024-07-30 17:52:46,2023-12-28 08:54:53
52681,wonder,Stephanie Rodriguez,Christopher Rice,20:44,almost,game,2023-09-19 16:35:11,2024-03-04 18:38:10
52690,goal,Anthony Frazier,Andrew Kennedy,21:51,amount,court,2024-08-01 08:06:02,2024-11-22 03:46:21
52713,visit,Shari Vasquez,Lisa Duarte,54:44,fact,daughter,2023-10-10 13:36:48,2024-11-05 06:49:53
52724,several,Lisa Valenzuela,Jesse Day,53:32,suffer,network,2023-08-10 08:27:30,2024-07-03 04:25:59
52727,soldier,Theodore Sanchez,Melissa Evans,05:57,change,care,2023-05-15 20:35:04,2024-05-07 09:59:22
52764,show,Diane Higgins,Micheal Graham,44:40,view,thought,2022-11-24 15:37:59,2024-09-24 20:02:24
52835,piece,Angela Solomon,Mrs. Valerie Ware DVM,13:28,value,never,2024-04-18 13:22:42,2024-08-30 15:41:48
52998,long,Dustin Robinson PhD,Joel Michael,10:25,serve,build,2024-09-09 01:23:34,2024-01-30 16:33:24
53002,than,James Mason,Beth Peters,19:24,role,friend,2024-06-29 05:47:47,2023-12-29 10:05:09
53022,since,Aaron Cohen,Kristen Winters,05:21,natural,commercial,2023-03-14 15:32:23,2024-01-02 16:58:58
53144,play,Christina Ochoa,Matthew Reed,45:02,probably,may,2023-03-25 19:09:32,2024-09-03 17:58:01
53149,fall,Heather Juarez,Justin Hill,05:30,my,imagine,2024-06-13 19:36:17,2024-02-13 15:39:23
53233,perhaps,Robert Ellis,Jennifer Proctor,17:14,care,live,2024-06-09 09:30:49,2023-12-03 03:52:52
53352,serve,Sandra Davis,Gary Hernandez,17:54,we,sell,2023-02-16 20:55:02,2024-06-09 00:30:57
53407,administration,Heather Hopkins,Alexandria Smith,35:25,success,low,2024-06-27 23:31:47,2024-03-22 22:16:57
53428,audience,Daniel Bailey,Paul Guerra,05:22,fact,at,2023-10-21 17:50:22,2024-08-13 04:32:15
53612,doctor,Mrs. Kara Brown,Kelly Everett,39:21,summer,reality,2023-07-18 07:00:15,2024-01-06 18:15:40
53711,end,Erica Vasquez,Christopher Hayes,42:18,middle,course,2023-06-24 17:46:14,2024-05-21 03:41:02
53913,the,Judy Zavala,Anna Krause,50:20,safe,smile,2023-02-01 21:48:03,2024-04-09 20:18:39
54114,music,Kevin Howard,Mr. Harold Mann,58:35,television,card,2024-10-22 02:22:28,2024-03-04 12:39:19
54185,perform,William Lawson,Dr. Jasmine Curtis,51:28,adult,modern,2024-10-11 09:46:52,2024-04-11 23:31:24
54363,more,Mathew Robertson,Johnny Pitts,55:10,situation,opportunity,2023-06-24 03:29:44,2024-05-20 00:07:07
54410,fight,David Price,Gina Lowery,01:08,likely,perform,2024-11-08 10:12:18,2024-03-10 22:30:37
54522,director,Tiffany Singleton,Cheryl Collins,38:27,know,money,2024-08-15 17:33:18,2024-06-01 20:24:46
54638,letter,Holly Smith,Evan Hunter,00:40,Mrs,other,2022-12-26 14:46:01,2024-07-06 02:10:04
54775,particularly,Bobby Jones,Gregg Fields,01:40,well,happen,2024-11-03 13:33:49,2024-07-25 09:45:21
54890,national,Daniel Ray,Jason Carter,35:15,rate,movie,2023-10-23 13:12:01,2024-02-18 08:33:28
54899,reach,Sarah Smith,Daniel Davenport,13:22,right,drop,2023-10-04 03:09:35,2024-05-19 02:07:51
54983,practice,Frederick Thompson,Thomas Thompson,42:10,hot,shoulder,2023-12-23 18:39:12,2024-03-03 01:20:52
55141,sing,Michael Nunez,Miguel Williams,38:53,degree,current,2023-12-31 22:38:13,2024-10-25 14:06:03
55493,role,Andrew Elliott,Jeffrey Farley,49:27,painting,soldier,2023-07-16 15:03:38,2024-07-09 15:24:51
55610,time,Donald Davidson,Jessica Flores,28:37,between,least,2023-06-16 21:05:57,2024-06-02 07:54:05
55633,grow,Crystal Tapia,Robert Banks,01:29,beat,newspaper,2024-04-20 07:03:34,2024-11-02 03:02:49
55731,grow,Megan Garcia,Erica Smith,38:23,everyone,maintain,2024-03-24 16:15:28,2024-06-13 00:33:18
55796,air,Melanie Jackson,Jacob Stanley,22:02,win,yourself,2022-12-15 15:38:29,2024-01-17 15:05:33
55831,go,Lisa Weaver,Gina Lopez,50:22,audience,top,2024-03-24 01:52:32,2024-11-02 22:21:11
55903,exactly,Wendy Dunn,John Cook,53:59,voice,network,2024-07-23 12:14:25,2024-02-25 16:33:00
55917,professional,Steve Bell,Patty Leonard,48:25,middle,skill,2024-05-11 11:04:41,2024-08-21 00:31:29
55939,politics,Diana Carroll,Penny Robinson,29:04,fish,project,2023-12-01 15:42:52,2024-04-18 16:55:52
55943,into,Derrick Smith,Andrea Mitchell,18:42,subject,very,2023-07-30 10:39:02,2024-06-20 17:23:11
56005,something,Katherine Griffin,Diane Giles,46:06,glass,food,2023-10-30 22:27:18,2024-09-18 18:23:03
56595,use,Shannon Lawrence,Monica Kelly,47:16,your,thought,2023-11-29 22:18:33,2024-02-10 19:05:45
56636,mission,Wayne Higgins,Julie Wolfe,22:55,prevent,feeling,2024-09-24 07:59:54,2023-12-04 12:21:56
56647,effort,Shelly Guerrero,Jessica Ibarra,48:44,type,as,2023-05-18 08:01:03,2024-10-23 04:58:19
56666,several,David Ochoa,Patricia Gonzalez,15:07,provide,move,2024-08-29 15:57:42,2024-04-20 13:41:16
56669,want,Michael Weber,Monica Short,07:41,better,reason,2024-10-21 12:32:04,2024-10-25 06:10:08
56698,hold,Zachary Green,Eric Todd,43:12,more,responsibility,2023-06-19 16:08:31,2024-09-27 05:13:57
56740,everything,Michael Garcia,Christina Wallace,06:05,find,if,2023-08-28 14:59:03,2024-01-18 13:47:11
56811,democratic,Christopher Warner,Sarah Myers,19:56,feeling,future,2023-09-22 19:37:48,2023-12-09 00:57:23
56844,food,Philip Mullen,Dustin Smith,04:26,discover,first,2024-03-28 02:51:37,2024-05-06 05:42:11
56949,local,Denise Mcclure,Brandy Barrett,08:01,article,blood,2023-04-22 07:55:30,2024-08-31 00:47:17
57155,toward,Roy Burgess,Roger Rivas,39:10,you,medical,2024-09-02 07:11:48,2024-10-31 09:10:56
57184,age,Brooke Barker,Ryan Young,58:14,face,allow,2024-09-25 16:23:59,2024-10-11 12:35:10
57198,car,Gordon Stone,Randy Anthony,36:33,trade,cultural,2023-12-10 11:23:23,2024-10-05 10:14:32
57651,activity,Rodney Sanchez,Jeremy Mata,53:54,where,race,2024-10-02 18:07:57,2024-02-20 20:31:46
57729,couple,Crystal Holmes,Steven Caldwell,21:47,around,accept,2023-02-21 15:33:27,2024-02-09 10:30:27
57748,everybody,Michael Williamson,Nicole Ross,30:23,some,feel,2023-06-29 15:55:05,2024-10-28 08:26:27
57755,professor,Walter Welch,Alison Peters,29:08,will,admit,2023-12-05 13:38:18,2024-03-14 16:59:40
57826,voice,Annette Randolph,Gregory Munoz,46:21,assume,policy,2023-01-20 01:48:50,2024-07-27 02:13:18
57832,to,Debra Taylor,Jamie Larson,20:04,ten,different,2023-04-22 00:38:41,2024-02-25 16:05:40
57885,myself,Janice Patel,Adam Bruce,34:39,various,affect,2024-11-12 21:55:40,2024-09-18 04:31:09
58023,nature,Karen Goodwin,Brian Scott,45:04,compare,ten,2024-10-06 01:20:28,2024-06-13 07:58:12
58054,movie,Alexandra Wilson,Anne Thompson,07:32,make,task,2024-01-30 07:49:48,2023-12-02 22:09:20
58218,member,Patricia George,Larry Kelly,57:41,movie,something,2024-10-18 04:32:45,2024-03-21 02:13:43
58414,professional,Kimberly Wilson,Amy Cook,40:10,tonight,avoid,2024-05-23 23:23:02,2024-01-22 14:46:29
58592,situation,Vanessa Tyler,Jack Turner,38:48,board,product,2024-07-29 17:08:18,2023-12-01 08:43:30
58734,happy,Susan Shannon,Melissa Gonzalez,12:29,also,appear,2023-07-31 21:42:36,2023-11-23 13:57:10
58862,world,Kristine Brown,Steven Brown MD,25:07,mouth,citizen,2024-05-07 15:34:49,2024-01-05 08:40:26
58922,in,Bradley Lee,Becky Calhoun,13:36,clearly,establish,2024-02-07 17:33:42,2024-04-27 12:00:42
58944,arrive,Derek Prince,Katherine Lee,16:26,instead,rather,2024-01-30 01:39:22,2024-03-26 17:13:58
58945,right,Michael Walton,James Mcmahon,44:34,contain,few,2023-07-12 23:01:41,2024-06-17 10:11:48
58955,his,Jason Tate,James Barry,17:47,red,behavior,2024-10-28 02:08:07,2024-08-04 21:21:18
59172,throw,Andrea Collins,John Gordon,13:36,relationship,follow,2023-10-04 11:28:41,2024-06-19 04:08:13
59284,receive,Antonio Estrada,Marissa Johnson,48:47,happen,know,2023-05-15 23:46:57,2024-08-31 05:49:25
59285,state,Nancy Booker,Kristi Mcgee,28:46,can,next,2024-01-27 07:09:18,2024-04-19 04:36:26
59330,investment,Frank Robinson,Matthew Bell,46:49,and,side,2023-07-24 06:03:52,2024-07-31 05:18:32
59353,produce,Patrick Barry,Timothy Jones,56:49,manage,behavior,2023-03-12 14:18:51,2024-08-10 14:35:30
59830,natural,Wendy Gay,James Turner,33:56,service,sometimes,2024-01-19 12:48:04,2024-05-24 06:31:47
59833,base,John Robinson,Jessica Anderson,11:51,allow,give,2023-09-12 18:01:09,2024-09-06 21:42:01
60032,continue,Richard Day,Deborah Schwartz,01:21,one,same,2024-10-12 09:34:30,2024-04-20 10:16:19
60065,article,Russell Coleman,Shannon Clark DDS,40:19,their,discuss,2024-10-02 12:49:03,2024-10-07 18:19:58
60097,where,Gregory Ramos,Dale Richards,38:00,begin,series,2024-01-30 16:16:16,2024-02-28 12:22:24
60136,board,Angela Clark DDS,John Mccoy,17:39,agreement,expert,2023-11-30 13:17:40,2024-10-21 05:50:24
60202,such,Kenneth Leonard,Jordan Webb,15:57,just,science,2023-01-07 12:49:12,2024-01-30 15:58:16
60321,surface,Patrick Potter,Christopher Miller,42:40,with,tend,2023-02-13 10:21:43,2024-09-28 15:42:06
60506,save,Richard May,Justin Le,18:39,guess,stock,2024-08-26 20:15:47,2024-05-26 06:26:09
60512,I,Jose George,Justin Campbell,40:34,assume,add,2024-02-12 07:30:26,2024-09-17 05:19:41
60515,probably,Patrick Nguyen,Justin Sanchez,58:09,owner,research,2024-04-28 05:57:43,2024-03-17 13:07:31
60547,understand,Thomas Silva,Melissa White,20:14,seem,dinner,2024-02-07 04:08:14,2024-06-27 13:13:30
60558,head,Taylor Reed,John Arnold,32:30,cover,goal,2023-07-10 02:48:45,2024-09-30 08:02:56
60559,fear,Stephen Juarez,Amanda Graves,48:41,week,mother,2023-03-08 11:11:41,2024-07-24 06:45:37
60644,so,Justin Brown,Jon Marshall,13:14,probably,possible,2024-05-08 14:18:30,2024-01-06 06:21:53
60645,middle,Matthew Richmond,Shaun Stephens,47:00,expect,us,2023-11-25 04:43:39,2024-05-28 18:37:10
60849,thought,Kelsey Figueroa,Brent Johnson,34:13,college,million,2024-01-29 14:27:12,2023-12-27 16:38:49
60923,team,Kyle Campbell,Nicole Diaz,51:31,keep,machine,2024-05-01 07:37:20,2024-03-29 11:55:27
61017,style,Mr. Thomas Porter,William Wood,06:20,nothing,support,2024-11-15 20:50:49,2024-01-06 06:23:07
61097,husband,Stephen Bryant,Dylan Spencer,27:21,particularly,plant,2024-07-02 08:44:05,2023-12-02 19:04:24
61157,down,Nicole Marquez,Ana Carter,06:25,main,capital,2024-09-24 16:32:59,2024-05-08 07:58:25
61171,doctor,Brittney Spence,Richard Rush MD,50:43,much,cold,2023-06-20 16:09:26,2024-08-24 18:14:21
61273,ok,Matthew Moreno,Brian Lyons,06:38,total,either,2024-01-16 06:25:08,2024-08-19 13:49:42
61332,a,Peter Henry,Michele Bennett,36:07,goal,with,2023-05-13 13:14:25,2024-08-06 16:01:23
61365,example,Mark Smith,Robert Vega,42:25,present,specific,2023-08-27 15:19:57,2023-12-27 10:20:46
61447,sound,Dwayne Wright,Thomas Gonzalez,33:32,raise,example,2024-06-15 22:24:41,2024-04-18 05:48:08
61660,American,Regina Bradley,Brandon Adams,31:21,soon,prepare,2023-03-07 20:30:33,2024-01-26 22:32:01
61761,should,Sarah Baldwin,Elijah Davis,44:25,agree,care,2024-02-01 07:38:52,2024-02-03 18:12:02
61805,ten,David Roberts,Laura Flores,04:22,politics,campaign,2024-06-06 09:52:43,2024-09-18 08:31:29
61829,choice,Michael Hughes,Rodney Smith,35:47,special,then,2023-01-19 15:51:42,2024-03-24 02:11:24
61883,beat,Lisa Jennings,Mrs. Sharon Elliott,42:29,red,degree,2024-11-06 23:27:00,2024-06-16 19:19:52
61951,training,Robert Ellison,Andrea Lam,31:02,season,trial,2023-03-17 01:54:58,2024-06-07 19:49:41
62159,another,Amanda Quinn,Shelley Hall,15:13,method,receive,2024-06-26 03:24:18,2024-10-09 02:43:02
62195,morning,Monique Lambert,Ashley Anderson,31:01,for,behind,2023-06-07 08:11:53,2024-11-20 21:17:29
62216,white,Christopher Neal,Dr. Jeffrey Young,51:52,season,city,2024-06-26 21:11:46,2024-07-18 05:06:26
62293,image,Douglas Perez,Christopher Shaw,45:32,story,dark,2024-11-11 02:24:24,2024-01-13 01:24:21
62303,entire,Robert Gibson,Jacqueline Barker,32:37,mean,once,2023-09-08 09:03:06,2024-03-12 02:55:16
62441,mind,Nicholas Castillo,Scott Harmon,22:07,range,or,2024-02-16 20:43:42,2023-12-18 02:39:09
62444,analysis,Michael Perez,Joanna Black,56:26,pressure,walk,2023-08-23 01:32:10,2024-07-19 12:26:24
62651,summer,Kenneth Howard,Anthony Lloyd,29:51,watch,ago,2024-03-12 19:46:37,2024-01-31 18:45:48
62785,cultural,William Lewis,Miranda Boyd,05:52,little,role,2023-08-19 07:30:02,2024-11-19 03:36:40
62812,somebody,Robert Mcconnell,Ryan Smith,24:54,art,we,2023-10-30 23:56:02,2023-12-03 01:04:33
62882,one,Sandra Spencer,James Wilson,58:26,home,well,2023-10-26 18:46:14,2024-11-10 20:39:27
63231,interview,Travis Nguyen,Frank Le,01:02,television,positive,2024-05-23 05:02:04,2024-01-19 20:33:54
63277,way,Frank Johnson,Kevin Wood,59:05,all,radio,2024-04-19 05:25:17,2024-10-24 18:37:27
63353,house,Dawn Lee,Rachel Moreno,52:20,executive,audience,2023-04-23 21:21:23,2024-05-27 20:31:20
63407,growth,Adrienne Matthews,Ricky Dillon,10:39,or,teacher,2024-10-26 01:42:43,2023-12-02 06:20:59
63489,sport,John Mckinney,Jennifer Tate,08:26,police,contain,2024-01-22 13:21:23,2024-06-16 17:29:22
63837,continue,Michael Silva,Roberto Thomas,29:21,game,size,2024-05-03 12:20:17,2024-02-20 18:45:16
63881,attack,Matthew Adkins,Debbie Mcdaniel,23:27,grow,up,2024-06-13 14:03:24,2024-06-16 09:45:54
63926,group,Christina Adams,Christopher Wood,56:17,kitchen,maintain,2023-06-22 03:10:11,2024-09-29 02:33:22
63933,partner,Alicia Brooks,Douglas Baker,29:31,look,item,2023-10-03 15:56:09,2024-02-09 23:32:52
63944,couple,Bradley Coleman,Michael Pearson,45:39,song,away,2024-07-07 08:23:46,2024-08-02 02:40:17
63993,fight,Nathan Mays,Loretta Smith,59:05,young,green,2023-05-11 17:24:06,2024-09-10 08:08:30
64018,himself,Shane Cohen,Roy Hays,43:52,sense,lay,2023-01-07 04:09:01,2024-10-05 10:26:37
64112,activity,Donald Wilson,Kathryn Mcconnell,31:08,year,kitchen,2024-03-27 11:35:07,2024-07-28 20:39:03
64201,star,Dylan Blackwell,Christopher Robinson,38:38,by,sport,2024-06-06 03:15:17,2024-05-21 10:10:27
64217,fish,Tiffany Alexander,Michelle Martinez,31:47,during,respond,2024-05-02 21:37:41,2024-01-13 19:44:19
64235,series,Phillip Burns,Kevin Taylor,13:57,president,treatment,2023-01-13 14:04:57,2024-09-18 01:06:48
64358,cover,Regina Gomez,Jade Zamora,56:21,training,do,2024-03-15 10:17:09,2024-01-05 06:56:11
64409,detail,Alyssa Perez,Alan Martin,18:47,political,blood,2024-01-05 22:48:51,2024-07-05 15:39:13
64417,factor,Kimberly Garza,Willie Sanchez,25:11,now,appear,2023-01-18 17:29:04,2024-01-19 04:05:07
64453,back,Sara Garrison,Gina Williams,27:17,item,stay,2024-05-03 23:46:43,2024-11-07 23:38:43
64647,perhaps,William Ellis,Jason Barnes,47:55,heart,our,2023-12-21 13:50:06,2024-10-03 04:05:53
64662,food,Mark Hall,Charles Robinson,02:45,majority,city,2023-04-19 04:50:38,2024-11-08 11:39:56
64694,political,Stephen Butler,Rebecca Rodriguez,46:14,along,treatment,2024-01-29 10:37:27,2024-09-06 08:39:02
64801,ask,Alexis Johnson,Sarah Lawson,27:04,major,difficult,2024-02-04 15:50:02,2023-12-29 13:58:35
64936,left,Brittany Moon,David Phillips,54:06,summer,such,2023-12-03 12:47:39,2024-07-21 18:45:29
65037,project,Lori Davenport,Jesse Conley,09:31,determine,sit,2023-04-07 09:10:04,2024-10-15 04:51:26
65052,though,Barbara Brown,Jesse Barrett,08:22,firm,appear,2023-11-21 00:54:18,2023-12-01 00:13:15
65112,who,Jeffrey Boyer,Kevin Watson,20:09,number,such,2024-08-10 19:36:13,2023-12-20 01:28:00
65116,attack,Kendra Zimmerman,Shannon Adams MD,03:17,last,gas,2023-11-02 03:16:46,2024-09-21 17:07:46
65185,conference,Gregory Shah,Jillian Coleman,24:58,use,all,2023-07-16 16:07:58,2024-08-16 10:18:46
65202,network,Tony Newton,Charles Casey,24:08,seven,money,2022-12-03 16:16:06,2024-05-25 20:28:11
65232,speech,Rebecca Shannon,Cheryl Roberts,43:40,door,animal,2024-11-12 10:32:45,2024-06-20 13:23:20
65295,young,Nancy Fernandez,Brett White,07:14,party,radio,2024-05-04 15:37:55,2024-01-20 14:35:06
65322,glass,John Lyons,Jeffery Smith,19:29,very,raise,2023-03-06 10:22:46,2024-06-05 14:57:15
65527,standard,Francisco Rush,Brent Collins,10:12,ago,inside,2024-09-23 10:44:59,2024-02-12 11:15:35
65590,same,Rhonda Moore,Kenneth Bush,50:58,adult,then,2023-07-04 02:39:21,2024-04-07 06:45:12
65602,treatment,Audrey Cox,Christina Gould,38:10,remember,movement,2023-01-28 19:57:56,2024-01-25 02:33:15
65924,use,Sarah Johnson,Patricia Gonzalez,41:25,provide,go,2023-10-05 21:48:10,2024-05-25 22:16:01
66215,recently,Felicia Baker,Katherine Wheeler,09:45,skill,happen,2023-09-13 17:12:08,2024-07-15 05:22:46
66436,point,William Golden,Sydney Baker,33:27,also,organization,2023-02-27 20:47:37,2024-09-06 01:24:44
66563,analysis,Sharon Andrews,Natalie Sosa,33:44,tonight,contain,2023-04-09 15:45:03,2024-06-09 09:19:32
66635,also,Kimberly Garcia,William Williams,44:27,floor,rate,2023-07-30 11:22:32,2024-03-11 19:02:16
66876,finally,Frank Mathews,Cory Graves,46:29,consumer,could,2023-08-16 16:32:58,2024-05-26 14:09:32
66888,friend,Richard Miles,Carla Miller,53:09,something,operation,2024-02-07 00:57:07,2024-02-25 10:55:25
67065,this,Jennifer Walker,April Smith,54:24,yourself,physical,2023-01-08 11:05:37,2024-07-12 19:23:30
67291,program,Robert Freeman,Samantha Baxter,50:30,station,choose,2024-07-26 01:26:40,2024-08-22 08:53:16
67320,wrong,Stephen Lee,Crystal Cox,16:06,beautiful,radio,2023-08-25 21:49:06,2024-09-03 10:46:33
67341,door,Samantha Collins,Erica Terry,46:39,yet,century,2023-09-13 04:35:13,2024-06-15 10:51:57
67746,physical,Katherine Green,Samuel Jackson,56:47,peace,place,2023-01-20 16:55:38,2024-05-11 09:52:38
67908,tree,Daniel Rivera,Brenda Jones,52:46,list,call,2024-11-04 15:34:56,2024-11-12 11:13:31
67927,himself,Leonard Stout,Christopher Dunn,50:41,tough,choose,2023-01-17 22:57:56,2024-04-17 20:49:27
68215,impact,Sierra Vance,Christie Ruiz,36:45,car,eat,2024-06-13 05:26:19,2024-07-20 19:32:06
68224,company,Robert Cross,Stacy Shaw,05:17,want,increase,2024-02-01 17:10:02,2024-02-04 18:30:31
68498,age,Kristen Gregory,Anthony Taylor,32:48,reason,bag,2022-12-09 10:44:41,2024-06-11 19:11:44
68603,strategy,Mrs. Erin Miller,Jason Parker,30:35,item,forward,2024-03-28 18:55:45,2024-05-16 13:30:18
68827,deal,Cynthia Mack,Jesse Hardy,12:55,glass,listen,2024-09-09 16:51:35,2024-04-11 15:24:39
69252,huge,Jared Park,Larry Barron,53:36,message,agent,2024-03-04 08:11:29,2024-02-04 03:28:22
69278,whom,Alison Harvey,Haley Williams,53:40,enough,I,2024-09-21 17:06:39,2024-05-12 18:12:39
69504,last,Tina Gray,Mary Robinson,13:16,accept,anyone,2023-05-23 09:48:34,2024-11-10 18:15:52
69590,collection,Andrea Mccormick,Cynthia Melton,05:50,administration,large,2024-04-16 01:57:07,2024-10-12 19:37:10
69592,network,Matthew Carpenter,Scott Gonzalez,39:55,purpose,maybe,2023-03-08 22:41:32,2024-04-24 15:20:34
69623,yet,Erica Walton,Maureen Flores,35:41,open,listen,2024-01-03 00:18:09,2024-03-29 22:23:47
69651,energy,Lisa Galvan,Julie Williams,35:06,upon,check,2023-08-02 14:52:14,2024-04-04 12:48:10
69662,close,Allison Sanders,Kathryn Martinez,18:25,history,quite,2023-10-24 02:32:49,2024-05-21 04:37:46
69771,third,Ryan Bowers,Christopher Campos,26:58,against,exactly,2023-09-22 14:16:17,2024-03-27 08:59:14
69801,difference,Robin Joyce,John Clark,51:44,herself,respond,2023-12-25 20:01:46,2024-01-19 17:22:52
69819,bit,Michael Patel,Ashley Brown,25:56,shake,black,2023-02-10 12:05:29,2024-02-28 04:43:34
69971,something,David Johnson,Angela Shah,36:09,also,expert,2023-09-30 18:23:11,2024-07-07 14:52:16
70325,stay,Michelle Mitchell,Leah Jennings,05:52,trip,bank,2024-05-12 10:08:17,2024-09-09 06:55:38
70524,leg,Lisa Jenkins,Amy Green,36:51,book,simple,2024-04-04 20:57:57,2024-08-08 05:21:22
70608,eight,Charles Carson,Kimberly Bush,54:31,east,card,2023-02-02 05:06:02,2024-09-06 04:20:35
70741,how,Michael Montgomery,Ethan Hill,20:18,exist,include,2024-02-27 02:45:42,2024-02-11 08:31:48
70761,or,Jackson Figueroa,Stephen Morgan,06:49,hospital,attack,2024-06-09 22:25:37,2024-07-15 05:48:40
70840,style,Bryan Vaughan,Matthew Lester,37:38,say,hour,2023-04-09 08:33:55,2024-08-08 03:30:47
71124,specific,Lisa White,James Warner,16:37,election,buy,2023-09-23 04:05:08,2024-10-06 17:03:24
71292,concern,Samantha Blair,Terri Bradley,30:38,business,dinner,2023-08-04 01:11:51,2024-05-25 05:45:48
71383,make,Brianna Mcdaniel,Elizabeth Trujillo,16:48,amount,address,2024-02-29 10:55:54,2024-05-05 08:40:03
71402,right,Julia Weaver,Carolyn Brown,06:08,stock,well,2023-08-04 05:03:06,2024-06-25 15:22:43
71567,who,Tina Andrews,Laurie Savage,02:44,read,drive,2024-03-27 20:31:34,2024-09-01 09:25:57
71676,mother,Kristin Richards,Eric Smith MD,38:19,want,option,2024-10-27 20:48:54,2024-05-09 17:19:18
71909,travel,Paul Mendoza,James Waters,34:19,man,education,2024-07-31 02:19:40,2024-11-19 16:52:42
72088,information,Sara Holmes,Emily Jones,13:34,strategy,movement,2023-10-22 11:56:14,2024-03-03 00:09:53
72398,easy,Ryan Fuller,Krista Chavez,37:53,address,perform,2023-05-03 06:37:17,2024-01-09 01:18:42
72425,part,April Hahn,Emily Sims,51:52,finally,community,2023-06-12 17:37:28,2024-10-11 21:36:35
72449,citizen,Sharon Ellis,Willie Jones,30:29,political,certainly,2023-06-06 00:51:00,2023-12-12 17:43:24
72755,nature,Aaron Chung,Michael Christian,05:10,newspaper,million,2023-07-08 06:56:21,2024-10-10 23:29:22
72762,amount,Brandy Horne,Timothy Soto,46:15,spring,level,2023-11-16 08:21:01,2024-06-13 02:15:47
72983,operation,Cory Payne,Hailey Parker,43:33,shoulder,high,2024-09-16 06:57:50,2024-06-10 13:37:04
73059,little,Hayley Potter,Dylan Carney,32:02,everything,just,2024-03-09 12:06:14,2024-08-03 11:48:56
73250,nature,Emily Gordon,Andrew Parker MD,12:10,car,company,2023-06-17 06:05:32,2023-11-23 10:12:11
73254,foreign,Kaitlyn Donaldson,Jacqueline Cochran,03:45,show,charge,2024-09-24 02:43:19,2024-11-06 08:14:26
73309,rise,Terri Ortiz,Susan Freeman,35:57,could,field,2024-10-19 05:41:48,2024-09-05 00:54:23
73521,wait,Steve Harris,Julie Garcia,14:52,management,sound,2023-08-08 10:42:48,2024-11-01 22:55:39
73683,think,Alexander Warren,David Tate,22:04,you,support,2024-02-21 22:16:53,2024-05-20 15:35:04
73823,wait,Veronica Adams,Colleen Good,29:50,personal,market,2024-04-28 16:40:13,2024-10-26 17:14:12
73862,forward,Stephanie Meyer,Mr. Aaron Reed,57:06,clear,can,2024-04-24 20:48:07,2024-11-05 23:27:52
73899,effort,Walter Johnson,Douglas Hale,53:57,stuff,inside,2023-05-27 05:28:48,2024-02-26 07:13:31
74145,role,Jessica Holden,Tyler Hunter,44:04,although,purpose,2023-06-21 11:11:05,2023-12-24 23:37:09
74369,plan,Veronica Williams,Barbara Vaughn,18:18,enjoy,sister,2024-02-21 19:46:46,2024-06-22 13:59:23
74535,response,Heather Turner,Brittany Brown,49:17,remember,section,2023-06-06 01:06:03,2024-09-13 20:25:01
74679,eye,Patricia Martinez,William Hall,55:11,small,design,2023-11-21 13:37:02,2024-10-30 13:17:13
74702,management,Sara Henderson,Steve Smith,51:01,write,certainly,2023-09-19 03:27:08,2024-05-29 13:51:09
74744,beat,Matthew Wilson,Ryan Blanchard,00:31,quality,report,2024-02-06 22:41:13,2024-04-30 08:29:19
74791,become,Mary Mccoy,Laura Lopez,39:45,will,manage,2024-05-30 22:11:27,2024-03-14 12:20:55
74978,room,Jessica Hall,Michelle Garcia,43:06,special,second,2024-01-17 04:09:39,2024-03-18 06:08:31
75097,piece,Candice Jordan,Jennifer Ferguson,56:24,though,enough,2023-08-18 21:38:05,2024-10-15 04:15:03
75254,its,Sandra Gonzales,Miss Kimberly Macias,51:35,focus,per,2024-10-06 20:05:05,2024-03-04 00:52:23
75281,alone,Corey Jordan,Edward Rodriguez,22:12,generation,among,2024-07-25 09:21:45,2024-01-12 00:45:03
75452,several,Justin Gardner,Courtney Taylor,51:20,film,live,2023-05-14 01:37:43,2024-06-30 12:41:55
75475,audience,Karen James,Sean Burns,27:57,leave,ten,2023-08-27 18:13:42,2024-05-23 04:16:26
75708,agree,Timothy Parker,George Diaz,28:18,better,fund,2023-11-19 22:12:21,2024-10-29 11:16:05
75758,rest,Edward Johnson,Jennifer Alvarez,33:04,front,bag,2024-06-20 16:07:08,2024-03-15 21:39:38
75945,south,Jack Graham,Paul Gardner,01:40,though,buy,2024-09-19 23:41:50,2024-06-20 20:40:40
75964,better,Andrew Wallace,Jamie Fuller,38:30,board,Republican,2024-09-10 14:14:40,2024-01-02 17:13:53
76176,magazine,Teresa Harris,William Cox,05:21,this,price,2024-05-15 18:12:57,2024-10-09 06:40:32
76207,language,Anita Woodward,Diane Woods,11:34,else,reduce,2023-10-12 09:50:57,2024-01-22 11:51:56
76272,ball,Marisa Roberts,Tiffany Coleman,14:34,drug,perform,2023-05-19 18:22:58,2023-12-08 16:37:44
76326,sound,William Walter,Sabrina Martin DVM,38:59,worry,even,2024-09-05 05:43:20,2024-10-11 11:02:59
76342,finish,Amber Flores,Cody Watson,52:04,much,light,2023-11-12 07:47:55,2024-10-10 19:24:36
76459,issue,Brian Morse,Donna Bond,43:12,democratic,prepare,2023-09-20 19:28:35,2024-02-21 20:36:31
76482,movie,Kathleen Nelson,Christine Martinez,24:44,west,long,2024-06-08 14:29:08,2023-12-09 14:25:35
76493,main,Nancy Murray,Randy Jensen,35:55,never,system,2023-10-18 04:51:38,2023-12-19 23:01:23
76494,another,Martin Matthews,Ashley Campbell,08:12,someone,low,2024-10-25 14:40:03,2024-05-14 09:06:15
76553,member,Maria Jones,Antonio Hall,29:33,beat,work,2024-01-03 22:45:29,2023-12-29 15:40:35
76588,type,Emily Finley,Marie Watson,39:01,third,tend,2024-09-20 19:53:51,2024-08-03 12:45:04
76659,course,Mark Wheeler,Scott Garcia,47:26,teach,wear,2023-09-02 23:18:00,2024-10-05 00:21:17
76726,foot,Lisa Dunn,Matthew Franklin,39:46,meeting,law,2024-01-27 16:43:37,2024-07-29 18:20:22
76778,air,Audrey Myers,Katelyn Martinez,13:51,add,travel,2023-05-04 10:22:59,2024-02-25 14:46:55
76829,city,Edward Riggs,Christopher Wall,05:41,sister,sea,2024-03-01 19:06:58,2024-04-28 00:43:17
76960,policy,Leslie Griffin,Thomas Flores,41:39,thousand,indeed,2023-12-30 10:26:30,2024-10-07 14:23:29
76962,loss,Robert Hill,Nicholas Mitchell,59:46,story,build,2023-05-23 22:39:26,2023-12-07 06:50:47
76984,standard,Sherry Savage,Spencer Wiley,43:41,staff,spring,2023-06-20 03:36:38,2024-09-23 20:21:53
77117,interest,Casey Bell,Debra Serrano,25:39,third,paper,2024-09-27 10:50:57,2024-06-28 01:07:03
77390,single,Daniel Cruz,Caleb Ross,30:49,hit,expert,2023-02-04 17:25:47,2024-09-29 08:32:04
77401,interesting,Charles Lucas,Tracy Payne,28:34,heart,turn,2023-05-21 23:28:12,2024-07-02 19:29:45
77526,might,Sabrina Smith,Chad Richards,45:05,each,evening,2023-04-20 23:08:23,2024-04-18 16:16:10
77687,piece,Kaitlin Henry,Shelby Palmer,19:03,else,teacher,2024-02-09 20:56:10,2024-09-09 15:20:43
77787,language,William Anderson,Bradley Wood,02:54,time,alone,2023-01-29 09:54:15,2024-09-02 20:20:03
78027,series,Rachel Joyce,Amy Patterson,54:55,store,large,2023-04-11 19:42:28,2024-06-12 05:46:12
78127,place,Holly Moss,Jade Gilbert,46:09,protect,able,2023-08-28 11:08:00,2024-08-02 11:38:58
78164,expert,Jennifer Harris,David Weaver,44:28,good,responsibility,2023-01-03 10:45:35,2024-04-07 01:27:17
78335,finish,Mary Boyd,Levi Brown,40:37,prove,trial,2024-01-13 08:38:55,2024-10-16 11:10:43
78465,a,Judy Garcia,William Tran,40:07,able,capital,2024-03-30 17:26:56,2024-07-15 21:52:44
78500,process,Stephanie Nguyen,Brian King,52:40,stop,partner,2023-02-22 00:46:06,2024-02-19 08:11:27
78673,adult,Shannon Murphy,Reginald Chapman,00:21,next,morning,2024-05-23 10:59:08,2024-01-14 07:19:29
78905,always,Melinda Serrano,Michelle Hall,20:28,there,probably,2024-05-02 19:04:45,2024-10-11 17:44:46
79018,window,Christopher Snow,Tyler Taylor,12:35,represent,spring,2023-05-18 11:30:13,2024-03-20 00:57:52
79035,thousand,Joshua Hale,Edward Flynn,09:10,moment,beat,2024-06-23 19:39:11,2023-11-23 20:37:08
79239,name,Holly Perry,Wendy Brandt,48:41,should,take,2024-11-01 04:27:54,2023-12-02 10:50:34
79335,human,Jeffrey Mcdonald,Derek Smith,14:08,senior,worry,2024-08-20 20:09:11,2023-12-08 09:18:54
79414,quality,Taylor Curtis,Adrian James,31:00,movie,arrive,2024-03-29 16:31:12,2023-12-01 06:19:17
79699,tend,Colleen Gonzalez,Cory Flynn,17:22,power,above,2024-07-28 05:23:30,2023-12-13 00:26:00
80179,body,Stephanie Mcdonald,Mitchell Walker,06:34,company,wonder,2023-12-08 23:32:13,2024-10-18 15:23:21
80372,seek,Patrick Robinson,David Garrison,42:57,similar,teach,2023-04-10 16:22:11,2024-09-04 01:41:07
80508,itself,Guy Gibson,Bryan Richardson,22:27,new,fear,2023-02-16 17:20:00,2024-07-04 04:43:18
80537,wait,Kimberly Ramirez,Daniel Mosley,55:22,decision,last,2024-09-21 04:33:30,2024-01-20 09:54:06
80902,find,Elizabeth Larsen,Carl Sparks,21:35,during,ago,2023-12-22 12:11:29,2024-06-17 15:36:31
80951,blood,Mackenzie Jones,Steven Wilcox,04:58,anyone,quality,2024-04-21 11:58:04,2024-08-03 03:04:22
80980,us,Catherine Monroe,Renee Walker,55:15,store,course,2024-04-28 00:31:39,2024-05-21 19:35:55
81081,mention,Dr. Nicholas Price,Christopher Clark,13:37,need,think,2023-11-24 06:26:23,2024-10-29 00:52:54
81082,close,Gordon Hester,Danielle Jackson,11:04,visit,station,2024-08-26 14:42:13,2024-04-28 07:19:19
81184,he,Barbara Wilson,Matthew Gallegos,52:59,job,happy,2023-05-05 06:13:14,2024-07-10 20:37:13
81220,war,Douglas Dennis,Haley Torres,34:03,and,lay,2023-06-01 23:05:56,2024-07-29 21:35:38
81243,quickly,Andrew Sheppard,Michelle Rhodes,48:07,difficult,health,2023-07-08 08:30:40,2024-09-15 08:45:57
81415,also,Michael Jones,Eric Garcia,08:23,easy,gun,2024-04-05 03:33:53,2024-08-07 09:05:03
81419,husband,Timothy Matthews,Jennifer White,29:02,give,focus,2023-08-22 01:50:47,2024-04-01 08:24:27
81448,exactly,Patricia Holder,Joseph Carter,33:17,second,check,2023-08-25 11:45:33,2024-09-27 01:21:55
81747,perform,Justin Neal,Matthew Buchanan,01:27,discuss,cut,2024-04-15 14:42:11,2024-11-19 03:38:48
81750,decision,Michael Spencer,Ronald Mathis,29:33,letter,maintain,2024-06-30 12:13:35,2024-06-13 11:41:42
81755,early,Paul Robinson,Shane Mata,43:54,idea,paper,2023-07-18 01:39:30,2024-07-26 16:21:36
81815,particularly,Cynthia Mckinney,Collin Jefferson,30:21,poor,after,2024-09-23 20:19:36,2023-11-24 08:40:15
81825,beyond,Alexandra Mitchell,Paula Craig,32:03,amount,treatment,2024-02-06 21:22:34,2024-11-13 15:41:54
81868,president,Charles Peterson,Steven Carlson,43:37,run,pick,2024-02-02 16:51:57,2023-11-30 02:20:16
82023,hear,John Kennedy,Lauren Harris,57:41,street,edge,2023-01-07 01:21:00,2024-07-22 06:43:00
82092,garden,Jason Hunter,Wendy Williams,24:54,something,mention,2024-11-18 02:14:13,2024-02-12 19:03:40
82152,local,Jose Garcia,Andrew Stone,02:37,include,growth,2023-09-30 12:08:37,2024-11-02 10:00:54
82171,society,Calvin Jones,Helen Jimenez,09:24,professional,chair,2024-03-01 07:21:46,2024-11-14 09:59:27
82283,whatever,Stephanie Ferguson,Adrienne Russell,58:21,than,PM,2023-11-26 13:14:00,2024-08-05 07:58:37
82416,rise,Anthony Welch,Heather Bennett,34:34,central,throughout,2024-04-17 13:25:12,2024-08-14 10:43:26
82556,laugh,Dalton Torres,Rachel Lewis,57:29,science,movie,2023-09-16 03:19:54,2024-05-18 18:25:58
82724,place,Timothy Miller,Dr. Mark Williams,57:30,study,realize,2023-10-16 20:23:11,2024-01-28 10:04:17
82781,street,Gina Murray,Jorge Wallace,17:28,box,itself,2024-07-11 15:01:03,2024-08-28 20:40:15
82807,production,Martin Jensen,Rebecca Dickson,50:07,different,task,2023-02-18 09:44:02,2024-09-26 06:36:06
82944,care,David Evans,Elijah Mason,41:31,feel,build,2023-04-02 12:41:43,2024-02-21 16:45:22
82997,factor,Bryan Thompson,Michael Ramos,03:45,rule,yard,2023-11-06 19:34:12,2024-08-01 12:16:56
83348,skin,Jonathan Ashley,Robert Jensen,35:46,indicate,worker,2022-12-10 07:30:00,2023-12-22 01:05:24
83358,area,Dean Bruce,Julie Smith,43:51,need,by,2024-03-24 10:11:08,2024-10-17 18:21:44
83566,this,Eric Lopez DDS,James Villarreal,12:59,carry,check,2023-07-05 09:35:36,2023-12-07 00:40:08
83980,development,Gina Yang,Alyssa Powell,43:22,game,machine,2023-03-31 20:51:52,2024-06-03 23:42:07
84172,off,James Mcdowell,Matthew Bullock,25:58,large,now,2023-07-15 08:16:37,2024-09-04 09:14:49
84421,along,Isabella Williamson,Jeremy Munoz,47:04,on,upon,2023-01-31 06:11:44,2024-04-14 18:23:44
84508,their,Shane Payne,David Cohen,48:20,chance,without,2024-01-08 12:58:58,2024-02-25 09:55:06
84529,billion,Joseph Torres,Jose Williams,19:01,PM,nothing,2024-06-18 09:07:29,2024-05-26 15:29:59
84532,system,David Miller,Mark Jordan,47:02,often,customer,2023-05-07 14:23:06,2024-09-27 13:49:57
84611,individual,Mike Cole,Melinda Castro,02:23,minute,him,2023-01-06 07:32:46,2024-08-12 16:49:24
84691,focus,Jodi Mccormick,Ashley West,22:41,least,speak,2023-05-15 10:27:57,2024-09-04 00:57:48
84695,suffer,William Nixon,Cathy Wallace,38:59,side,management,2023-07-05 01:46:13,2024-05-24 04:34:35
84867,either,Amanda Osborne,Nicholas Patrick,52:31,its,about,2024-07-16 19:22:55,2024-11-16 06:03:38
84923,who,Steven Zuniga,Brandy Snyder,52:44,appear,operation,2024-07-12 20:18:54,2024-08-04 23:38:51
85116,yet,John Ray,Ruben Hopkins,14:40,final,drop,2023-11-12 05:14:31,2024-04-15 12:34:05
85186,shoulder,Kelly Stevenson,James Trujillo,28:31,society,try,2024-05-25 15:42:04,2024-07-06 08:44:40
85261,study,Sarah Campbell PhD,Kimberly Smith,26:43,join,time,2024-07-04 00:04:46,2023-12-08 14:50:29
85364,win,Patricia Graham,Paige Romero,39:28,occur,occur,2023-06-15 20:27:55,2023-12-13 04:46:54
85745,through,Rebecca Rogers,Emily Simpson,21:23,about,cover,2024-04-13 19:17:13,2024-06-15 16:09:49
85899,our,Michael Osborne,Dylan Smith,36:06,imagine,quickly,2022-12-30 11:47:14,2023-12-10 06:51:12
86059,everything,Robin Avila,Louis Lewis,08:54,million,center,2024-08-22 10:44:20,2024-06-02 19:47:17
86104,understand,Devin Gill,Michael Mayo,17:08,full,door,2023-08-13 10:55:08,2024-03-07 08:17:52
86145,moment,Robert Key,Amanda Castillo,20:17,medical,magazine,2023-08-22 05:01:56,2024-09-13 01:15:34
86171,data,Timothy Suarez,Angela Torres,26:04,gas,hotel,2024-03-27 10:20:50,2024-08-02 13:06:56
86334,past,Robert Avila,Jeanette Smith,43:51,street,five,2024-01-27 19:49:09,2024-03-03 06:55:56
86529,actually,Jack Greene,Samuel Davidson,17:01,show,seven,2024-09-27 17:59:51,2024-02-22 13:48:38
86581,green,Jason Craig,Daryl Jones,05:29,majority,about,2023-06-28 19:16:52,2024-04-14 04:53:03
86606,husband,Jeffrey Mitchell,Justin Smith,28:34,rich,then,2024-01-12 15:44:40,2024-04-12 04:07:43
86630,character,Andrea Walker,Christopher Mueller,49:21,under,speech,2023-05-02 21:10:12,2024-04-10 03:14:22
87005,fire,Gabriela Sherman,Clinton Sloan,47:53,drug,hit,2024-06-21 13:31:59,2024-08-28 04:25:32
87080,including,James Bailey,Paul Kennedy,23:40,story,speech,2024-01-02 10:05:43,2024-07-28 12:38:53
87117,camera,Timothy Gould,Billy Williams,33:26,hand,little,2024-08-06 21:29:22,2024-09-05 02:07:59
87256,read,James Weaver,Marcus Hooper,52:54,involve,box,2023-06-26 15:58:44,2023-11-26 02:42:48
87614,three,Tyler Payne,Ronald Bryant,25:59,consumer,seven,2023-08-03 00:17:09,2024-03-22 17:33:08
87645,necessary,Emma Gray,Tara Dyer,22:19,professor,street,2023-03-11 22:53:52,2024-01-21 09:06:56
87735,through,Robert Warren,James Mejia,59:59,compare,situation,2024-11-15 14:50:38,2024-11-20 10:02:10
87779,tell,Jason Flores,Nicholas Medina PhD,30:07,brother,chair,2024-07-12 21:13:03,2024-10-22 16:26:34
87939,wrong,Megan Smith,Dylan Edwards,11:44,church,use,2023-09-03 01:39:42,2024-05-08 01:20:30
87953,federal,Allison Holden,Felicia Flores,30:13,thank,cell,2024-07-22 08:41:01,2024-01-28 21:02:35
87964,build,Megan Forbes,Robert Brown,45:16,study,year,2024-04-16 11:00:52,2024-09-13 11:49:40
88035,mention,Katherine Harris,Christopher Smith,33:04,boy,if,2024-01-12 01:33:49,2024-03-21 00:23:13
88070,less,Alyssa Galvan,Crystal Williams,45:28,memory,relate,2024-06-11 20:29:04,2024-06-10 02:01:26
88138,guy,Jessica Collier,Angelica Barnes,04:54,success,thank,2024-06-11 05:44:13,2024-09-30 18:02:20
88293,person,John Joseph,Christine Reyes,10:56,age,third,2024-03-04 09:31:59,2024-10-15 23:39:31
88401,military,James Holmes,Joshua Navarro,36:50,large,line,2023-03-09 02:58:48,2024-01-19 06:59:35
88449,maintain,Jason Rowe,Jordan Erickson,06:23,interesting,among,2024-03-10 01:58:43,2024-01-02 13:26:16
88470,staff,Joshua Walker,Samantha Cruz,24:19,really,ask,2023-08-03 04:00:21,2024-05-25 20:35:15
88506,want,Michael Dixon,Sandra Carter,34:38,discussion,seem,2023-07-02 12:50:15,2023-12-28 14:29:16
88555,herself,Dana Kent,Joseph Rodriguez,37:58,maintain,music,2023-05-14 02:22:48,2023-12-27 13:53:30
88660,condition,William Carpenter,Rebecca Gregory,49:23,our,area,2023-06-30 06:59:06,2024-10-28 14:30:54
88746,write,Jeffrey Fuentes,Brandon Alexander,10:14,hope,onto,2023-08-04 12:23:20,2024-11-12 00:31:04
88871,happen,Christopher Duncan,Cory Murray,26:59,hard,course,2023-10-16 10:05:33,2024-07-06 05:17:42
88904,manager,Cynthia Conway MD,Angela Beltran,48:33,various,eat,2023-05-19 14:55:56,2024-09-19 01:56:50
89211,suggest,Tamara Price,Phillip Chapman,15:14,if,ago,2023-12-28 10:00:30,2024-09-15 19:15:27
89215,impact,Scott Bennett,Michael Smith,38:24,available,forward,2023-04-29 10:00:49,2024-08-07 17:43:21
89271,itself,Charles Bryan,Pamela Bush,14:47,move,director,2023-11-23 00:46:48,2024-07-21 17:32:28
89491,agree,Amanda Lynch,Justin Pearson,23:56,husband,hour,2023-12-13 15:13:28,2024-01-25 14:22:18
89496,car,Robert Kelly,Lindsay Morris,23:31,open,can,2023-03-26 11:05:02,2024-03-29 18:15:27
89892,adult,Brandi Long,Tracy Vasquez,49:11,provide,myself,2023-07-08 00:36:53,2024-04-14 19:41:00
89985,summer,Miss Rachel Cook DVM,Donald Gamble,30:04,size,memory,2024-02-02 21:06:15,2024-02-05 04:33:38
90149,natural,Alex Robles,Shannon Taylor,23:35,west,chair,2024-07-14 00:12:10,2024-05-10 10:02:06
90187,development,Mark Williams,Stacey Hawkins,03:53,back,stop,2024-11-14 21:22:18,2024-04-27 14:24:41
90221,site,Robert Robertson,Heidi Gross,52:01,ability,know,2023-02-24 13:13:45,2024-01-09 13:34:14
90326,more,James Adams,Deborah Hill,16:27,staff,poor,2024-05-12 08:23:56,2024-03-28 07:29:53
90352,with,James Johnson,James Johnston,55:26,relationship,skill,2024-08-04 12:17:49,2024-03-03 07:04:29
90419,central,Elizabeth Armstrong,Daniel Nichols,44:49,red,chance,2023-08-05 05:14:49,2023-11-29 00:13:29
90463,require,Richard Schneider,Tiffany Patterson,00:29,employee,manager,2023-10-16 18:18:29,2024-05-10 23:27:56
90476,left,Cynthia Mills,Rose Romero,18:53,century,not,2023-09-14 14:18:39,2024-05-20 23:44:18
90523,itself,Steve Lee MD,Theresa Glover,13:21,account,stand,2024-02-23 04:47:32,2024-02-15 22:40:10
90627,represent,David Powell,Darryl Edwards,17:55,miss,sound,2023-05-17 01:42:14,2024-08-22 16:30:33
90653,hundred,Adam Weeks,Sharon Carr,29:00,add,allow,2023-05-10 01:31:05,2024-07-24 21:24:37
90934,too,Amanda Yang,Patrick Mann,29:51,way,our,2022-12-19 10:07:01,2023-12-25 04:09:39
91205,front,Stephanie Hernandez,Shannon Smith,36:08,sell,arm,2022-12-06 10:23:24,2024-06-24 12:17:32
91226,camera,Courtney Hoffman,Nicolas Johnson,06:04,be,training,2024-02-26 05:31:14,2024-05-10 04:35:53
91230,air,Emily Decker,Brooke Joyce,51:12,turn,seem,2023-03-06 09:42:06,2024-08-26 15:43:35
91397,argue,Robert Jones,Kevin Perez,31:14,dream,to,2024-01-14 05:38:55,2024-08-16 08:10:17
91463,remain,Michael Williams,Dawn Vargas,33:59,to,build,2022-12-03 13:20:39,2024-08-07 09:02:19
91666,machine,Raymond Johnston,Derek Sharp,34:44,shoulder,best,2024-06-28 12:42:34,2024-06-13 19:08:54
91699,fish,Marc Delacruz,Craig Mendoza,50:16,instead,sign,2024-04-27 01:08:42,2023-12-14 17:56:45
91703,respond,Carol Burton,Valerie May,57:42,lot,his,2022-12-20 14:14:33,2024-01-31 03:03:41
91724,attack,Sarah Christensen,Selena Hamilton,30:40,who,order,2024-04-24 01:46:49,2024-02-22 00:07:03
91821,describe,Michael Murphy,Felicia Graham,17:22,argue,nature,2023-06-26 09:03:03,2024-06-06 17:05:53
91869,become,Jacob Smith,Nancy Boyd,58:35,pick,another,2023-11-18 07:24:11,2024-03-09 14:20:28
91878,term,Michael Woodard,Shelley Fitzgerald,01:03,civil,always,2024-08-17 23:51:02,2024-07-26 03:59:28
91947,cup,Shane Weiss,Kaitlyn Elliott,12:36,total,attorney,2023-01-25 23:48:13,2024-04-04 06:10:15
91998,scene,David Ward,Brandon Lopez,29:06,traditional,society,2023-12-19 07:29:17,2024-10-09 19:59:51
92080,provide,Kendra Jones,Dr. Deborah Garcia,04:36,view,soldier,2024-03-17 19:16:01,2024-04-07 13:43:31
92140,worry,Samuel Perez,Teresa Brown,21:49,thus,message,2022-12-11 13:00:37,2024-10-31 08:38:44
92208,there,Colleen Schultz,Timothy Riggs,29:39,mother,effect,2024-09-01 02:32:00,2024-04-01 04:29:44
92370,open,Sheila Spears,Timothy Garcia,03:32,religious,rest,2024-10-12 10:01:07,2024-06-12 23:01:36
92621,economy,Martha Kent,Joseph Castro,32:29,fund,piece,2023-09-03 17:06:11,2024-03-01 03:23:54
92646,down,Daniel Reese,David Taylor,25:10,stock,evening,2023-11-03 15:52:44,2024-06-10 14:39:53
92688,I,Kristi Stephenson,Erica Anderson,29:23,knowledge,office,2024-11-04 15:27:33,2024-01-27 03:28:02
92748,news,Elizabeth Thompson,Jacob Collier,58:47,ago,develop,2023-04-07 16:33:14,2024-09-22 02:22:09
92840,me,Jeremy Hood,Courtney Schneider,25:18,model,take,2023-03-05 17:03:54,2024-06-13 12:30:06
92898,huge,Derrick Alvarado,Jamie Butler,52:19,bar,inside,2023-11-25 00:27:16,2023-12-05 00:51:33
92955,fight,Rebecca Espinoza,Patrick Rice,14:41,staff,far,2023-12-23 11:42:44,2024-08-07 07:57:10
93060,provide,Jennifer Carter,Taylor Sutton,02:12,establish,cup,2023-07-23 13:40:00,2024-06-02 09:20:27
93162,southern,Corey Tran,Amy Chavez,53:07,easy,feel,2022-11-25 03:08:29,2024-01-07 07:33:57
93200,ball,Jesse Clark,Angel Nichols,31:16,president,court,2024-01-16 07:14:22,2024-01-31 01:38:56
93316,country,Damon Butler,Deborah Garner,50:04,big,their,2023-08-09 17:20:51,2024-08-25 15:32:17
93472,score,Elaine Hunt,Daniel Johnson,45:53,less,from,2023-09-08 05:11:00,2024-09-25 06:08:48
93490,fire,Sean Davis,James Lane,18:01,reason,attorney,2024-05-09 00:05:47,2024-01-04 10:24:53
93626,as,David Byrd,Ronnie Gibson,59:19,eight,though,2023-04-03 15:19:43,2024-03-22 06:53:21
93635,child,David Myers,Brandon Potts,02:10,thought,say,2022-12-23 13:38:19,2024-09-17 21:02:46
93703,eight,Jay Arnold,Joseph Ellison,33:03,claim,now,2024-09-21 21:38:27,2023-12-07 13:15:08
93807,something,Gabrielle Collins,James Matthews,43:00,try,board,2024-07-17 21:11:33,2024-04-18 07:50:27
93809,build,Samantha Kelley,Martin Williams,48:11,than,move,2023-08-05 18:31:46,2024-11-16 00:23:40
93843,again,Craig Cox,Derrick Watkins,56:59,language,chair,2024-09-14 04:17:16,2024-11-18 01:30:29
93862,through,Dr. Benjamin Rodriguez PhD,Carlos Peters,03:36,back,black,2023-07-14 03:46:16,2024-08-26 21:34:55
94530,oil,Keith Wallace,Christopher Rose,26:29,become,foreign,2024-10-23 03:21:52,2024-05-30 12:01:18
94578,behavior,Joshua Hernandez,Adam Brown,06:44,real,dog,2023-08-28 04:58:59,2024-09-26 15:46:14
94592,shoulder,Anthony Alvarez,Monique Watkins,13:44,population,while,2024-08-02 14:06:03,2024-10-05 07:15:57
94637,yeah,Alyssa Martinez,Cynthia Tyler,10:17,cause,floor,2023-10-13 22:13:21,2024-02-06 20:15:20
94849,study,Tracy Holmes,Kelly Davis,37:24,practice,take,2024-01-23 12:14:21,2024-11-16 13:36:19
94957,add,Susan Wolfe,Ashley Moore,07:34,glass,often,2024-01-07 09:21:39,2024-06-13 03:17:19
95227,fight,Paula Saunders,Lisa Marquez,29:27,church,before,2023-10-22 18:04:00,2024-01-17 22:01:56
95474,garden,Samantha Davis,David James,57:24,law,present,2023-12-19 18:52:26,2024-07-07 03:30:29
95669,need,Stacy Duncan,Angela Smith,58:32,building,act,2024-10-19 08:23:04,2024-11-08 00:57:41
95701,can,Shelly Parker,Valerie Sanchez,42:40,author,current,2023-02-02 11:10:17,2024-08-31 20:11:48
95821,specific,Mrs. Kelly Evans,Jeffrey Ray,35:13,read,form,2023-03-04 06:05:46,2024-05-04 19:37:38
95951,down,Antonio Jackson,Scott Robinson,31:51,whom,population,2023-10-15 02:06:12,2024-07-22 13:09:18
95988,ok,Jason Merritt,Gavin Brown,21:48,statement,end,2023-01-22 11:55:55,2023-12-28 02:10:35
96012,energy,Megan King,Stephanie Robinson,54:59,simply,southern,2023-07-18 08:13:54,2024-07-27 15:02:49
96122,they,Makayla Salinas,Erin Woods,11:21,candidate,rich,2023-02-11 11:35:33,2024-11-11 10:03:02
96184,local,Laura Acevedo,Adriana Morris,08:46,nearly,add,2023-05-16 13:59:12,2024-10-28 09:26:44
96404,management,Gloria Palmer,Jason Young,29:51,consider,relationship,2023-06-06 18:16:03,2024-05-16 16:49:25
96438,enough,Michael Patel,Tammie Carr,32:32,need,another,2023-11-20 02:06:19,2024-04-29 15:30:25
96505,central,Nathan Scott,Edward Wilson,29:01,good,now,2024-08-07 07:38:01,2023-12-10 08:32:58
96529,act,Joseph Campbell,James Costa,21:17,page,though,2024-02-29 00:13:15,2024-03-09 16:39:30
96586,subject,Mario Sanchez,Megan Graham,20:53,suggest,crime,2023-04-03 06:52:53,2024-06-06 23:17:12
96639,city,Jason Ritter,Terry Rose,52:29,fact,measure,2024-10-02 10:03:12,2024-09-10 09:05:59
96812,a,Derek Shannon,Jesus Knox,49:53,especially,page,2024-07-21 12:49:23,2024-02-19 21:45:04
96900,physical,Nicole White,Felicia Johnson,08:13,eat,operation,2024-03-28 14:18:03,2024-03-16 03:01:45
97010,commercial,Miguel Mckay,Matthew Gonzalez,39:34,write,situation,2024-09-28 19:39:18,2024-04-04 06:05:17
97045,side,Beth Jones,Monique Lopez,16:57,deep,ahead,2024-11-01 16:09:55,2024-01-06 09:13:31
97147,surface,John Torres,Adam Nicholson,27:02,quite,discussion,2024-03-04 18:36:17,2024-08-17 00:51:56
97188,control,James Lopez,Jennifer Mullins,36:48,white,build,2024-09-02 05:34:16,2024-08-18 00:48:25
97461,soldier,Nancy Ballard,Brian Rogers,08:17,name,join,2024-07-04 04:48:01,2024-02-24 14:34:36
97580,lose,Sarah Mcclain,David Cook,09:33,avoid,exist,2024-11-16 11:24:16,2024-05-20 13:03:30
97648,whatever,Derrick Mendez,Jennifer Jackson,39:51,perform,health,2024-03-22 13:32:28,2024-09-10 19:03:19
97830,course,Sarah Chavez,Steven Smith,33:47,the,child,2023-04-15 14:57:34,2024-07-05 18:50:18
97862,spend,Erin Huynh,Ronald Hardy,58:56,compare,less,2023-08-11 00:54:28,2024-08-19 21:19:25
97950,support,Kyle Davis,Kelly Jordan,46:36,school,claim,2023-12-29 21:41:43,2024-02-28 01:04:57
97951,wrong,John Garcia,Diana Trujillo,35:04,almost,next,2024-05-16 00:24:58,2024-06-08 20:22:54
98030,defense,Doris Hunt,Holly Porter,08:36,check,start,2024-03-19 07:40:26,2024-04-12 20:19:42
98317,anything,Jessica Reynolds,Dr. Christina Johnson,32:49,although,yourself,2024-06-27 04:49:19,2024-10-19 20:59:28
98518,over,Timothy Brown,Danielle Moore,48:57,something,break,2024-03-21 16:43:50,2024-10-29 04:31:25
98549,buy,Melanie Powers,Cynthia Stuart,41:09,five,dream,2024-03-25 01:36:58,2024-05-12 05:46:22
98551,I,Heather James,Sabrina Davis,49:08,crime,draw,2024-06-16 03:22:10,2024-03-27 05:30:33
98572,almost,Holly Gonzalez,Gina Wilcox,06:21,alone,laugh,2023-03-15 13:40:03,2023-11-25 15:16:38
98814,federal,Steven Ramos,Alexis Ford,34:20,north,case,2022-12-30 12:42:58,2024-01-29 23:04:23
98863,begin,Debra Taylor,Andrew Long,28:26,feel,anyone,2024-08-20 12:59:40,2023-12-24 09:01:08
98999,now,Jeffrey Deleon,Allison Hall,44:29,because,beautiful,2024-04-28 18:05:46,2024-03-10 21:08:54
99038,visit,Brittany Solis,Juan Hart,29:57,page,since,2024-06-06 22:30:07,2024-09-09 05:36:58
99122,station,Kristina Watkins,Tiffany Stokes,06:21,space,bank,2024-01-06 20:42:42,2024-07-10 22:16:35
99193,street,Michael Ingram MD,Christian Clark,55:29,forget,each,2024-10-09 09:12:24,2024-10-31 22:31:19
99250,style,Barbara Wang,Evan Greer,26:42,analysis,if,2023-06-28 01:43:16,2024-01-28 16:16:28
99380,growth,Danielle Harris,Lisa Rivera,12:24,situation,serve,2024-03-09 03:11:32,2024-04-01 09:15:29
99460,factor,Dustin Munoz,Cindy Williams,43:42,hospital,vote,2024-10-03 19:12:14,2024-09-28 02:40:09
99472,instead,Jon Sandoval,Erik Kim,40:19,design,situation,2024-09-05 04:07:57,2024-07-24 19:33:52
99523,again,Justin Wolf,Traci Harrison,54:43,must,particular,2023-12-28 01:03:26,2024-06-23 18:41:19
