id,first_name,last_name,email,gender,favorite_genres,created_at,updated_at
27,Lucas,Lewis,wilcoxtracie@example.net,Female,Alternative,2023-03-17 10:21:52,2024-07-04 15:22:12
299,David,Rodriguez,bmcdaniel@example.net,Bigender,Punk,2023-06-30 21:10:34,2024-09-10 03:08:39
410,Donna,Gentry,vincentknight@example.net,Genderfluid,Jazz,2024-06-24 22:44:23,2024-06-25 15:13:04
427,Patrick,Clarke,kelly54@example.org,Bigender,Indie,2024-04-07 01:22:40,2024-02-24 03:59:03
632,Christopher,Hart,burnsjoshua@example.org,Genderfluid,Folk,2023-03-13 01:21:04,2024-08-05 01:49:37
960,Daniel,Briggs,david84@example.net,Gender questioning,Hip Hop,2023-03-06 02:20:02,2024-09-01 14:00:32
1048,Jessica,Zamora,kristen37@example.net,Bigender,Punk,2023-09-13 21:43:03,2024-02-22 09:29:32
1338,Ronald,Hansen,dickersonjason@example.net,Female,Indie,2023-10-30 23:34:06,2024-03-25 07:03:48
1459,Danielle,Jackson,dawn15@example.net,Male,Reggae,2023-10-22 11:13:57,2024-08-13 07:15:10
1543,Anthony,Mccormick,claudia27@example.org,Male,Alternative,2023-05-18 12:46:42,2024-03-03 16:14:42
1681,Ashley,Cruz,billfox@example.org,Gender questioning,Metal,2023-09-21 23:37:14,2024-07-03 16:51:25
1887,Cheryl,Edwards,emilycarter@example.org,Gender nonconforming,Funk,2023-07-18 00:33:03,2023-12-06 19:58:18
1905,Christina,Howell,megan33@example.net,Genderqueer,Hip Hop,2024-05-31 23:12:50,2024-09-14 03:31:11
1909,Clinton,Nelson,panderson@example.com,Male,Pop,2024-10-29 15:53:22,2024-07-07 17:00:09
2051,Jonathan,Harmon,harrisgary@example.org,Gender nonconforming,Reggae,2024-04-03 06:44:36,2023-12-05 15:26:43
2068,Roger,Andrade,millsglenn@example.com,Bigender,Alternative,2024-02-05 20:33:23,2024-10-19 11:27:38
2078,William,Harding,christiansmith@example.org,Male,Pop,2024-10-14 21:57:30,2023-11-23 12:51:20
2084,Mark,Rogers,kathryn81@example.net,Male,Techno,2023-06-16 20:55:58,2024-04-20 11:39:07
2192,Kurt,Yu,danielwebster@example.net,Female,Country,2024-01-13 19:46:06,2024-06-04 15:48:04
2216,Kenneth,Wallace,wrightglenda@example.net,Gender questioning,Metal,2024-02-01 19:22:09,2024-03-08 15:50:08
2269,Steven,Long,pwatkins@example.net,Female,Funk,2024-02-04 01:26:07,2024-01-14 21:01:50
2553,Stephanie,Fleming,alexander73@example.org,Female,Punk,2024-05-16 14:24:13,2024-03-16 07:00:03
2726,Michael,Lee,graytiffany@example.com,Gender questioning,Folk,2023-11-10 00:38:04,2024-07-14 20:57:07
2729,Calvin,Thompson,robinsontina@example.org,Bigender,Electronic,2023-05-13 17:44:42,2024-02-05 04:48:44
2895,Stephanie,Smith,yhowell@example.net,Genderfluid,Jazz,2023-07-11 05:21:53,2024-10-29 00:28:53
2924,Sarah,Lowe,heatherhenderson@example.org,Bigender,Rock,2023-09-21 14:07:25,2023-12-25 03:29:29
2962,Nicole,Hall,millssarah@example.net,Male,Reggae,2023-04-01 07:35:40,2024-07-28 00:14:57
3184,Robert,Dickson,barbara26@example.com,Male,Country,2023-04-13 07:02:31,2024-05-29 20:36:20
3375,Gloria,Lewis,prodriguez@example.net,Gender questioning,Metal,2023-10-29 05:10:44,2024-07-08 23:48:21
3609,Cynthia,Chambers,daniellemarquez@example.org,Genderfluid,Pop,2024-03-23 09:50:53,2024-09-30 17:45:45
3668,Laura,Smith,bradley91@example.org,Gender questioning,Folk,2023-06-28 09:08:32,2024-08-29 13:03:13
3699,Deanna,Allen,keithbutler@example.net,Female,Folk,2023-12-07 06:45:05,2024-02-07 04:18:04
4072,April,Walsh,mowen@example.net,Gender questioning,Metal,2023-01-25 23:54:19,2024-07-07 14:07:38
4139,Jonathan,Tran,bonnie80@example.net,Bigender,Pop,2023-08-14 02:17:46,2024-08-31 23:05:11
4284,Christie,Riggs,ricky24@example.org,Non-binary,Alternative,2023-10-13 00:20:14,2024-10-09 14:59:30
4375,Kevin,Clayton,jerrycollins@example.net,Female,Country,2024-09-07 18:59:30,2024-05-12 16:32:49
4445,Christopher,Wade,bquinn@example.org,Genderfluid,Blues,2023-09-03 06:31:55,2024-04-19 23:24:42
4496,Raymond,Perez,ricejulia@example.net,Male,Pop,2023-05-05 22:24:07,2024-01-07 03:04:26
4585,Kristin,Merritt,bandrews@example.com,Genderqueer,Hip Hop,2024-03-21 19:06:28,2024-07-24 01:10:31
4611,Daniel,Davis,davidwilliams@example.net,Non-binary,Pop,2023-10-01 21:12:29,2024-06-10 09:41:21
4628,Holly,Malone,crystal33@example.com,Genderfluid,Alternative,2023-02-28 13:21:57,2024-08-28 12:11:00
4672,Jeffrey,Green,charlessanchez@example.org,Genderqueer,Funk,2023-09-18 04:24:50,2024-05-24 08:28:28
4722,Rhonda,Jones,smithlisa@example.com,Male,Indie,2024-10-04 09:18:23,2024-03-30 04:23:16
4980,James,Schneider,cohenjamie@example.com,Gender questioning,Punk,2024-01-03 10:21:11,2024-03-25 05:34:21
5140,Kari,Nguyen,jonesalexander@example.org,Genderfluid,Funk,2023-12-26 20:58:06,2023-12-19 09:01:39
5162,Whitney,Salinas,lgreene@example.com,Male,Pop,2024-04-17 17:44:18,2023-12-11 18:44:29
5196,Jason,Rodriguez,fmiller@example.org,Non-binary,Classical,2024-05-11 14:05:03,2023-11-26 18:45:04
5217,Leroy,Reyes,crystal86@example.org,Agender,Techno,2024-07-25 14:57:13,2024-10-01 08:12:32
5302,Billy,Collier,williamsthomas@example.com,Female,Jazz,2022-12-20 04:37:28,2024-02-21 03:34:31
5306,Sarah,Flowers,jordankennedy@example.org,Female,Rock,2023-02-13 23:17:49,2024-03-20 06:45:33
5363,Amanda,Ellis,cohenjackie@example.net,Gender questioning,Hip Hop,2024-09-30 07:41:14,2024-07-17 07:25:49
5448,Christina,Sanchez,gfaulkner@example.org,Agender,R&B,2023-12-07 22:04:56,2024-05-28 18:19:06
5479,Randy,Diaz,nathanrodriguez@example.com,Gender nonconforming,Reggae,2024-04-29 02:05:58,2024-03-20 18:56:21
5746,Kimberly,Evans,taylor73@example.com,Female,R&B,2023-12-30 14:05:59,2024-07-26 14:08:20
5769,Cory,Travis,devin85@example.org,Bigender,Metal,2023-07-26 20:06:57,2024-02-25 07:09:47
5778,Bruce,Collins,matthew35@example.net,Gender nonconforming,Punk,2022-12-18 11:44:15,2024-03-28 00:36:29
5884,James,Bradford,youngrebecca@example.net,Non-binary,Hip Hop,2023-07-30 19:39:57,2024-10-11 14:18:07
5913,Jennifer,Price,castrowayne@example.net,Male,Pop,2024-02-22 10:38:55,2024-01-27 22:29:42
5993,Sara,Wright,matthewberger@example.com,Female,Alternative,2023-08-29 04:14:21,2024-05-24 04:16:31
5999,Donald,Simmons,washingtonjoseph@example.net,Agender,Pop,2024-03-03 01:05:16,2024-09-08 04:25:47
6052,Cathy,Clark,kbrown@example.com,Agender,Rock,2024-05-10 12:57:34,2024-06-01 06:46:14
6075,Tyler,Williams,michael14@example.com,Non-binary,Hip Hop,2023-11-04 14:30:12,2024-03-11 23:22:46
6143,William,Price,cameronweber@example.net,Genderfluid,Alternative,2023-04-10 15:06:01,2024-06-19 13:37:02
6146,Vanessa,Gillespie,ryanmendoza@example.net,Non-binary,Hip Hop,2022-11-30 11:48:39,2024-09-19 16:01:30
6193,Cassandra,Cain,bakergeorge@example.com,Gender nonconforming,Hip Hop,2024-09-10 07:43:55,2024-04-04 15:02:01
6232,Alexander,Garcia,xevans@example.net,Bigender,Alternative,2023-04-25 06:54:12,2024-10-16 19:06:29
6269,Eric,Caldwell,samantha11@example.org,Female,R&B,2023-07-19 20:19:51,2024-04-16 18:39:56
6335,Brandon,Ortiz,mezachristina@example.net,Female,Pop,2023-10-27 05:16:54,2023-11-25 06:57:27
6714,Yolanda,Juarez,james44@example.net,Agender,Blues,2024-07-17 01:06:39,2024-06-27 18:17:27
6749,Karen,Diaz,michael97@example.com,Genderfluid,Funk,2024-10-25 21:02:38,2024-04-14 02:13:36
6776,Monica,Nelson,zreeves@example.net,Genderqueer,Hip Hop,2024-10-31 02:58:37,2023-12-12 09:34:51
6785,Reginald,Johnson,erinturner@example.org,Gender questioning,Punk,2024-02-10 19:30:34,2024-01-29 20:05:49
6803,April,Chang,smithmichael@example.org,Genderqueer,Indie,2023-02-09 05:33:25,2024-07-30 05:23:12
6872,Michael,Perez,gregorykoch@example.net,Non-binary,Rock,2023-06-17 16:50:39,2024-11-19 21:27:05
7094,Maxwell,Forbes,millerkristin@example.org,Genderfluid,R&B,2024-05-23 05:11:27,2023-12-14 09:17:54
7236,Deborah,Watson,courtney78@example.net,Gender questioning,Blues,2024-01-16 16:26:08,2024-06-22 12:56:24
7600,Deanna,Murphy,shannongraham@example.org,Male,Reggae,2024-10-18 18:33:37,2024-09-19 09:55:32
7744,William,Watkins,wardnicholas@example.net,Non-binary,Country,2024-05-05 12:55:32,2024-07-25 21:08:39
8058,Eric,Mays,patrick46@example.com,Bigender,Country,2024-07-23 14:16:46,2024-08-27 02:00:05
8180,Jennifer,Hudson,donna42@example.net,Gender questioning,Rock,2023-11-05 21:22:00,2024-08-19 14:24:23
8186,Mark,Mendoza,dawn30@example.org,Female,Classical,2023-09-23 21:56:58,2024-09-04 04:27:10
8291,Jeffrey,Horton,wmoran@example.net,Male,Reggae,2024-05-12 03:19:34,2024-07-25 21:56:06
8363,Miguel,Hamilton,bushmicheal@example.org,Male,Pop,2024-08-01 22:01:12,2024-04-19 15:22:00
8376,Brent,Rodriguez,staylor@example.org,Male,Reggae,2024-11-07 12:12:51,2024-06-25 01:48:47
9003,Colleen,Hall,istewart@example.com,Gender nonconforming,Punk,2023-02-15 11:19:56,2023-12-11 22:28:02
9007,Julia,Gray,travis17@example.org,Male,Pop,2023-12-13 17:24:17,2024-08-01 20:30:35
9050,Matthew,Bright,cainadam@example.net,Non-binary,Alternative,2023-06-16 21:00:18,2024-04-21 08:00:40
9119,Anthony,Huerta,aliciagarcia@example.net,Gender questioning,Jazz,2023-04-11 02:40:52,2024-01-30 22:24:34
9159,Brandon,Garcia,juliebowen@example.net,Male,Pop,2023-01-25 21:19:42,2024-11-09 02:06:54
9273,David,Little,yolanda08@example.com,Genderqueer,Funk,2024-02-21 19:46:10,2024-10-30 15:28:26
9420,Melissa,Roach,kkelly@example.com,Female,R&B,2023-06-09 18:05:01,2024-10-26 06:04:44
9481,David,Aguilar,virginia07@example.net,Male,Rock,2023-10-26 21:27:42,2024-02-29 12:01:26
9560,Barbara,Lewis,kramerjennifer@example.com,Female,Pop,2024-03-31 02:15:43,2024-03-03 10:32:14
9581,John,Brown,yburns@example.net,Gender questioning,Funk,2023-06-13 20:59:02,2024-04-01 21:02:49
9644,Maria,Perez,josewoods@example.org,Genderfluid,R&B,2023-03-12 15:22:43,2024-09-03 00:28:01
9671,Amanda,Roberson,hillbrent@example.org,Gender nonconforming,Techno,2022-12-20 07:09:54,2024-04-24 06:16:34
9711,Chelsea,Smith,walkerrussell@example.net,Non-binary,Folk,2023-03-29 01:34:26,2024-10-09 05:23:50
9861,Sean,Martinez,xsanders@example.net,Gender questioning,Jazz,2023-03-02 18:32:07,2024-01-05 18:22:19
9999,George,Abbott,cruzashley@example.net,Agender,Folk,2024-02-18 22:47:12,2024-06-30 11:56:33
10070,Michele,Richardson,eric59@example.org,Non-binary,Jazz,2023-06-22 05:04:50,2024-06-20 16:08:49
10581,Marie,Duffy,rdavis@example.com,Female,Reggae,2024-02-28 08:28:02,2024-10-02 09:04:45
10609,Joseph,Mcmahon,hartmankatherine@example.com,Male,Country,2024-03-14 05:34:45,2024-03-19 04:00:35
10615,Jacob,Brown,xlewis@example.com,Genderqueer,Techno,2023-09-14 18:31:03,2024-03-22 19:32:50
10622,Michael,West,morganjohn@example.net,Genderqueer,Indie,2024-06-03 12:05:29,2024-08-05 13:13:04
10625,Dominic,Campbell,blakewood@example.org,Female,Rock,2024-03-07 19:54:34,2024-11-13 17:50:08
10654,Margaret,Zavala,juan65@example.org,Gender questioning,Folk,2023-11-15 08:09:17,2024-01-23 22:44:01
10770,Stephanie,Logan,moorecameron@example.com,Male,Jazz,2024-03-24 03:43:12,2024-05-07 00:43:42
10808,Michelle,Villarreal,kerralexander@example.com,Genderqueer,Country,2022-12-01 06:52:58,2024-01-30 10:31:47
11043,Brandon,Frey,brittany46@example.com,Non-binary,Folk,2024-06-15 22:22:11,2024-05-19 17:16:06
11051,Jorge,Johnson,schultzryan@example.com,Gender questioning,Jazz,2023-08-27 16:02:11,2024-03-07 21:46:08
11111,Kenneth,Russell,slopez@example.com,Male,Rock,2024-03-01 05:19:00,2024-01-12 23:22:07
11183,Kimberly,Garrett,rachel32@example.com,Genderfluid,Country,2023-04-18 16:23:10,2024-08-17 06:45:40
11444,Tiffany,Baker,jennifermarquez@example.net,Genderfluid,Classical,2023-12-24 13:39:14,2024-07-19 21:56:59
11565,Jeffrey,Hunt,michaelmurphy@example.org,Bigender,Techno,2024-04-13 11:07:21,2024-07-10 00:17:37
11626,Michael,Curtis,vfrazier@example.org,Female,Punk,2023-05-31 21:31:17,2024-11-06 16:41:00
11679,Phillip,Orozco,michaeljackson@example.org,Bigender,Techno,2023-06-15 20:55:24,2024-08-21 03:18:54
11740,Michael,Watson,marksilva@example.org,Genderqueer,Rock,2024-02-11 13:13:31,2023-12-03 15:38:19
12080,Jason,Brooks,natashajones@example.com,Bigender,Metal,2022-12-05 08:10:24,2023-12-12 01:36:23
12450,Katherine,White,toni43@example.com,Bigender,Blues,2024-04-25 20:40:20,2024-08-16 17:46:44
12524,Chad,Stanton,kbass@example.com,Gender nonconforming,Jazz,2023-08-18 22:43:42,2024-08-27 03:15:22
12679,Kevin,Sutton,michaeldavis@example.com,Male,Techno,2023-12-20 05:13:53,2024-09-16 03:21:29
12788,Jasmine,Anderson,johnsonchristina@example.com,Female,Funk,2023-06-09 07:44:23,2024-02-08 08:44:05
12860,John,Rivera,hholt@example.org,Bigender,Alternative,2023-06-20 16:28:02,2024-03-28 11:00:27
12961,Joseph,Taylor,dmoss@example.net,Bigender,Alternative,2023-10-15 19:14:47,2024-02-17 17:10:31
12978,Jennifer,Turner,amandapierce@example.net,Genderfluid,Classical,2024-06-21 09:35:10,2024-07-29 18:47:23
13021,Melissa,Martinez,sarahmarsh@example.org,Gender questioning,Funk,2024-10-06 00:57:14,2024-01-20 22:41:17
13318,Greg,Atkinson,youngjimmy@example.org,Gender questioning,Jazz,2024-02-11 01:23:17,2024-05-04 21:44:21
13392,Justin,Dunlap,xavier91@example.com,Bigender,Blues,2023-01-24 07:52:06,2024-09-16 10:09:36
13397,Heather,Bird,alicia84@example.com,Genderfluid,Electronic,2024-08-19 10:47:21,2024-07-11 19:15:03
13408,Charles,Kent,ldean@example.com,Non-binary,Classical,2022-12-01 03:46:20,2024-03-20 05:18:49
13728,Richard,Alvarez,vasquezandre@example.org,Genderfluid,Alternative,2023-08-21 01:34:10,2024-01-17 00:28:10
13773,Richard,Mendez,deannasheppard@example.org,Male,Metal,2024-04-15 02:48:41,2024-05-19 02:34:17
13776,Nicole,Lindsey,benjamincampos@example.org,Non-binary,Punk,2023-09-07 09:11:00,2024-11-21 22:20:43
14010,Jeremy,Berg,brian49@example.net,Bigender,Country,2023-01-30 21:51:32,2024-10-16 20:46:51
14119,Maureen,Cruz,bentleystephanie@example.org,Non-binary,Jazz,2023-07-21 13:26:55,2023-12-13 16:10:53
14147,William,Bowman,evansanthony@example.org,Bigender,Electronic,2023-05-02 10:29:37,2024-02-24 06:21:25
14161,Lisa,Wilson,jermaine12@example.net,Genderqueer,Rock,2024-10-11 08:56:48,2024-08-31 17:29:35
14400,Richard,Wiley,michael43@example.org,Bigender,Electronic,2022-12-16 03:50:04,2024-10-18 07:43:24
14413,Bradley,Cowan,okelly@example.com,Genderqueer,Folk,2023-09-12 06:57:46,2024-03-15 05:12:35
14422,Shelby,Montes,elliottkelly@example.net,Genderqueer,Jazz,2023-02-02 07:10:19,2024-04-13 15:39:01
14582,Laura,Ross,vrogers@example.net,Male,Hip Hop,2024-07-22 05:50:52,2024-07-28 17:01:52
14613,Spencer,Vargas,keith28@example.net,Genderqueer,Punk,2023-12-27 04:39:53,2024-08-04 01:42:05
14624,Jonathan,Hodges,sanchezcrystal@example.net,Agender,Electronic,2023-12-20 00:08:56,2024-09-08 16:20:22
14732,Nancy,Smith,robert15@example.net,Female,Alternative,2024-07-19 10:42:25,2024-07-12 18:51:49
14859,Robert,Reese,leeian@example.net,Genderfluid,Indie,2023-11-26 04:08:50,2024-11-01 06:58:45
15001,Emily,Kennedy,kaylajohnson@example.org,Gender nonconforming,Alternative,2024-10-08 22:41:07,2024-01-13 17:10:49
15013,Kimberly,Smith,timothy15@example.net,Genderqueer,Folk,2024-11-05 13:44:06,2024-07-12 20:03:10
15038,Laura,Martinez,kathleenanderson@example.org,Agender,Folk,2022-12-08 18:38:25,2024-05-26 09:06:52
15048,Debra,Austin,casejoe@example.org,Gender questioning,Pop,2023-06-20 11:38:45,2024-06-08 11:19:44
15152,Victoria,Thompson,underwooddavid@example.com,Gender questioning,Jazz,2024-08-11 19:29:37,2024-04-13 04:25:16
15154,Jennifer,Keith,cynthiahayes@example.org,Non-binary,R&B,2024-01-28 09:53:04,2024-03-13 00:37:42
15297,Alexander,Mcdaniel,kenneth98@example.net,Gender questioning,Classical,2024-03-28 21:10:59,2024-07-12 07:53:42
15353,Lisa,Harper,bporter@example.com,Genderfluid,Funk,2023-01-05 19:56:12,2024-10-15 08:03:14
15370,Shannon,Morgan,dflores@example.org,Bigender,R&B,2023-10-27 11:03:24,2024-03-06 14:26:20
15477,Zachary,Middleton,qgreen@example.com,Gender questioning,Hip Hop,2024-08-01 03:08:13,2024-06-27 05:43:54
15502,Benjamin,Yu,smithjames@example.net,Gender nonconforming,Punk,2024-04-30 21:11:29,2024-06-28 15:11:42
15597,Michelle,Lindsey,tracyramirez@example.org,Gender questioning,Hip Hop,2024-01-04 10:07:35,2024-05-19 22:40:55
15688,Carrie,Williams,jamesbooth@example.org,Female,Blues,2023-05-12 05:13:49,2024-02-28 16:47:27
15712,Molly,Moses,anthonyholmes@example.com,Bigender,Alternative,2024-01-31 03:49:01,2024-05-13 10:33:04
15728,Robert,Brooks,jeffreymcclain@example.org,Gender nonconforming,R&B,2024-03-21 19:56:20,2024-02-28 04:38:33
15786,James,Howell,imendez@example.com,Gender questioning,Indie,2023-01-18 17:48:47,2024-03-07 18:51:09
15982,Miguel,Page,qgalvan@example.org,Bigender,Punk,2023-06-28 23:23:31,2024-08-22 04:27:27
16025,Adam,Spears,johnsonclarence@example.com,Genderqueer,Indie,2024-06-04 18:19:54,2024-07-03 16:26:02
16169,Daniel,Gilmore,robin72@example.net,Genderqueer,Folk,2024-09-07 23:42:08,2024-02-21 05:28:47
16408,Christina,Baker,xruiz@example.org,Gender questioning,Hip Hop,2024-05-18 04:19:41,2024-05-24 06:10:03
16420,Bobby,Morrow,qscott@example.com,Gender nonconforming,Rock,2023-07-21 13:40:55,2024-08-10 19:21:00
16449,Ricky,Collins,sara38@example.com,Gender nonconforming,Jazz,2024-11-13 19:02:51,2024-03-12 23:19:00
16595,Jeffrey,Thomas,lynndustin@example.org,Female,Electronic,2023-09-30 01:20:31,2024-06-16 19:37:29
16817,Kristina,Peterson,williamsdeborah@example.org,Agender,Blues,2023-04-28 01:48:35,2024-11-08 21:17:05
16871,Jennifer,Fleming,maria63@example.org,Genderfluid,Jazz,2024-04-03 05:31:05,2024-03-20 08:49:56
16896,Edward,Jones,mosleyrichard@example.net,Agender,R&B,2022-11-26 03:44:26,2024-06-02 00:31:12
16958,Kendra,Davila,jenniferoliver@example.net,Genderfluid,R&B,2024-11-18 15:14:15,2024-03-17 00:47:59
17739,Melissa,Brown,yeseniadavis@example.org,Genderfluid,Pop,2024-04-14 11:51:14,2024-05-23 03:09:42
17832,John,Luna,martinmonica@example.net,Bigender,Blues,2023-07-20 07:28:37,2024-01-12 03:27:27
17844,Maurice,Watkins,derrickarmstrong@example.org,Agender,Electronic,2023-01-19 13:05:17,2024-11-09 18:02:28
17867,Tami,Gonzalez,odavidson@example.org,Agender,Hip Hop,2023-12-11 15:06:34,2024-06-30 19:28:01
17973,Mary,Larson,robersonglen@example.net,Male,R&B,2024-07-02 18:43:38,2024-04-02 03:37:00
18143,Trevor,Dougherty,kylehardy@example.com,Male,Punk,2023-10-06 14:52:19,2024-07-28 07:30:14
18215,Angelica,Morales,jennifer18@example.org,Gender nonconforming,Techno,2024-09-17 00:49:28,2023-11-26 19:42:08
18239,Veronica,Boyd,morganmurphy@example.org,Female,Indie,2023-12-22 23:04:18,2023-12-06 10:16:08
18333,Stephen,Clark,dawn29@example.net,Gender nonconforming,Classical,2023-02-08 09:09:46,2024-11-02 03:26:15
18458,Kevin,Cox,brett66@example.com,Genderfluid,Punk,2023-03-06 10:47:39,2024-06-10 23:12:46
18480,Joseph,Galvan,johnsonmatthew@example.org,Agender,Funk,2023-08-04 01:01:00,2024-11-20 10:55:20
18696,Brian,Fox,scox@example.org,Female,Blues,2024-07-06 06:08:30,2024-07-16 09:29:23
18817,Jennifer,Delgado,karenwilliams@example.org,Male,Hip Hop,2023-07-10 08:24:46,2024-02-22 01:57:46
18821,Kevin,Ramos,youngalicia@example.org,Genderfluid,Funk,2024-07-31 18:41:44,2024-10-14 05:23:25
19074,Susan,Scott,dkeith@example.net,Genderfluid,Reggae,2024-07-02 16:40:41,2024-05-12 12:20:04
19176,Tiffany,Kelly,efrancis@example.net,Bigender,Hip Hop,2024-07-02 09:57:57,2024-02-08 21:05:18
19353,Marvin,Newman,shannon06@example.net,Agender,Indie,2024-08-07 17:51:00,2024-03-16 03:40:43
19418,Steve,Howell,amandabates@example.com,Male,Folk,2024-03-10 12:30:44,2024-11-22 11:07:03
19450,Daniel,Maldonado,christine36@example.com,Non-binary,Blues,2023-08-30 02:04:32,2024-05-08 02:24:12
19660,Andrew,James,xcurtis@example.com,Agender,Jazz,2023-11-10 16:40:48,2023-12-30 13:58:44
19826,Joy,Sheppard,ericparrish@example.org,Gender nonconforming,Punk,2024-11-20 15:39:50,2024-03-23 04:47:38
19866,Steven,Russell,harry33@example.org,Genderfluid,Indie,2024-11-16 14:38:16,2024-08-10 04:57:02
19902,Kayla,White,tylerwilliams@example.net,Genderqueer,Alternative,2024-07-16 00:53:19,2023-12-29 10:54:23
20114,Katherine,Burke,brianalvarez@example.net,Male,Funk,2023-12-08 23:04:44,2024-07-25 20:49:11
20152,Christine,Coleman,sandra70@example.org,Genderqueer,Techno,2024-05-17 02:21:40,2023-12-13 19:08:56
20201,Dominic,Rice,kimhannah@example.com,Male,Hip Hop,2023-11-26 05:02:22,2024-08-31 23:59:13
20254,Zachary,Wall,qmcmahon@example.net,Non-binary,Hip Hop,2023-01-26 17:40:51,2024-07-09 21:29:43
20340,Paul,Johnson,bethanyhodges@example.net,Bigender,Jazz,2024-03-04 12:04:14,2024-06-26 21:11:05
20389,Jesus,Benitez,olucas@example.com,Bigender,Folk,2023-08-22 04:45:43,2024-10-19 23:05:03
20526,Kimberly,Kline,pjensen@example.org,Gender nonconforming,Country,2023-06-23 08:05:23,2024-01-21 21:24:18
20629,Melissa,Combs,donnamoran@example.org,Agender,Funk,2023-03-28 21:55:14,2024-02-14 21:25:43
20688,Stephanie,Moses,lauren60@example.com,Gender nonconforming,Hip Hop,2023-03-23 23:43:22,2024-06-21 11:39:17
20951,Christian,Flores,brandi08@example.com,Agender,Hip Hop,2022-12-27 02:11:28,2024-11-05 11:18:54
20953,Jonathan,Rogers,sparksapril@example.org,Gender nonconforming,Pop,2023-08-16 15:58:45,2024-09-10 09:00:49
21067,Scott,Ward,zlambert@example.com,Bigender,Metal,2024-09-04 16:04:51,2024-01-16 10:03:20
21390,Kimberly,Oneal,vthompson@example.org,Genderqueer,Reggae,2024-06-17 20:52:36,2024-09-20 21:24:00
21582,Joseph,Harmon,edwardturner@example.net,Bigender,Electronic,2024-10-16 14:08:43,2024-01-02 17:26:55
21796,Robert,Diaz,anthonyray@example.com,Gender nonconforming,Punk,2022-12-21 01:07:21,2024-06-01 15:22:46
21825,Kaitlin,Ford,qjuarez@example.org,Genderqueer,Techno,2024-07-18 19:02:13,2024-08-16 07:07:52
21900,Morgan,Johnson,marissa41@example.com,Gender nonconforming,Jazz,2023-06-04 08:14:34,2024-07-01 23:40:27
21964,Michael,Noble,rodneychambers@example.net,Non-binary,Techno,2023-10-14 19:02:37,2024-04-15 03:19:04
22043,Ryan,Chan,fishermaria@example.org,Female,Rock,2023-09-09 17:02:50,2024-05-24 20:56:36
22046,Jennifer,Henry,fnavarro@example.net,Female,Funk,2024-07-02 02:09:15,2024-01-24 17:16:54
22405,Luis,Davis,leah90@example.net,Male,Punk,2024-07-23 03:00:05,2024-04-09 13:11:07
22556,Gregory,Mcpherson,sandra11@example.net,Genderqueer,Pop,2024-10-05 14:07:28,2024-06-04 17:36:56
22719,Shane,Kramer,youngamy@example.com,Gender nonconforming,R&B,2024-06-08 17:40:52,2024-05-20 16:39:50
23004,Steven,Byrd,ghampton@example.org,Male,Rock,2024-04-15 11:54:15,2024-05-19 06:49:48
23027,Stephanie,Johnson,spadilla@example.net,Gender nonconforming,Jazz,2023-04-10 00:59:44,2024-09-19 00:08:51
23532,Shelley,Branch,donnatanner@example.org,Genderqueer,Metal,2024-04-24 20:45:16,2024-06-21 21:18:01
23657,Danny,Jones,anthony06@example.net,Genderfluid,Country,2022-11-28 11:14:24,2023-12-12 23:17:01
23684,Heather,Horton,scottsmith@example.net,Bigender,Jazz,2023-06-02 08:58:00,2024-07-14 18:08:30
23710,Suzanne,Morgan,pattersonthomas@example.org,Gender nonconforming,Folk,2024-05-18 23:51:24,2024-09-01 10:56:05
23714,Patrick,White,opeterson@example.net,Genderqueer,Classical,2023-05-09 15:43:59,2024-07-11 02:26:49
23737,Emily,Heath,johnsonkevin@example.com,Gender nonconforming,Punk,2022-12-11 00:32:50,2024-07-21 17:23:45
23760,Cheryl,Rivers,awallace@example.com,Gender nonconforming,Reggae,2023-12-07 01:37:27,2024-06-24 04:42:16
23878,Hannah,Anderson,grayerika@example.com,Gender questioning,Rock,2023-01-09 12:11:38,2023-11-26 10:37:45
23975,Alex,Mcclain,hhansen@example.org,Male,Punk,2023-05-21 19:31:41,2024-08-27 17:35:18
24106,Krista,Ferguson,plawrence@example.com,Male,Alternative,2024-03-12 04:09:43,2024-03-17 15:07:29
24301,Brandon,Weiss,xsmith@example.com,Gender questioning,Pop,2023-04-13 15:06:40,2024-03-06 22:15:08
24339,David,Harvey,jensenstephanie@example.com,Non-binary,Rock,2023-08-18 06:06:36,2024-08-30 08:06:02
24584,Monique,Ross,gflores@example.com,Genderqueer,Country,2024-05-01 15:35:12,2024-10-17 08:30:10
24587,Brian,James,vcoleman@example.com,Agender,Rock,2022-12-18 18:58:22,2024-10-29 17:39:37
24612,Robert,Mitchell,lewisashley@example.net,Female,Rock,2024-06-13 22:38:08,2024-01-20 16:33:45
24622,Heather,Smith,justinhawkins@example.net,Genderqueer,Country,2024-02-26 17:24:40,2024-01-29 09:10:18
24737,Micheal,Hodges,danny89@example.org,Genderfluid,Blues,2023-11-05 23:46:52,2024-01-05 09:55:18
24795,Laura,Arellano,lgarcia@example.org,Genderqueer,Indie,2023-03-25 09:19:51,2024-06-24 10:46:38
24963,John,Coleman,cheryl28@example.com,Male,Reggae,2024-03-03 04:25:52,2024-05-16 15:22:00
25011,Dawn,Oliver,ericksonjeffery@example.com,Bigender,Country,2024-08-21 19:45:24,2024-09-14 11:56:46
25035,Andrew,Patrick,samuelcook@example.net,Gender nonconforming,Folk,2024-01-23 06:51:59,2024-07-12 11:47:02
25079,Carrie,Edwards,bheath@example.com,Male,Alternative,2023-12-31 09:25:14,2024-11-12 03:44:27
25203,Nicholas,Garrison,vbass@example.org,Bigender,R&B,2024-09-14 07:13:14,2024-11-12 00:58:14
25230,Julie,Collier,ojones@example.net,Bigender,Jazz,2023-07-09 19:24:57,2024-09-13 18:07:18
25338,Amy,Scott,ifuller@example.com,Genderqueer,Classical,2023-02-28 08:55:13,2024-06-16 17:00:14
25437,Amy,Howard,aaron20@example.net,Genderqueer,Country,2023-11-04 22:06:10,2024-01-08 12:11:21
25456,Joseph,Santos,charlestorres@example.com,Bigender,Folk,2023-09-11 13:41:04,2023-12-01 19:42:30
26095,Eric,Potter,whitetiffany@example.org,Genderfluid,Jazz,2023-05-31 06:43:50,2024-01-07 17:42:14
26193,Curtis,Morris,barnetteric@example.net,Gender nonconforming,Alternative,2023-04-13 23:47:59,2024-08-15 11:28:57
26241,Jessica,Adams,michelle22@example.com,Genderfluid,Indie,2024-04-22 09:16:28,2024-02-21 11:14:53
26242,Cynthia,Rodriguez,ajackson@example.org,Male,Hip Hop,2024-03-20 00:05:34,2024-03-07 17:08:56
26397,James,Smith,robertduarte@example.org,Genderqueer,Indie,2024-08-06 14:13:33,2024-06-12 02:49:33
26485,Steven,Velez,juan63@example.net,Female,Rock,2023-07-13 04:57:23,2024-05-26 19:59:44
26513,Deborah,Baker,jschmidt@example.com,Genderqueer,Funk,2024-01-28 03:39:55,2024-07-07 06:10:23
26580,Amanda,Richards,coxjames@example.com,Genderfluid,Electronic,2023-12-17 01:46:59,2024-04-08 12:42:06
26654,Rebecca,Williams,christopher20@example.com,Gender nonconforming,Alternative,2024-11-21 20:48:49,2024-03-31 08:21:50
26688,Julie,Cohen,brittney49@example.org,Genderfluid,Blues,2023-04-18 03:53:18,2023-12-18 12:12:10
26762,Steven,Rodriguez,ogibbs@example.org,Female,Jazz,2024-06-16 07:43:02,2023-12-25 23:11:43
27133,Erin,Richardson,sandovalsean@example.com,Male,Rock,2023-10-13 14:15:28,2024-05-15 09:16:48
27176,Danielle,Miller,jenniferjones@example.com,Female,Folk,2024-03-05 15:26:26,2024-03-18 20:42:09
27196,Hannah,Johnson,jharris@example.com,Bigender,Folk,2024-02-25 13:33:05,2024-02-05 05:26:48
27514,Crystal,Washington,ymoore@example.org,Agender,Funk,2024-02-09 05:36:46,2024-01-05 17:33:36
27549,Leslie,Yang,coneal@example.com,Bigender,Rock,2023-12-28 01:40:28,2024-10-23 08:35:52
27652,Joyce,Blackwell,jacobvaldez@example.com,Male,Funk,2024-09-29 15:43:04,2024-09-19 10:38:12
27655,April,Beasley,thomas95@example.org,Female,Funk,2024-04-05 00:56:24,2024-11-17 18:33:22
27695,Barbara,Hood,michelle20@example.org,Female,Pop,2024-01-25 18:48:46,2024-02-26 20:48:10
27697,Helen,Johnson,georgeamanda@example.org,Genderqueer,Country,2023-07-26 03:28:52,2024-01-05 09:25:54
27746,James,Figueroa,nicole66@example.com,Female,Jazz,2024-05-06 10:07:18,2024-09-14 06:15:08
27876,Vicki,Lucas,lindashort@example.com,Genderfluid,Reggae,2024-06-05 17:50:27,2024-05-25 16:57:03
27912,Ruth,Sanchez,dixonvictor@example.org,Male,Funk,2024-02-03 10:03:33,2024-05-20 09:06:59
27929,Matthew,Lindsey,eric02@example.net,Bigender,R&B,2024-08-13 14:22:27,2024-02-28 10:16:44
28044,Evan,Keith,freemanlisa@example.com,Gender nonconforming,Metal,2024-04-06 18:36:40,2024-07-08 11:07:28
28175,Eric,Jones,umartinez@example.net,Bigender,Alternative,2024-08-03 11:15:07,2024-07-28 19:12:39
28380,Jesse,Rodriguez,allenshirley@example.com,Agender,Classical,2022-12-22 08:04:41,2024-10-17 19:58:10
28584,Daniel,Turner,bgarcia@example.com,Gender nonconforming,Electronic,2023-01-05 20:52:48,2024-06-07 21:14:48
28682,Stacey,Hardin,marciajenkins@example.net,Gender questioning,Reggae,2024-02-18 21:42:54,2024-09-08 22:58:27
28775,Sean,Sanchez,harperjoseph@example.org,Gender nonconforming,Funk,2023-03-27 21:21:34,2024-01-30 20:48:57
28813,Amanda,Davis,jenniferhoover@example.com,Bigender,Hip Hop,2023-02-06 23:14:59,2024-01-26 13:56:01
28951,Ralph,Kaufman,mckeekeith@example.org,Gender nonconforming,Electronic,2024-09-08 02:45:47,2024-02-12 07:22:18
28982,Andrea,Leach,dmontoya@example.net,Male,Punk,2024-11-05 21:05:35,2024-04-21 00:09:46
28998,Charles,Evans,jonathanwolfe@example.net,Female,Hip Hop,2024-10-10 23:12:11,2024-08-13 13:13:02
29021,Julie,Mccoy,johnpeterson@example.net,Genderfluid,Blues,2023-03-07 14:32:07,2024-07-10 15:20:25
29027,Brian,Hall,robynperez@example.org,Gender questioning,Hip Hop,2024-10-07 02:54:59,2023-11-27 13:38:37
29041,Pamela,Robinson,heathersanders@example.net,Agender,Rock,2023-05-23 10:37:10,2024-05-26 06:41:43
29140,Matthew,Smith,lfreeman@example.org,Genderfluid,Rock,2022-12-18 15:31:48,2024-08-30 22:34:13
29143,Dylan,Harris,langrachel@example.org,Gender questioning,R&B,2024-03-15 07:41:53,2024-11-11 00:36:21
29205,Amber,Lyons,allenjames@example.org,Non-binary,Jazz,2023-07-18 18:20:19,2024-07-31 13:29:36
29298,Amber,Simon,taylor67@example.net,Gender questioning,Rock,2023-09-30 00:58:24,2024-01-29 00:51:08
29307,Gabrielle,Walker,amy78@example.net,Male,Folk,2023-12-25 19:31:24,2024-02-12 21:09:34
29528,Robert,Jackson,vpeterson@example.com,Agender,Punk,2024-11-01 15:03:12,2024-07-30 20:08:58
29643,Melissa,Chandler,justinrussell@example.com,Agender,Folk,2024-06-12 14:34:36,2024-03-15 21:58:34
29807,Gabrielle,Porter,newtonamanda@example.com,Female,Rock,2024-07-06 03:31:00,2024-05-22 06:58:47
29880,David,Bailey,mark16@example.org,Gender nonconforming,Pop,2024-05-21 18:00:23,2024-02-18 01:35:13
29939,Patrick,Marshall,danielhall@example.com,Non-binary,R&B,2024-02-22 18:29:44,2023-12-27 18:33:38
29949,Dawn,Hayes,newmanjoshua@example.net,Non-binary,Country,2024-10-21 10:24:03,2024-04-08 08:02:30
30215,Jessica,Pitts,conleyvincent@example.org,Genderqueer,Funk,2024-10-18 04:34:17,2024-05-13 06:58:38
30246,Brian,Johnson,kevincarey@example.net,Gender questioning,Pop,2023-12-19 10:12:27,2024-09-15 00:29:12
30360,Anna,Harris,schultzlisa@example.org,Non-binary,Metal,2023-07-02 01:07:50,2024-07-30 14:17:55
30411,Kristen,Douglas,morenojoel@example.org,Bigender,Hip Hop,2023-08-04 16:19:38,2024-01-11 18:23:13
30571,Janet,Hernandez,mhunter@example.com,Non-binary,Techno,2024-01-05 22:33:39,2024-05-17 11:35:44
30670,Patrick,Pena,porterkaren@example.com,Gender questioning,Techno,2023-09-14 17:32:08,2024-07-13 03:23:40
30758,Jeremy,Brown,richard31@example.net,Genderfluid,Blues,2023-02-24 13:18:49,2023-12-26 21:57:59
30871,Isaiah,Lucas,drew57@example.com,Gender questioning,Rock,2024-10-30 14:57:11,2024-08-13 03:54:11
30914,Lisa,Barrett,larry24@example.net,Female,Blues,2023-01-16 10:16:56,2024-04-30 16:33:09
30918,Samantha,Jensen,kharvey@example.com,Male,Pop,2023-05-27 12:08:47,2023-12-14 05:12:06
30941,Mary,Smith,umercado@example.com,Female,Folk,2024-08-31 14:12:14,2024-06-05 13:56:05
31033,George,Brown,johnsonandrea@example.net,Female,Rock,2024-06-20 14:30:19,2024-01-06 05:31:11
31171,Kevin,Roberts,david96@example.org,Female,Blues,2024-06-28 14:29:15,2024-10-20 20:05:40
31341,Blake,Lamb,swagner@example.com,Genderfluid,Electronic,2023-03-23 19:07:25,2023-11-24 07:11:42
31354,Rebecca,Baker,vanessa76@example.org,Genderqueer,Classical,2023-01-07 17:25:39,2024-02-26 06:51:31
31513,Angela,Berry,larry30@example.com,Genderqueer,Jazz,2023-12-26 05:52:19,2024-07-31 01:43:38
31575,Cindy,Wilson,halldeborah@example.net,Agender,Indie,2024-01-21 10:44:40,2024-04-22 06:24:31
31762,Earl,Hull,darrellfields@example.org,Gender questioning,Alternative,2024-07-11 11:49:40,2024-08-19 11:56:34
31789,Patrick,Hughes,moorenicole@example.org,Non-binary,R&B,2024-07-13 14:55:07,2024-08-20 01:02:51
31933,Tara,Clark,ghampton@example.net,Genderqueer,Alternative,2024-08-07 01:26:32,2024-08-24 15:51:32
32040,Scott,Stanley,janicehernandez@example.org,Genderfluid,Pop,2023-05-24 05:27:35,2023-11-24 17:24:51
32125,Kaitlyn,Ayala,robertbryan@example.org,Genderqueer,Jazz,2024-07-26 19:10:12,2024-01-19 09:24:14
32150,Gary,Barrett,rmullins@example.com,Bigender,Folk,2023-07-14 06:01:42,2024-03-12 06:38:45
32314,Jeffrey,Brown,traceysilva@example.org,Genderfluid,Funk,2024-10-08 19:00:18,2024-07-13 13:18:42
32473,Joshua,Clark,htorres@example.net,Gender questioning,R&B,2023-11-13 16:11:16,2024-07-29 21:37:51
32596,Joseph,Murillo,djones@example.net,Male,Indie,2023-04-24 00:11:05,2024-08-20 18:22:07
32878,Rhonda,Chambers,vwolf@example.net,Female,Hip Hop,2024-02-24 14:26:53,2023-11-29 02:41:32
32912,Mary,Barr,carriejones@example.net,Gender questioning,Punk,2024-10-19 13:04:37,2024-09-19 23:38:40
32940,Michelle,Craig,simpsonricardo@example.org,Female,Country,2023-06-09 03:34:49,2024-02-08 23:52:24
33017,Lori,Cohen,ppierce@example.org,Male,Funk,2024-11-07 08:07:02,2024-11-20 18:45:24
33065,Sharon,Calhoun,johnsonjennifer@example.com,Gender nonconforming,Rock,2023-09-06 17:54:17,2024-01-24 12:37:47
33231,Kenneth,Owens,rogersthomas@example.com,Female,Classical,2023-01-24 22:24:14,2023-12-18 06:50:10
33277,Erik,Clay,colton03@example.com,Genderqueer,Rock,2023-11-14 16:09:18,2024-02-21 11:11:07
33351,Christine,Cooke,matthewsdaniel@example.com,Gender questioning,Techno,2022-12-15 21:56:32,2024-06-04 15:53:19
33490,Kaitlyn,Walker,bellnatasha@example.net,Genderfluid,Pop,2023-11-03 22:31:13,2024-10-04 01:18:09
33580,Kyle,Miller,knightemily@example.net,Genderfluid,Indie,2023-07-17 19:10:49,2024-05-30 17:12:56
33603,Annette,Lewis,mackenzierivas@example.com,Non-binary,Pop,2024-01-12 19:26:12,2024-06-19 10:01:44
33644,Denise,Peck,cynthiamiller@example.com,Gender nonconforming,Pop,2024-03-09 08:54:33,2024-07-10 03:15:34
33762,Jason,Rivera,bradleyhernandez@example.net,Agender,Reggae,2024-11-21 17:08:27,2024-07-22 17:18:30
34179,Anne,Simpson,spencedawn@example.com,Female,Alternative,2023-05-18 21:24:10,2024-07-16 03:18:08
34214,Christopher,Lee,xmorgan@example.org,Gender questioning,Folk,2024-04-04 18:45:33,2024-05-20 03:01:20
34217,Heather,Harris,laurajefferson@example.org,Gender nonconforming,Classical,2023-11-05 13:17:07,2024-10-03 10:40:59
34453,Maria,Fernandez,fcaldwell@example.net,Male,Blues,2023-07-03 11:23:57,2024-02-04 05:43:29
34567,Jessica,Cooper,nathaniel80@example.org,Female,Punk,2023-12-27 14:15:44,2024-01-22 19:50:08
34573,Anthony,Black,david11@example.net,Female,Country,2024-08-27 03:59:13,2024-02-12 03:12:35
34644,Jennifer,Brooks,dana78@example.net,Genderqueer,Reggae,2024-07-13 03:48:21,2024-08-20 13:47:34
34664,Ronald,Griffin,middletonoscar@example.net,Bigender,R&B,2023-01-07 21:21:43,2024-08-17 02:32:32
34677,Nancy,Miller,watsonheather@example.net,Male,Classical,2024-07-24 00:09:08,2024-08-19 03:36:58
34819,Ronald,Figueroa,rrogers@example.com,Non-binary,Metal,2023-08-08 16:17:28,2024-02-12 07:48:43
34854,Kevin,Burns,vanessasmith@example.org,Gender questioning,Hip Hop,2023-01-11 22:05:02,2024-06-08 14:30:12
35141,Joseph,Miles,todd56@example.net,Bigender,Country,2024-05-26 20:51:31,2024-07-09 02:14:21
35252,Priscilla,Dean,lori65@example.com,Genderqueer,Folk,2023-09-24 20:55:23,2024-06-29 19:41:06
35275,Paul,Reyes,steven28@example.net,Bigender,Reggae,2023-01-27 08:51:43,2024-03-20 20:00:14
35379,Craig,Larson,douglas00@example.com,Genderfluid,Country,2024-06-11 11:56:32,2024-02-17 06:21:40
35499,James,Roman,christhompson@example.org,Bigender,Reggae,2023-04-18 06:20:49,2024-10-28 20:30:36
35555,Terri,Johnson,ksmith@example.net,Gender questioning,Punk,2024-07-24 11:49:25,2024-06-30 12:21:58
35579,Maria,Foster,xjohnson@example.org,Bigender,Rock,2023-03-09 19:31:14,2024-09-20 18:21:17
35704,Cody,Sanders,ymills@example.net,Genderqueer,Funk,2023-12-06 18:19:44,2024-01-24 08:46:07
35727,James,Baker,pfuller@example.net,Bigender,Blues,2023-02-14 00:03:54,2024-11-05 09:45:42
35775,Vincent,Williams,amoreno@example.com,Genderfluid,Jazz,2024-04-26 20:22:34,2024-04-30 18:43:32
35834,Jill,Rivera,allenkatherine@example.com,Non-binary,Funk,2024-06-15 13:42:29,2024-04-15 05:18:29
35891,Michael,Ford,browncharles@example.org,Female,Folk,2023-11-09 13:50:52,2024-03-23 23:37:05
36050,Katrina,Day,powelldorothy@example.org,Female,Classical,2024-06-28 00:43:15,2024-07-25 19:07:10
36128,Keith,Potts,brandi63@example.org,Female,Pop,2023-06-27 17:30:55,2024-06-11 05:07:30
36306,Anthony,Martin,chelsey72@example.com,Female,Alternative,2023-12-16 02:54:32,2023-12-13 08:56:11
36527,Leonard,Curtis,fullerrobert@example.com,Bigender,Pop,2024-02-14 23:48:46,2023-12-25 18:57:18
36627,Joan,Rogers,andrew37@example.com,Gender nonconforming,Metal,2024-08-31 22:04:09,2024-07-14 15:03:13
36718,Julia,Perkins,nelsonjames@example.com,Genderqueer,Folk,2023-10-12 22:15:12,2024-03-17 20:47:11
36866,Mary,Williams,iwarren@example.org,Bigender,Electronic,2024-09-17 20:11:45,2024-03-03 14:24:33
36991,Jeffrey,Reed,qwilliams@example.net,Genderqueer,Punk,2023-10-22 02:59:15,2024-07-01 15:57:52
37210,Lisa,King,michael15@example.net,Agender,Classical,2023-01-02 18:17:06,2024-10-23 05:15:43
37311,Alexandra,Smith,patrickrodriguez@example.org,Agender,Reggae,2023-01-19 03:11:39,2023-12-03 21:26:52
37352,Brian,Stewart,yolson@example.org,Agender,Punk,2023-02-21 16:04:13,2023-12-01 22:44:09
37471,Joshua,Griffin,lauravasquez@example.com,Non-binary,Pop,2023-03-27 10:58:26,2024-08-28 19:39:52
37757,Douglas,West,meganpratt@example.net,Genderqueer,Funk,2023-06-19 15:41:53,2024-01-09 18:45:35
38028,Veronica,Lopez,nsolis@example.org,Gender questioning,Blues,2024-10-24 08:35:02,2024-08-29 02:30:58
38102,Carl,Clayton,morenoamy@example.net,Genderfluid,Jazz,2023-05-30 17:24:33,2024-05-03 08:06:57
38220,Alexandra,Andrews,greenheidi@example.org,Genderfluid,Classical,2024-11-21 15:44:34,2024-03-15 00:19:49
38292,Cindy,Craig,ehammond@example.org,Bigender,Indie,2023-06-02 23:12:13,2023-12-18 16:58:39
38337,Jennifer,Lopez,browntammy@example.net,Gender questioning,Reggae,2023-11-22 11:02:46,2024-11-15 02:33:32
38440,Joan,Shaffer,bellanthony@example.com,Male,R&B,2024-03-16 17:55:14,2024-05-14 17:52:58
38668,Mary,Anderson,thompsonanthony@example.org,Female,Alternative,2024-09-03 21:12:09,2023-12-23 21:58:26
38682,Ricky,Perez,timothy54@example.net,Agender,R&B,2022-12-11 14:32:03,2024-06-26 02:53:17
38732,Sandra,Buckley,valerieellis@example.net,Male,Blues,2023-11-01 06:46:18,2024-02-12 06:03:30
38750,Bethany,Medina,castillomolly@example.org,Male,R&B,2024-04-28 04:30:50,2024-10-07 10:24:00
38788,Kathryn,Walker,james88@example.org,Genderfluid,Blues,2023-08-22 22:03:19,2024-01-10 04:50:57
38833,Samantha,Evans,gabrielle59@example.com,Genderfluid,Alternative,2023-10-17 09:40:25,2024-11-07 16:01:31
39079,Ryan,Sullivan,kenneth78@example.org,Gender nonconforming,Country,2024-06-29 19:29:47,2024-09-01 13:11:15
39123,Jacob,Rodriguez,laurie56@example.org,Female,R&B,2024-01-21 13:12:20,2024-02-01 01:22:37
39176,Sierra,James,reevesgloria@example.net,Gender questioning,Punk,2023-10-07 18:57:38,2024-07-09 13:39:37
39429,Eric,Keith,keith19@example.net,Genderfluid,Pop,2023-10-05 14:54:40,2024-11-08 14:00:39
39689,Joshua,Leblanc,amullins@example.com,Genderqueer,Folk,2023-05-13 18:17:17,2023-12-26 21:49:29
39695,Toni,Moore,wardmichael@example.org,Female,Blues,2023-08-23 08:06:01,2024-03-22 22:17:24
39720,Wayne,Owens,zmartin@example.net,Genderqueer,Alternative,2024-11-04 12:00:32,2024-03-20 02:58:16
39829,Randy,Rogers,brian36@example.com,Non-binary,Classical,2024-05-05 13:43:41,2024-04-01 17:22:53
39848,Lisa,Oneal,kellyjacob@example.org,Gender questioning,Reggae,2024-05-02 18:41:40,2024-03-06 23:41:21
39859,Jason,Mcgrath,carl46@example.net,Male,Reggae,2024-06-22 15:55:13,2024-06-28 16:04:47
39903,Ian,Martinez,johnsraymond@example.net,Agender,Country,2024-11-17 19:11:46,2024-05-11 18:51:09
39961,Timothy,Chandler,thomasmelissa@example.org,Agender,R&B,2023-03-20 12:30:13,2024-02-04 08:06:21
40331,Jessica,Harris,brownchristopher@example.net,Gender nonconforming,Alternative,2024-08-28 17:14:11,2024-10-27 11:15:44
40343,Joseph,Mcdowell,fschultz@example.com,Male,R&B,2024-03-14 21:08:37,2024-01-22 13:33:26
40527,Lisa,Cook,nicole48@example.com,Agender,Indie,2023-05-04 20:43:22,2024-06-13 17:56:47
40757,Donna,Edwards,zsnyder@example.com,Female,Punk,2023-04-06 20:06:17,2024-08-20 15:35:40
40896,Jimmy,Perez,bartlettdaniel@example.net,Non-binary,Pop,2023-01-13 22:37:14,2024-10-07 05:58:41
40969,Mitchell,Orr,haroldmills@example.com,Genderqueer,Funk,2023-08-05 00:36:03,2024-08-07 07:19:14
41181,Joseph,Alvarado,laurie02@example.net,Female,Folk,2023-03-27 12:41:39,2024-05-03 10:09:27
41199,Lonnie,Oneill,marysmith@example.com,Genderfluid,Pop,2024-05-29 07:59:55,2024-04-01 21:20:40
41591,Vicki,Williams,rodriguezsavannah@example.org,Bigender,Alternative,2024-10-23 19:07:35,2024-08-13 08:27:46
41721,Rebecca,Brown,michael73@example.com,Genderqueer,Blues,2024-09-12 19:43:12,2024-08-14 07:46:22
42199,Eric,Mitchell,matthew42@example.org,Genderqueer,Country,2023-09-29 11:45:44,2024-08-28 16:54:12
42306,James,Roy,andersonleslie@example.org,Male,Alternative,2024-08-13 20:43:07,2024-09-16 01:26:52
42357,Cindy,Tate,andrea45@example.net,Non-binary,Funk,2022-12-06 11:16:00,2024-06-05 01:41:55
42557,Stacy,Espinoza,richard51@example.com,Genderfluid,Hip Hop,2023-03-22 12:12:44,2024-08-15 12:12:58
42607,Dennis,Flores,jonathanhall@example.com,Genderfluid,Hip Hop,2024-10-05 10:01:38,2024-02-01 21:26:23
43042,Robert,Jones,osanchez@example.com,Non-binary,Folk,2023-11-28 01:12:37,2024-09-13 14:56:24
43209,Stephen,Reed,fmccall@example.com,Gender questioning,Funk,2022-11-30 14:11:34,2024-06-18 02:22:41
43424,Diana,Hall,lonnie64@example.net,Female,Folk,2023-10-28 14:20:59,2024-08-28 06:26:39
43450,Curtis,Calhoun,osaunders@example.net,Non-binary,Pop,2024-07-15 10:51:28,2024-07-04 05:27:46
43487,James,Mendoza,michaelpatricia@example.org,Genderqueer,Blues,2022-12-04 20:36:53,2024-06-02 09:18:43
43689,Kelly,Carr,angela42@example.org,Gender nonconforming,Pop,2024-01-23 03:56:13,2024-07-05 08:01:37
43746,Kathy,Vaughn,craig42@example.com,Genderqueer,Alternative,2023-11-03 20:41:20,2024-05-09 21:06:23
43811,Joshua,Dawson,hunterpaul@example.com,Bigender,Rock,2024-06-02 22:00:21,2024-11-21 14:03:15
43913,Teresa,Parker,nwhite@example.org,Gender nonconforming,Country,2023-05-08 14:56:21,2024-03-07 23:53:36
44220,Hannah,Rodriguez,christopher53@example.net,Male,Reggae,2023-06-01 13:25:57,2024-06-14 01:54:52
44357,Angela,Coleman,mparker@example.com,Female,Indie,2023-07-20 22:59:03,2024-05-01 17:38:32
44486,Alexis,Holloway,jefferyblair@example.net,Male,Jazz,2024-08-05 06:44:24,2024-10-01 02:18:22
44634,Kelly,Coleman,wilsondakota@example.org,Male,Reggae,2024-06-29 00:33:18,2023-12-27 21:53:10
44656,Dominique,Hernandez,curryspencer@example.net,Male,Rock,2024-11-06 02:47:49,2024-01-06 07:20:20
44703,Jose,Davis,ibrown@example.org,Agender,Indie,2023-10-08 12:59:22,2024-04-07 05:56:27
44754,William,Burke,morganconnie@example.com,Gender questioning,Hip Hop,2024-06-18 10:15:05,2024-01-24 10:26:26
44879,Miranda,Johnson,cassandranorris@example.com,Male,Classical,2024-05-26 00:17:32,2024-10-21 08:40:39
44889,Jonathon,Bridges,uwilson@example.org,Genderqueer,Folk,2023-05-25 05:57:22,2024-08-23 10:18:07
44910,Joel,Wilkinson,hcastro@example.com,Agender,Techno,2024-04-15 02:18:50,2024-03-18 04:25:01
44925,Stephen,Beard,tiffanygonzalez@example.net,Gender nonconforming,Indie,2024-04-23 09:54:44,2024-04-27 04:04:58
45028,Jerry,Paul,chris18@example.org,Female,Rock,2024-08-30 11:04:48,2024-09-28 07:22:53
45037,Chloe,Wheeler,william15@example.com,Agender,Reggae,2023-01-02 18:34:14,2024-03-31 16:07:02
45232,Cheryl,Castillo,xchung@example.net,Bigender,Country,2022-12-16 13:06:36,2024-04-26 01:31:53
45294,Mary,Woods,trujillokiara@example.org,Gender questioning,Reggae,2023-08-21 14:56:02,2023-12-25 19:53:41
45472,Veronica,Young,rubiowilliam@example.net,Male,Indie,2024-01-24 10:39:35,2024-02-11 03:54:08
45559,Sheri,Gray,trannichole@example.org,Genderqueer,Rock,2023-02-09 15:26:57,2024-02-25 16:08:08
46044,Kevin,Wu,fperez@example.org,Gender questioning,Blues,2023-10-29 10:50:03,2024-07-11 06:06:24
46129,Christopher,Delacruz,dsmith@example.com,Non-binary,Techno,2024-10-17 08:09:45,2024-06-21 12:22:50
46149,Alicia,Lester,jordan21@example.org,Genderqueer,Electronic,2023-08-19 17:15:44,2023-11-27 21:11:24
46289,Logan,Patel,ujennings@example.com,Female,Rock,2023-02-08 11:28:11,2024-06-11 06:52:52
46297,Hannah,Castillo,leonard98@example.com,Genderfluid,Hip Hop,2024-07-07 15:51:10,2024-09-05 14:12:22
46355,Tyler,Rodriguez,steven40@example.com,Bigender,Hip Hop,2023-06-29 07:43:03,2024-07-12 05:16:18
46365,Calvin,Smith,catherinestone@example.net,Gender questioning,Folk,2023-08-14 18:29:50,2024-01-08 08:21:41
46397,Michael,Reed,duane27@example.org,Female,Hip Hop,2024-09-18 03:24:22,2024-02-02 06:11:12
46409,Paige,Mccoy,rhodeselizabeth@example.net,Genderqueer,Folk,2024-06-29 06:35:42,2024-10-28 12:01:42
46414,Michael,Lowery,srichardson@example.com,Bigender,Pop,2023-12-25 22:53:01,2024-10-27 10:48:46
46419,Timothy,Lee,susan05@example.net,Gender nonconforming,Rock,2023-06-18 16:53:45,2024-11-19 05:44:25
46489,Jason,Steele,twood@example.org,Bigender,Pop,2023-03-22 09:10:37,2024-03-06 06:55:32
46716,Craig,Bender,baguilar@example.org,Genderfluid,Hip Hop,2024-07-04 00:23:45,2024-07-26 12:25:17
46875,Valerie,Rivera,ufletcher@example.net,Non-binary,Electronic,2023-12-08 08:42:12,2024-10-12 07:30:19
47171,Heather,Ward,cortezdavid@example.com,Non-binary,Blues,2024-06-03 13:13:05,2024-06-04 05:20:49
47217,Kevin,Callahan,monroebrian@example.com,Gender nonconforming,Techno,2023-08-02 06:02:51,2024-06-19 12:44:47
47226,Amy,Thompson,martinezcharles@example.org,Gender questioning,Electronic,2023-03-20 06:38:30,2024-04-19 17:40:09
47313,Gary,Powell,yduran@example.net,Genderqueer,Electronic,2024-07-06 17:20:20,2024-10-16 08:09:31
47365,Susan,Porter,laura85@example.org,Genderqueer,Folk,2023-08-12 23:06:28,2024-07-01 03:32:23
47474,Francisco,Hall,ismith@example.com,Genderfluid,Hip Hop,2023-12-22 21:33:04,2024-07-25 10:20:05
47517,James,Carter,williamsonblake@example.com,Gender nonconforming,Pop,2024-09-10 18:49:54,2024-09-02 05:45:55
47533,Wendy,Bowers,kelleymichele@example.org,Bigender,Electronic,2023-08-09 18:10:33,2024-07-22 05:34:33
47580,Connie,Ramirez,christian64@example.org,Bigender,Techno,2024-01-12 06:22:49,2024-07-29 06:01:31
47921,Karla,Christian,craig54@example.com,Male,Reggae,2023-08-12 16:05:49,2024-06-25 09:53:56
48045,Michelle,Davis,tbenitez@example.net,Genderqueer,Pop,2024-01-14 19:58:34,2024-01-16 14:05:52
48086,Meredith,Doyle,jbest@example.net,Gender nonconforming,Reggae,2024-04-12 11:43:51,2024-09-22 06:09:26
48102,Cory,Castro,lopeztravis@example.net,Bigender,Reggae,2024-10-16 13:39:58,2024-01-16 12:05:09
48177,Mark,Lawrence,christine29@example.org,Gender nonconforming,Classical,2023-09-12 12:04:52,2023-12-30 09:15:43
48217,Janet,Garza,bennettmonica@example.net,Genderfluid,Folk,2024-03-28 16:28:25,2023-12-23 22:50:52
48255,Ryan,Jones,graynathan@example.net,Agender,Techno,2023-06-01 13:34:19,2024-01-08 19:30:10
48404,Eric,Fox,deanjames@example.org,Agender,Blues,2024-03-31 23:52:42,2023-11-29 13:44:54
48500,Jack,Murphy,joseph78@example.com,Agender,Rock,2023-02-22 22:30:57,2024-04-05 12:11:48
48553,Gabriela,Mckay,qwade@example.net,Non-binary,Indie,2023-04-27 07:17:20,2023-11-28 22:48:18
48734,Stacey,Watson,jjones@example.net,Gender questioning,Blues,2023-04-22 12:30:44,2024-09-29 18:07:16
48856,Nathan,Whitaker,zamorabenjamin@example.org,Gender questioning,Indie,2022-12-20 12:21:30,2024-07-21 20:05:51
48873,Sarah,Williams,lisa67@example.org,Bigender,Pop,2023-01-24 02:53:29,2024-08-17 02:59:27
48990,Tyler,Patterson,susan09@example.net,Agender,Folk,2023-05-15 05:39:40,2024-05-27 02:04:00
49001,Martin,Thornton,fryekathy@example.net,Non-binary,R&B,2024-06-21 19:11:58,2024-05-05 13:49:05
49179,Brandon,Adams,michaelharris@example.net,Gender questioning,Folk,2024-08-13 07:38:11,2024-05-10 07:43:10
49270,Benjamin,Diaz,megan99@example.com,Gender nonconforming,R&B,2023-06-09 14:37:03,2024-06-20 09:59:31
49352,Karina,Campbell,qmontgomery@example.com,Bigender,Indie,2023-11-28 02:24:33,2024-04-27 22:15:01
49427,Sarah,Lowe,joshua18@example.org,Gender nonconforming,Folk,2023-09-07 03:37:26,2024-05-30 02:03:12
49435,Marcia,Miller,petersalex@example.com,Female,Metal,2023-05-09 12:15:57,2024-06-16 05:01:43
49786,Thomas,George,nglass@example.org,Female,Electronic,2023-08-04 01:42:35,2024-11-20 22:14:41
49856,Danielle,Smith,ajacobs@example.org,Female,Punk,2024-03-10 18:52:44,2024-05-15 16:59:20
49901,Jane,Hayes,janetramirez@example.com,Non-binary,Blues,2023-10-11 10:23:22,2024-06-22 09:12:32
49907,Timothy,Williams,yzimmerman@example.org,Female,Rock,2023-10-03 09:09:55,2024-08-27 01:08:09
50026,Eric,Sanchez,kingsusan@example.com,Genderqueer,Rock,2024-06-26 14:21:42,2024-06-20 23:50:42
50217,Shawn,White,morenoemily@example.org,Gender questioning,R&B,2023-02-10 07:22:25,2023-12-25 05:56:38
50260,Carol,Washington,dixonsheri@example.com,Genderqueer,Indie,2022-12-20 14:41:53,2024-11-10 04:50:21
50371,Casey,Franklin,brodriguez@example.net,Gender questioning,Rock,2024-02-15 17:55:11,2024-10-25 11:28:48
50382,Jennifer,Moore,crystal89@example.net,Agender,Pop,2022-12-21 06:12:36,2023-12-29 06:29:52
50551,Eric,Pierce,joycejustin@example.net,Agender,R&B,2024-04-01 14:31:40,2024-03-07 22:12:49
50586,Desiree,Silva,bentonsusan@example.com,Gender nonconforming,Jazz,2023-01-07 14:40:46,2024-11-11 04:24:28
50664,Ernest,Moran,dustin94@example.org,Bigender,Country,2024-11-12 12:51:37,2024-11-05 00:40:34
50713,Rodney,Wood,stephenjohnson@example.org,Gender nonconforming,Classical,2023-05-02 20:48:02,2024-08-09 18:17:02
50743,Richard,Jones,nicole75@example.org,Non-binary,Punk,2023-06-29 22:06:28,2023-11-28 22:53:04
50794,Alexander,Barber,donald57@example.org,Gender questioning,Hip Hop,2024-08-27 06:48:44,2023-12-23 17:53:55
51134,Christopher,Sanchez,patriciaberry@example.com,Bigender,Indie,2023-12-05 11:17:14,2023-12-01 12:22:19
51176,Tony,Berry,sharicross@example.net,Gender nonconforming,Electronic,2023-06-23 12:40:30,2024-03-16 06:46:37
51303,Amy,Miller,zkelly@example.net,Genderfluid,Reggae,2024-10-04 16:34:40,2024-04-27 08:34:54
51308,Christopher,James,jessicagreen@example.com,Bigender,Punk,2024-05-30 05:13:05,2023-12-26 21:24:03
51425,Brittany,Mcbride,wgarcia@example.com,Gender questioning,Pop,2022-12-01 23:22:22,2023-12-15 16:11:38
51792,Jose,Lambert,janicemcdaniel@example.com,Genderfluid,Country,2024-08-06 14:24:39,2024-09-12 04:43:21
51927,Charles,Thornton,kevinreyes@example.org,Bigender,Hip Hop,2023-12-15 17:26:59,2024-07-02 23:20:25
52054,Jasmine,Doyle,howardmckenzie@example.com,Gender nonconforming,Blues,2024-09-27 10:33:21,2024-03-31 23:06:02
52228,Nicholas,Morales,heidi88@example.org,Agender,Rock,2023-04-22 00:52:40,2024-04-25 06:15:19
52272,Suzanne,Miller,joselopez@example.org,Female,Metal,2023-01-06 15:53:12,2024-09-27 07:59:42
52286,Connie,Shaw,dereksalazar@example.org,Bigender,Alternative,2024-01-08 16:01:37,2024-06-29 04:39:04
52426,Gabriel,Bradford,gilmorejoy@example.org,Agender,Hip Hop,2024-05-23 01:38:50,2024-06-12 13:31:45
52494,Kimberly,West,brookeklein@example.org,Genderqueer,R&B,2024-05-10 02:55:34,2024-09-05 20:16:25
52683,Michele,Young,vwade@example.net,Genderfluid,Electronic,2023-03-03 22:48:54,2024-06-28 13:47:24
52707,Jocelyn,Williams,maynardlisa@example.net,Male,Indie,2023-03-21 23:10:29,2024-09-18 09:11:24
52824,Jeffrey,Wheeler,andrewrivera@example.com,Bigender,Techno,2023-09-21 08:47:05,2024-09-23 07:28:08
52970,Tina,Moody,jason89@example.org,Genderqueer,Jazz,2023-11-16 09:45:13,2024-05-06 19:38:04
52993,Kimberly,Jensen,timothyjohnson@example.org,Non-binary,Metal,2023-03-11 16:05:05,2024-11-06 16:23:35
53040,Melinda,Williams,connie96@example.org,Agender,Indie,2024-11-14 06:10:40,2024-08-14 14:24:59
53167,John,Keith,molly04@example.org,Non-binary,Country,2024-07-19 02:57:26,2023-12-21 17:30:45
53238,John,Mcdonald,jesse13@example.net,Non-binary,Reggae,2024-10-01 06:05:58,2023-12-21 05:33:42
53295,Brittany,Snyder,johnsonjeremy@example.net,Gender questioning,Pop,2023-12-17 14:22:23,2024-05-23 09:40:10
53356,Amy,Anderson,steven98@example.net,Gender nonconforming,Punk,2024-06-29 02:12:23,2024-01-02 16:09:31
53419,Harry,Robinson,obrientracey@example.com,Agender,Rock,2024-02-15 05:49:42,2024-10-01 01:03:13
53466,Larry,Robinson,ghutchinson@example.org,Male,Alternative,2023-03-01 12:13:09,2024-09-12 13:34:26
53563,Joshua,Wallace,jessica51@example.org,Female,Folk,2023-08-31 23:43:47,2024-09-10 03:22:48
53758,Christopher,Butler,thomassandra@example.com,Agender,Reggae,2023-03-28 05:18:33,2023-11-30 19:15:42
54097,Melissa,Arnold,brianwatson@example.com,Gender questioning,Techno,2024-02-01 16:14:30,2024-01-24 07:32:24
54124,Yvonne,Hill,laurasmith@example.org,Male,Electronic,2024-01-21 10:24:51,2024-01-17 00:09:18
54141,Thomas,Bates,stevenlewis@example.net,Agender,Punk,2024-10-11 03:46:09,2024-08-20 23:56:41
54265,Sherry,Gillespie,christine99@example.org,Genderfluid,Funk,2023-05-22 23:34:50,2024-01-19 08:20:05
54382,Sarah,Fields,bmiller@example.com,Genderfluid,R&B,2024-02-28 20:22:38,2024-10-06 07:25:39
54564,Bryan,Peterson,evansjessica@example.com,Male,Electronic,2024-11-18 04:32:38,2024-08-09 09:04:17
54620,Roberta,Roberts,thomasellison@example.org,Agender,Techno,2023-01-05 13:43:58,2024-03-25 20:28:27
54802,Lisa,Williams,juliehernandez@example.com,Male,Blues,2023-05-03 14:07:05,2024-01-22 21:21:26
54895,David,Chapman,palmersavannah@example.net,Gender nonconforming,R&B,2024-05-08 22:21:58,2024-04-15 13:16:46
54969,Megan,Caldwell,gina20@example.net,Gender nonconforming,Hip Hop,2023-06-04 16:33:53,2024-09-14 02:51:46
55131,Margaret,Rasmussen,christina98@example.net,Bigender,Hip Hop,2023-10-10 14:17:39,2024-08-09 06:24:03
55199,Brian,Quinn,robertkelly@example.net,Gender nonconforming,Funk,2024-04-18 01:35:32,2024-02-13 23:59:37
55210,Helen,Long,jillstephens@example.org,Male,Classical,2022-12-29 17:53:56,2024-05-23 15:47:02
55254,Steven,Moreno,woodlaura@example.com,Gender nonconforming,Funk,2024-06-27 00:20:51,2024-04-05 23:40:56
55381,Theodore,Fields,taramartinez@example.net,Gender nonconforming,Indie,2024-01-25 17:42:13,2024-09-19 01:20:47
55483,Chelsea,Santos,eatonglenn@example.com,Female,Country,2024-02-11 20:49:10,2024-10-26 15:34:52
55514,Anthony,Powell,fwalsh@example.net,Male,Funk,2024-09-18 05:40:51,2024-05-15 16:56:21
55599,Mary,Greene,wallacemichael@example.com,Genderqueer,Techno,2023-12-20 11:58:14,2024-05-19 05:19:33
55748,Craig,Roberts,valenzuelalaura@example.org,Gender questioning,Classical,2024-08-26 14:01:20,2024-06-10 18:32:17
55796,Breanna,Gay,wendyhood@example.com,Agender,Indie,2024-07-20 07:21:31,2024-07-28 14:46:56
55805,Justin,Mann,sarah11@example.com,Non-binary,Funk,2023-09-13 07:05:32,2024-06-30 04:18:26
56022,George,Mccormick,travishuang@example.org,Male,Classical,2023-12-29 02:11:54,2024-07-07 12:44:59
56074,Sara,Hernandez,fbarnes@example.com,Gender questioning,Classical,2023-02-02 04:02:37,2024-03-06 03:40:17
56163,Tommy,Ballard,ucobb@example.org,Female,Indie,2023-04-19 15:37:05,2024-01-29 17:38:49
56183,Kristine,Harris,lori30@example.org,Genderqueer,Classical,2023-11-12 12:01:41,2024-11-17 09:46:44
56264,Jeanne,Schmidt,nguyenstephanie@example.com,Non-binary,Funk,2023-03-22 11:34:27,2024-05-31 01:53:49
56707,Jenny,Rogers,michaelmckinney@example.net,Genderfluid,Electronic,2023-12-27 09:41:59,2024-07-25 20:44:05
56845,Travis,Carter,aprilchang@example.com,Bigender,Metal,2024-08-02 17:22:16,2024-07-01 17:33:48
57080,Heather,Miller,sara71@example.org,Female,Classical,2023-08-30 23:43:03,2024-11-01 15:02:38
57096,Rebecca,Mcdonald,miguel18@example.org,Bigender,Reggae,2023-12-02 05:06:49,2024-06-12 21:42:12
57258,Kent,Harris,salazarrobert@example.org,Gender questioning,Alternative,2024-08-03 17:30:23,2024-06-12 20:13:18
57456,Shawn,Ellis,tvaughn@example.com,Non-binary,Indie,2023-11-05 11:34:56,2024-02-23 20:40:31
57527,Diane,Morgan,brownrobert@example.org,Male,Rock,2024-01-18 08:41:50,2023-12-06 15:51:54
57652,Janice,Hanson,stephaniewise@example.com,Male,Rock,2024-10-02 12:27:38,2024-03-26 20:38:29
57735,Victor,Rangel,wilsonashley@example.org,Agender,Classical,2022-12-10 05:04:42,2024-11-10 16:43:27
57935,Michael,Kelly,bobbywest@example.org,Female,Reggae,2023-12-29 02:41:26,2024-09-28 04:35:48
58033,Tammy,Hendrix,kchavez@example.net,Agender,Metal,2023-02-05 06:08:19,2024-08-09 16:28:43
58208,Allison,Parker,michael71@example.net,Bigender,Techno,2023-03-17 23:54:07,2023-12-15 16:38:42
58215,Derrick,Calderon,catherine49@example.com,Gender questioning,Techno,2024-06-23 04:25:48,2024-07-20 03:39:04
58369,Gerald,Higgins,kimberlybates@example.com,Male,Jazz,2024-11-09 06:50:28,2024-06-02 00:00:44
58741,Jorge,Wilson,paula53@example.com,Gender questioning,Hip Hop,2023-02-19 14:26:58,2024-04-02 04:27:59
58788,Scott,Johnson,deckerrachel@example.org,Gender questioning,Rock,2023-05-09 03:40:02,2024-07-22 22:12:58
58819,Michael,Sharp,ethompson@example.com,Male,Blues,2024-09-24 20:48:28,2024-05-08 21:44:00
58960,Diane,Wood,charlescosta@example.net,Female,Classical,2024-03-27 04:19:55,2024-03-22 03:12:40
59111,Robert,King,pmiller@example.com,Bigender,Jazz,2023-11-05 19:21:47,2024-06-16 00:32:45
59144,Laura,Barton,andrecastro@example.net,Gender nonconforming,Folk,2023-09-22 20:48:46,2024-06-09 22:52:31
59258,Leslie,Brown,murphylori@example.com,Gender questioning,Folk,2023-04-10 15:59:57,2024-07-14 14:08:49
59443,Jeffrey,Contreras,andreaphillips@example.org,Gender nonconforming,Country,2023-03-11 11:07:39,2024-02-18 18:15:15
59743,Debbie,Martinez,qcooper@example.com,Female,Pop,2024-07-02 06:39:52,2023-12-04 03:22:38
59830,John,Harper,nicholas70@example.net,Genderqueer,Electronic,2023-03-17 16:44:07,2024-03-20 04:20:43
59902,Jake,Hawkins,kayla00@example.com,Genderfluid,Rock,2022-12-18 01:06:37,2024-02-02 22:03:35
60330,Larry,Jimenez,gary13@example.com,Gender nonconforming,R&B,2024-06-04 16:01:35,2024-04-04 20:07:50
60443,Theresa,Powell,tjackson@example.org,Gender questioning,Folk,2023-05-23 04:35:04,2024-11-19 15:56:10
60454,Marie,Hicks,salasmatthew@example.net,Female,Hip Hop,2024-06-28 06:55:30,2024-10-05 12:39:26
60570,Julia,Fuentes,sullivanmichelle@example.org,Gender nonconforming,Jazz,2024-06-05 14:12:47,2023-12-08 10:30:31
60616,Michael,Hall,stevenlopez@example.com,Male,Hip Hop,2024-10-05 01:22:42,2024-07-15 07:35:11
60666,Kristin,Walker,vasquezchelsey@example.com,Male,Hip Hop,2024-07-25 19:10:37,2024-09-13 07:47:26
60705,Ryan,Lewis,jenniferhall@example.net,Agender,Pop,2023-07-28 23:05:36,2024-04-06 16:52:39
60780,Gregg,Evans,michaelmartin@example.net,Genderfluid,Jazz,2024-05-25 04:00:55,2024-03-20 10:57:32
61230,Kelsey,Johnson,mariahamilton@example.net,Gender questioning,Punk,2024-01-31 16:59:08,2024-01-24 08:14:52
61262,Wendy,Combs,desiree05@example.net,Non-binary,Techno,2024-11-05 00:24:19,2023-12-31 01:09:54
61690,Robert,Rodriguez,fhouse@example.net,Genderqueer,Alternative,2024-05-15 06:25:56,2023-11-30 13:51:52
61745,Jodi,Bruce,livingstonjoseph@example.org,Male,Electronic,2023-10-08 20:48:36,2024-01-02 16:35:05
61848,David,Myers,hking@example.net,Gender nonconforming,Metal,2022-12-30 04:56:22,2024-09-21 11:58:51
61849,Amber,Steele,kleinalejandro@example.com,Male,Blues,2022-11-26 23:13:00,2024-03-18 23:24:58
61908,Alicia,Davis,hicksrandall@example.net,Gender questioning,Rock,2023-07-26 07:47:10,2024-03-15 04:46:43
62009,Sarah,Hubbard,gwiley@example.com,Agender,Metal,2023-01-09 06:25:48,2024-06-24 10:54:37
62019,Julie,Jordan,williamstracy@example.com,Genderqueer,Techno,2023-09-10 20:13:29,2024-05-12 15:10:10
62358,Latoya,Miranda,wolfcynthia@example.com,Agender,Funk,2024-01-10 02:02:01,2024-01-19 15:47:03
62384,Matthew,Glover,msingh@example.net,Genderqueer,R&B,2023-11-01 03:09:14,2024-05-27 18:55:19
62407,Daisy,Miller,wandagilmore@example.com,Genderfluid,Country,2023-12-06 14:13:49,2024-03-20 03:39:39
62419,Julie,Willis,michael34@example.net,Gender nonconforming,Classical,2023-03-25 10:12:39,2024-11-11 06:17:48
62471,Joseph,Johnson,brittney35@example.org,Gender nonconforming,Country,2023-12-15 00:41:59,2024-09-28 02:55:02
62846,Jennifer,Rich,valerie57@example.org,Female,Country,2023-08-25 14:05:59,2024-06-30 03:39:46
63038,Stephanie,Bauer,iali@example.com,Bigender,R&B,2024-03-10 07:28:11,2024-05-03 06:57:52
63082,Stacy,Ruiz,denisemorse@example.org,Bigender,Electronic,2023-04-17 09:28:54,2024-02-23 17:56:33
63122,Jerry,Nelson,watkinscolleen@example.org,Genderfluid,Punk,2024-11-01 19:57:54,2024-05-18 10:14:16
63259,Edward,Chase,changjacqueline@example.org,Female,Punk,2024-05-26 02:46:01,2023-12-12 16:16:16
63313,Nancy,Duncan,bakerdeborah@example.com,Agender,Classical,2024-05-16 10:49:56,2024-02-24 19:20:02
63692,John,Sullivan,cjones@example.net,Non-binary,Funk,2024-05-17 07:40:49,2024-05-24 06:54:33
63693,Corey,Richards,perrymichael@example.com,Bigender,Folk,2024-02-16 00:04:13,2023-11-24 09:16:26
63721,Robert,Cooper,storres@example.com,Bigender,Hip Hop,2024-07-21 13:52:41,2024-11-06 12:53:56
63972,Scott,Nichols,wclark@example.net,Genderfluid,Country,2023-09-18 14:42:53,2024-03-17 21:23:13
64020,Jeffrey,Mcconnell,owensgarrett@example.net,Gender questioning,Techno,2024-02-15 08:35:35,2024-04-04 16:41:55
64048,Jennifer,Orr,christopheradkins@example.net,Gender nonconforming,Jazz,2023-09-02 15:05:43,2024-02-17 15:42:46
64170,Denise,Miller,meadowsbrian@example.com,Gender questioning,Hip Hop,2023-04-28 11:08:50,2024-09-16 12:14:51
64176,Lori,Long,janetjenkins@example.net,Bigender,Blues,2023-07-28 07:58:44,2024-10-09 10:11:16
64242,Melissa,Howell,plewis@example.com,Male,Country,2023-07-29 03:20:01,2024-01-26 22:07:24
64340,Bryan,Schneider,zbrown@example.com,Female,Jazz,2024-06-22 10:39:51,2024-09-07 04:41:42
64420,Nicole,Jackson,michelle59@example.net,Gender nonconforming,Punk,2023-10-23 04:26:45,2024-05-25 07:30:49
64433,Lisa,Harrison,pachecokaylee@example.org,Non-binary,Jazz,2023-02-28 16:32:43,2024-05-12 20:34:39
64610,Russell,Smith,gwalters@example.org,Genderfluid,Jazz,2022-12-27 17:53:00,2024-06-20 08:52:09
64789,Paul,Cobb,younglaura@example.org,Non-binary,Funk,2024-06-09 12:35:36,2024-01-22 00:37:58
65316,Nathaniel,Lopez,allen66@example.com,Gender questioning,Reggae,2024-02-24 11:47:07,2024-11-10 02:44:29
65318,Nicholas,Houston,joelsmith@example.net,Gender nonconforming,Funk,2023-11-23 21:32:17,2024-09-23 01:17:54
65400,Michael,Guzman,uvaughn@example.net,Gender nonconforming,Classical,2024-09-14 20:21:53,2024-11-09 08:24:19
65424,Jennifer,Mcneil,hrobinson@example.org,Genderfluid,Punk,2024-01-31 11:42:49,2024-11-15 03:32:34
65437,Heather,Scott,michellekelley@example.com,Female,R&B,2023-09-10 23:01:05,2024-04-22 21:49:56
65579,Christopher,Stewart,melissapatrick@example.org,Non-binary,Country,2024-09-03 01:29:50,2024-02-10 06:49:42
65604,Kathryn,Jordan,kevin29@example.org,Genderqueer,Jazz,2024-06-20 15:05:21,2024-04-22 20:03:33
65631,Michael,Pope,jennifer76@example.org,Gender questioning,Funk,2023-09-24 05:18:38,2024-05-01 05:04:21
65738,Sarah,Reynolds,erandall@example.net,Female,Alternative,2023-04-14 06:25:35,2024-06-29 08:17:35
65793,Samantha,Smith,kcunningham@example.com,Gender nonconforming,Alternative,2023-02-12 15:07:42,2024-10-02 15:32:32
65830,Shelly,Mccarthy,clinebryan@example.com,Female,Reggae,2023-04-15 01:36:27,2023-12-29 22:22:48
65864,Margaret,Hardy,kjones@example.com,Male,Funk,2023-01-22 13:00:34,2024-04-22 08:59:34
65865,Michelle,Brown,wpatterson@example.com,Genderqueer,Rock,2024-05-27 16:25:05,2024-01-15 06:48:07
65884,Angela,Preston,jeromegonzales@example.com,Genderfluid,Techno,2023-04-28 13:20:21,2023-12-19 16:07:45
65901,Stephanie,Lee,cruzamy@example.net,Female,Techno,2024-01-28 22:30:34,2024-02-07 06:28:56
65929,Laura,Roberts,imays@example.net,Genderfluid,Pop,2024-07-13 17:43:26,2024-07-07 16:37:46
65969,Brianna,Ward,beverlyjohnson@example.com,Gender questioning,Funk,2023-03-30 23:01:01,2024-10-31 03:06:08
66306,Derek,Juarez,stevenmarsh@example.com,Bigender,Techno,2024-07-13 13:35:44,2024-05-18 18:29:37
66356,Teresa,White,bowmanjohn@example.net,Agender,Pop,2024-07-18 16:59:10,2024-01-06 16:57:51
66768,Maria,Hill,fosterdaniel@example.com,Genderfluid,Classical,2023-07-29 09:23:31,2024-01-26 21:53:51
66900,Jeffrey,Green,benjaminthompson@example.net,Agender,Indie,2023-03-12 14:06:10,2024-07-27 04:44:34
66987,Steven,Hughes,cohentimothy@example.com,Agender,R&B,2023-02-01 08:58:59,2024-08-26 07:58:55
67259,Sarah,Green,thicks@example.com,Male,R&B,2023-09-03 20:55:25,2024-10-10 10:50:29
67279,Adam,Holden,ramirezjennifer@example.com,Female,Hip Hop,2024-11-15 01:38:35,2023-12-25 05:41:07
67282,Melinda,Joseph,johnsonloretta@example.net,Male,Pop,2022-12-26 07:31:48,2024-07-21 05:25:56
67298,Susan,Moreno,vsantiago@example.org,Bigender,Classical,2024-04-16 02:37:12,2024-04-07 19:34:02
67321,Paige,Garcia,kchambers@example.org,Gender nonconforming,Classical,2024-06-20 05:17:53,2024-11-06 06:32:42
67351,Jennifer,Barrett,oconnorjames@example.net,Non-binary,Hip Hop,2023-02-12 20:13:34,2024-06-15 06:12:30
67378,Glenn,Crawford,melissanixon@example.com,Female,Alternative,2024-08-06 13:15:15,2024-03-17 20:53:29
67481,Douglas,Santana,davidshaw@example.net,Genderqueer,Pop,2024-06-21 00:11:37,2024-01-01 19:07:38
67502,Jessica,Young,gramirez@example.net,Male,Techno,2024-04-02 19:27:36,2024-05-25 10:15:54
67515,Stacy,Myers,amccarthy@example.org,Bigender,Indie,2024-07-02 12:53:02,2024-10-22 16:47:53
67763,Michelle,Miller,vtaylor@example.net,Non-binary,Jazz,2023-03-12 15:23:00,2024-04-16 09:24:35
67878,Kyle,Jackson,vanessaduke@example.com,Male,Country,2024-05-03 11:26:23,2024-07-30 09:19:03
68011,James,Perry,jhunt@example.net,Gender nonconforming,Metal,2023-06-16 17:19:21,2023-12-26 17:43:21
68042,Courtney,Greene,andrewbrown@example.org,Genderfluid,Alternative,2024-03-02 06:53:42,2024-06-22 01:14:19
68119,Jonathan,Olson,michelemccarthy@example.com,Agender,Classical,2024-03-02 19:16:08,2024-09-04 00:20:30
68247,Michael,Martin,steven17@example.net,Male,Reggae,2023-06-26 03:35:34,2024-09-03 14:00:49
68285,Christopher,Henderson,adrienne50@example.org,Genderqueer,Techno,2023-01-24 21:04:56,2024-05-06 17:09:04
68323,Jason,Kelley,christopher03@example.org,Gender questioning,Pop,2023-10-04 00:25:46,2024-04-07 12:04:36
68424,Heather,Ward,noneal@example.com,Genderqueer,Techno,2023-08-01 09:35:47,2024-01-22 07:39:44
68466,John,Mccoy,ftucker@example.net,Gender questioning,Electronic,2023-11-19 06:05:57,2024-05-17 16:05:19
68571,Marc,Maynard,jose50@example.org,Male,Hip Hop,2024-10-04 03:02:00,2024-06-16 05:41:46
68697,Hannah,Peterson,ycollins@example.com,Genderqueer,Pop,2023-02-02 16:56:46,2024-10-25 23:18:18
68928,Tricia,Davis,lyonskevin@example.com,Agender,Country,2024-10-28 08:37:08,2023-12-21 06:14:37
69058,Mario,Mcconnell,gregory60@example.net,Bigender,Classical,2023-12-02 16:11:34,2024-07-02 23:19:33
69084,Joe,Garcia,rachelfarley@example.org,Non-binary,Country,2023-03-03 05:27:17,2024-07-31 00:57:16
69101,Ray,Jackson,elizabethgray@example.net,Non-binary,Country,2023-04-23 13:12:35,2023-12-11 06:24:59
69172,Carmen,Shaw,beasleyjohn@example.com,Female,Punk,2024-05-21 04:14:15,2024-08-21 08:58:05
69214,Elizabeth,Harrison,rlambert@example.net,Bigender,Country,2024-10-22 09:23:54,2024-11-06 16:05:27
69228,Mary,Holland,tross@example.org,Male,Rock,2023-05-10 16:58:57,2024-02-26 03:05:10
69265,Angela,Lindsey,emily19@example.org,Gender questioning,R&B,2023-05-05 07:51:59,2023-11-29 16:55:34
69442,Monica,King,ocooper@example.com,Agender,R&B,2023-01-04 22:53:06,2024-02-24 11:29:33
69498,Shelly,Bryant,msullivan@example.com,Genderqueer,Pop,2023-05-20 21:29:02,2024-08-24 01:16:40
69715,Karen,Gill,ashley79@example.com,Male,Rock,2024-04-16 10:24:23,2024-01-26 01:15:56
69876,Maria,Robinson,lucaspatel@example.com,Agender,Reggae,2024-04-28 13:46:04,2024-03-01 04:48:51
69936,Daniel,Ayala,leebarry@example.com,Genderqueer,Folk,2024-10-09 02:05:36,2024-03-21 02:11:10
70010,George,Valdez,diana70@example.org,Gender questioning,Punk,2024-05-27 12:53:56,2024-04-05 19:35:19
70055,Dawn,Rowland,robertestrada@example.org,Female,Reggae,2024-09-28 02:10:14,2024-04-04 15:18:16
70063,Jessica,Mcpherson,desireelawson@example.com,Bigender,Folk,2024-02-10 22:05:11,2024-08-02 12:06:57
70143,Thomas,Wilson,lrodriguez@example.org,Bigender,Jazz,2024-06-07 04:58:19,2024-05-05 18:49:57
70184,Amy,Shields,fluna@example.com,Gender nonconforming,Rock,2023-03-25 14:56:32,2024-10-28 20:02:35
70378,Jennifer,Perry,audrey02@example.org,Non-binary,Electronic,2023-04-10 04:09:59,2024-08-20 08:38:13
70532,Thomas,Orozco,jacquelineduran@example.org,Male,Rock,2023-05-28 15:14:17,2024-03-11 02:03:11
70631,Anita,Curtis,oturner@example.org,Agender,Reggae,2023-11-27 09:19:47,2024-07-01 08:50:29
70763,Paul,Wright,nsmith@example.org,Gender nonconforming,Funk,2024-06-09 01:03:30,2024-10-27 00:23:16
70839,Hector,Perez,larsendiana@example.net,Non-binary,Rock,2024-03-05 03:02:15,2024-01-01 23:04:13
70887,Cassie,Hurley,johnnygibson@example.com,Non-binary,Hip Hop,2023-11-30 03:12:47,2024-03-13 02:50:00
70980,Amy,Swanson,garciajessica@example.net,Agender,Techno,2024-06-04 04:41:34,2024-01-15 01:32:08
71195,William,Valdez,aspence@example.com,Genderfluid,Techno,2023-04-24 12:38:42,2024-08-16 14:55:59
71229,Andrea,Luna,dgarcia@example.net,Agender,Folk,2024-05-04 17:00:46,2024-03-09 03:49:26
71314,Sarah,Jefferson,floreschelsea@example.com,Male,Classical,2023-05-08 13:37:56,2023-12-14 12:37:14
71381,Frank,Taylor,shannongriffin@example.org,Genderfluid,Hip Hop,2022-12-20 03:53:56,2024-03-09 20:55:13
71447,Jennifer,Kelly,kellyzachary@example.com,Female,Folk,2023-11-03 16:33:44,2024-03-18 19:24:04
71481,Jonathan,Gonzales,john85@example.net,Gender nonconforming,Indie,2024-04-22 00:50:08,2024-05-31 20:14:29
71487,John,Schwartz,eduardo03@example.com,Female,Alternative,2023-10-18 04:13:29,2023-12-30 12:49:18
71561,Matthew,Campbell,simpsonnina@example.com,Genderfluid,Funk,2023-08-16 14:42:35,2024-08-12 13:51:42
71655,Christopher,Soto,kristina23@example.org,Agender,Electronic,2023-09-07 03:26:45,2024-10-02 08:02:33
71752,Kelsey,Webb,jacksoneric@example.com,Gender nonconforming,Funk,2024-08-18 02:21:25,2024-10-31 13:06:34
71753,Julia,Zimmerman,meganperez@example.net,Agender,Classical,2024-02-03 11:58:46,2024-04-30 23:11:18
71921,Rachel,Simmons,wpowell@example.org,Gender nonconforming,Rock,2024-07-14 10:21:09,2024-05-12 10:44:34
71936,Justin,Baker,aguilarkaren@example.org,Male,R&B,2024-09-15 12:25:50,2024-07-27 11:04:02
72090,Juan,Foster,samuel02@example.com,Agender,Classical,2024-04-06 01:08:56,2024-03-25 13:29:27
72314,Morgan,Williams,gonzalezeric@example.com,Bigender,Metal,2023-08-11 20:06:18,2024-07-19 03:35:59
72400,Joseph,Rodriguez,jimfowler@example.org,Agender,Metal,2024-10-22 05:15:35,2024-03-13 21:27:47
72463,Nicholas,Smith,wthomas@example.net,Gender nonconforming,Folk,2024-05-31 01:33:31,2023-11-30 17:45:32
72566,Jessica,Thompson,cardenasalexandra@example.org,Gender nonconforming,Metal,2024-04-30 08:33:36,2023-12-02 08:45:24
72575,Jeffery,Valencia,christopher67@example.org,Female,Classical,2024-04-17 22:21:50,2024-06-06 05:07:50
72608,John,Schmidt,drodriguez@example.org,Bigender,Rock,2023-04-08 14:37:58,2024-10-24 02:27:25
72721,Paul,Davis,jacob57@example.com,Bigender,Reggae,2024-07-08 12:20:57,2023-11-23 21:49:35
72837,Robert,Cooley,chadduncan@example.net,Agender,Metal,2024-04-19 16:35:39,2024-08-15 10:13:08
72999,Wendy,Hall,adamsblake@example.net,Genderfluid,Metal,2022-12-03 19:37:40,2024-03-19 21:38:10
73032,Lisa,Ellison,kathleenvalencia@example.net,Non-binary,Hip Hop,2024-09-29 03:06:41,2024-03-22 17:10:26
73126,Mark,Choi,charles25@example.net,Gender questioning,Punk,2024-01-04 14:43:32,2024-05-01 13:02:08
73225,Cristian,Butler,cdavis@example.net,Genderfluid,Jazz,2023-02-10 15:17:41,2024-07-04 02:15:32
73410,Mitchell,Miller,morrisanthony@example.org,Male,Funk,2023-03-31 22:15:38,2024-06-21 16:06:41
73498,Ethan,Hernandez,vaughanheather@example.org,Gender nonconforming,Alternative,2023-09-05 03:42:18,2024-02-04 21:28:17
73803,Dylan,Osborn,ebeasley@example.net,Gender questioning,Hip Hop,2024-04-14 06:24:44,2024-05-10 19:16:46
73927,Lynn,Herring,chaneyjessica@example.org,Bigender,Hip Hop,2023-03-05 15:09:14,2024-01-29 22:57:04
73950,Kevin,Gibbs,wcooley@example.com,Genderqueer,Techno,2023-12-29 06:01:10,2023-12-20 09:27:07
74134,Thomas,Smith,dhebert@example.com,Female,Techno,2023-11-19 04:26:46,2023-12-08 22:59:28
74231,Bryan,Jones,angelaburns@example.org,Female,Pop,2023-05-09 11:22:11,2024-11-13 16:23:37
74257,Tanner,Bowman,upatterson@example.net,Gender nonconforming,Funk,2023-11-09 00:53:40,2024-03-29 21:50:34
74325,Kayla,Owens,jennifersmith@example.net,Gender nonconforming,Pop,2023-05-26 12:03:31,2024-05-12 07:04:32
74378,Stephanie,Ross,erik81@example.com,Genderfluid,Indie,2024-04-14 15:21:40,2024-06-05 18:56:26
74481,Darlene,Steele,melissagordon@example.com,Male,Country,2022-12-20 12:02:56,2024-04-19 12:28:51
74534,Kimberly,Berry,fieldschristopher@example.com,Non-binary,Folk,2024-09-06 11:01:45,2024-03-22 05:43:01
74559,Luis,Lawson,chad68@example.com,Female,Jazz,2024-01-21 05:20:48,2024-04-07 23:43:50
74645,Andre,Lane,randyhendrix@example.com,Non-binary,Folk,2024-09-22 15:24:36,2024-11-10 07:55:39
74650,Nathan,Hutchinson,jlang@example.com,Gender nonconforming,Alternative,2024-05-11 13:24:01,2024-09-02 00:34:12
74780,Laura,Bush,amyherrera@example.org,Genderfluid,Rock,2024-07-22 05:25:46,2024-05-05 12:40:48
74806,Ashley,Blackburn,deanmartin@example.org,Non-binary,Pop,2024-05-16 06:50:38,2024-01-18 22:58:22
74826,Kimberly,Stewart,aaron78@example.net,Genderfluid,Pop,2023-08-11 08:53:59,2024-11-05 01:50:43
75050,Seth,Fox,tnorman@example.org,Gender nonconforming,Classical,2023-08-14 20:55:07,2024-10-08 07:03:35
75189,Hannah,Carter,popelinda@example.com,Gender questioning,Electronic,2023-04-14 23:00:35,2024-02-18 21:43:12
75414,Anita,Owens,mooreanthony@example.org,Female,Funk,2024-08-05 17:19:48,2024-01-20 19:25:41
75485,Melody,Faulkner,rodriguezpatrick@example.org,Genderqueer,Reggae,2023-11-11 19:55:49,2024-05-26 10:55:42
75531,Heather,Valdez,harperchristopher@example.com,Genderfluid,Metal,2023-04-05 02:35:30,2024-11-03 23:05:19
75532,Cynthia,Davis,iharris@example.net,Gender nonconforming,Folk,2023-07-11 02:24:51,2024-09-11 03:46:08
75586,Teresa,Miller,stacywiley@example.com,Male,Hip Hop,2024-11-22 09:25:59,2024-02-15 01:20:29
75709,Daniel,Wright,leemark@example.org,Gender nonconforming,Funk,2024-03-08 03:56:40,2024-06-13 02:46:57
75752,Joe,Park,vanessa03@example.com,Gender questioning,Hip Hop,2024-07-09 06:03:26,2024-10-21 06:57:31
75942,Linda,Hall,christiancross@example.org,Genderfluid,Folk,2024-07-21 05:42:34,2024-01-29 05:57:07
75960,Lance,Harvey,huynhelizabeth@example.net,Genderfluid,Electronic,2024-09-29 17:41:14,2024-06-26 12:25:03
76033,Keith,Wise,oparker@example.net,Genderqueer,Pop,2024-03-11 20:49:23,2023-12-05 11:00:32
76098,Kristi,Hurst,simpsonjoseph@example.com,Non-binary,Folk,2023-10-05 18:13:05,2023-11-26 20:32:16
76099,Mercedes,Jones,kimmark@example.org,Genderqueer,Country,2023-08-31 12:37:01,2024-10-31 14:38:12
76183,Stacy,Schultz,xtownsend@example.com,Gender questioning,Punk,2023-11-28 15:07:35,2024-03-25 22:42:46
76263,Benjamin,Jones,kaylabonilla@example.org,Gender questioning,Electronic,2023-04-28 08:25:15,2024-05-22 03:49:49
76313,Derrick,Valencia,benjamin00@example.net,Gender nonconforming,Country,2024-02-10 19:55:27,2024-01-30 12:44:07
76506,Laura,Jones,chavezsamuel@example.org,Non-binary,Classical,2024-10-28 00:24:13,2024-08-01 03:34:48
76529,Johnathan,Zavala,shawn17@example.org,Gender questioning,Indie,2024-09-02 21:35:55,2024-09-03 15:07:27
76546,Edwin,Brown,fcase@example.org,Genderqueer,Metal,2024-05-07 06:20:04,2024-10-16 04:31:12
76797,Shelby,Foster,joeldowns@example.net,Genderfluid,Funk,2023-01-12 16:21:55,2024-06-11 05:58:48
77000,Andrea,Davis,omorrow@example.net,Gender nonconforming,Pop,2024-09-30 17:13:31,2024-10-19 08:39:19
77049,Anne,Wilson,michael21@example.net,Agender,Blues,2024-11-13 23:08:19,2024-09-13 21:21:43
77106,Amanda,White,wknight@example.net,Female,Country,2023-06-01 13:35:34,2024-11-20 18:24:46
77158,Steven,Knox,mitchellkevin@example.org,Female,Blues,2023-04-11 18:25:18,2024-10-03 00:58:39
77334,Angela,Taylor,fjohnson@example.net,Agender,Alternative,2023-01-15 01:00:12,2024-04-16 22:57:00
77391,Tammy,Williams,rebekahspencer@example.org,Bigender,Alternative,2024-05-09 01:08:29,2024-02-17 17:59:39
77426,Jeremy,Peters,hannah06@example.com,Genderfluid,Blues,2023-08-02 05:58:24,2023-12-22 10:18:31
77446,David,Green,joshuaross@example.net,Genderqueer,Blues,2023-12-29 20:51:19,2024-11-01 15:09:43
77484,Jessica,Miller,greenrachel@example.com,Agender,Pop,2024-08-09 13:22:12,2024-03-13 14:48:14
77563,Justin,Miller,dmueller@example.org,Gender nonconforming,Jazz,2023-04-20 07:13:59,2024-01-07 18:47:36
77591,Rachel,Ford,stephanie69@example.net,Genderfluid,Alternative,2023-12-06 21:00:43,2024-02-25 00:56:59
77765,Mary,Jones,mharper@example.net,Male,Techno,2024-04-08 10:20:42,2024-06-15 03:00:22
77848,Patricia,Smith,zmiller@example.net,Female,R&B,2024-06-21 05:19:49,2023-12-17 09:04:05
77995,Gabrielle,Brady,turnerjoseph@example.org,Male,Blues,2024-06-29 03:12:54,2024-05-06 16:38:08
78043,Manuel,Price,weissbilly@example.net,Male,Classical,2022-12-29 05:54:47,2024-08-01 05:53:56
78243,Adriana,Yates,shelbyrichardson@example.org,Agender,Techno,2024-10-31 10:07:50,2024-11-06 06:44:14
78281,Erika,Williams,deancaroline@example.net,Gender questioning,Blues,2023-02-11 15:52:12,2024-11-21 22:27:49
78590,Kimberly,Barron,wendydowns@example.com,Genderfluid,Rock,2023-03-04 05:02:07,2024-08-22 22:04:21
78605,Brooke,Morrow,anna34@example.org,Female,Reggae,2024-07-30 20:03:25,2024-02-27 11:27:46
78876,Dana,Hanna,howardjessica@example.org,Female,Alternative,2023-05-27 02:48:27,2023-12-28 21:45:32
78902,Christina,Hurst,gonzalesmichelle@example.net,Non-binary,Reggae,2024-09-29 02:51:37,2024-07-18 12:20:58
78912,Brian,Davenport,davidowens@example.com,Bigender,Electronic,2023-12-08 16:38:16,2024-01-14 10:36:07
78925,Julie,Gonzalez,anthony40@example.com,Bigender,Indie,2022-12-30 16:16:13,2024-09-25 02:21:02
79064,James,Roman,larakimberly@example.net,Genderqueer,Country,2024-08-05 12:20:28,2024-04-03 03:23:19
79130,David,Hurley,nvasquez@example.org,Gender questioning,Blues,2024-02-02 14:55:52,2024-09-17 01:41:48
79159,Donald,Harris,michael97@example.com,Gender nonconforming,Metal,2023-02-27 10:34:28,2024-09-05 12:47:59
79160,John,Strong,andrea90@example.com,Non-binary,R&B,2024-06-27 14:43:18,2024-03-14 07:52:17
79215,Matthew,Parker,njones@example.net,Agender,R&B,2023-12-15 13:32:44,2024-10-31 21:11:32
79315,Johnny,Stevens,annettejones@example.com,Male,Metal,2023-02-19 02:06:25,2024-07-20 00:52:30
79316,Sarah,Horton,lauranewman@example.org,Agender,Electronic,2024-02-08 10:02:13,2024-01-22 12:21:01
79362,Veronica,Norton,dsmith@example.com,Genderqueer,Reggae,2023-10-22 20:53:57,2024-08-09 15:37:03
79397,Leah,Mason,justinbrowning@example.org,Male,Indie,2024-05-29 13:27:49,2024-01-10 03:56:51
79435,Shannon,Clark,briggsjamie@example.com,Male,Hip Hop,2023-10-26 10:28:20,2024-03-30 07:34:51
79600,Lucas,Lewis,williamstiffany@example.org,Genderfluid,Jazz,2023-02-16 19:54:54,2024-11-01 06:12:52
79623,Kyle,Brown,nscott@example.org,Gender nonconforming,Pop,2024-08-06 19:56:15,2024-09-05 09:08:50
79717,Katherine,Moore,seanperry@example.com,Non-binary,Jazz,2023-02-25 23:01:16,2024-09-08 09:07:26
79721,Charles,Henson,underwoodandrea@example.net,Male,Rock,2024-11-17 01:27:05,2024-06-26 15:40:52
79795,Jeremy,Mckay,murphyrebecca@example.net,Genderqueer,Alternative,2024-09-22 11:44:50,2024-10-24 10:03:14
79961,Kristin,Johnson,joshuawagner@example.org,Gender nonconforming,Blues,2024-02-06 06:36:43,2024-02-05 01:45:27
80006,Melissa,Nelson,rjohnson@example.org,Genderqueer,Rock,2023-10-12 17:56:49,2024-05-01 01:05:41
80044,William,Hendrix,tiffanyreynolds@example.com,Gender questioning,Hip Hop,2024-10-29 22:24:22,2023-12-13 09:41:47
80060,John,Martinez,michelle83@example.org,Agender,Classical,2023-03-04 14:47:03,2024-08-08 02:11:56
80118,Melissa,Reyes,cglenn@example.net,Male,Indie,2022-11-27 10:09:26,2024-06-08 04:19:35
80248,Marc,Quinn,emily50@example.org,Female,Techno,2023-12-29 19:42:01,2024-09-15 09:15:02
80304,James,Valenzuela,waltonbobby@example.com,Male,Metal,2023-02-07 16:49:57,2024-07-01 19:20:13
80308,Tanner,Johnson,westjohn@example.org,Agender,Electronic,2024-10-13 23:08:13,2024-09-18 14:34:49
80462,Carla,Snyder,apearson@example.net,Genderfluid,Alternative,2023-03-24 19:02:26,2024-02-10 01:38:15
80476,Richard,Vaughan,prowe@example.net,Genderqueer,Rock,2024-01-01 21:52:06,2024-07-26 16:24:22
80569,Melinda,Bradley,pamela99@example.net,Gender nonconforming,Metal,2024-05-21 22:28:19,2024-04-13 04:20:06
80624,Suzanne,Delgado,kellerann@example.com,Gender nonconforming,Reggae,2023-09-07 09:41:41,2024-03-08 12:45:21
80829,Rachel,Solis,bbrewer@example.com,Female,Folk,2024-10-01 03:57:23,2024-03-20 23:33:50
80868,Makayla,King,angela43@example.com,Male,Indie,2024-08-17 23:11:59,2024-08-24 21:15:05
80879,Pamela,George,lorifernandez@example.com,Non-binary,Classical,2022-12-09 00:04:03,2024-10-16 19:36:51
80907,Sean,Mccarty,valerieblack@example.com,Genderqueer,Punk,2023-10-24 04:14:37,2024-09-08 10:54:06
80987,Kimberly,Hernandez,gonzalezcynthia@example.org,Bigender,Hip Hop,2023-06-16 00:38:33,2024-05-26 02:33:48
80991,William,Thomas,john36@example.com,Bigender,Folk,2024-10-01 14:45:28,2023-11-28 19:00:32
81156,Harold,Scott,kevinschwartz@example.com,Agender,Jazz,2023-08-22 21:02:35,2024-02-12 17:32:09
81327,Rachel,Thomas,johnsondawn@example.org,Non-binary,Classical,2023-06-09 08:42:22,2024-04-06 10:10:13
81433,Veronica,Mcmillan,weaverbarbara@example.org,Gender nonconforming,Funk,2024-03-28 14:31:21,2024-03-16 11:33:45
81473,Michael,Aguirre,duncanjordan@example.com,Female,Folk,2024-04-11 10:21:37,2024-10-07 16:26:55
81632,Whitney,Chang,osbornangela@example.net,Bigender,Pop,2023-07-10 02:23:38,2023-11-23 20:51:12
81682,Logan,Thornton,johnsonbrooke@example.net,Agender,Rock,2023-11-02 13:09:39,2024-11-19 09:05:43
81709,Darius,Hall,curtis89@example.com,Genderqueer,Punk,2024-01-14 00:51:33,2024-04-28 23:24:33
81807,Brittany,Richardson,ddavis@example.org,Female,Rock,2022-12-20 06:59:20,2024-02-27 08:34:48
81826,William,Martinez,chelsea53@example.com,Gender questioning,Folk,2024-02-01 07:03:21,2024-03-10 07:24:59
81917,Cynthia,Hamilton,dale65@example.net,Genderfluid,Hip Hop,2024-03-19 14:02:13,2024-04-27 02:30:11
81975,Christian,Hernandez,bthompson@example.net,Genderqueer,Reggae,2024-04-04 14:21:25,2023-12-17 09:50:55
82016,Amy,Singh,hamptonjonathan@example.net,Agender,Metal,2024-10-26 05:15:16,2024-05-04 20:49:36
82168,Christina,Atkins,tracyjohnson@example.com,Agender,Indie,2024-04-14 00:34:11,2024-01-19 11:19:33
82457,Jill,Long,lrivera@example.com,Non-binary,R&B,2023-01-13 00:57:53,2024-08-23 09:49:08
82466,Hector,Hopkins,jhahn@example.org,Bigender,Jazz,2023-02-03 10:35:51,2024-01-15 00:38:49
82568,Allison,Lewis,coryhoffman@example.com,Bigender,Metal,2024-07-11 17:19:14,2024-04-16 23:30:51
82604,Lorraine,Day,fordmaria@example.net,Non-binary,Jazz,2024-04-17 02:34:37,2024-10-21 01:52:52
82772,Jason,Kennedy,bsantiago@example.com,Non-binary,Alternative,2023-07-24 14:14:14,2024-02-16 17:46:36
82780,Robert,Cook,douglasalejandra@example.org,Male,R&B,2024-04-24 04:19:06,2024-09-09 03:30:47
83084,Evan,Wagner,davidrobert@example.com,Gender questioning,Indie,2023-08-31 04:40:39,2024-04-23 08:49:50
83349,Nathan,Burnett,karalopez@example.com,Male,Techno,2023-04-17 04:38:27,2024-05-15 13:19:46
83465,Natalie,Zamora,tara51@example.org,Gender nonconforming,Alternative,2024-10-24 15:02:48,2023-12-24 02:16:56
83500,Robert,Ramirez,klinecole@example.net,Gender questioning,Electronic,2024-07-23 15:11:46,2024-04-30 01:15:15
83705,Angela,Griffin,jcrawford@example.net,Genderfluid,Indie,2023-11-02 01:28:58,2024-09-05 12:54:14
83708,Adam,Jackson,sbrown@example.net,Non-binary,Rock,2023-12-09 17:50:11,2024-08-28 07:39:42
83785,Tim,Schwartz,carlos52@example.org,Gender nonconforming,Blues,2024-09-22 12:57:46,2024-04-06 13:44:19
83789,Melissa,Cook,wilsonkrista@example.net,Non-binary,Jazz,2023-01-21 13:14:25,2024-07-20 07:42:31
83891,Kevin,Chambers,lisahorne@example.org,Gender nonconforming,Reggae,2024-02-18 19:59:54,2024-08-24 13:09:54
83930,Tonya,Chung,shaun69@example.com,Bigender,Blues,2024-07-23 07:18:37,2024-04-30 22:30:17
84142,Brandon,Estes,laurenlong@example.com,Agender,Blues,2024-08-02 13:40:53,2024-05-23 08:13:56
84247,Ricky,Bradshaw,lisaayala@example.net,Gender questioning,Pop,2023-08-09 11:29:59,2024-11-13 14:15:12
84409,Alicia,Mcintyre,sphelps@example.com,Agender,Jazz,2024-11-09 08:28:35,2024-10-17 12:47:15
84768,Michelle,Ray,wanderson@example.net,Agender,Pop,2023-09-12 22:43:03,2023-12-18 18:18:47
84779,Kimberly,Estrada,thomasdavis@example.net,Male,Reggae,2024-09-22 10:58:38,2024-09-20 21:25:33
84919,Matthew,Jackson,jacksonsonya@example.com,Female,Country,2024-10-22 17:13:33,2024-08-28 02:18:52
84939,Glenn,Ramos,renee06@example.net,Female,R&B,2024-06-21 14:54:22,2024-07-01 02:20:20
85066,Eric,Smith,amanda68@example.net,Genderqueer,Hip Hop,2024-08-21 02:30:02,2024-03-14 12:38:37
85118,Emily,Taylor,yhunter@example.net,Bigender,Techno,2024-03-19 09:39:07,2024-01-10 04:26:47
85172,Paul,Anderson,jenkinsandrew@example.org,Male,R&B,2023-08-25 08:05:23,2024-09-16 08:39:32
85174,Debra,Moody,danielroberto@example.net,Bigender,R&B,2023-01-09 03:30:09,2024-07-13 03:35:27
85216,Randy,Andrews,richmondmarcus@example.net,Genderfluid,Blues,2023-04-01 07:05:23,2024-08-05 19:47:43
85245,Susan,Ray,edwardsamanda@example.org,Bigender,Folk,2023-01-15 16:13:21,2024-09-22 02:45:42
85300,Jimmy,Grant,charles07@example.com,Female,Reggae,2024-02-13 09:25:59,2024-02-15 01:03:55
85308,David,Williams,barbararodriguez@example.com,Male,Hip Hop,2024-10-11 23:52:53,2023-12-24 09:05:15
85338,Glenn,Fox,vargasjoseph@example.com,Male,Funk,2023-05-04 00:38:26,2024-09-01 04:30:03
85823,Tyler,Wilkerson,monroeleslie@example.org,Genderqueer,Pop,2023-02-01 03:47:54,2024-03-23 13:24:55
85841,John,Jacobs,john02@example.com,Agender,Punk,2024-05-16 05:30:59,2024-10-15 14:54:53
85856,Susan,Diaz,brittney75@example.org,Gender questioning,Metal,2023-07-14 01:01:00,2024-02-19 04:33:37
85926,Katie,Padilla,timothy05@example.org,Genderfluid,Folk,2024-06-03 16:14:08,2024-02-12 08:51:35
86093,Emma,Thomas,dtate@example.net,Male,Metal,2024-11-09 18:25:17,2024-07-11 21:39:23
86269,Eric,Sawyer,cynthia47@example.com,Bigender,Blues,2023-06-09 03:51:15,2024-01-17 15:15:00
86271,Jeremy,Garrett,michael13@example.org,Female,Blues,2024-10-21 13:19:26,2024-02-21 09:07:54
86292,Jacqueline,Lynch,taylor12@example.net,Genderqueer,Punk,2023-06-01 22:30:21,2023-12-09 03:26:09
86506,Lisa,Williams,lharris@example.org,Non-binary,Techno,2023-06-24 14:00:36,2024-09-19 21:12:53
86568,Sarah,Phillips,ubass@example.net,Agender,Classical,2024-02-08 23:00:45,2024-02-27 22:02:05
86626,David,Aguilar,vincentharrison@example.com,Gender questioning,Jazz,2023-06-09 03:12:31,2024-02-14 12:13:47
86665,Stephen,Murphy,ashleycarr@example.org,Gender questioning,Reggae,2022-12-02 20:17:01,2023-12-04 06:46:09
86813,Allen,Bush,johnstonashley@example.org,Non-binary,Indie,2023-03-02 14:56:12,2024-06-25 05:20:20
86868,Todd,Evans,elijahacosta@example.org,Gender questioning,Indie,2024-07-18 14:38:06,2023-12-03 00:27:58
86947,William,Ross,averykristina@example.org,Non-binary,Classical,2024-09-17 10:36:07,2024-03-21 20:00:57
86973,Kathleen,Santiago,hhicks@example.org,Gender nonconforming,Folk,2024-08-01 05:11:47,2024-08-31 03:54:19
87027,Matthew,Fisher,dennis40@example.net,Genderqueer,Techno,2023-01-28 12:01:20,2024-08-08 10:06:16
87351,Kenneth,Reynolds,martinsarah@example.org,Non-binary,Metal,2023-09-01 06:17:09,2024-05-23 00:17:41
87441,Lisa,Huang,christopherkaiser@example.net,Female,Jazz,2023-08-28 20:34:19,2023-12-05 03:33:37
87598,James,Davies,robertjensen@example.net,Agender,Funk,2024-07-21 01:48:27,2023-12-03 07:36:28
87691,Charles,Wells,mosleysandra@example.net,Agender,Funk,2022-11-27 20:04:31,2024-04-19 14:36:54
87747,Patricia,Pierce,djohnson@example.net,Gender nonconforming,Funk,2023-06-08 02:36:32,2023-12-03 04:44:53
87763,Antonio,Grant,alexis70@example.org,Non-binary,Punk,2023-02-19 17:49:46,2024-10-20 18:31:01
87796,Travis,Smith,carolyn38@example.net,Non-binary,R&B,2024-09-10 12:27:54,2024-09-22 20:59:42
87801,Gregory,Pittman,fsmith@example.net,Agender,Blues,2023-08-26 12:02:39,2024-06-08 11:04:19
87815,Katrina,Roberts,richardreed@example.com,Gender questioning,Metal,2023-10-24 18:02:45,2024-09-25 21:01:12
87839,Jacob,Burnett,ngriffin@example.com,Gender nonconforming,Electronic,2023-02-10 23:44:27,2023-12-01 04:42:12
87940,Elizabeth,Garcia,christopher07@example.org,Bigender,Hip Hop,2024-03-30 21:53:46,2024-04-03 08:35:01
87976,John,Farrell,gregorylambert@example.com,Female,Rock,2023-01-06 03:22:07,2023-12-30 01:50:11
88000,Brendan,Edwards,derrickwright@example.com,Genderfluid,Classical,2024-05-26 00:45:23,2024-03-19 20:21:31
88158,Abigail,Price,brennanandre@example.org,Genderfluid,Hip Hop,2023-04-29 21:33:19,2024-09-11 06:41:57
88212,Joan,Armstrong,nmyers@example.net,Male,Alternative,2023-01-16 09:32:32,2024-08-25 14:49:45
88352,Wesley,Mills,jonesmichelle@example.net,Genderqueer,Pop,2023-09-03 16:14:07,2024-03-15 19:49:13
88732,Laura,Gray,christinareyes@example.com,Genderqueer,Metal,2024-03-30 01:39:20,2023-11-27 15:51:52
89015,Mark,Cooley,carpentermichael@example.com,Non-binary,Punk,2024-10-21 20:42:19,2024-06-22 13:01:46
89045,April,Barber,davenportsamuel@example.com,Gender nonconforming,Rock,2024-06-02 11:03:19,2024-07-31 20:00:29
89307,Christopher,Johnson,tracybell@example.net,Agender,Funk,2024-03-11 23:19:10,2024-11-15 03:31:25
89472,Michael,Gonzalez,millerkeith@example.net,Gender nonconforming,Pop,2023-08-11 04:57:05,2024-01-26 06:46:54
89493,Michael,Farmer,scottmaria@example.org,Male,Metal,2023-06-06 05:28:32,2024-04-30 08:47:58
89497,Robert,Evans,xmartin@example.org,Non-binary,Indie,2023-11-12 14:06:58,2024-03-11 13:31:35
89787,Maria,Booker,jacob79@example.org,Genderfluid,Pop,2024-05-02 21:21:01,2024-08-24 15:07:07
89836,Brenda,Johnson,oscar92@example.com,Gender nonconforming,Metal,2023-02-25 15:09:26,2024-01-18 23:21:16
89931,Anna,Owens,ismith@example.org,Non-binary,Alternative,2023-08-30 09:33:29,2024-02-26 19:42:19
89945,Barbara,Larsen,vaughnscott@example.org,Genderfluid,Pop,2024-09-02 17:21:29,2024-01-12 18:59:58
90199,Scott,Moore,voconnor@example.net,Gender questioning,Blues,2023-03-06 09:19:37,2024-01-24 21:37:08
90239,Andrea,Moore,edward30@example.com,Non-binary,Electronic,2023-01-28 14:20:17,2024-08-30 17:51:43
90242,Charles,Novak,millermichael@example.org,Gender questioning,Country,2023-06-25 15:54:28,2024-10-29 21:58:10
90260,Megan,Allen,justin26@example.net,Gender nonconforming,Hip Hop,2023-01-06 23:22:33,2024-09-08 19:39:30
90312,Brian,Foley,johnanderson@example.net,Non-binary,Folk,2024-10-29 08:08:47,2024-04-20 20:34:04
90327,Thomas,Miller,christopher88@example.com,Gender questioning,Blues,2022-12-23 15:02:40,2024-11-18 21:54:31
90441,Erica,Hawkins,christopherhendrix@example.net,Agender,Rock,2024-09-11 10:29:57,2024-09-24 20:57:31
90490,Sherry,Thomas,hortonheather@example.net,Male,Funk,2024-01-22 20:12:40,2024-07-29 00:06:54
90516,Stephen,Davis,fsmith@example.org,Agender,R&B,2022-12-06 09:50:57,2024-04-13 00:41:17
90554,Sarah,Phillips,nicole45@example.net,Gender questioning,Rock,2023-09-30 15:53:45,2024-03-19 07:08:31
90559,Sarah,Cardenas,leslieperez@example.org,Genderqueer,Classical,2023-10-16 13:58:31,2024-08-11 16:30:58
90637,Robert,Davis,autumn37@example.net,Agender,Punk,2024-07-13 00:58:01,2024-10-24 17:43:30
90646,Lauren,Reyes,gking@example.net,Male,Folk,2023-05-06 05:21:55,2024-02-15 12:08:23
90764,Ashley,Washington,stephanieball@example.net,Gender questioning,Techno,2023-04-05 09:42:00,2024-07-17 01:33:53
90831,Deborah,Turner,johnclark@example.org,Bigender,R&B,2024-09-08 03:32:50,2024-09-30 21:49:41
90837,William,Powers,kimrocha@example.com,Bigender,Punk,2024-07-14 23:52:41,2024-11-05 18:04:38
90924,Morgan,Reyes,nathanzuniga@example.com,Bigender,Alternative,2023-06-19 00:13:47,2024-01-14 05:16:54
91006,Karen,Mitchell,oanderson@example.org,Non-binary,R&B,2024-08-20 22:20:31,2024-09-14 21:06:25
91095,Summer,Hendrix,erica87@example.org,Gender nonconforming,Funk,2024-02-06 03:15:30,2024-07-01 05:09:40
91100,Alexander,Norris,sean14@example.org,Agender,Blues,2024-10-09 13:15:43,2024-08-30 03:56:22
91187,Steve,Solis,vkennedy@example.com,Gender nonconforming,Rock,2024-11-10 22:46:36,2024-06-06 12:06:14
91207,Michelle,Li,kristinholt@example.com,Agender,Jazz,2023-07-27 14:57:48,2024-07-04 08:22:55
91474,Jennifer,Anderson,christopher64@example.org,Gender nonconforming,Techno,2024-02-02 13:19:18,2024-09-27 02:57:12
91493,Robert,Buchanan,michellepeterson@example.org,Bigender,Reggae,2023-08-28 09:04:20,2024-11-04 09:47:23
91503,Grace,Chavez,edwardsmarvin@example.net,Gender questioning,Country,2024-05-22 21:06:51,2024-01-27 23:03:17
91575,Jennifer,Simpson,thomasjohnson@example.com,Non-binary,Funk,2024-11-13 02:31:28,2024-05-16 09:45:56
91665,Suzanne,Gonzalez,hailey09@example.org,Non-binary,Electronic,2024-07-11 19:26:27,2024-03-12 15:14:05
91688,Mary,Ross,flemingsarah@example.org,Male,Indie,2024-05-25 06:16:34,2024-05-31 05:12:46
92047,Charles,Ramirez,hollandjoyce@example.net,Male,Punk,2023-03-21 23:08:37,2024-01-29 06:37:51
92474,Andrea,Mcbride,vknight@example.com,Agender,Folk,2024-05-28 19:16:05,2024-01-09 17:42:34
92620,Rodney,Thomas,schmidtsandra@example.net,Gender questioning,Classical,2023-12-12 18:00:52,2024-08-31 02:42:55
92632,Abigail,Fisher,spencerbennett@example.org,Male,Electronic,2024-08-06 19:25:18,2024-08-23 12:11:12
92785,Kristina,Carter,danielle55@example.org,Female,Indie,2023-02-06 08:19:33,2024-04-11 11:50:55
92885,Alan,Sherman,uvance@example.net,Agender,Rock,2023-05-26 22:03:49,2024-04-07 06:51:00
92957,Linda,Shelton,williamspaul@example.net,Agender,Folk,2024-06-16 03:58:41,2024-06-17 12:51:37
93309,Daniel,Ward,bakerbrian@example.net,Non-binary,Jazz,2024-02-19 02:36:07,2024-11-14 10:35:55
93321,Jared,Jones,dennis36@example.org,Female,Alternative,2023-05-29 10:51:31,2024-07-25 23:21:13
93324,Barbara,Alvarado,karen74@example.net,Gender questioning,Country,2024-11-13 18:59:37,2024-01-06 19:43:16
93424,James,Brandt,shelleycole@example.com,Gender nonconforming,Pop,2024-11-16 01:20:48,2024-06-18 05:05:47
93470,Traci,Jones,diazpaul@example.org,Female,Reggae,2024-09-27 20:19:10,2024-08-19 23:21:42
93585,Patricia,Holloway,powellamanda@example.org,Agender,Reggae,2023-07-14 00:36:16,2024-04-18 17:37:07
93767,Andre,Stout,jason34@example.com,Bigender,Alternative,2022-12-24 18:29:12,2024-07-27 20:27:18
94033,Chris,Short,manningsean@example.net,Agender,Blues,2023-10-07 12:00:59,2024-05-25 03:27:53
94082,Ellen,Bruce,philip69@example.org,Female,Blues,2023-09-07 07:14:55,2024-06-19 07:32:01
94102,Grace,Mclaughlin,nfranco@example.net,Genderqueer,Blues,2023-09-14 10:51:40,2024-04-25 23:53:32
94185,Lisa,Olson,vjohnson@example.org,Agender,Classical,2023-04-30 16:53:02,2024-02-19 09:19:52
94224,Susan,Bentley,csharp@example.org,Agender,Jazz,2023-05-22 13:51:25,2024-07-05 10:36:44
94369,Courtney,Robertson,wlawson@example.com,Agender,Alternative,2023-01-14 20:55:31,2024-04-02 13:58:55
94386,Nicole,Santana,fwhite@example.org,Gender nonconforming,Techno,2023-01-01 19:03:33,2024-09-14 15:50:17
94443,Nicole,Cole,bakerscott@example.com,Non-binary,Metal,2023-05-16 13:11:50,2024-10-12 00:57:20
94564,Adam,Powell,albertmeyer@example.org,Genderfluid,Metal,2023-12-04 21:23:13,2024-01-04 23:22:22
94587,Tyler,Merritt,lgibson@example.net,Gender questioning,Reggae,2023-07-14 08:43:41,2024-02-26 05:40:09
94702,Derek,Ward,jmorris@example.com,Male,Hip Hop,2023-08-25 19:36:46,2023-12-12 15:54:48
94732,Olivia,Henry,powersrichard@example.com,Agender,Alternative,2024-05-16 23:12:25,2024-09-08 18:02:47
94787,Eileen,Stephens,nicolegarner@example.com,Bigender,Pop,2023-09-20 15:19:41,2024-10-27 06:53:04
94896,Oscar,Andrews,cherylpennington@example.com,Male,Punk,2023-12-08 17:14:25,2024-05-02 07:04:09
94966,Kim,Smith,jose68@example.org,Genderfluid,Rock,2024-11-03 03:43:39,2024-02-08 02:53:03
95386,Lisa,Lee,stevenperez@example.net,Gender nonconforming,Indie,2023-04-12 01:32:53,2024-03-12 05:44:44
95512,Amanda,Holt,flemingjeffrey@example.com,Female,Jazz,2024-01-04 12:40:33,2024-10-25 07:32:09
95631,Jason,Smith,thiggins@example.org,Male,Pop,2023-08-07 09:51:52,2024-01-22 23:01:19
95726,Joseph,Morris,robert71@example.org,Male,R&B,2024-11-19 16:09:08,2024-08-24 02:41:22
95995,Jennifer,Montes,wortiz@example.com,Male,Reggae,2024-05-31 15:03:24,2024-04-09 23:08:47
96112,Joshua,Phillips,gomezkeith@example.com,Genderqueer,Pop,2023-12-10 08:09:21,2024-01-03 22:28:08
96246,Becky,Johnson,wrightrichard@example.com,Gender questioning,Pop,2023-03-03 15:45:36,2024-02-03 09:59:50
96255,Robert,Wang,julianunez@example.net,Female,Electronic,2023-06-25 09:37:13,2024-01-29 00:34:43
96432,Jonathan,Gonzalez,hamiltonandrew@example.org,Genderfluid,Metal,2024-11-21 11:12:55,2024-08-03 16:31:54
96440,Matthew,Bell,elainemoore@example.org,Non-binary,Blues,2023-01-26 10:19:05,2024-05-02 16:45:00
96518,Nicholas,Stevens,paula00@example.com,Male,Pop,2024-05-26 11:39:16,2024-10-08 05:49:28
96583,Ashley,Hall,umurray@example.net,Gender questioning,Funk,2024-05-24 03:57:44,2024-09-24 23:33:24
96632,Kelly,Moore,davistimothy@example.org,Genderfluid,Metal,2023-02-13 11:40:06,2024-09-25 23:47:55
96983,Timothy,Cook,josephthomas@example.com,Female,Punk,2023-05-12 04:29:24,2024-10-20 09:00:04
97079,James,Andrews,hansencathy@example.org,Non-binary,Punk,2024-07-13 07:48:05,2024-02-16 09:31:44
97106,Monica,Garcia,mark25@example.com,Gender questioning,Country,2023-01-15 18:53:13,2024-07-25 20:37:31
97117,Rhonda,Simpson,cjackson@example.org,Genderqueer,Punk,2023-07-19 14:16:00,2024-03-05 19:14:34
97230,Charlotte,Smith,angela53@example.org,Gender nonconforming,Classical,2023-01-14 19:43:11,2024-09-29 10:17:14
97366,David,Baker,matthewbennett@example.com,Gender questioning,Punk,2023-11-25 19:14:10,2024-04-18 02:12:05
97423,Rebecca,Ellison,anthonybird@example.net,Genderfluid,Reggae,2024-08-25 02:44:55,2023-12-08 18:08:52
97455,Denise,Gates,thomasandrew@example.com,Female,Folk,2024-01-12 11:45:00,2023-12-06 00:52:45
97599,Steven,Hancock,jill46@example.com,Gender questioning,Jazz,2024-10-29 07:26:14,2024-03-17 14:50:56
97667,Thomas,Williamson,amber57@example.net,Non-binary,Pop,2022-12-14 03:21:27,2024-07-15 20:56:41
97793,Sean,Harvey,davidmccormick@example.org,Genderqueer,Alternative,2024-11-16 19:13:55,2024-01-12 07:30:38
97811,Erik,Stevens,williamsonvictoria@example.net,Genderfluid,Folk,2023-12-19 09:05:24,2024-04-08 14:53:33
97812,Benjamin,Dean,robertdavis@example.org,Genderqueer,Rock,2024-09-04 13:44:35,2024-01-11 07:10:54
97889,Rachel,Greene,fmorgan@example.net,Gender nonconforming,R&B,2024-08-28 13:27:10,2024-04-18 04:34:14
97948,Jessica,Lopez,nbarnes@example.org,Female,Country,2023-08-07 13:54:42,2024-11-10 21:50:51
97954,Patricia,Burton,hollandshane@example.net,Gender questioning,Punk,2023-05-31 03:22:16,2024-11-13 02:01:45
98053,Lisa,Bautista,robertscharles@example.org,Male,Country,2024-11-17 02:25:43,2024-10-27 18:24:15
98098,Felicia,White,patrickbrittany@example.com,Gender questioning,Rock,2024-06-15 22:38:09,2024-05-08 06:33:03
98105,Hannah,Escobar,noliver@example.net,Gender nonconforming,Classical,2023-05-16 12:06:57,2024-10-30 08:32:38
98293,Courtney,Hill,joseph93@example.com,Non-binary,Rock,2024-09-20 00:03:45,2024-01-29 01:10:57
98406,Michael,Hall,powellcarrie@example.net,Bigender,Hip Hop,2023-11-24 21:22:13,2024-08-26 01:39:44
98409,Brandy,Peters,shanedixon@example.com,Non-binary,Funk,2024-11-16 16:06:16,2024-06-13 04:04:19
98449,Gabriella,Conner,emily28@example.net,Gender questioning,Folk,2023-08-29 00:44:45,2024-04-18 17:38:30
98853,Daniel,Romero,raven39@example.org,Genderfluid,Alternative,2024-05-25 04:48:45,2023-12-27 21:41:55
98998,Kristin,Anderson,lhuerta@example.com,Male,Punk,2024-05-03 13:11:04,2024-10-14 02:54:36
99029,Kathryn,Roberts,patricia61@example.net,Non-binary,Folk,2024-01-18 16:55:10,2024-09-28 04:05:27
99114,Victoria,Reed,melissa22@example.com,Gender questioning,Jazz,2024-08-10 15:06:25,2024-06-24 14:06:33
99141,Aaron,Cline,brentgraham@example.org,Gender questioning,Funk,2023-04-01 06:20:59,2024-08-20 00:00:07
99196,Teresa,Welch,eric94@example.net,Genderfluid,Alternative,2023-02-16 23:11:14,2024-05-26 00:52:34
99225,Christopher,Russell,fhuber@example.net,Genderfluid,Folk,2024-01-10 12:16:47,2023-12-07 11:43:33
99237,Deborah,Wood,edwin83@example.com,Non-binary,Funk,2023-04-21 20:45:01,2024-08-26 12:15:57
99372,Tammy,Luna,hannahwalsh@example.org,Gender nonconforming,Hip Hop,2024-02-29 00:19:40,2024-04-14 12:52:04
99533,William,Hansen,nicole15@example.org,Agender,Folk,2023-10-16 11:49:51,2024-03-02 09:36:01
99569,Tina,Castaneda,mary73@example.net,Genderfluid,Jazz,2023-05-03 05:09:23,2024-08-20 00:32:12
99619,Holly,Jones,kharris@example.net,Gender nonconforming,R&B,2022-12-30 10:06:45,2024-09-13 13:01:41
99722,Ralph,Doyle,christopher09@example.com,Agender,Metal,2023-12-03 22:47:29,2024-07-19 13:23:08
99883,Annette,Brown,kellysimpson@example.net,Bigender,Rock,2024-03-29 03:45:07,2024-02-26 16:10:04
99992,William,Johnson,amandaturner@example.net,Non-binary,Classical,2024-06-06 02:54:04,2024-04-01 06:08:05
